Record Length,20480,,Source,CH1,CH2
Sample Interval,CH1:0.0000000400000 CH2:0.0000000400000,,Second,Volt,Volt
Vertical Units,CH1:V CH2:V,,-0.00040960000,0.90000,-0.00240
Vertical Scale,CH1:0.50 CH2:0.02,,-0.00040955999,0.90000,-0.00240
Vertical Offset,CH1:0.00 CH2:0.00,,-0.00040952000,0.88000,-0.00240
Horizontal Units,s,,-0.00040948001,0.90000,-0.00160
Horizontal Scale,0.0000250000,,-0.00040943999,0.88000,-0.00160
Model Number,SDS1102CML+,,-0.00040940000,0.90000,-0.00160
Serial Number,SDS1MHEX5R4100,,-0.00040935999,0.88000,-0.00080
Software Version,6.01.01.21R2,,-0.00040932000,0.90000,-0.00080
,,,-0.00040928001,0.88000,-0.00080
,,,-0.00040923999,0.90000,-0.00080
,,,-0.00040920000,0.88000,-0.00080
,,,-0.00040915998,0.88000,0.00
,,,-0.00040912000,0.88000,0.00
,,,-0.00040908001,0.88000,0.00
,,,-0.00040903999,0.90000,0.00
,,,-0.00040900000,0.88000,0.00080
,,,-0.00040896001,0.88000,0.00080
,,,-0.00040891999,0.88000,0.00080
,,,-0.00040888001,0.88000,0.00080
,,,-0.00040883999,0.88000,0.00080
,,,-0.00040880000,0.88000,0.00160
,,,-0.00040876001,0.88000,0.00160
,,,-0.00040871999,0.88000,0.00160
,,,-0.00040868000,0.88000,0.00240
,,,-0.00040863999,0.88000,0.00160
,,,-0.00040860000,0.88000,0.00160
,,,-0.00040856001,0.88000,0.00320
,,,-0.00040851999,0.88000,0.00320
,,,-0.00040848000,0.88000,0.00320
,,,-0.00040843998,0.88000,0.00320
,,,-0.00040840000,0.86000,0.00320
,,,-0.00040836001,0.88000,0.00400
,,,-0.00040831999,0.86000,0.00320
,,,-0.00040828000,0.86000,0.00320
,,,-0.00040824001,0.88000,0.00480
,,,-0.00040819999,0.86000,0.00480
,,,-0.00040816001,0.86000,0.00480
,,,-0.00040811999,0.86000,0.00480
,,,-0.00040808000,0.86000,0.00480
,,,-0.00040804001,0.86000,0.00480
,,,-0.00040799999,0.86000,0.00480
,,,-0.00040796000,0.86000,0.00480
,,,-0.00040791999,0.86000,0.00560
,,,-0.00040788000,0.86000,0.00640
,,,-0.00040784001,0.86000,0.00560
,,,-0.00040779999,0.86000,0.00560
,,,-0.00040776000,0.86000,0.00720
,,,-0.00040771998,0.86000,0.00640
,,,-0.00040768000,0.86000,0.00640
,,,-0.00040764001,0.84000,0.00720
,,,-0.00040759999,0.84000,0.00720
,,,-0.00040756000,0.86000,0.00800
,,,-0.00040751998,0.84000,0.00720
,,,-0.00040747999,0.84000,0.00720
,,,-0.00040744001,0.84000,0.00800
,,,-0.00040739999,0.84000,0.00800
,,,-0.00040736000,0.84000,0.00800
,,,-0.00040732001,0.84000,0.00880
,,,-0.00040727999,0.82000,0.00880
,,,-0.00040724000,0.84000,0.00880
,,,-0.00040719999,0.84000,0.00960
,,,-0.00040716000,0.82000,0.00880
,,,-0.00040712001,0.84000,0.00960
,,,-0.00040707999,0.84000,0.00960
,,,-0.00040704000,0.82000,0.00960
,,,-0.00040699998,0.82000,0.00960
,,,-0.00040696000,0.82000,0.01040
,,,-0.00040692001,0.82000,0.00960
,,,-0.00040687999,0.82000,0.01040
,,,-0.00040684000,0.82000,0.01040
,,,-0.00040679998,0.82000,0.01040
,,,-0.00040675999,0.82000,0.01120
,,,-0.00040672001,0.82000,0.01120
,,,-0.00040667999,0.82000,0.01120
,,,-0.00040664000,0.82000,0.01200
,,,-0.00040660001,0.80000,0.01120
,,,-0.00040655999,0.80000,0.01200
,,,-0.00040652000,0.80000,0.01280
,,,-0.00040647999,0.80000,0.01200
,,,-0.00040644000,0.80000,0.01280
,,,-0.00040640001,0.80000,0.01280
,,,-0.00040635999,0.80000,0.01280
,,,-0.00040632000,0.80000,0.01360
,,,-0.00040627999,0.80000,0.01280
,,,-0.00040624000,0.78000,0.01280
,,,-0.00040620001,0.80000,0.01360
,,,-0.00040615999,0.80000,0.01360
,,,-0.00040612000,0.78000,0.01360
,,,-0.00040607998,0.80000,0.01440
,,,-0.00040604000,0.78000,0.01440
,,,-0.00040600001,0.78000,0.01440
,,,-0.00040595999,0.78000,0.01440
,,,-0.00040592000,0.78000,0.01440
,,,-0.00040588001,0.78000,0.01520
,,,-0.00040583999,0.76000,0.01520
,,,-0.00040580000,0.76000,0.01520
,,,-0.00040575999,0.78000,0.01520
,,,-0.00040572000,0.78000,0.01600
,,,-0.00040568001,0.76000,0.01520
,,,-0.00040563999,0.76000,0.01600
,,,-0.00040560000,0.76000,0.01600
,,,-0.00040555999,0.76000,0.01600
,,,-0.00040552000,0.76000,0.01680
,,,-0.00040548001,0.76000,0.01680
,,,-0.00040543999,0.76000,0.01680
,,,-0.00040540000,0.76000,0.01760
,,,-0.00040535998,0.74000,0.01760
,,,-0.00040532000,0.76000,0.01760
,,,-0.00040528001,0.74000,0.01760
,,,-0.00040523999,0.74000,0.01760
,,,-0.00040520000,0.76000,0.01840
,,,-0.00040516001,0.74000,0.01840
,,,-0.00040511999,0.74000,0.01760
,,,-0.00040508001,0.74000,0.01920
,,,-0.00040503999,0.74000,0.01840
,,,-0.00040500000,0.74000,0.01840
,,,-0.00040496001,0.74000,0.01920
,,,-0.00040491999,0.74000,0.01920
,,,-0.00040488000,0.74000,0.01920
,,,-0.00040483999,0.74000,0.02000
,,,-0.00040480000,0.72000,0.02000
,,,-0.00040476001,0.74000,0.02000
,,,-0.00040471999,0.72000,0.02080
,,,-0.00040468000,0.72000,0.02000
,,,-0.00040463998,0.72000,0.02080
,,,-0.00040460000,0.72000,0.02080
,,,-0.00040456001,0.70000,0.02080
,,,-0.00040451999,0.72000,0.02160
,,,-0.00040448000,0.70000,0.02080
,,,-0.00040444001,0.70000,0.02160
,,,-0.00040439999,0.72000,0.02240
,,,-0.00040436001,0.70000,0.02160
,,,-0.00040431999,0.70000,0.02240
,,,-0.00040428000,0.70000,0.02240
,,,-0.00040424001,0.68000,0.02240
,,,-0.00040419999,0.70000,0.02240
,,,-0.00040416000,0.70000,0.02320
,,,-0.00040411999,0.68000,0.02240
,,,-0.00040408000,0.70000,0.02320
,,,-0.00040404001,0.68000,0.02320
,,,-0.00040399999,0.68000,0.02320
,,,-0.00040396000,0.70000,0.02400
,,,-0.00040391998,0.68000,0.02400
,,,-0.00040388000,0.68000,0.02400
,,,-0.00040384001,0.68000,0.02480
,,,-0.00040379999,0.68000,0.02400
,,,-0.00040376000,0.68000,0.02400
,,,-0.00040371998,0.68000,0.02480
,,,-0.00040367999,0.66000,0.02560
,,,-0.00040364001,0.68000,0.02560
,,,-0.00040359999,0.68000,0.02560
,,,-0.00040356000,0.66000,0.02560
,,,-0.00040352001,0.66000,0.02560
,,,-0.00040347999,0.66000,0.02560
,,,-0.00040344000,0.66000,0.02560
,,,-0.00040339999,0.66000,0.02640
,,,-0.00040336000,0.64000,0.02640
,,,-0.00040332001,0.64000,0.02640
,,,-0.00040327999,0.66000,0.02640
,,,-0.00040324000,0.64000,0.02640
,,,-0.00040319999,0.64000,0.02640
,,,-0.00040316000,0.64000,0.02720
,,,-0.00040312001,0.64000,0.02640
,,,-0.00040307999,0.64000,0.02720
,,,-0.00040304000,0.64000,0.02800
,,,-0.00040299998,0.62000,0.02720
,,,-0.00040295999,0.64000,0.02800
,,,-0.00040292001,0.64000,0.02800
,,,-0.00040287999,0.62000,0.02720
,,,-0.00040284000,0.64000,0.02800
,,,-0.00040280001,0.62000,0.02800
,,,-0.00040275999,0.62000,0.02800
,,,-0.00040272000,0.62000,0.02880
,,,-0.00040267999,0.62000,0.02880
,,,-0.00040264000,0.60000,0.02800
,,,-0.00040260001,0.60000,0.02960
,,,-0.00040255999,0.58000,0.02880
,,,-0.00040252000,0.60000,0.02880
,,,-0.00040247999,0.60000,0.02960
,,,-0.00040244000,0.60000,0.02960
,,,-0.00040240001,0.60000,0.02960
,,,-0.00040235999,0.58000,0.03040
,,,-0.00040232000,0.58000,0.02960
,,,-0.00040227998,0.58000,0.03040
,,,-0.00040224000,0.56000,0.03040
,,,-0.00040220001,0.58000,0.03040
,,,-0.00040215999,0.58000,0.03040
,,,-0.00040212000,0.58000,0.03040
,,,-0.00040208001,0.58000,0.03040
,,,-0.00040203999,0.58000,0.03120
,,,-0.00040200001,0.56000,0.03040
,,,-0.00040195999,0.58000,0.03120
,,,-0.00040192000,0.56000,0.03200
,,,-0.00040188001,0.56000,0.03120
,,,-0.00040183999,0.56000,0.03200
,,,-0.00040180000,0.56000,0.03200
,,,-0.00040175999,0.56000,0.03200
,,,-0.00040172000,0.56000,0.03200
,,,-0.00040168001,0.54000,0.03200
,,,-0.00040163999,0.54000,0.03280
,,,-0.00040160000,0.54000,0.03280
,,,-0.00040155998,0.54000,0.03280
,,,-0.00040152000,0.54000,0.03280
,,,-0.00040148001,0.54000,0.03280
,,,-0.00040143999,0.54000,0.03280
,,,-0.00040140000,0.52000,0.03360
,,,-0.00040136001,0.52000,0.03360
,,,-0.00040131999,0.52000,0.03360
,,,-0.00040128001,0.52000,0.03360
,,,-0.00040123999,0.52000,0.03440
,,,-0.00040120000,0.52000,0.03360
,,,-0.00040116001,0.52000,0.03440
,,,-0.00040111999,0.50000,0.03440
,,,-0.00040108000,0.50000,0.03440
,,,-0.00040103999,0.52000,0.03520
,,,-0.00040100000,0.50000,0.03440
,,,-0.00040096001,0.50000,0.03440
,,,-0.00040091999,0.50000,0.03440
,,,-0.00040088000,0.50000,0.03440
,,,-0.00040083998,0.50000,0.03520
,,,-0.00040080000,0.50000,0.03600
,,,-0.00040076001,0.48000,0.03520
,,,-0.00040071999,0.48000,0.03600
,,,-0.00040068000,0.48000,0.03600
,,,-0.00040063998,0.48000,0.03600
,,,-0.00040059999,0.48000,0.03600
,,,-0.00040056001,0.48000,0.03680
,,,-0.00040051999,0.46000,0.03680
,,,-0.00040048000,0.46000,0.03680
,,,-0.00040044001,0.46000,0.03680
,,,-0.00040039999,0.46000,0.03680
,,,-0.00040036000,0.46000,0.03760
,,,-0.00040031999,0.44000,0.03680
,,,-0.00040028000,0.46000,0.03680
,,,-0.00040024001,0.44000,0.03760
,,,-0.00040019999,0.44000,0.03680
,,,-0.00040016000,0.44000,0.03760
,,,-0.00040011998,0.44000,0.03760
,,,-0.00040008000,0.44000,0.03760
,,,-0.00040004001,0.44000,0.03760
,,,-0.00039999999,0.42000,0.03760
,,,-0.00039996000,0.42000,0.03760
,,,-0.00039991998,0.42000,0.03840
,,,-0.00039987999,0.42000,0.03840
,,,-0.00039984001,0.42000,0.03840
,,,-0.00039979999,0.42000,0.03840
,,,-0.00039976000,0.42000,0.03840
,,,-0.00039972001,0.40000,0.03840
,,,-0.00039967999,0.40000,0.03920
,,,-0.00039964000,0.40000,0.03920
,,,-0.00039959999,0.40000,0.03920
,,,-0.00039956000,0.40000,0.03920
,,,-0.00039952001,0.40000,0.03920
,,,-0.00039947999,0.40000,0.03920
,,,-0.00039944000,0.38000,0.03920
,,,-0.00039939999,0.38000,0.04000
,,,-0.00039936000,0.38000,0.03920
,,,-0.00039932001,0.38000,0.03920
,,,-0.00039927999,0.38000,0.03920
,,,-0.00039924000,0.38000,0.04000
,,,-0.00039919998,0.38000,0.04000
,,,-0.00039916000,0.36000,0.04000
,,,-0.00039912001,0.36000,0.04000
,,,-0.00039907999,0.36000,0.04000
,,,-0.00039904000,0.36000,0.04000
,,,-0.00039900001,0.36000,0.04080
,,,-0.00039895999,0.34000,0.04080
,,,-0.00039892000,0.36000,0.04080
,,,-0.00039887999,0.34000,0.04080
,,,-0.00039884000,0.34000,0.04000
,,,-0.00039880001,0.34000,0.04080
,,,-0.00039875999,0.34000,0.04160
,,,-0.00039872000,0.34000,0.04080
,,,-0.00039867999,0.32000,0.04080
,,,-0.00039864000,0.32000,0.04080
,,,-0.00039860001,0.32000,0.04160
,,,-0.00039855999,0.32000,0.04160
,,,-0.00039852000,0.32000,0.04160
,,,-0.00039847998,0.32000,0.04160
,,,-0.00039844000,0.32000,0.04160
,,,-0.00039840001,0.30000,0.04160
,,,-0.00039835999,0.30000,0.04160
,,,-0.00039832000,0.30000,0.04240
,,,-0.00039828001,0.30000,0.04240
,,,-0.00039823999,0.30000,0.04240
,,,-0.00039820001,0.30000,0.04240
,,,-0.00039815999,0.28000,0.04240
,,,-0.00039812000,0.30000,0.04240
,,,-0.00039808001,0.28000,0.04240
,,,-0.00039803999,0.28000,0.04240
,,,-0.00039800000,0.28000,0.04320
,,,-0.00039795999,0.26000,0.04240
,,,-0.00039792000,0.28000,0.04240
,,,-0.00039788001,0.26000,0.04320
,,,-0.00039783999,0.26000,0.04320
,,,-0.00039780000,0.26000,0.04320
,,,-0.00039775998,0.26000,0.04320
,,,-0.00039772000,0.24000,0.04320
,,,-0.00039768001,0.24000,0.04320
,,,-0.00039763999,0.24000,0.04400
,,,-0.00039760000,0.24000,0.04320
,,,-0.00039756001,0.24000,0.04320
,,,-0.00039751999,0.24000,0.04400
,,,-0.00039748001,0.24000,0.04320
,,,-0.00039743999,0.24000,0.04320
,,,-0.00039740000,0.22000,0.04400
,,,-0.00039736001,0.22000,0.04480
,,,-0.00039731999,0.22000,0.04400
,,,-0.00039728000,0.22000,0.04400
,,,-0.00039723999,0.22000,0.04400
,,,-0.00039720000,0.20000,0.04400
,,,-0.00039716001,0.20000,0.04400
,,,-0.00039711999,0.20000,0.04400
,,,-0.00039708000,0.20000,0.04480
,,,-0.00039703998,0.20000,0.04480
,,,-0.00039700000,0.20000,0.04480
,,,-0.00039696001,0.18000,0.04400
,,,-0.00039691999,0.18000,0.04400
,,,-0.00039688000,0.18000,0.04480
,,,-0.00039683998,0.18000,0.04480
,,,-0.00039679999,0.18000,0.04480
,,,-0.00039676001,0.16000,0.04560
,,,-0.00039671999,0.16000,0.04560
,,,-0.00039668000,0.16000,0.04480
,,,-0.00039664001,0.16000,0.04480
,,,-0.00039659999,0.16000,0.04560
,,,-0.00039656000,0.16000,0.04560
,,,-0.00039651999,0.14000,0.04560
,,,-0.00039648000,0.14000,0.04560
,,,-0.00039644001,0.14000,0.04560
,,,-0.00039639999,0.14000,0.04480
,,,-0.00039636000,0.14000,0.04560
,,,-0.00039631999,0.14000,0.04560
,,,-0.00039628000,0.12000,0.04560
,,,-0.00039624001,0.12000,0.04560
,,,-0.00039619999,0.12000,0.04560
,,,-0.00039616000,0.12000,0.04560
,,,-0.00039611998,0.12000,0.04560
,,,-0.00039607999,0.10000,0.04560
,,,-0.00039604001,0.10000,0.04560
,,,-0.00039599999,0.10000,0.04560
,,,-0.00039596000,0.10000,0.04640
,,,-0.00039592001,0.10000,0.04560
,,,-0.00039587999,0.10000,0.04640
,,,-0.00039584000,0.08000,0.04640
,,,-0.00039579999,0.08000,0.04640
,,,-0.00039576000,0.08000,0.04640
,,,-0.00039572001,0.08000,0.04640
,,,-0.00039567999,0.08000,0.04560
,,,-0.00039564000,0.08000,0.04640
,,,-0.00039559999,0.06000,0.04640
,,,-0.00039556000,0.06000,0.04560
,,,-0.00039552001,0.06000,0.04640
,,,-0.00039547999,0.06000,0.04640
,,,-0.00039544000,0.06000,0.04640
,,,-0.00039539998,0.04000,0.04640
,,,-0.00039536000,0.04000,0.04640
,,,-0.00039532001,0.04000,0.04640
,,,-0.00039527999,0.04000,0.04640
,,,-0.00039524000,0.04000,0.04640
,,,-0.00039520001,0.04000,0.04640
,,,-0.00039515999,0.02000,0.04720
,,,-0.00039512001,0.02000,0.04640
,,,-0.00039507999,0.02000,0.04720
,,,-0.00039504000,0.02000,0.04640
,,,-0.00039500001,0.02000,0.04720
,,,-0.00039495999,0.02000,0.04720
,,,-0.00039492000,0.00,0.04640
,,,-0.00039487999,0.00,0.04720
,,,-0.00039484000,0.00,0.04720
,,,-0.00039480001,0.00,0.04640
,,,-0.00039475999,-0.02000,0.04720
,,,-0.00039472000,-0.02000,0.04720
,,,-0.00039467998,-0.02000,0.04720
,,,-0.00039464000,-0.02000,0.04720
,,,-0.00039460001,-0.04000,0.04720
,,,-0.00039455999,-0.02000,0.04720
,,,-0.00039452000,-0.04000,0.04720
,,,-0.00039448001,-0.04000,0.04720
,,,-0.00039443999,-0.04000,0.04720
,,,-0.00039440001,-0.04000,0.04720
,,,-0.00039435999,-0.04000,0.04720
,,,-0.00039432000,-0.06000,0.04800
,,,-0.00039428001,-0.06000,0.04720
,,,-0.00039423999,-0.06000,0.04720
,,,-0.00039420000,-0.06000,0.04800
,,,-0.00039415999,-0.06000,0.04720
,,,-0.00039412000,-0.08000,0.04720
,,,-0.00039408001,-0.08000,0.04720
,,,-0.00039403999,-0.08000,0.04720
,,,-0.00039400000,-0.08000,0.04720
,,,-0.00039395998,-0.08000,0.04720
,,,-0.00039392000,-0.10000,0.04720
,,,-0.00039388001,-0.10000,0.04720
,,,-0.00039383999,-0.10000,0.04720
,,,-0.00039380000,-0.10000,0.04800
,,,-0.00039375998,-0.10000,0.04720
,,,-0.00039371999,-0.10000,0.04800
,,,-0.00039368001,-0.12000,0.04800
,,,-0.00039363999,-0.12000,0.04800
,,,-0.00039360000,-0.12000,0.04800
,,,-0.00039356001,-0.12000,0.04800
,,,-0.00039351999,-0.12000,0.04800
,,,-0.00039348000,-0.14000,0.04720
,,,-0.00039343999,-0.14000,0.04720
,,,-0.00039340000,-0.14000,0.04800
,,,-0.00039336001,-0.14000,0.04720
,,,-0.00039331999,-0.14000,0.04720
,,,-0.00039328000,-0.16000,0.04720
,,,-0.00039323998,-0.16000,0.04720
,,,-0.00039320000,-0.16000,0.04720
,,,-0.00039316001,-0.16000,0.04720
,,,-0.00039311999,-0.16000,0.04720
,,,-0.00039308000,-0.16000,0.04720
,,,-0.00039303998,-0.18000,0.04720
,,,-0.00039299999,-0.18000,0.04720
,,,-0.00039296001,-0.18000,0.04720
,,,-0.00039291999,-0.18000,0.04720
,,,-0.00039288000,-0.20000,0.04720
,,,-0.00039284001,-0.20000,0.04720
,,,-0.00039279999,-0.20000,0.04720
,,,-0.00039276000,-0.20000,0.04800
,,,-0.00039271999,-0.20000,0.04800
,,,-0.00039268000,-0.22000,0.04720
,,,-0.00039264001,-0.22000,0.04720
,,,-0.00039259999,-0.22000,0.04800
,,,-0.00039256000,-0.22000,0.04720
,,,-0.00039251999,-0.22000,0.04720
,,,-0.00039248000,-0.22000,0.04720
,,,-0.00039244001,-0.24000,0.04720
,,,-0.00039239999,-0.24000,0.04720
,,,-0.00039236000,-0.24000,0.04720
,,,-0.00039231998,-0.24000,0.04640
,,,-0.00039228000,-0.24000,0.04720
,,,-0.00039224001,-0.26000,0.04720
,,,-0.00039219999,-0.24000,0.04640
,,,-0.00039216000,-0.26000,0.04720
,,,-0.00039212001,-0.26000,0.04640
,,,-0.00039207999,-0.26000,0.04640
,,,-0.00039204000,-0.26000,0.04720
,,,-0.00039199999,-0.28000,0.04640
,,,-0.00039196000,-0.28000,0.04720
,,,-0.00039192001,-0.28000,0.04720
,,,-0.00039187999,-0.28000,0.04640
,,,-0.00039184000,-0.28000,0.04640
,,,-0.00039179999,-0.30000,0.04640
,,,-0.00039176000,-0.30000,0.04640
,,,-0.00039172001,-0.30000,0.04640
,,,-0.00039167999,-0.32000,0.04640
,,,-0.00039164000,-0.32000,0.04640
,,,-0.00039159998,-0.30000,0.04640
,,,-0.00039156000,-0.32000,0.04640
,,,-0.00039152001,-0.32000,0.04640
,,,-0.00039147999,-0.32000,0.04640
,,,-0.00039144000,-0.34000,0.04640
,,,-0.00039140001,-0.34000,0.04640
,,,-0.00039135999,-0.34000,0.04640
,,,-0.00039132001,-0.36000,0.04640
,,,-0.00039127999,-0.34000,0.04640
,,,-0.00039124000,-0.34000,0.04640
,,,-0.00039120001,-0.36000,0.04560
,,,-0.00039115999,-0.36000,0.04560
,,,-0.00039112000,-0.36000,0.04560
,,,-0.00039107999,-0.38000,0.04560
,,,-0.00039104000,-0.36000,0.04640
,,,-0.00039100001,-0.38000,0.04560
,,,-0.00039095999,-0.38000,0.04560
,,,-0.00039092000,-0.38000,0.04560
,,,-0.00039087998,-0.38000,0.04560
,,,-0.00039084000,-0.40000,0.04560
,,,-0.00039080001,-0.40000,0.04560
,,,-0.00039075999,-0.40000,0.04560
,,,-0.00039072000,-0.40000,0.04560
,,,-0.00039068001,-0.40000,0.04560
,,,-0.00039063999,-0.42000,0.04480
,,,-0.00039060001,-0.42000,0.04560
,,,-0.00039055999,-0.42000,0.04560
,,,-0.00039052000,-0.42000,0.04480
,,,-0.00039048001,-0.42000,0.04480
,,,-0.00039043999,-0.42000,0.04480
,,,-0.00039040000,-0.42000,0.04480
,,,-0.00039035999,-0.42000,0.04480
,,,-0.00039032000,-0.44000,0.04400
,,,-0.00039028001,-0.44000,0.04480
,,,-0.00039023999,-0.44000,0.04480
,,,-0.00039020000,-0.46000,0.04400
,,,-0.00039015998,-0.44000,0.04480
,,,-0.00039012000,-0.46000,0.04480
,,,-0.00039008001,-0.46000,0.04400
,,,-0.00039003999,-0.46000,0.04400
,,,-0.00039000000,-0.48000,0.04400
,,,-0.00038995998,-0.48000,0.04400
,,,-0.00038991999,-0.48000,0.04400
,,,-0.00038988001,-0.48000,0.04400
,,,-0.00038983999,-0.48000,0.04400
,,,-0.00038980000,-0.48000,0.04400
,,,-0.00038976001,-0.50000,0.04320
,,,-0.00038971999,-0.50000,0.04400
,,,-0.00038968000,-0.50000,0.04400
,,,-0.00038963999,-0.52000,0.04400
,,,-0.00038960000,-0.50000,0.04400
,,,-0.00038956001,-0.52000,0.04400
,,,-0.00038951999,-0.54000,0.04320
,,,-0.00038948000,-0.52000,0.04320
,,,-0.00038943999,-0.54000,0.04320
,,,-0.00038940000,-0.54000,0.04320
,,,-0.00038936001,-0.52000,0.04320
,,,-0.00038931999,-0.54000,0.04240
,,,-0.00038928000,-0.56000,0.04240
,,,-0.00038923998,-0.54000,0.04320
,,,-0.00038919999,-0.54000,0.04240
,,,-0.00038916001,-0.56000,0.04240
,,,-0.00038911999,-0.56000,0.04320
,,,-0.00038908000,-0.56000,0.04240
,,,-0.00038904001,-0.56000,0.04240
,,,-0.00038899999,-0.56000,0.04240
,,,-0.00038896000,-0.58000,0.04160
,,,-0.00038891999,-0.58000,0.04240
,,,-0.00038888000,-0.58000,0.04240
,,,-0.00038884001,-0.60000,0.04160
,,,-0.00038879999,-0.58000,0.04160
,,,-0.00038876000,-0.60000,0.04160
,,,-0.00038871999,-0.60000,0.04160
,,,-0.00038868000,-0.60000,0.04160
,,,-0.00038864001,-0.62000,0.04080
,,,-0.00038859999,-0.62000,0.04160
,,,-0.00038856000,-0.60000,0.04160
,,,-0.00038851998,-0.62000,0.04080
,,,-0.00038848000,-0.62000,0.04080
,,,-0.00038844001,-0.62000,0.04160
,,,-0.00038839999,-0.62000,0.04080
,,,-0.00038836000,-0.62000,0.04080
,,,-0.00038832001,-0.64000,0.04080
,,,-0.00038827999,-0.64000,0.04000
,,,-0.00038824001,-0.64000,0.04080
,,,-0.00038819999,-0.64000,0.04080
,,,-0.00038816000,-0.66000,0.04000
,,,-0.00038812001,-0.64000,0.04000
,,,-0.00038807999,-0.66000,0.04000
,,,-0.00038804000,-0.66000,0.04000
,,,-0.00038799999,-0.66000,0.04000
,,,-0.00038796000,-0.66000,0.04000
,,,-0.00038792001,-0.66000,0.03920
,,,-0.00038787999,-0.68000,0.04000
,,,-0.00038784000,-0.68000,0.03920
,,,-0.00038779998,-0.68000,0.04000
,,,-0.00038776000,-0.70000,0.04000
,,,-0.00038772001,-0.70000,0.03840
,,,-0.00038767999,-0.70000,0.03920
,,,-0.00038764000,-0.70000,0.03920
,,,-0.00038760001,-0.70000,0.03840
,,,-0.00038755999,-0.70000,0.03920
,,,-0.00038752001,-0.72000,0.03920
,,,-0.00038747999,-0.72000,0.03840
,,,-0.00038744000,-0.72000,0.03840
,,,-0.00038740001,-0.72000,0.03840
,,,-0.00038735999,-0.72000,0.03840
,,,-0.00038732000,-0.72000,0.03840
,,,-0.00038727999,-0.74000,0.03760
,,,-0.00038724000,-0.72000,0.03760
,,,-0.00038720001,-0.74000,0.03840
,,,-0.00038715999,-0.74000,0.03760
,,,-0.00038712000,-0.74000,0.03760
,,,-0.00038707998,-0.74000,0.03760
,,,-0.00038704000,-0.76000,0.03680
,,,-0.00038700001,-0.74000,0.03760
,,,-0.00038695999,-0.76000,0.03680
,,,-0.00038692000,-0.76000,0.03680
,,,-0.00038687998,-0.76000,0.03760
,,,-0.00038683999,-0.78000,0.03680
,,,-0.00038680001,-0.78000,0.03680
,,,-0.00038675999,-0.76000,0.03680
,,,-0.00038672000,-0.78000,0.03680
,,,-0.00038668001,-0.78000,0.03680
,,,-0.00038663999,-0.78000,0.03600
,,,-0.00038660000,-0.80000,0.03600
,,,-0.00038655999,-0.78000,0.03600
,,,-0.00038652000,-0.80000,0.03600
,,,-0.00038648001,-0.80000,0.03520
,,,-0.00038643999,-0.80000,0.03600
,,,-0.00038640000,-0.80000,0.03520
,,,-0.00038635998,-0.82000,0.03440
,,,-0.00038632000,-0.80000,0.03520
,,,-0.00038628001,-0.82000,0.03440
,,,-0.00038623999,-0.82000,0.03440
,,,-0.00038620000,-0.82000,0.03520
,,,-0.00038615998,-0.82000,0.03440
,,,-0.00038611999,-0.82000,0.03440
,,,-0.00038608001,-0.82000,0.03440
,,,-0.00038603999,-0.84000,0.03360
,,,-0.00038600000,-0.84000,0.03360
,,,-0.00038596001,-0.84000,0.03440
,,,-0.00038591999,-0.84000,0.03360
,,,-0.00038588000,-0.84000,0.03360
,,,-0.00038583999,-0.86000,0.03360
,,,-0.00038580000,-0.86000,0.03280
,,,-0.00038576001,-0.86000,0.03360
,,,-0.00038571999,-0.86000,0.03280
,,,-0.00038568000,-0.86000,0.03280
,,,-0.00038563999,-0.86000,0.03280
,,,-0.00038560000,-0.86000,0.03280
,,,-0.00038556001,-0.86000,0.03280
,,,-0.00038551999,-0.86000,0.03280
,,,-0.00038548000,-0.88000,0.03200
,,,-0.00038543998,-0.88000,0.03200
,,,-0.00038540000,-0.88000,0.03200
,,,-0.00038536001,-0.88000,0.03120
,,,-0.00038531999,-0.88000,0.03200
,,,-0.00038528000,-0.86000,0.03200
,,,-0.00038524001,-0.88000,0.03120
,,,-0.00038519999,-0.88000,0.03120
,,,-0.00038516000,-0.90000,0.03120
,,,-0.00038511999,-0.90000,0.03040
,,,-0.00038508000,-0.88000,0.03120
,,,-0.00038504001,-0.90000,0.03040
,,,-0.00038499999,-0.90000,0.03040
,,,-0.00038496000,-0.90000,0.03120
,,,-0.00038491999,-0.90000,0.03040
,,,-0.00038488000,-0.90000,0.03040
,,,-0.00038484001,-0.90000,0.03040
,,,-0.00038479999,-0.92000,0.02960
,,,-0.00038476000,-0.92000,0.02960
,,,-0.00038471998,-0.92000,0.02960
,,,-0.00038468000,-0.92000,0.02880
,,,-0.00038464001,-0.92000,0.02960
,,,-0.00038459999,-0.92000,0.02880
,,,-0.00038456000,-0.92000,0.02880
,,,-0.00038452001,-0.92000,0.02880
,,,-0.00038447999,-0.94000,0.02880
,,,-0.00038444001,-0.94000,0.02800
,,,-0.00038439999,-0.92000,0.02880
,,,-0.00038436000,-0.94000,0.02800
,,,-0.00038432001,-0.94000,0.02800
,,,-0.00038427999,-0.94000,0.02800
,,,-0.00038424000,-0.94000,0.02720
,,,-0.00038419999,-0.94000,0.02800
,,,-0.00038416000,-0.94000,0.02800
,,,-0.00038412001,-0.96000,0.02720
,,,-0.00038407999,-0.94000,0.02720
,,,-0.00038404000,-0.96000,0.02720
,,,-0.00038399998,-0.96000,0.02640
,,,-0.00038396000,-0.96000,0.02640
,,,-0.00038392001,-0.96000,0.02640
,,,-0.00038387999,-0.96000,0.02640
,,,-0.00038384000,-0.96000,0.02720
,,,-0.00038380001,-0.98000,0.02640
,,,-0.00038375999,-0.98000,0.02560
,,,-0.00038372001,-0.98000,0.02640
,,,-0.00038367999,-0.98000,0.02560
,,,-0.00038364000,-0.98000,0.02560
,,,-0.00038360001,-0.98000,0.02560
,,,-0.00038355999,-0.98000,0.02480
,,,-0.00038352000,-0.98000,0.02480
,,,-0.00038347999,-0.98000,0.02480
,,,-0.00038344000,-0.98000,0.02400
,,,-0.00038340001,-0.98000,0.02480
,,,-0.00038335999,-1.00000,0.02400
,,,-0.00038332000,-1.00000,0.02400
,,,-0.00038327998,-1.00000,0.02480
,,,-0.00038324000,-1.00000,0.02320
,,,-0.00038320001,-1.00000,0.02320
,,,-0.00038315999,-1.00000,0.02400
,,,-0.00038312000,-1.00000,0.02320
,,,-0.00038307998,-1.00000,0.02320
,,,-0.00038303999,-1.00000,0.02320
,,,-0.00038300001,-1.02000,0.02240
,,,-0.00038295999,-1.00000,0.02240
,,,-0.00038292000,-1.02000,0.02240
,,,-0.00038288001,-1.02000,0.02240
,,,-0.00038283999,-1.00000,0.02240
,,,-0.00038280000,-1.02000,0.02240
,,,-0.00038275999,-1.02000,0.02160
,,,-0.00038272000,-1.02000,0.02160
,,,-0.00038268001,-1.02000,0.02080
,,,-0.00038263999,-1.02000,0.02080
,,,-0.00038260000,-1.02000,0.02160
,,,-0.00038255999,-1.02000,0.02080
,,,-0.00038252000,-1.02000,0.02000
,,,-0.00038248001,-1.02000,0.02080
,,,-0.00038243999,-1.04000,0.02000
,,,-0.00038240000,-1.02000,0.02000
,,,-0.00038235998,-1.02000,0.02000
,,,-0.00038231999,-1.04000,0.01920
,,,-0.00038228001,-1.04000,0.02000
,,,-0.00038223999,-1.04000,0.01920
,,,-0.00038220000,-1.04000,0.01840
,,,-0.00038216001,-1.04000,0.01920
,,,-0.00038211999,-1.04000,0.01840
,,,-0.00038208000,-1.04000,0.01840
,,,-0.00038203999,-1.04000,0.01840
,,,-0.00038200000,-1.04000,0.01760
,,,-0.00038196001,-1.04000,0.01840
,,,-0.00038191999,-1.04000,0.01840
,,,-0.00038188000,-1.06000,0.01760
,,,-0.00038183999,-1.04000,0.01760
,,,-0.00038180000,-1.04000,0.01680
,,,-0.00038176001,-1.06000,0.01680
,,,-0.00038171999,-1.04000,0.01680
,,,-0.00038168000,-1.06000,0.01680
,,,-0.00038163998,-1.06000,0.01600
,,,-0.00038160000,-1.04000,0.01600
,,,-0.00038156001,-1.06000,0.01600
,,,-0.00038151999,-1.04000,0.01600
,,,-0.00038148000,-1.06000,0.01600
,,,-0.00038144001,-1.06000,0.01520
,,,-0.00038139999,-1.06000,0.01520
,,,-0.00038136001,-1.06000,0.01600
,,,-0.00038131999,-1.06000,0.01440
,,,-0.00038128000,-1.06000,0.01440
,,,-0.00038124001,-1.06000,0.01520
,,,-0.00038119999,-1.06000,0.01440
,,,-0.00038116000,-1.06000,0.01440
,,,-0.00038111999,-1.06000,0.01440
,,,-0.00038108000,-1.06000,0.01360
,,,-0.00038104001,-1.06000,0.01440
,,,-0.00038099999,-1.06000,0.01360
,,,-0.00038096000,-1.06000,0.01280
,,,-0.00038091998,-1.06000,0.01360
,,,-0.00038088000,-1.06000,0.01280
,,,-0.00038084001,-1.06000,0.01280
,,,-0.00038079999,-1.06000,0.01280
,,,-0.00038076000,-1.08000,0.01200
,,,-0.00038072001,-1.06000,0.01280
,,,-0.00038067999,-1.06000,0.01280
,,,-0.00038064001,-1.08000,0.01200
,,,-0.00038059999,-1.06000,0.01200
,,,-0.00038056000,-1.06000,0.01200
,,,-0.00038052001,-1.06000,0.01120
,,,-0.00038047999,-1.06000,0.01120
,,,-0.00038044000,-1.06000,0.01040
,,,-0.00038039999,-1.06000,0.01040
,,,-0.00038036000,-1.06000,0.01120
,,,-0.00038032001,-1.06000,0.01040
,,,-0.00038027999,-1.08000,0.01040
,,,-0.00038024000,-1.06000,0.01040
,,,-0.00038019998,-1.06000,0.00960
,,,-0.00038016000,-1.06000,0.00960
,,,-0.00038012001,-1.06000,0.00960
,,,-0.00038007999,-1.08000,0.00960
,,,-0.00038004000,-1.06000,0.00960
,,,-0.00038000001,-1.06000,0.00960
,,,-0.00037995999,-1.08000,0.00800
,,,-0.00037992001,-1.06000,0.00880
,,,-0.00037987999,-1.06000,0.00880
,,,-0.00037984000,-1.06000,0.00800
,,,-0.00037980001,-1.06000,0.00880
,,,-0.00037975999,-1.06000,0.00800
,,,-0.00037972000,-1.06000,0.00800
,,,-0.00037967999,-1.06000,0.00800
,,,-0.00037964000,-1.08000,0.00720
,,,-0.00037960001,-1.06000,0.00800
,,,-0.00037955999,-1.06000,0.00720
,,,-0.00037952000,-1.06000,0.00640
,,,-0.00037947998,-1.06000,0.00640
,,,-0.00037944000,-1.06000,0.00640
,,,-0.00037940001,-1.06000,0.00560
,,,-0.00037935999,-1.06000,0.00560
,,,-0.00037932000,-1.06000,0.00560
,,,-0.00037927998,-1.06000,0.00560
,,,-0.00037923999,-1.06000,0.00560
,,,-0.00037920001,-1.06000,0.00480
,,,-0.00037915999,-1.06000,0.00480
,,,-0.00037912000,-1.06000,0.00560
,,,-0.00037908001,-1.06000,0.00480
,,,-0.00037903999,-1.06000,0.00400
,,,-0.00037900000,-1.06000,0.00480
,,,-0.00037895999,-1.06000,0.00400
,,,-0.00037892000,-1.06000,0.00400
,,,-0.00037888001,-1.06000,0.00400
,,,-0.00037883999,-1.06000,0.00320
,,,-0.00037880000,-1.04000,0.00320
,,,-0.00037875999,-1.06000,0.00240
,,,-0.00037872000,-1.06000,0.00240
,,,-0.00037868001,-1.04000,0.00320
,,,-0.00037863999,-1.04000,0.00240
,,,-0.00037860000,-1.04000,0.00240
,,,-0.00037855998,-1.04000,0.00240
,,,-0.00037852000,-1.04000,0.00160
,,,-0.00037848001,-1.04000,0.00160
,,,-0.00037843999,-1.04000,0.00160
,,,-0.00037840000,-1.04000,0.00080
,,,-0.00037836001,-1.04000,0.00160
,,,-0.00037831999,-1.04000,0.00080
,,,-0.00037828000,-1.04000,0.00
,,,-0.00037823999,-1.04000,0.00080
,,,-0.00037820000,-1.04000,0.00080
,,,-0.00037816001,-1.04000,0.00080
,,,-0.00037811999,-1.02000,0.00
,,,-0.00037808000,-1.04000,0.00
,,,-0.00037803999,-1.02000,-0.00080
,,,-0.00037800000,-1.02000,0.00
,,,-0.00037796001,-1.04000,-0.00080
,,,-0.00037791999,-1.02000,-0.00080
,,,-0.00037788000,-1.02000,-0.00080
,,,-0.00037783998,-1.02000,-0.00160
,,,-0.00037780000,-1.02000,-0.00160
,,,-0.00037776001,-1.02000,-0.00160
,,,-0.00037771999,-1.02000,-0.00240
,,,-0.00037768000,-1.02000,-0.00160
,,,-0.00037764001,-1.02000,-0.00240
,,,-0.00037759999,-1.02000,-0.00320
,,,-0.00037756001,-1.02000,-0.00240
,,,-0.00037751999,-1.02000,-0.00320
,,,-0.00037748000,-1.00000,-0.00320
,,,-0.00037744001,-1.00000,-0.00240
,,,-0.00037739999,-1.00000,-0.00320
,,,-0.00037736000,-1.00000,-0.00320
,,,-0.00037731999,-1.00000,-0.00320
,,,-0.00037728000,-1.00000,-0.00400
,,,-0.00037724001,-1.00000,-0.00400
,,,-0.00037719999,-1.00000,-0.00400
,,,-0.00037716000,-1.00000,-0.00480
,,,-0.00037711998,-1.00000,-0.00400
,,,-0.00037708000,-1.00000,-0.00400
,,,-0.00037704001,-1.00000,-0.00480
,,,-0.00037699999,-0.98000,-0.00480
,,,-0.00037696000,-0.98000,-0.00560
,,,-0.00037692001,-0.98000,-0.00560
,,,-0.00037687999,-0.98000,-0.00480
,,,-0.00037684001,-0.98000,-0.00560
,,,-0.00037679999,-0.98000,-0.00560
,,,-0.00037676000,-0.96000,-0.00560
,,,-0.00037672001,-0.98000,-0.00640
,,,-0.00037667999,-0.96000,-0.00640
,,,-0.00037664000,-0.96000,-0.00640
,,,-0.00037659999,-0.96000,-0.00640
,,,-0.00037656000,-0.96000,-0.00640
,,,-0.00037652001,-0.96000,-0.00720
,,,-0.00037647999,-0.96000,-0.00720
,,,-0.00037644000,-0.94000,-0.00720
,,,-0.00037639998,-0.96000,-0.00800
,,,-0.00037636000,-0.96000,-0.00800
,,,-0.00037632001,-0.94000,-0.00720
,,,-0.00037627999,-0.94000,-0.00800
,,,-0.00037624000,-0.94000,-0.00880
,,,-0.00037619998,-0.94000,-0.00880
,,,-0.00037615999,-0.94000,-0.00880
,,,-0.00037612001,-0.94000,-0.00880
,,,-0.00037607999,-0.94000,-0.00880
,,,-0.00037604000,-0.94000,-0.00960
,,,-0.00037600001,-0.92000,-0.00960
,,,-0.00037595999,-0.92000,-0.00960
,,,-0.00037592000,-0.92000,-0.01040
,,,-0.00037587999,-0.92000,-0.00960
,,,-0.00037584000,-0.92000,-0.01040
,,,-0.00037580001,-0.92000,-0.01040
,,,-0.00037575999,-0.90000,-0.00960
,,,-0.00037572000,-0.92000,-0.01120
,,,-0.00037567999,-0.92000,-0.01120
,,,-0.00037564000,-0.90000,-0.01040
,,,-0.00037560001,-0.90000,-0.01200
,,,-0.00037555999,-0.90000,-0.01200
,,,-0.00037552000,-0.90000,-0.01120
,,,-0.00037547998,-0.90000,-0.01200
,,,-0.00037543999,-0.88000,-0.01200
,,,-0.00037540001,-0.90000,-0.01200
,,,-0.00037535999,-0.90000,-0.01280
,,,-0.00037532000,-0.88000,-0.01280
,,,-0.00037528001,-0.88000,-0.01280
,,,-0.00037523999,-0.88000,-0.01360
,,,-0.00037520000,-0.88000,-0.01280
,,,-0.00037515999,-0.88000,-0.01280
,,,-0.00037512000,-0.86000,-0.01360
,,,-0.00037508001,-0.86000,-0.01280
,,,-0.00037503999,-0.88000,-0.01360
,,,-0.00037500000,-0.86000,-0.01360
,,,-0.00037495999,-0.86000,-0.01360
,,,-0.00037492000,-0.86000,-0.01440
,,,-0.00037488001,-0.86000,-0.01440
,,,-0.00037483999,-0.86000,-0.01440
,,,-0.00037480000,-0.86000,-0.01600
,,,-0.00037475998,-0.84000,-0.01520
,,,-0.00037472000,-0.84000,-0.01520
,,,-0.00037468001,-0.84000,-0.01600
,,,-0.00037463999,-0.84000,-0.01600
,,,-0.00037460000,-0.84000,-0.01600
,,,-0.00037456001,-0.82000,-0.01600
,,,-0.00037451999,-0.84000,-0.01600
,,,-0.00037448001,-0.82000,-0.01680
,,,-0.00037443999,-0.82000,-0.01680
,,,-0.00037440000,-0.82000,-0.01600
,,,-0.00037436001,-0.82000,-0.01680
,,,-0.00037431999,-0.82000,-0.01680
,,,-0.00037428000,-0.82000,-0.01760
,,,-0.00037423999,-0.82000,-0.01760
,,,-0.00037420000,-0.80000,-0.01680
,,,-0.00037416001,-0.80000,-0.01760
,,,-0.00037411999,-0.80000,-0.01760
,,,-0.00037408000,-0.80000,-0.01760
,,,-0.00037403998,-0.80000,-0.01840
,,,-0.00037400000,-0.80000,-0.01840
,,,-0.00037396001,-0.78000,-0.01840
,,,-0.00037391999,-0.78000,-0.01920
,,,-0.00037388000,-0.78000,-0.01840
,,,-0.00037384001,-0.78000,-0.01840
,,,-0.00037379999,-0.78000,-0.01920
,,,-0.00037376001,-0.76000,-0.01920
,,,-0.00037371999,-0.76000,-0.01920
,,,-0.00037368000,-0.76000,-0.02000
,,,-0.00037364001,-0.76000,-0.02000
,,,-0.00037359999,-0.76000,-0.02000
,,,-0.00037356000,-0.76000,-0.02080
,,,-0.00037351999,-0.74000,-0.02000
,,,-0.00037348000,-0.74000,-0.02080
,,,-0.00037344001,-0.74000,-0.02080
,,,-0.00037339999,-0.74000,-0.02080
,,,-0.00037336000,-0.74000,-0.02160
,,,-0.00037331998,-0.72000,-0.02160
,,,-0.00037328000,-0.72000,-0.02080
,,,-0.00037324001,-0.72000,-0.02160
,,,-0.00037319999,-0.72000,-0.02160
,,,-0.00037316000,-0.72000,-0.02160
,,,-0.00037312001,-0.72000,-0.02320
,,,-0.00037307999,-0.70000,-0.02240
,,,-0.00037304001,-0.70000,-0.02240
,,,-0.00037299999,-0.72000,-0.02240
,,,-0.00037296000,-0.70000,-0.02240
,,,-0.00037292001,-0.70000,-0.02320
,,,-0.00037287999,-0.70000,-0.02320
,,,-0.00037284000,-0.68000,-0.02240
,,,-0.00037279999,-0.68000,-0.02320
,,,-0.00037276000,-0.68000,-0.02320
,,,-0.00037272001,-0.68000,-0.02320
,,,-0.00037267999,-0.68000,-0.02400
,,,-0.00037264000,-0.66000,-0.02320
,,,-0.00037259998,-0.66000,-0.02400
,,,-0.00037256000,-0.66000,-0.02480
,,,-0.00037252001,-0.64000,-0.02400
,,,-0.00037247999,-0.66000,-0.02480
,,,-0.00037244000,-0.66000,-0.02480
,,,-0.00037239998,-0.64000,-0.02480
,,,-0.00037235999,-0.64000,-0.02480
,,,-0.00037232001,-0.64000,-0.02480
,,,-0.00037227999,-0.62000,-0.02480
,,,-0.00037224000,-0.62000,-0.02560
,,,-0.00037220001,-0.62000,-0.02560
,,,-0.00037215999,-0.62000,-0.02560
,,,-0.00037212000,-0.62000,-0.02640
,,,-0.00037207999,-0.60000,-0.02640
,,,-0.00037204000,-0.60000,-0.02560
,,,-0.00037200001,-0.62000,-0.02640
,,,-0.00037195999,-0.60000,-0.02640
,,,-0.00037192000,-0.60000,-0.02640
,,,-0.00037187999,-0.60000,-0.02720
,,,-0.00037184000,-0.58000,-0.02720
,,,-0.00037180001,-0.58000,-0.02720
,,,-0.00037175999,-0.58000,-0.02800
,,,-0.00037172000,-0.58000,-0.02720
,,,-0.00037167998,-0.58000,-0.02800
,,,-0.00037164000,-0.58000,-0.02800
,,,-0.00037160001,-0.56000,-0.02800
,,,-0.00037155999,-0.56000,-0.02880
,,,-0.00037152000,-0.56000,-0.02880
,,,-0.00037148001,-0.54000,-0.02880
,,,-0.00037143999,-0.56000,-0.02880
,,,-0.00037140000,-0.54000,-0.02800
,,,-0.00037135999,-0.54000,-0.02880
,,,-0.00037132000,-0.54000,-0.02960
,,,-0.00037128001,-0.54000,-0.02880
,,,-0.00037123999,-0.54000,-0.02960
,,,-0.00037120000,-0.54000,-0.02960
,,,-0.00037115999,-0.52000,-0.02880
,,,-0.00037112000,-0.52000,-0.02960
,,,-0.00037108001,-0.52000,-0.02960
,,,-0.00037103999,-0.52000,-0.02960
,,,-0.00037100000,-0.52000,-0.03040
,,,-0.00037095998,-0.50000,-0.03040
,,,-0.00037092000,-0.50000,-0.03040
,,,-0.00037088001,-0.50000,-0.03120
,,,-0.00037083999,-0.48000,-0.03040
,,,-0.00037080000,-0.48000,-0.03120
,,,-0.00037076001,-0.48000,-0.03200
,,,-0.00037071999,-0.48000,-0.03120
,,,-0.00037068001,-0.48000,-0.03120
,,,-0.00037063999,-0.46000,-0.03200
,,,-0.00037060000,-0.46000,-0.03120
,,,-0.00037056001,-0.46000,-0.03200
,,,-0.00037051999,-0.46000,-0.03280
,,,-0.00037048000,-0.44000,-0.03200
,,,-0.00037043999,-0.46000,-0.03280
,,,-0.00037040000,-0.44000,-0.03280
,,,-0.00037036001,-0.44000,-0.03200
,,,-0.00037031999,-0.44000,-0.03280
,,,-0.00037028000,-0.42000,-0.03200
,,,-0.00037023998,-0.42000,-0.03280
,,,-0.00037020000,-0.44000,-0.03360
,,,-0.00037016001,-0.42000,-0.03280
,,,-0.00037011999,-0.42000,-0.03360
,,,-0.00037008000,-0.42000,-0.03360
,,,-0.00037004001,-0.40000,-0.03280
,,,-0.00036999999,-0.40000,-0.03360
,,,-0.00036996001,-0.40000,-0.03440
,,,-0.00036991999,-0.40000,-0.03360
,,,-0.00036988000,-0.40000,-0.03440
,,,-0.00036984001,-0.38000,-0.03440
,,,-0.00036979999,-0.38000,-0.03360
,,,-0.00036976000,-0.38000,-0.03440
,,,-0.00036971999,-0.38000,-0.03440
,,,-0.00036968000,-0.36000,-0.03440
,,,-0.00036964001,-0.36000,-0.03520
,,,-0.00036959999,-0.36000,-0.03440
,,,-0.00036956000,-0.36000,-0.03520
,,,-0.00036951998,-0.36000,-0.03520
,,,-0.00036948000,-0.34000,-0.03440
,,,-0.00036944001,-0.36000,-0.03520
,,,-0.00036939999,-0.34000,-0.03600
,,,-0.00036936000,-0.32000,-0.03520
,,,-0.00036931998,-0.34000,-0.03600
,,,-0.00036927999,-0.34000,-0.03600
,,,-0.00036924001,-0.32000,-0.03520
,,,-0.00036919999,-0.34000,-0.03600
,,,-0.00036916000,-0.32000,-0.03600
,,,-0.00036912001,-0.30000,-0.03600
,,,-0.00036907999,-0.32000,-0.03680
,,,-0.00036904000,-0.30000,-0.03600
,,,-0.00036899999,-0.30000,-0.03600
,,,-0.00036896000,-0.30000,-0.03680
,,,-0.00036892001,-0.28000,-0.03600
,,,-0.00036887999,-0.28000,-0.03680
,,,-0.00036884000,-0.28000,-0.03760
,,,-0.00036879999,-0.26000,-0.03680
,,,-0.00036876000,-0.28000,-0.03760
,,,-0.00036872001,-0.26000,-0.03760
,,,-0.00036867999,-0.26000,-0.03680
,,,-0.00036864000,-0.26000,-0.03760
,,,-0.00036859998,-0.24000,-0.03760
,,,-0.00036855999,-0.24000,-0.03760
,,,-0.00036852001,-0.24000,-0.03840
,,,-0.00036847999,-0.24000,-0.03760
,,,-0.00036844000,-0.22000,-0.03760
,,,-0.00036840001,-0.24000,-0.03840
,,,-0.00036835999,-0.22000,-0.03760
,,,-0.00036832000,-0.22000,-0.03840
,,,-0.00036827999,-0.22000,-0.03840
,,,-0.00036824000,-0.20000,-0.03840
,,,-0.00036820001,-0.22000,-0.03840
,,,-0.00036815999,-0.20000,-0.03840
,,,-0.00036812000,-0.20000,-0.03840
,,,-0.00036807999,-0.20000,-0.03920
,,,-0.00036804000,-0.20000,-0.03920
,,,-0.00036800001,-0.18000,-0.03920
,,,-0.00036795999,-0.20000,-0.03920
,,,-0.00036792000,-0.18000,-0.03920
,,,-0.00036787998,-0.18000,-0.03920
,,,-0.00036784000,-0.18000,-0.04000
,,,-0.00036780001,-0.16000,-0.03920
,,,-0.00036775999,-0.16000,-0.03920
,,,-0.00036772000,-0.16000,-0.04000
,,,-0.00036768001,-0.14000,-0.04000
,,,-0.00036763999,-0.14000,-0.04000
,,,-0.00036760001,-0.16000,-0.04000
,,,-0.00036755999,-0.14000,-0.04000
,,,-0.00036752000,-0.14000,-0.04000
,,,-0.00036748001,-0.14000,-0.04000
,,,-0.00036743999,-0.12000,-0.04000
,,,-0.00036740000,-0.12000,-0.04080
,,,-0.00036735999,-0.12000,-0.04000
,,,-0.00036732000,-0.12000,-0.04000
,,,-0.00036728001,-0.12000,-0.04080
,,,-0.00036723999,-0.10000,-0.04080
,,,-0.00036720000,-0.10000,-0.04000
,,,-0.00036715998,-0.10000,-0.04080
,,,-0.00036712000,-0.10000,-0.04080
,,,-0.00036708001,-0.10000,-0.04080
,,,-0.00036703999,-0.08000,-0.04080
,,,-0.00036700000,-0.08000,-0.04080
,,,-0.00036696001,-0.08000,-0.04080
,,,-0.00036691999,-0.08000,-0.04080
,,,-0.00036688001,-0.06000,-0.04080
,,,-0.00036683999,-0.06000,-0.04160
,,,-0.00036680000,-0.06000,-0.04080
,,,-0.00036676001,-0.06000,-0.04080
,,,-0.00036671999,-0.06000,-0.04160
,,,-0.00036668000,-0.04000,-0.04080
,,,-0.00036663999,-0.04000,-0.04160
,,,-0.00036660000,-0.04000,-0.04160
,,,-0.00036656001,-0.04000,-0.04160
,,,-0.00036651999,-0.02000,-0.04160
,,,-0.00036648000,-0.02000,-0.04240
,,,-0.00036643998,-0.02000,-0.04160
,,,-0.00036640000,-0.02000,-0.04240
,,,-0.00036636001,-0.02000,-0.04240
,,,-0.00036631999,0.00,-0.04160
,,,-0.00036628000,-0.02000,-0.04240
,,,-0.00036624001,0.00,-0.04160
,,,-0.00036619999,0.00,-0.04240
,,,-0.00036616001,0.00,-0.04240
,,,-0.00036611999,0.00,-0.04240
,,,-0.00036608000,0.02000,-0.04240
,,,-0.00036604001,0.02000,-0.04240
,,,-0.00036599999,0.02000,-0.04240
,,,-0.00036596000,0.02000,-0.04240
,,,-0.00036591999,0.04000,-0.04240
,,,-0.00036588000,0.04000,-0.04240
,,,-0.00036584001,0.04000,-0.04320
,,,-0.00036579999,0.06000,-0.04320
,,,-0.00036576000,0.06000,-0.04240
,,,-0.00036571998,0.06000,-0.04240
,,,-0.00036568000,0.06000,-0.04320
,,,-0.00036564001,0.06000,-0.04320
,,,-0.00036559999,0.06000,-0.04320
,,,-0.00036556000,0.08000,-0.04320
,,,-0.00036551998,0.08000,-0.04320
,,,-0.00036547999,0.08000,-0.04320
,,,-0.00036544001,0.10000,-0.04320
,,,-0.00036539999,0.08000,-0.04320
,,,-0.00036536000,0.08000,-0.04320
,,,-0.00036532001,0.10000,-0.04320
,,,-0.00036527999,0.10000,-0.04320
,,,-0.00036524000,0.10000,-0.04320
,,,-0.00036519999,0.10000,-0.04320
,,,-0.00036516000,0.10000,-0.04320
,,,-0.00036512001,0.10000,-0.04320
,,,-0.00036507999,0.12000,-0.04320
,,,-0.00036504000,0.12000,-0.04400
,,,-0.00036499999,0.14000,-0.04400
,,,-0.00036496000,0.12000,-0.04320
,,,-0.00036492001,0.12000,-0.04400
,,,-0.00036487999,0.14000,-0.04400
,,,-0.00036484000,0.14000,-0.04400
,,,-0.00036479998,0.14000,-0.04400
,,,-0.00036476000,0.16000,-0.04400
,,,-0.00036472001,0.16000,-0.04400
,,,-0.00036467999,0.16000,-0.04400
,,,-0.00036464000,0.16000,-0.04400
,,,-0.00036460001,0.16000,-0.04480
,,,-0.00036455999,0.16000,-0.04480
,,,-0.00036452000,0.18000,-0.04400
,,,-0.00036447999,0.18000,-0.04400
,,,-0.00036444000,0.18000,-0.04400
,,,-0.00036440001,0.18000,-0.04400
,,,-0.00036435999,0.20000,-0.04400
,,,-0.00036432000,0.18000,-0.04400
,,,-0.00036427999,0.20000,-0.04480
,,,-0.00036424000,0.20000,-0.04480
,,,-0.00036420001,0.22000,-0.04400
,,,-0.00036415999,0.20000,-0.04400
,,,-0.00036412000,0.22000,-0.04480
,,,-0.00036407998,0.22000,-0.04400
,,,-0.00036404000,0.22000,-0.04480
,,,-0.00036400001,0.24000,-0.04480
,,,-0.00036395999,0.24000,-0.04400
,,,-0.00036392000,0.24000,-0.04480
,,,-0.00036388001,0.24000,-0.04480
,,,-0.00036383999,0.24000,-0.04400
,,,-0.00036380001,0.24000,-0.04480
,,,-0.00036375999,0.26000,-0.04480
,,,-0.00036372000,0.26000,-0.04480
,,,-0.00036368001,0.26000,-0.04480
,,,-0.00036363999,0.26000,-0.04480
,,,-0.00036360000,0.26000,-0.04480
,,,-0.00036355999,0.28000,-0.04480
,,,-0.00036352000,0.28000,-0.04400
,,,-0.00036348001,0.28000,-0.04480
,,,-0.00036343999,0.28000,-0.04480
,,,-0.00036340000,0.28000,-0.04400
,,,-0.00036335998,0.28000,-0.04480
,,,-0.00036332000,0.28000,-0.04480
,,,-0.00036328001,0.30000,-0.04400
,,,-0.00036323999,0.30000,-0.04480
,,,-0.00036320000,0.30000,-0.04480
,,,-0.00036316001,0.30000,-0.04480
,,,-0.00036311999,0.30000,-0.04480
,,,-0.00036308001,0.32000,-0.04480
,,,-0.00036303999,0.32000,-0.04480
,,,-0.00036300000,0.32000,-0.04480
,,,-0.00036296001,0.32000,-0.04480
,,,-0.00036291999,0.32000,-0.04480
,,,-0.00036288000,0.34000,-0.04480
,,,-0.00036283999,0.34000,-0.04480
,,,-0.00036280000,0.34000,-0.04480
,,,-0.00036276001,0.36000,-0.04400
,,,-0.00036271999,0.34000,-0.04400
,,,-0.00036268000,0.36000,-0.04400
,,,-0.00036263998,0.36000,-0.04480
,,,-0.00036260000,0.36000,-0.04480
,,,-0.00036256001,0.36000,-0.04480
,,,-0.00036251999,0.36000,-0.04480
,,,-0.00036248000,0.38000,-0.04480
,,,-0.00036243998,0.36000,-0.04480
,,,-0.00036239999,0.38000,-0.04480
,,,-0.00036236001,0.38000,-0.04480
,,,-0.00036231999,0.38000,-0.04400
,,,-0.00036228000,0.38000,-0.04400
,,,-0.00036224001,0.38000,-0.04480
,,,-0.00036219999,0.40000,-0.04480
,,,-0.00036216000,0.40000,-0.04400
,,,-0.00036211999,0.40000,-0.04480
,,,-0.00036208000,0.40000,-0.04480
,,,-0.00036204001,0.40000,-0.04400
,,,-0.00036199999,0.40000,-0.04400
,,,-0.00036196000,0.40000,-0.04400
,,,-0.00036191999,0.42000,-0.04480
,,,-0.00036188000,0.42000,-0.04480
,,,-0.00036184001,0.42000,-0.04480
,,,-0.00036179999,0.42000,-0.04480
,,,-0.00036176000,0.44000,-0.04480
,,,-0.00036171998,0.44000,-0.04400
,,,-0.00036167999,0.44000,-0.04480
,,,-0.00036164001,0.44000,-0.04400
,,,-0.00036159999,0.44000,-0.04400
,,,-0.00036156000,0.44000,-0.04480
,,,-0.00036152001,0.46000,-0.04400
,,,-0.00036147999,0.46000,-0.04400
,,,-0.00036144000,0.46000,-0.04400
,,,-0.00036139999,0.46000,-0.04320
,,,-0.00036136000,0.46000,-0.04320
,,,-0.00036132001,0.46000,-0.04400
,,,-0.00036127999,0.48000,-0.04400
,,,-0.00036124000,0.48000,-0.04400
,,,-0.00036119999,0.48000,-0.04400
,,,-0.00036116000,0.48000,-0.04400
,,,-0.00036112001,0.48000,-0.04400
,,,-0.00036107999,0.48000,-0.04400
,,,-0.00036104000,0.50000,-0.04320
,,,-0.00036099998,0.50000,-0.04400
,,,-0.00036096000,0.48000,-0.04400
,,,-0.00036092001,0.50000,-0.04320
,,,-0.00036087999,0.50000,-0.04400
,,,-0.00036084000,0.50000,-0.04400
,,,-0.00036080001,0.52000,-0.04400
,,,-0.00036075999,0.52000,-0.04400
,,,-0.00036072001,0.52000,-0.04320
,,,-0.00036067999,0.52000,-0.04400
,,,-0.00036064000,0.52000,-0.04400
,,,-0.00036060001,0.54000,-0.04320
,,,-0.00036055999,0.54000,-0.04320
,,,-0.00036052000,0.54000,-0.04320
,,,-0.00036047999,0.54000,-0.04320
,,,-0.00036044000,0.54000,-0.04320
,,,-0.00036040001,0.56000,-0.04320
,,,-0.00036035999,0.54000,-0.04240
,,,-0.00036032000,0.54000,-0.04320
,,,-0.00036027998,0.54000,-0.04240
,,,-0.00036024000,0.56000,-0.04240
,,,-0.00036020001,0.56000,-0.04320
,,,-0.00036015999,0.56000,-0.04240
,,,-0.00036012000,0.56000,-0.04240
,,,-0.00036008001,0.58000,-0.04240
,,,-0.00036003999,0.58000,-0.04240
,,,-0.00036000001,0.58000,-0.04240
,,,-0.00035995999,0.58000,-0.04240
,,,-0.00035992000,0.58000,-0.04240
,,,-0.00035988001,0.58000,-0.04160
,,,-0.00035983999,0.60000,-0.04160
,,,-0.00035980000,0.60000,-0.04160
,,,-0.00035975999,0.58000,-0.04160
,,,-0.00035972000,0.60000,-0.04240
,,,-0.00035968001,0.60000,-0.04160
,,,-0.00035963999,0.60000,-0.04160
,,,-0.00035960000,0.60000,-0.04160
,,,-0.00035955998,0.60000,-0.04160
,,,-0.00035952000,0.60000,-0.04160
,,,-0.00035948001,0.62000,-0.04160
,,,-0.00035943999,0.62000,-0.04160
,,,-0.00035940000,0.62000,-0.04160
,,,-0.00035936001,0.62000,-0.04160
,,,-0.00035931999,0.62000,-0.04080
,,,-0.00035928001,0.62000,-0.04080
,,,-0.00035923999,0.62000,-0.04080
,,,-0.00035920000,0.62000,-0.04080
,,,-0.00035916001,0.64000,-0.04080
,,,-0.00035911999,0.64000,-0.04080
,,,-0.00035908000,0.64000,-0.04080
,,,-0.00035903999,0.64000,-0.04080
,,,-0.00035900000,0.64000,-0.04000
,,,-0.00035896001,0.66000,-0.04000
,,,-0.00035891999,0.66000,-0.04000
,,,-0.00035888000,0.64000,-0.04000
,,,-0.00035883998,0.64000,-0.04080
,,,-0.00035880000,0.66000,-0.04000
,,,-0.00035876001,0.66000,-0.04000
,,,-0.00035871999,0.66000,-0.04000
,,,-0.00035868000,0.66000,-0.03920
,,,-0.00035863998,0.66000,-0.04000
,,,-0.00035859999,0.66000,-0.04000
,,,-0.00035856001,0.68000,-0.04000
,,,-0.00035851999,0.68000,-0.04000
,,,-0.00035848000,0.68000,-0.03920
,,,-0.00035844001,0.68000,-0.03920
,,,-0.00035839999,0.68000,-0.03920
,,,-0.00035836000,0.70000,-0.03840
,,,-0.00035831999,0.68000,-0.03920
,,,-0.00035828000,0.70000,-0.03920
,,,-0.00035824001,0.70000,-0.03840
,,,-0.00035819999,0.70000,-0.03840
,,,-0.00035816000,0.70000,-0.03840
,,,-0.00035811999,0.70000,-0.03840
,,,-0.00035808000,0.70000,-0.03840
,,,-0.00035804001,0.70000,-0.03840
,,,-0.00035799999,0.70000,-0.03840
,,,-0.00035796000,0.70000,-0.03840
,,,-0.00035791998,0.72000,-0.03760
,,,-0.00035788000,0.72000,-0.03760
,,,-0.00035784001,0.72000,-0.03840
,,,-0.00035779999,0.72000,-0.03760
,,,-0.00035776000,0.72000,-0.03760
,,,-0.00035772001,0.72000,-0.03760
,,,-0.00035767999,0.74000,-0.03760
,,,-0.00035764000,0.72000,-0.03760
,,,-0.00035759999,0.72000,-0.03680
,,,-0.00035756000,0.74000,-0.03680
,,,-0.00035752001,0.74000,-0.03760
,,,-0.00035747999,0.74000,-0.03680
,,,-0.00035744000,0.74000,-0.03680
,,,-0.00035739999,0.74000,-0.03600
,,,-0.00035736000,0.74000,-0.03600
,,,-0.00035732001,0.74000,-0.03680
,,,-0.00035727999,0.74000,-0.03680
,,,-0.00035724000,0.74000,-0.03600
,,,-0.00035719998,0.76000,-0.03680
,,,-0.00035716000,0.76000,-0.03600
,,,-0.00035712001,0.76000,-0.03520
,,,-0.00035707999,0.76000,-0.03520
,,,-0.00035704000,0.76000,-0.03600
,,,-0.00035700001,0.76000,-0.03520
,,,-0.00035695999,0.76000,-0.03520
,,,-0.00035692001,0.76000,-0.03520
,,,-0.00035687999,0.78000,-0.03520
,,,-0.00035684000,0.76000,-0.03520
,,,-0.00035680001,0.78000,-0.03440
,,,-0.00035675999,0.78000,-0.03440
,,,-0.00035672000,0.78000,-0.03520
,,,-0.00035667999,0.78000,-0.03440
,,,-0.00035664000,0.78000,-0.03440
,,,-0.00035660001,0.78000,-0.03440
,,,-0.00035655999,0.78000,-0.03440
,,,-0.00035652000,0.78000,-0.03440
,,,-0.00035647998,0.78000,-0.03360
,,,-0.00035644000,0.80000,-0.03440
,,,-0.00035640001,0.80000,-0.03440
,,,-0.00035635999,0.78000,-0.03360
,,,-0.00035632000,0.80000,-0.03280
,,,-0.00035628001,0.80000,-0.03360
,,,-0.00035623999,0.80000,-0.03280
,,,-0.00035620001,0.80000,-0.03280
,,,-0.00035615999,0.80000,-0.03360
,,,-0.00035612000,0.80000,-0.03280
,,,-0.00035608001,0.82000,-0.03360
,,,-0.00035603999,0.80000,-0.03280
,,,-0.00035600000,0.82000,-0.03200
,,,-0.00035595999,0.82000,-0.03200
,,,-0.00035592000,0.82000,-0.03200
,,,-0.00035588001,0.82000,-0.03200
,,,-0.00035583999,0.82000,-0.03200
,,,-0.00035580000,0.82000,-0.03200
,,,-0.00035575998,0.82000,-0.03200
,,,-0.00035572000,0.82000,-0.03120
,,,-0.00035568001,0.82000,-0.03120
,,,-0.00035563999,0.82000,-0.03120
,,,-0.00035560000,0.84000,-0.03120
,,,-0.00035555998,0.84000,-0.03040
,,,-0.00035551999,0.84000,-0.03040
,,,-0.00035548001,0.82000,-0.03120
,,,-0.00035543999,0.82000,-0.03040
,,,-0.00035540000,0.84000,-0.03040
,,,-0.00035536001,0.82000,-0.02960
,,,-0.00035531999,0.84000,-0.02960
,,,-0.00035528000,0.84000,-0.03040
,,,-0.00035523999,0.84000,-0.02960
,,,-0.00035520000,0.84000,-0.02880
,,,-0.00035516001,0.84000,-0.02960
,,,-0.00035511999,0.84000,-0.02960
,,,-0.00035508000,0.86000,-0.02880
,,,-0.00035503999,0.84000,-0.02880
,,,-0.00035500000,0.86000,-0.02880
,,,-0.00035496001,0.86000,-0.02880
,,,-0.00035491999,0.84000,-0.02880
,,,-0.00035488000,0.86000,-0.02800
,,,-0.00035483998,0.86000,-0.02880
,,,-0.00035479999,0.86000,-0.02880
,,,-0.00035476001,0.86000,-0.02800
,,,-0.00035471999,0.86000,-0.02800
,,,-0.00035468000,0.86000,-0.02800
,,,-0.00035464001,0.86000,-0.02800
,,,-0.00035459999,0.86000,-0.02720
,,,-0.00035456000,0.86000,-0.02720
,,,-0.00035451999,0.86000,-0.02720
,,,-0.00035448000,0.86000,-0.02720
,,,-0.00035444001,0.88000,-0.02640
,,,-0.00035439999,0.88000,-0.02640
,,,-0.00035436000,0.86000,-0.02640
,,,-0.00035431999,0.86000,-0.02640
,,,-0.00035428000,0.86000,-0.02640
,,,-0.00035424001,0.86000,-0.02640
,,,-0.00035419999,0.88000,-0.02640
,,,-0.00035416000,0.88000,-0.02640
,,,-0.00035411998,0.86000,-0.02560
,,,-0.00035408000,0.88000,-0.02560
,,,-0.00035404001,0.88000,-0.02560
,,,-0.00035399999,0.88000,-0.02560
,,,-0.00035396000,0.88000,-0.02480
,,,-0.00035392001,0.88000,-0.02480
,,,-0.00035387999,0.88000,-0.02480
,,,-0.00035384001,0.88000,-0.02480
,,,-0.00035379999,0.88000,-0.02480
,,,-0.00035376000,0.88000,-0.02400
,,,-0.00035372001,0.88000,-0.02480
,,,-0.00035367999,0.88000,-0.02480
,,,-0.00035364000,0.90000,-0.02320
,,,-0.00035359999,0.88000,-0.02400
,,,-0.00035356000,0.88000,-0.02400
,,,-0.00035352001,0.88000,-0.02320
,,,-0.00035347999,0.88000,-0.02320
,,,-0.00035344000,0.88000,-0.02320
,,,-0.00035339998,0.88000,-0.02320
,,,-0.00035336000,0.88000,-0.02320
,,,-0.00035332001,0.90000,-0.02240
,,,-0.00035327999,0.88000,-0.02240
,,,-0.00035324000,0.88000,-0.02320
,,,-0.00035320001,0.90000,-0.02240
,,,-0.00035315999,0.88000,-0.02240
,,,-0.00035312001,0.88000,-0.02240
,,,-0.00035307999,0.90000,-0.02240
,,,-0.00035304000,0.90000,-0.02160
,,,-0.00035300001,0.90000,-0.02160
,,,-0.00035295999,0.90000,-0.02080
,,,-0.00035292000,0.90000,-0.02160
,,,-0.00035287999,0.90000,-0.02160
,,,-0.00035284000,0.90000,-0.02080
,,,-0.00035280001,0.88000,-0.02080
,,,-0.00035275999,0.90000,-0.02000
,,,-0.00035272000,0.90000,-0.02000
,,,-0.00035267998,0.88000,-0.02000
,,,-0.00035264000,0.90000,-0.02080
,,,-0.00035260001,0.90000,-0.02080
,,,-0.00035255999,0.90000,-0.02000
,,,-0.00035252000,0.90000,-0.01920
,,,-0.00035248001,0.90000,-0.01920
,,,-0.00035243999,0.90000,-0.01920
,,,-0.00035240001,0.90000,-0.01920
,,,-0.00035235999,0.90000,-0.01920
,,,-0.00035232000,0.90000,-0.01920
,,,-0.00035228001,0.90000,-0.01840
,,,-0.00035223999,0.90000,-0.01840
,,,-0.00035220000,0.90000,-0.01760
,,,-0.00035215999,0.92000,-0.01760
,,,-0.00035212000,0.90000,-0.01840
,,,-0.00035208001,0.90000,-0.01760
,,,-0.00035203999,0.90000,-0.01760
,,,-0.00035200000,0.90000,-0.01760
,,,-0.00035195998,0.92000,-0.01680
,,,-0.00035192000,0.90000,-0.01680
,,,-0.00035188001,0.90000,-0.01680
,,,-0.00035183999,0.92000,-0.01680
,,,-0.00035180000,0.92000,-0.01680
,,,-0.00035175998,0.90000,-0.01680
,,,-0.00035171999,0.92000,-0.01520
,,,-0.00035168001,0.90000,-0.01600
,,,-0.00035163999,0.90000,-0.01520
,,,-0.00035160000,0.92000,-0.01520
,,,-0.00035156001,0.90000,-0.01520
,,,-0.00035151999,0.92000,-0.01520
,,,-0.00035148000,0.90000,-0.01520
,,,-0.00035143999,0.90000,-0.01520
,,,-0.00035140000,0.90000,-0.01360
,,,-0.00035136001,0.90000,-0.01440
,,,-0.00035131999,0.90000,-0.01440
,,,-0.00035128000,0.92000,-0.01360
,,,-0.00035123999,0.90000,-0.01360
,,,-0.00035120000,0.90000,-0.01440
,,,-0.00035116001,0.92000,-0.01360
,,,-0.00035111999,0.90000,-0.01360
,,,-0.00035108000,0.90000,-0.01280
,,,-0.00035103998,0.90000,-0.01280
,,,-0.00035100000,0.90000,-0.01360
,,,-0.00035096001,0.92000,-0.01280
,,,-0.00035091999,0.92000,-0.01280
,,,-0.00035088000,0.90000,-0.01280
,,,-0.00035084001,0.90000,-0.01200
,,,-0.00035079999,0.90000,-0.01200
,,,-0.00035076000,0.90000,-0.01200
,,,-0.00035071999,0.92000,-0.01120
,,,-0.00035068000,0.92000,-0.01200
,,,-0.00035064001,0.92000,-0.01120
,,,-0.00035059999,0.92000,-0.01040
,,,-0.00035056000,0.90000,-0.01120
,,,-0.00035051999,0.90000,-0.01040
,,,-0.00035048000,0.92000,-0.01040
,,,-0.00035044001,0.92000,-0.01040
,,,-0.00035039999,0.92000,-0.01040
,,,-0.00035036000,0.92000,-0.01040
,,,-0.00035031998,0.90000,-0.00960
,,,-0.00035028000,0.90000,-0.00960
,,,-0.00035024001,0.90000,-0.00960
,,,-0.00035019999,0.90000,-0.00960
,,,-0.00035016000,0.92000,-0.00880
,,,-0.00035012001,0.92000,-0.00880
,,,-0.00035007999,0.92000,-0.00880
,,,-0.00035004001,0.92000,-0.00880
,,,-0.00034999999,0.90000,-0.00800
,,,-0.00034996000,0.90000,-0.00800
,,,-0.00034992001,0.92000,-0.00720
,,,-0.00034987999,0.90000,-0.00800
,,,-0.00034984000,0.92000,-0.00720
,,,-0.00034979999,0.92000,-0.00720
,,,-0.00034976000,0.90000,-0.00720
,,,-0.00034972001,0.90000,-0.00640
,,,-0.00034967999,0.90000,-0.00640
,,,-0.00034964000,0.90000,-0.00640
,,,-0.00034959998,0.92000,-0.00640
,,,-0.00034956000,0.90000,-0.00640
,,,-0.00034952001,0.90000,-0.00640
,,,-0.00034947999,0.90000,-0.00560
,,,-0.00034944000,0.90000,-0.00640
,,,-0.00034940001,0.90000,-0.00560
,,,-0.00034935999,0.90000,-0.00480
,,,-0.00034932001,0.90000,-0.00560
,,,-0.00034927999,0.90000,-0.00480
,,,-0.00034924000,0.90000,-0.00480
,,,-0.00034920001,0.90000,-0.00480
,,,-0.00034915999,0.90000,-0.00400
,,,-0.00034912000,0.90000,-0.00400
,,,-0.00034907999,0.90000,-0.00400
,,,-0.00034904000,0.90000,-0.00320
,,,-0.00034900001,0.90000,-0.00400
,,,-0.00034895999,0.90000,-0.00400
,,,-0.00034892000,0.90000,-0.00320
,,,-0.00034887998,0.90000,-0.00320
,,,-0.00034884000,0.90000,-0.00240
,,,-0.00034880001,0.90000,-0.00240
,,,-0.00034875999,0.88000,-0.00320
,,,-0.00034872000,0.90000,-0.00240
,,,-0.00034868001,0.90000,-0.00240
,,,-0.00034863999,0.90000,-0.00240
,,,-0.00034860001,0.90000,-0.00160
,,,-0.00034855999,0.90000,-0.00080
,,,-0.00034852000,0.88000,-0.00080
,,,-0.00034848001,0.90000,-0.00080
,,,-0.00034843999,0.90000,-0.00080
,,,-0.00034840000,0.88000,-0.00080
,,,-0.00034835999,0.90000,0.00
,,,-0.00034832000,0.88000,-0.00080
,,,-0.00034828001,0.88000,0.00
,,,-0.00034823999,0.88000,0.00080
,,,-0.00034820000,0.88000,0.00080
,,,-0.00034815999,0.90000,0.00080
,,,-0.00034812000,0.90000,0.00080
,,,-0.00034808001,0.88000,0.00080
,,,-0.00034803999,0.90000,0.00080
,,,-0.00034800000,0.88000,0.00080
,,,-0.00034795998,0.88000,0.00080
,,,-0.00034791999,0.88000,0.00160
,,,-0.00034788001,0.88000,0.00160
,,,-0.00034783999,0.88000,0.00160
,,,-0.00034780000,0.88000,0.00240
,,,-0.00034776001,0.88000,0.00240
,,,-0.00034771999,0.88000,0.00240
,,,-0.00034768000,0.88000,0.00320
,,,-0.00034763999,0.86000,0.00320
,,,-0.00034760000,0.88000,0.00400
,,,-0.00034756001,0.88000,0.00400
,,,-0.00034751999,0.86000,0.00320
,,,-0.00034748000,0.88000,0.00400
,,,-0.00034743999,0.86000,0.00400
,,,-0.00034740000,0.86000,0.00400
,,,-0.00034736001,0.88000,0.00400
,,,-0.00034731999,0.86000,0.00400
,,,-0.00034728000,0.86000,0.00480
,,,-0.00034723998,0.86000,0.00480
,,,-0.00034720000,0.86000,0.00480
,,,-0.00034716001,0.86000,0.00480
,,,-0.00034711999,0.86000,0.00560
,,,-0.00034708000,0.86000,0.00560
,,,-0.00034704001,0.86000,0.00560
,,,-0.00034699999,0.86000,0.00640
,,,-0.00034696001,0.86000,0.00560
,,,-0.00034691999,0.86000,0.00640
,,,-0.00034688000,0.86000,0.00640
,,,-0.00034684001,0.86000,0.00640
,,,-0.00034679999,0.84000,0.00720
,,,-0.00034676000,0.86000,0.00720
,,,-0.00034671999,0.86000,0.00720
,,,-0.00034668000,0.86000,0.00800
,,,-0.00034664001,0.84000,0.00720
,,,-0.00034659999,0.84000,0.00720
,,,-0.00034656000,0.84000,0.00800
,,,-0.00034651998,0.84000,0.00800
,,,-0.00034648000,0.84000,0.00880
,,,-0.00034644001,0.84000,0.00880
,,,-0.00034639999,0.84000,0.00800
,,,-0.00034636000,0.84000,0.00880
,,,-0.00034632001,0.84000,0.00880
,,,-0.00034627999,0.82000,0.00880
,,,-0.00034624001,0.84000,0.00960
,,,-0.00034619999,0.82000,0.00960
,,,-0.00034616000,0.84000,0.01040
,,,-0.00034612001,0.84000,0.01040
,,,-0.00034607999,0.82000,0.00960
,,,-0.00034604000,0.82000,0.01040
,,,-0.00034599999,0.82000,0.01120
,,,-0.00034596000,0.82000,0.01040
,,,-0.00034592001,0.82000,0.01120
,,,-0.00034587999,0.82000,0.01120
,,,-0.00034584000,0.82000,0.01120
,,,-0.00034579998,0.82000,0.01120
,,,-0.00034576000,0.80000,0.01120
,,,-0.00034572001,0.80000,0.01120
,,,-0.00034567999,0.80000,0.01200
,,,-0.00034564000,0.80000,0.01200
,,,-0.00034560001,0.80000,0.01200
,,,-0.00034555999,0.80000,0.01280
,,,-0.00034552001,0.80000,0.01280
,,,-0.00034547999,0.80000,0.01280
,,,-0.00034544000,0.80000,0.01280
,,,-0.00034540001,0.80000,0.01280
,,,-0.00034535999,0.80000,0.01360
,,,-0.00034532000,0.80000,0.01440
,,,-0.00034527999,0.78000,0.01360
,,,-0.00034524000,0.80000,0.01360
,,,-0.00034520001,0.80000,0.01440
,,,-0.00034515999,0.78000,0.01440
,,,-0.00034512000,0.78000,0.01440
,,,-0.00034507998,0.78000,0.01520
,,,-0.00034504000,0.78000,0.01440
,,,-0.00034500001,0.78000,0.01520
,,,-0.00034495999,0.78000,0.01520
,,,-0.00034492000,0.78000,0.01440
,,,-0.00034487998,0.78000,0.01600
,,,-0.00034483999,0.76000,0.01600
,,,-0.00034480001,0.78000,0.01600
,,,-0.00034475999,0.76000,0.01680
,,,-0.00034472000,0.76000,0.01600
,,,-0.00034468001,0.76000,0.01680
,,,-0.00034463999,0.76000,0.01680
,,,-0.00034460000,0.76000,0.01680
,,,-0.00034455999,0.76000,0.01760
,,,-0.00034452000,0.76000,0.01760
,,,-0.00034448001,0.74000,0.01760
,,,-0.00034443999,0.76000,0.01760
,,,-0.00034440000,0.76000,0.01760
,,,-0.00034435999,0.76000,0.01840
,,,-0.00034432000,0.74000,0.01760
,,,-0.00034428001,0.74000,0.01760
,,,-0.00034423999,0.74000,0.01840
,,,-0.00034420000,0.74000,0.01920
,,,-0.00034415998,0.74000,0.01840
,,,-0.00034412000,0.74000,0.01920
,,,-0.00034408001,0.74000,0.01920
,,,-0.00034403999,0.74000,0.01920
,,,-0.00034400000,0.74000,0.01920
,,,-0.00034396001,0.72000,0.01920
,,,-0.00034391999,0.72000,0.02000
,,,-0.00034388000,0.72000,0.02000
,,,-0.00034383999,0.72000,0.02000
,,,-0.00034380000,0.72000,0.02000
,,,-0.00034376001,0.72000,0.02080
,,,-0.00034371999,0.72000,0.02080
,,,-0.00034368000,0.72000,0.02080
,,,-0.00034363999,0.72000,0.02160
,,,-0.00034360000,0.70000,0.02160
,,,-0.00034356001,0.72000,0.02160
,,,-0.00034351999,0.70000,0.02160
,,,-0.00034348000,0.70000,0.02160
,,,-0.00034343998,0.70000,0.02240
,,,-0.00034340000,0.70000,0.02240
,,,-0.00034336001,0.68000,0.02160
,,,-0.00034331999,0.70000,0.02240
,,,-0.00034328000,0.70000,0.02240
,,,-0.00034324001,0.68000,0.02240
,,,-0.00034319999,0.70000,0.02240
,,,-0.00034316001,0.70000,0.02320
,,,-0.00034311999,0.68000,0.02320
,,,-0.00034308000,0.68000,0.02320
,,,-0.00034304001,0.68000,0.02320
,,,-0.00034299999,0.68000,0.02400
,,,-0.00034296000,0.68000,0.02480
,,,-0.00034291999,0.68000,0.02400
,,,-0.00034288000,0.68000,0.02480
,,,-0.00034284001,0.66000,0.02400
,,,-0.00034279999,0.66000,0.02480
,,,-0.00034276000,0.66000,0.02480
,,,-0.00034271998,0.66000,0.02480
,,,-0.00034268000,0.66000,0.02480
,,,-0.00034264001,0.66000,0.02560
,,,-0.00034259999,0.66000,0.02480
,,,-0.00034256000,0.64000,0.02480
,,,-0.00034252001,0.66000,0.02560
,,,-0.00034247999,0.64000,0.02640
,,,-0.00034244001,0.64000,0.02640
,,,-0.00034239999,0.64000,0.02640
,,,-0.00034236000,0.64000,0.02640
,,,-0.00034232001,0.64000,0.02720
,,,-0.00034227999,0.64000,0.02640
,,,-0.00034224000,0.64000,0.02640
,,,-0.00034219999,0.64000,0.02720
,,,-0.00034216000,0.64000,0.02720
,,,-0.00034212001,0.62000,0.02720
,,,-0.00034207999,0.62000,0.02720
,,,-0.00034204000,0.62000,0.02720
,,,-0.00034199998,0.62000,0.02800
,,,-0.00034196000,0.62000,0.02800
,,,-0.00034192001,0.62000,0.02800
,,,-0.00034187999,0.62000,0.02880
,,,-0.00034184000,0.62000,0.02880
,,,-0.00034180001,0.60000,0.02800
,,,-0.00034175999,0.60000,0.02800
,,,-0.00034172001,0.60000,0.02880
,,,-0.00034167999,0.60000,0.02960
,,,-0.00034164000,0.60000,0.02960
,,,-0.00034160001,0.60000,0.02960
,,,-0.00034155999,0.58000,0.02960
,,,-0.00034152000,0.60000,0.02960
,,,-0.00034147999,0.58000,0.02960
,,,-0.00034144000,0.58000,0.02960
,,,-0.00034140001,0.58000,0.03040
,,,-0.00034135999,0.58000,0.03120
,,,-0.00034132000,0.58000,0.03040
,,,-0.00034127999,0.58000,0.03040
,,,-0.00034124000,0.56000,0.03040
,,,-0.00034120001,0.58000,0.03120
,,,-0.00034115999,0.56000,0.03120
,,,-0.00034112000,0.56000,0.03120
,,,-0.00034107998,0.58000,0.03120
,,,-0.00034103999,0.56000,0.03200
,,,-0.00034100001,0.56000,0.03120
,,,-0.00034095999,0.56000,0.03120
,,,-0.00034092000,0.56000,0.03200
,,,-0.00034088001,0.56000,0.03200
,,,-0.00034083999,0.56000,0.03200
,,,-0.00034080000,0.54000,0.03280
,,,-0.00034075999,0.54000,0.03280
,,,-0.00034072000,0.54000,0.03280
,,,-0.00034068001,0.54000,0.03280
,,,-0.00034063999,0.54000,0.03280
,,,-0.00034060000,0.54000,0.03360
,,,-0.00034055999,0.52000,0.03360
,,,-0.00034052000,0.52000,0.03360
,,,-0.00034048001,0.52000,0.03360
,,,-0.00034043999,0.52000,0.03360
,,,-0.00034040000,0.52000,0.03360
,,,-0.00034035998,0.52000,0.03280
,,,-0.00034032000,0.50000,0.03360
,,,-0.00034028001,0.50000,0.03440
,,,-0.00034023999,0.52000,0.03440
,,,-0.00034020000,0.50000,0.03440
,,,-0.00034016001,0.50000,0.03440
,,,-0.00034011999,0.50000,0.03440
,,,-0.00034008001,0.50000,0.03440
,,,-0.00034003999,0.50000,0.03440
,,,-0.00034000000,0.50000,0.03520
,,,-0.00033996001,0.48000,0.03600
,,,-0.00033991999,0.48000,0.03600
,,,-0.00033988000,0.48000,0.03520
,,,-0.00033983999,0.48000,0.03520
,,,-0.00033980000,0.46000,0.03600
,,,-0.00033976001,0.46000,0.03600
,,,-0.00033971999,0.46000,0.03600
,,,-0.00033968000,0.46000,0.03600
,,,-0.00033963998,0.46000,0.03600
,,,-0.00033960000,0.46000,0.03680
,,,-0.00033956001,0.46000,0.03600
,,,-0.00033951999,0.44000,0.03600
,,,-0.00033948000,0.46000,0.03680
,,,-0.00033944001,0.44000,0.03680
,,,-0.00033939999,0.44000,0.03680
,,,-0.00033936001,0.44000,0.03680
,,,-0.00033931999,0.44000,0.03680
,,,-0.00033928000,0.44000,0.03760
,,,-0.00033924001,0.44000,0.03680
,,,-0.00033919999,0.42000,0.03760
,,,-0.00033916000,0.44000,0.03760
,,,-0.00033911999,0.42000,0.03760
,,,-0.00033908000,0.42000,0.03760
,,,-0.00033904001,0.42000,0.03840
,,,-0.00033899999,0.42000,0.03840
,,,-0.00033896000,0.42000,0.03840
,,,-0.00033891998,0.42000,0.03840
,,,-0.00033888000,0.40000,0.03840
,,,-0.00033884001,0.40000,0.03920
,,,-0.00033879999,0.40000,0.03920
,,,-0.00033876000,0.40000,0.03840
,,,-0.00033872001,0.40000,0.03840
,,,-0.00033867999,0.40000,0.03920
,,,-0.00033864001,0.38000,0.03920
,,,-0.00033859999,0.38000,0.03920
,,,-0.00033856000,0.38000,0.03920
,,,-0.00033852001,0.38000,0.03920
,,,-0.00033847999,0.38000,0.03920
,,,-0.00033844000,0.38000,0.03920
,,,-0.00033839999,0.36000,0.04000
,,,-0.00033836000,0.36000,0.04080
,,,-0.00033832001,0.36000,0.04000
,,,-0.00033827999,0.36000,0.04000
,,,-0.00033824000,0.36000,0.04000
,,,-0.00033819998,0.36000,0.04080
,,,-0.00033816000,0.36000,0.04000
,,,-0.00033812001,0.36000,0.04000
,,,-0.00033807999,0.34000,0.04000
,,,-0.00033804000,0.36000,0.04080
,,,-0.00033799998,0.34000,0.04080
,,,-0.00033795999,0.34000,0.04000
,,,-0.00033792001,0.32000,0.04080
,,,-0.00033787999,0.32000,0.04160
,,,-0.00033784000,0.34000,0.04080
,,,-0.00033780001,0.32000,0.04080
,,,-0.00033775999,0.32000,0.04160
,,,-0.00033772000,0.32000,0.04160
,,,-0.00033767999,0.32000,0.04160
,,,-0.00033764000,0.32000,0.04160
,,,-0.00033760001,0.30000,0.04240
,,,-0.00033755999,0.32000,0.04240
,,,-0.00033752000,0.30000,0.04160
,,,-0.00033747999,0.30000,0.04160
,,,-0.00033744000,0.30000,0.04240
,,,-0.00033740001,0.28000,0.04240
,,,-0.00033735999,0.28000,0.04240
,,,-0.00033732000,0.28000,0.04240
,,,-0.00033727998,0.28000,0.04240
,,,-0.00033724000,0.28000,0.04320
,,,-0.00033720001,0.28000,0.04320
,,,-0.00033715999,0.26000,0.04240
,,,-0.00033712000,0.28000,0.04320
,,,-0.00033708001,0.26000,0.04320
,,,-0.00033703999,0.26000,0.04320
,,,-0.00033700000,0.26000,0.04320
,,,-0.00033695999,0.24000,0.04320
,,,-0.00033692000,0.26000,0.04320
,,,-0.00033688001,0.24000,0.04320
,,,-0.00033683999,0.24000,0.04320
,,,-0.00033680000,0.24000,0.04400
,,,-0.00033675999,0.24000,0.04400
,,,-0.00033672000,0.24000,0.04320
,,,-0.00033668001,0.24000,0.04400
,,,-0.00033663999,0.22000,0.04400
,,,-0.00033660000,0.22000,0.04320
,,,-0.00033655998,0.22000,0.04400
,,,-0.00033652000,0.22000,0.04400
,,,-0.00033648001,0.22000,0.04400
,,,-0.00033643999,0.22000,0.04400
,,,-0.00033640000,0.20000,0.04400
,,,-0.00033636001,0.20000,0.04400
,,,-0.00033631999,0.20000,0.04400
,,,-0.00033628001,0.20000,0.04400
,,,-0.00033623999,0.20000,0.04400
,,,-0.00033620000,0.20000,0.04400
,,,-0.00033616001,0.18000,0.04480
,,,-0.00033611999,0.18000,0.04480
,,,-0.00033608000,0.18000,0.04480
,,,-0.00033603999,0.16000,0.04400
,,,-0.00033600000,0.18000,0.04480
,,,-0.00033596001,0.16000,0.04480
,,,-0.00033591999,0.16000,0.04480
,,,-0.00033588000,0.16000,0.04480
,,,-0.00033583998,0.14000,0.04560
,,,-0.00033580000,0.16000,0.04560
,,,-0.00033576001,0.14000,0.04480
,,,-0.00033571999,0.14000,0.04480
,,,-0.00033568000,0.14000,0.04560
,,,-0.00033564001,0.14000,0.04560
,,,-0.00033559999,0.12000,0.04480
,,,-0.00033556001,0.14000,0.04560
,,,-0.00033551999,0.12000,0.04560
,,,-0.00033548000,0.12000,0.04480
,,,-0.00033544001,0.12000,0.04560
,,,-0.00033539999,0.12000,0.04560
,,,-0.00033536000,0.10000,0.04640
,,,-0.00033531999,0.12000,0.04640
,,,-0.00033528000,0.10000,0.04560
,,,-0.00033524001,0.10000,0.04480
,,,-0.00033519999,0.10000,0.04640
,,,-0.00033516000,0.10000,0.04560
,,,-0.00033511998,0.08000,0.04560
,,,-0.00033508000,0.08000,0.04640
,,,-0.00033504001,0.08000,0.04560
,,,-0.00033499999,0.08000,0.04640
,,,-0.00033496000,0.08000,0.04560
,,,-0.00033492001,0.06000,0.04560
,,,-0.00033487999,0.06000,0.04640
,,,-0.00033484001,0.06000,0.04640
,,,-0.00033479999,0.06000,0.04640
,,,-0.00033476000,0.06000,0.04640
,,,-0.00033472001,0.04000,0.04640
,,,-0.00033467999,0.04000,0.04640
,,,-0.00033464000,0.04000,0.04640
,,,-0.00033459999,0.04000,0.04640
,,,-0.00033456000,0.04000,0.04640
,,,-0.00033452001,0.04000,0.04720
,,,-0.00033447999,0.02000,0.04640
,,,-0.00033444000,0.04000,0.04720
,,,-0.00033439999,0.02000,0.04640
,,,-0.00033436000,0.02000,0.04640
,,,-0.00033432001,0.02000,0.04640
,,,-0.00033427999,0.02000,0.04640
,,,-0.00033424000,0.00,0.04720
,,,-0.00033419998,0.00,0.04720
,,,-0.00033415999,0.00,0.04640
,,,-0.00033412001,0.00,0.04640
,,,-0.00033407999,0.00,0.04720
,,,-0.00033404000,-0.02000,0.04640
,,,-0.00033400001,-0.02000,0.04640
,,,-0.00033395999,-0.02000,0.04720
,,,-0.00033392000,-0.02000,0.04720
,,,-0.00033387999,-0.02000,0.04720
,,,-0.00033384000,-0.02000,0.04640
,,,-0.00033380001,-0.04000,0.04640
,,,-0.00033375999,-0.02000,0.04800
,,,-0.00033372000,-0.04000,0.04720
,,,-0.00033367999,-0.04000,0.04720
,,,-0.00033364000,-0.04000,0.04800
,,,-0.00033360001,-0.06000,0.04720
,,,-0.00033355999,-0.06000,0.04720
,,,-0.00033352000,-0.06000,0.04720
,,,-0.00033347998,-0.06000,0.04720
,,,-0.00033344000,-0.06000,0.04720
,,,-0.00033340001,-0.06000,0.04720
,,,-0.00033335999,-0.08000,0.04640
,,,-0.00033332000,-0.08000,0.04720
,,,-0.00033328001,-0.08000,0.04720
,,,-0.00033323999,-0.08000,0.04640
,,,-0.00033320001,-0.08000,0.04720
,,,-0.00033315999,-0.10000,0.04720
,,,-0.00033312000,-0.10000,0.04720
,,,-0.00033308001,-0.10000,0.04720
,,,-0.00033303999,-0.10000,0.04720
,,,-0.00033300000,-0.12000,0.04720
,,,-0.00033295999,-0.12000,0.04800
,,,-0.00033292000,-0.12000,0.04720
,,,-0.00033288001,-0.12000,0.04720
,,,-0.00033283999,-0.12000,0.04800
,,,-0.00033280000,-0.14000,0.04720
,,,-0.00033275998,-0.14000,0.04720
,,,-0.00033272000,-0.14000,0.04720
,,,-0.00033268001,-0.14000,0.04720
,,,-0.00033263999,-0.14000,0.04800
,,,-0.00033260000,-0.14000,0.04720
,,,-0.00033256001,-0.16000,0.04720
,,,-0.00033251999,-0.16000,0.04720
,,,-0.00033248001,-0.16000,0.04720
,,,-0.00033243999,-0.16000,0.04640
,,,-0.00033240000,-0.16000,0.04800
,,,-0.00033236001,-0.18000,0.04720
,,,-0.00033231999,-0.18000,0.04720
,,,-0.00033228000,-0.18000,0.04720
,,,-0.00033223999,-0.18000,0.04640
,,,-0.00033220000,-0.18000,0.04640
,,,-0.00033216001,-0.18000,0.04720
,,,-0.00033211999,-0.20000,0.04720
,,,-0.00033208000,-0.20000,0.04720
,,,-0.00033203998,-0.20000,0.04720
,,,-0.00033200000,-0.20000,0.04640
,,,-0.00033196001,-0.20000,0.04720
,,,-0.00033191999,-0.22000,0.04640
,,,-0.00033188000,-0.22000,0.04640
,,,-0.00033184001,-0.22000,0.04800
,,,-0.00033179999,-0.22000,0.04720
,,,-0.00033176001,-0.22000,0.04640
,,,-0.00033171999,-0.22000,0.04720
,,,-0.00033168000,-0.24000,0.04640
,,,-0.00033164001,-0.24000,0.04640
,,,-0.00033159999,-0.24000,0.04640
,,,-0.00033156000,-0.24000,0.04640
,,,-0.00033151999,-0.24000,0.04720
,,,-0.00033148000,-0.26000,0.04640
,,,-0.00033144001,-0.26000,0.04640
,,,-0.00033139999,-0.26000,0.04720
,,,-0.00033136000,-0.26000,0.04640
,,,-0.00033131998,-0.26000,0.04640
,,,-0.00033128000,-0.26000,0.04720
,,,-0.00033124001,-0.28000,0.04640
,,,-0.00033119999,-0.28000,0.04640
,,,-0.00033116000,-0.28000,0.04640
,,,-0.00033111998,-0.30000,0.04560
,,,-0.00033107999,-0.30000,0.04640
,,,-0.00033104001,-0.30000,0.04720
,,,-0.00033099999,-0.30000,0.04640
,,,-0.00033096000,-0.30000,0.04640
,,,-0.00033092001,-0.30000,0.04640
,,,-0.00033087999,-0.32000,0.04640
,,,-0.00033084000,-0.32000,0.04560
,,,-0.00033079999,-0.32000,0.04640
,,,-0.00033076000,-0.32000,0.04640
,,,-0.00033072001,-0.32000,0.04720
,,,-0.00033067999,-0.34000,0.04640
,,,-0.00033064000,-0.34000,0.04560
,,,-0.00033059999,-0.34000,0.04640
,,,-0.00033056000,-0.34000,0.04560
,,,-0.00033052001,-0.34000,0.04560
,,,-0.00033047999,-0.36000,0.04640
,,,-0.00033044000,-0.36000,0.04560
,,,-0.00033039998,-0.36000,0.04560
,,,-0.00033036000,-0.36000,0.04560
,,,-0.00033032001,-0.36000,0.04560
,,,-0.00033027999,-0.36000,0.04640
,,,-0.00033024000,-0.38000,0.04640
,,,-0.00033020001,-0.38000,0.04560
,,,-0.00033015999,-0.38000,0.04560
,,,-0.00033012000,-0.40000,0.04560
,,,-0.00033007999,-0.40000,0.04560
,,,-0.00033004000,-0.40000,0.04560
,,,-0.00033000001,-0.40000,0.04480
,,,-0.00032995999,-0.40000,0.04560
,,,-0.00032992000,-0.40000,0.04560
,,,-0.00032987999,-0.42000,0.04480
,,,-0.00032984000,-0.42000,0.04480
,,,-0.00032980001,-0.42000,0.04560
,,,-0.00032975999,-0.42000,0.04480
,,,-0.00032972000,-0.42000,0.04480
,,,-0.00032967998,-0.42000,0.04560
,,,-0.00032964000,-0.42000,0.04480
,,,-0.00032960001,-0.42000,0.04560
,,,-0.00032955999,-0.44000,0.04480
,,,-0.00032952000,-0.44000,0.04480
,,,-0.00032948001,-0.44000,0.04480
,,,-0.00032943999,-0.46000,0.04400
,,,-0.00032940001,-0.46000,0.04400
,,,-0.00032935999,-0.46000,0.04480
,,,-0.00032932000,-0.46000,0.04480
,,,-0.00032928001,-0.46000,0.04480
,,,-0.00032923999,-0.46000,0.04400
,,,-0.00032920000,-0.46000,0.04400
,,,-0.00032915999,-0.48000,0.04480
,,,-0.00032912000,-0.48000,0.04480
,,,-0.00032908001,-0.48000,0.04400
,,,-0.00032903999,-0.48000,0.04480
,,,-0.00032900000,-0.48000,0.04400
,,,-0.00032895998,-0.50000,0.04400
,,,-0.00032892000,-0.50000,0.04400
,,,-0.00032888001,-0.50000,0.04400
,,,-0.00032883999,-0.50000,0.04400
,,,-0.00032880000,-0.50000,0.04400
,,,-0.00032876001,-0.52000,0.04320
,,,-0.00032871999,-0.52000,0.04320
,,,-0.00032868001,-0.52000,0.04400
,,,-0.00032863999,-0.52000,0.04320
,,,-0.00032860000,-0.52000,0.04320
,,,-0.00032856001,-0.54000,0.04320
,,,-0.00032851999,-0.54000,0.04320
,,,-0.00032848000,-0.54000,0.04320
,,,-0.00032843999,-0.54000,0.04320
,,,-0.00032840000,-0.54000,0.04240
,,,-0.00032836001,-0.54000,0.04320
,,,-0.00032831999,-0.56000,0.04240
,,,-0.00032828000,-0.56000,0.04240
,,,-0.00032823998,-0.56000,0.04320
,,,-0.00032820000,-0.56000,0.04240
,,,-0.00032816001,-0.56000,0.04240
,,,-0.00032811999,-0.58000,0.04240
,,,-0.00032808000,-0.58000,0.04160
,,,-0.00032804001,-0.58000,0.04240
,,,-0.00032799999,-0.58000,0.04240
,,,-0.00032796001,-0.60000,0.04160
,,,-0.00032791999,-0.60000,0.04240
,,,-0.00032788000,-0.60000,0.04240
,,,-0.00032784001,-0.60000,0.04160
,,,-0.00032779999,-0.60000,0.04160
,,,-0.00032776000,-0.62000,0.04160
,,,-0.00032771999,-0.62000,0.04160
,,,-0.00032768000,-0.62000,0.04160
,,,-0.00032764001,-0.62000,0.04080
,,,-0.00032759999,-0.62000,0.04080
,,,-0.00032756000,-0.62000,0.04160
,,,-0.00032751999,-0.62000,0.04080
,,,-0.00032748000,-0.62000,0.04080
,,,-0.00032744001,-0.62000,0.04160
,,,-0.00032739999,-0.64000,0.04000
,,,-0.00032736000,-0.64000,0.04080
,,,-0.00032731998,-0.64000,0.04080
,,,-0.00032727999,-0.66000,0.04000
,,,-0.00032724001,-0.66000,0.04080
,,,-0.00032719999,-0.66000,0.04080
,,,-0.00032716000,-0.66000,0.04000
,,,-0.00032712001,-0.66000,0.04000
,,,-0.00032707999,-0.68000,0.04000
,,,-0.00032704000,-0.68000,0.03920
,,,-0.00032699999,-0.68000,0.04000
,,,-0.00032696000,-0.68000,0.03920
,,,-0.00032692001,-0.68000,0.04000
,,,-0.00032687999,-0.68000,0.04000
,,,-0.00032684000,-0.70000,0.03920
,,,-0.00032679999,-0.68000,0.03920
,,,-0.00032676000,-0.70000,0.04000
,,,-0.00032672001,-0.70000,0.03840
,,,-0.00032667999,-0.70000,0.03920
,,,-0.00032664000,-0.70000,0.03920
,,,-0.00032659998,-0.70000,0.03840
,,,-0.00032656000,-0.72000,0.03920
,,,-0.00032652001,-0.72000,0.03840
,,,-0.00032647999,-0.72000,0.03840
,,,-0.00032644000,-0.72000,0.03840
,,,-0.00032640001,-0.74000,0.03760
,,,-0.00032635999,-0.74000,0.03760
,,,-0.00032632001,-0.74000,0.03840
,,,-0.00032627999,-0.74000,0.03760
,,,-0.00032624000,-0.74000,0.03760
,,,-0.00032620001,-0.74000,0.03760
,,,-0.00032615999,-0.76000,0.03760
,,,-0.00032612000,-0.74000,0.03760
,,,-0.00032607999,-0.76000,0.03760
,,,-0.00032604000,-0.76000,0.03680
,,,-0.00032600001,-0.74000,0.03760
,,,-0.00032595999,-0.76000,0.03760
,,,-0.00032592000,-0.76000,0.03680
,,,-0.00032587998,-0.78000,0.03680
,,,-0.00032584000,-0.78000,0.03680
,,,-0.00032580001,-0.78000,0.03680
,,,-0.00032575999,-0.78000,0.03680
,,,-0.00032572000,-0.78000,0.03600
,,,-0.00032568001,-0.78000,0.03680
,,,-0.00032563999,-0.78000,0.03600
,,,-0.00032560001,-0.80000,0.03520
,,,-0.00032555999,-0.80000,0.03600
,,,-0.00032552000,-0.80000,0.03600
,,,-0.00032548001,-0.80000,0.03600
,,,-0.00032543999,-0.80000,0.03600
,,,-0.00032540000,-0.80000,0.03520
,,,-0.00032535999,-0.82000,0.03520
,,,-0.00032532000,-0.80000,0.03520
,,,-0.00032528001,-0.82000,0.03440
,,,-0.00032523999,-0.82000,0.03440
,,,-0.00032520000,-0.82000,0.03520
,,,-0.00032515998,-0.82000,0.03440
,,,-0.00032512000,-0.82000,0.03440
,,,-0.00032508001,-0.82000,0.03440
,,,-0.00032503999,-0.84000,0.03360
,,,-0.00032500000,-0.84000,0.03440
,,,-0.00032496001,-0.84000,0.03360
,,,-0.00032491999,-0.84000,0.03360
,,,-0.00032488001,-0.84000,0.03440
,,,-0.00032483999,-0.86000,0.03360
,,,-0.00032480000,-0.86000,0.03280
,,,-0.00032476001,-0.86000,0.03360
,,,-0.00032471999,-0.86000,0.03280
,,,-0.00032468000,-0.86000,0.03280
,,,-0.00032463999,-0.86000,0.03200
,,,-0.00032460000,-0.86000,0.03200
,,,-0.00032456001,-0.86000,0.03280
,,,-0.00032451999,-0.86000,0.03200
,,,-0.00032448000,-0.88000,0.03120
,,,-0.00032443998,-0.86000,0.03200
,,,-0.00032440000,-0.88000,0.03200
,,,-0.00032436001,-0.88000,0.03120
,,,-0.00032431999,-0.88000,0.03120
,,,-0.00032428000,-0.88000,0.03120
,,,-0.00032424001,-0.88000,0.03120
,,,-0.00032419999,-0.90000,0.03120
,,,-0.00032416001,-0.90000,0.03040
,,,-0.00032411999,-0.90000,0.03040
,,,-0.00032408000,-0.90000,0.03120
,,,-0.00032404001,-0.90000,0.02960
,,,-0.00032399999,-0.90000,0.02960
,,,-0.00032396000,-0.90000,0.02960
,,,-0.00032391999,-0.90000,0.02960
,,,-0.00032388000,-0.90000,0.02960
,,,-0.00032384001,-0.92000,0.02880
,,,-0.00032379999,-0.92000,0.02960
,,,-0.00032376000,-0.92000,0.02960
,,,-0.00032371999,-0.92000,0.02880
,,,-0.00032368000,-0.92000,0.02800
,,,-0.00032364001,-0.92000,0.02880
,,,-0.00032359999,-0.92000,0.02880
,,,-0.00032356000,-0.92000,0.02800
,,,-0.00032351998,-0.92000,0.02800
,,,-0.00032348000,-0.94000,0.02800
,,,-0.00032344001,-0.92000,0.02800
,,,-0.00032339999,-0.92000,0.02800
,,,-0.00032336000,-0.94000,0.02720
,,,-0.00032332001,-0.94000,0.02800
,,,-0.00032327999,-0.94000,0.02800
,,,-0.00032324000,-0.94000,0.02720
,,,-0.00032319999,-0.94000,0.02720
,,,-0.00032316000,-0.96000,0.02640
,,,-0.00032312001,-0.96000,0.02640
,,,-0.00032307999,-0.94000,0.02640
,,,-0.00032304000,-0.96000,0.02640
,,,-0.00032299999,-0.96000,0.02640
,,,-0.00032296000,-0.96000,0.02640
,,,-0.00032292001,-0.96000,0.02560
,,,-0.00032287999,-0.96000,0.02480
,,,-0.00032284000,-0.96000,0.02560
,,,-0.00032279998,-0.96000,0.02560
,,,-0.00032276000,-0.96000,0.02480
,,,-0.00032272001,-0.98000,0.02560
,,,-0.00032267999,-0.98000,0.02480
,,,-0.00032264000,-0.98000,0.02480
,,,-0.00032260001,-0.98000,0.02400
,,,-0.00032255999,-0.98000,0.02400
,,,-0.00032252001,-0.98000,0.02400
,,,-0.00032247999,-0.98000,0.02400
,,,-0.00032244000,-0.98000,0.02320
,,,-0.00032240001,-0.98000,0.02400
,,,-0.00032235999,-0.98000,0.02400
,,,-0.00032232000,-0.98000,0.02320
,,,-0.00032227999,-0.98000,0.02320
,,,-0.00032224000,-1.00000,0.02240
,,,-0.00032220001,-1.00000,0.02320
,,,-0.00032215999,-1.00000,0.02320
,,,-0.00032212000,-1.00000,0.02240
,,,-0.00032207998,-1.00000,0.02240
,,,-0.00032204000,-1.00000,0.02240
,,,-0.00032200001,-1.02000,0.02240
,,,-0.00032195999,-1.00000,0.02160
,,,-0.00032192000,-1.00000,0.02160
,,,-0.00032188001,-1.00000,0.02160
,,,-0.00032183999,-1.00000,0.02160
,,,-0.00032180001,-1.02000,0.02080
,,,-0.00032175999,-1.00000,0.02080
,,,-0.00032172000,-1.00000,0.02080
,,,-0.00032168001,-1.02000,0.02080
,,,-0.00032163999,-1.00000,0.02000
,,,-0.00032160000,-1.02000,0.02000
,,,-0.00032155999,-1.02000,0.02000
,,,-0.00032152000,-1.02000,0.02000
,,,-0.00032148001,-1.02000,0.01920
,,,-0.00032143999,-1.02000,0.01920
,,,-0.00032140000,-1.02000,0.01920
,,,-0.00032135998,-1.02000,0.01920
,,,-0.00032132000,-1.02000,0.01840
,,,-0.00032128001,-1.02000,0.01840
,,,-0.00032123999,-1.04000,0.01840
,,,-0.00032120000,-1.02000,0.01840
,,,-0.00032116001,-1.02000,0.01840
,,,-0.00032111999,-1.04000,0.01760
,,,-0.00032108001,-1.04000,0.01760
,,,-0.00032103999,-1.02000,0.01760
,,,-0.00032100000,-1.04000,0.01680
,,,-0.00032096001,-1.04000,0.01680
,,,-0.00032091999,-1.04000,0.01760
,,,-0.00032088000,-1.04000,0.01680
,,,-0.00032083999,-1.04000,0.01600
,,,-0.00032080000,-1.04000,0.01600
,,,-0.00032076001,-1.04000,0.01600
,,,-0.00032071999,-1.02000,0.01600
,,,-0.00032068000,-1.04000,0.01520
,,,-0.00032063999,-1.04000,0.01520
,,,-0.00032060000,-1.04000,0.01600
,,,-0.00032056001,-1.04000,0.01520
,,,-0.00032051999,-1.04000,0.01520
,,,-0.00032048000,-1.04000,0.01520
,,,-0.00032043998,-1.04000,0.01520
,,,-0.00032039999,-1.04000,0.01440
,,,-0.00032036001,-1.04000,0.01440
,,,-0.00032031999,-1.06000,0.01440
,,,-0.00032028000,-1.04000,0.01440
,,,-0.00032024001,-1.04000,0.01360
,,,-0.00032019999,-1.04000,0.01280
,,,-0.00032016000,-1.06000,0.01360
,,,-0.00032011999,-1.06000,0.01360
,,,-0.00032008000,-1.06000,0.01280
,,,-0.00032004001,-1.04000,0.01280
,,,-0.00031999999,-1.06000,0.01360
,,,-0.00031996000,-1.06000,0.01360
,,,-0.00031991999,-1.04000,0.01280
,,,-0.00031988000,-1.06000,0.01200
,,,-0.00031984001,-1.06000,0.01200
,,,-0.00031979999,-1.06000,0.01280
,,,-0.00031976000,-1.06000,0.01200
,,,-0.00031971998,-1.04000,0.01120
,,,-0.00031968000,-1.04000,0.01200
,,,-0.00031964001,-1.06000,0.01120
,,,-0.00031959999,-1.04000,0.01040
,,,-0.00031956000,-1.06000,0.01040
,,,-0.00031952001,-1.06000,0.01120
,,,-0.00031947999,-1.04000,0.01120
,,,-0.00031944001,-1.06000,0.01040
,,,-0.00031939999,-1.06000,0.01040
,,,-0.00031936000,-1.04000,0.01040
,,,-0.00031932001,-1.06000,0.00960
,,,-0.00031927999,-1.04000,0.00960
,,,-0.00031924000,-1.04000,0.00960
,,,-0.00031919999,-1.06000,0.00960
,,,-0.00031916000,-1.06000,0.00960
,,,-0.00031912001,-1.04000,0.00960
,,,-0.00031907999,-1.06000,0.00880
,,,-0.00031904000,-1.04000,0.00880
,,,-0.00031899998,-1.06000,0.00880
,,,-0.00031896000,-1.06000,0.00800
,,,-0.00031892001,-1.04000,0.00800
,,,-0.00031887999,-1.06000,0.00880
,,,-0.00031884000,-1.04000,0.00880
,,,-0.00031880001,-1.04000,0.00720
,,,-0.00031875999,-1.06000,0.00640
,,,-0.00031872001,-1.04000,0.00800
,,,-0.00031867999,-1.04000,0.00720
,,,-0.00031864000,-1.04000,0.00640
,,,-0.00031860001,-1.06000,0.00640
,,,-0.00031855999,-1.04000,0.00640
,,,-0.00031852000,-1.04000,0.00640
,,,-0.00031847999,-1.04000,0.00560
,,,-0.00031844000,-1.04000,0.00560
,,,-0.00031840001,-1.04000,0.00640
,,,-0.00031835999,-1.04000,0.00640
,,,-0.00031832000,-1.04000,0.00560
,,,-0.00031827998,-1.04000,0.00480
,,,-0.00031824000,-1.04000,0.00560
,,,-0.00031820001,-1.04000,0.00480
,,,-0.00031815999,-1.04000,0.00480
,,,-0.00031812000,-1.04000,0.00480
,,,-0.00031808001,-1.04000,0.00480
,,,-0.00031803999,-1.04000,0.00400
,,,-0.00031800001,-1.04000,0.00320
,,,-0.00031795999,-1.04000,0.00320
,,,-0.00031792000,-1.04000,0.00400
,,,-0.00031788001,-1.02000,0.00320
,,,-0.00031783999,-1.04000,0.00240
,,,-0.00031780000,-1.02000,0.00240
,,,-0.00031775999,-1.02000,0.00320
,,,-0.00031772000,-1.02000,0.00240
,,,-0.00031768001,-1.02000,0.00160
,,,-0.00031763999,-1.02000,0.00160
,,,-0.00031760000,-1.02000,0.00240
,,,-0.00031755998,-1.02000,0.00240
,,,-0.00031752000,-1.02000,0.00160
,,,-0.00031748001,-1.02000,0.00160
,,,-0.00031743999,-1.02000,0.00160
,,,-0.00031740000,-1.02000,0.00080
,,,-0.00031736001,-1.02000,0.00080
,,,-0.00031731999,-1.02000,0.00080
,,,-0.00031728001,-1.02000,0.00080
,,,-0.00031723999,-1.02000,0.00080
,,,-0.00031720000,-1.02000,0.00
,,,-0.00031716001,-1.02000,-0.00080
,,,-0.00031711999,-1.00000,0.00
,,,-0.00031708000,-1.00000,-0.00080
,,,-0.00031703999,-1.02000,-0.00080
,,,-0.00031700000,-1.00000,0.00
,,,-0.00031696001,-1.02000,-0.00080
,,,-0.00031691999,-1.00000,-0.00080
,,,-0.00031688000,-1.00000,-0.00160
,,,-0.00031683999,-1.00000,-0.00160
,,,-0.00031680000,-1.00000,-0.00160
,,,-0.00031676001,-1.00000,-0.00160
,,,-0.00031671999,-1.00000,-0.00240
,,,-0.00031668000,-0.98000,-0.00240
,,,-0.00031663998,-0.98000,-0.00240
,,,-0.00031660000,-0.98000,-0.00240
,,,-0.00031656001,-0.98000,-0.00320
,,,-0.00031651999,-0.98000,-0.00240
,,,-0.00031648000,-0.98000,-0.00240
,,,-0.00031644001,-0.98000,-0.00320
,,,-0.00031639999,-0.98000,-0.00400
,,,-0.00031636000,-0.98000,-0.00320
,,,-0.00031631999,-0.98000,-0.00400
,,,-0.00031628000,-0.98000,-0.00480
,,,-0.00031624001,-0.98000,-0.00400
,,,-0.00031619999,-0.98000,-0.00400
,,,-0.00031616000,-0.98000,-0.00400
,,,-0.00031611999,-0.96000,-0.00480
,,,-0.00031608000,-0.96000,-0.00560
,,,-0.00031604001,-0.96000,-0.00560
,,,-0.00031599999,-0.96000,-0.00480
,,,-0.00031596000,-0.96000,-0.00560
,,,-0.00031591998,-0.96000,-0.00560
,,,-0.00031588000,-0.94000,-0.00560
,,,-0.00031584001,-0.96000,-0.00560
,,,-0.00031579999,-0.94000,-0.00640
,,,-0.00031576000,-0.94000,-0.00640
,,,-0.00031572001,-0.96000,-0.00640
,,,-0.00031567999,-0.94000,-0.00640
,,,-0.00031564001,-0.94000,-0.00720
,,,-0.00031559999,-0.94000,-0.00800
,,,-0.00031556000,-0.94000,-0.00720
,,,-0.00031552001,-0.94000,-0.00720
,,,-0.00031547999,-0.94000,-0.00800
,,,-0.00031544000,-0.92000,-0.00800
,,,-0.00031539999,-0.92000,-0.00720
,,,-0.00031536000,-0.92000,-0.00800
,,,-0.00031532001,-0.92000,-0.00880
,,,-0.00031527999,-0.92000,-0.00880
,,,-0.00031524000,-0.92000,-0.00880
,,,-0.00031519998,-0.92000,-0.00880
,,,-0.00031516000,-0.92000,-0.00960
,,,-0.00031512001,-0.90000,-0.00880
,,,-0.00031507999,-0.92000,-0.00960
,,,-0.00031504000,-0.92000,-0.00960
,,,-0.00031500001,-0.90000,-0.01040
,,,-0.00031495999,-0.90000,-0.01040
,,,-0.00031492001,-0.90000,-0.01040
,,,-0.00031487999,-0.90000,-0.01040
,,,-0.00031484000,-0.88000,-0.01120
,,,-0.00031480001,-0.90000,-0.01120
,,,-0.00031475999,-0.88000,-0.01040
,,,-0.00031472000,-0.90000,-0.01120
,,,-0.00031467999,-0.88000,-0.01200
,,,-0.00031464000,-0.88000,-0.01200
,,,-0.00031460001,-0.88000,-0.01200
,,,-0.00031455999,-0.88000,-0.01120
,,,-0.00031452000,-0.88000,-0.01280
,,,-0.00031447998,-0.88000,-0.01280
,,,-0.00031444000,-0.88000,-0.01280
,,,-0.00031440001,-0.86000,-0.01280
,,,-0.00031435999,-0.88000,-0.01360
,,,-0.00031432000,-0.86000,-0.01280
,,,-0.00031428001,-0.86000,-0.01280
,,,-0.00031423999,-0.86000,-0.01360
,,,-0.00031420001,-0.86000,-0.01360
,,,-0.00031415999,-0.86000,-0.01440
,,,-0.00031412000,-0.84000,-0.01440
,,,-0.00031408001,-0.84000,-0.01440
,,,-0.00031403999,-0.86000,-0.01440
,,,-0.00031400000,-0.84000,-0.01440
,,,-0.00031395999,-0.84000,-0.01440
,,,-0.00031392000,-0.84000,-0.01520
,,,-0.00031388001,-0.84000,-0.01600
,,,-0.00031383999,-0.84000,-0.01600
,,,-0.00031380000,-0.82000,-0.01520
,,,-0.00031375999,-0.82000,-0.01520
,,,-0.00031372000,-0.82000,-0.01600
,,,-0.00031368001,-0.82000,-0.01600
,,,-0.00031363999,-0.82000,-0.01600
,,,-0.00031360000,-0.82000,-0.01680
,,,-0.00031355998,-0.80000,-0.01680
,,,-0.00031351999,-0.80000,-0.01680
,,,-0.00031348001,-0.80000,-0.01680
,,,-0.00031343999,-0.80000,-0.01760
,,,-0.00031340000,-0.80000,-0.01760
,,,-0.00031336001,-0.80000,-0.01760
,,,-0.00031331999,-0.78000,-0.01760
,,,-0.00031328000,-0.78000,-0.01840
,,,-0.00031323999,-0.80000,-0.01840
,,,-0.00031320000,-0.78000,-0.01840
,,,-0.00031316001,-0.78000,-0.01840
,,,-0.00031311999,-0.78000,-0.01840
,,,-0.00031308000,-0.76000,-0.01840
,,,-0.00031303999,-0.76000,-0.01920
,,,-0.00031300000,-0.76000,-0.01920
,,,-0.00031296001,-0.76000,-0.01840
,,,-0.00031291999,-0.76000,-0.01920
,,,-0.00031288000,-0.76000,-0.01920
,,,-0.00031283998,-0.74000,-0.01920
,,,-0.00031280000,-0.74000,-0.02000
,,,-0.00031276001,-0.74000,-0.02000
,,,-0.00031271999,-0.74000,-0.02000
,,,-0.00031268000,-0.74000,-0.02000
,,,-0.00031264001,-0.74000,-0.02080
,,,-0.00031259999,-0.74000,-0.02080
,,,-0.00031256001,-0.74000,-0.02080
,,,-0.00031251999,-0.72000,-0.02160
,,,-0.00031248000,-0.72000,-0.02160
,,,-0.00031244001,-0.72000,-0.02080
,,,-0.00031239999,-0.72000,-0.02080
,,,-0.00031236000,-0.72000,-0.02160
,,,-0.00031231999,-0.72000,-0.02160
,,,-0.00031228000,-0.72000,-0.02240
,,,-0.00031224001,-0.70000,-0.02240
,,,-0.00031219999,-0.70000,-0.02240
,,,-0.00031216000,-0.70000,-0.02240
,,,-0.00031211998,-0.70000,-0.02320
,,,-0.00031208000,-0.68000,-0.02240
,,,-0.00031204001,-0.70000,-0.02320
,,,-0.00031199999,-0.68000,-0.02320
,,,-0.00031196000,-0.68000,-0.02320
,,,-0.00031192001,-0.68000,-0.02320
,,,-0.00031187999,-0.66000,-0.02320
,,,-0.00031184001,-0.66000,-0.02400
,,,-0.00031179999,-0.66000,-0.02400
,,,-0.00031176000,-0.66000,-0.02400
,,,-0.00031172001,-0.66000,-0.02400
,,,-0.00031167999,-0.64000,-0.02480
,,,-0.00031164000,-0.64000,-0.02480
,,,-0.00031159999,-0.64000,-0.02480
,,,-0.00031156000,-0.64000,-0.02480
,,,-0.00031152001,-0.64000,-0.02480
,,,-0.00031147999,-0.64000,-0.02560
,,,-0.00031144000,-0.62000,-0.02560
,,,-0.00031139998,-0.62000,-0.02560
,,,-0.00031136000,-0.62000,-0.02560
,,,-0.00031132001,-0.62000,-0.02560
,,,-0.00031127999,-0.62000,-0.02560
,,,-0.00031124000,-0.62000,-0.02640
,,,-0.00031120001,-0.62000,-0.02640
,,,-0.00031115999,-0.60000,-0.02640
,,,-0.00031112001,-0.60000,-0.02640
,,,-0.00031107999,-0.60000,-0.02640
,,,-0.00031104000,-0.58000,-0.02720
,,,-0.00031100001,-0.60000,-0.02720
,,,-0.00031095999,-0.58000,-0.02720
,,,-0.00031092000,-0.58000,-0.02800
,,,-0.00031087999,-0.58000,-0.02800
,,,-0.00031084000,-0.56000,-0.02800
,,,-0.00031080001,-0.56000,-0.02800
,,,-0.00031075999,-0.56000,-0.02800
,,,-0.00031072000,-0.56000,-0.02800
,,,-0.00031067998,-0.56000,-0.02800
,,,-0.00031064000,-0.56000,-0.02880
,,,-0.00031060001,-0.56000,-0.02880
,,,-0.00031055999,-0.54000,-0.02880
,,,-0.00031052000,-0.54000,-0.02880
,,,-0.00031048001,-0.54000,-0.02880
,,,-0.00031043999,-0.54000,-0.02880
,,,-0.00031040001,-0.54000,-0.02960
,,,-0.00031035999,-0.54000,-0.02960
,,,-0.00031032000,-0.54000,-0.02960
,,,-0.00031028001,-0.52000,-0.02960
,,,-0.00031023999,-0.52000,-0.02960
,,,-0.00031020000,-0.52000,-0.02960
,,,-0.00031015999,-0.50000,-0.02960
,,,-0.00031012000,-0.50000,-0.03040
,,,-0.00031008001,-0.50000,-0.03040
,,,-0.00031003999,-0.50000,-0.03040
,,,-0.00031000000,-0.50000,-0.03040
,,,-0.00030995999,-0.48000,-0.03040
,,,-0.00030992000,-0.48000,-0.03040
,,,-0.00030988001,-0.48000,-0.03120
,,,-0.00030983999,-0.46000,-0.03120
,,,-0.00030980000,-0.48000,-0.03120
,,,-0.00030975998,-0.46000,-0.03200
,,,-0.00030972000,-0.46000,-0.03120
,,,-0.00030968001,-0.46000,-0.03120
,,,-0.00030963999,-0.44000,-0.03120
,,,-0.00030960000,-0.44000,-0.03200
,,,-0.00030956001,-0.44000,-0.03200
,,,-0.00030951999,-0.44000,-0.03200
,,,-0.00030948000,-0.44000,-0.03200
,,,-0.00030943999,-0.44000,-0.03200
,,,-0.00030940000,-0.42000,-0.03200
,,,-0.00030936001,-0.42000,-0.03200
,,,-0.00030931999,-0.42000,-0.03280
,,,-0.00030928000,-0.42000,-0.03280
,,,-0.00030923999,-0.42000,-0.03360
,,,-0.00030920000,-0.42000,-0.03360
,,,-0.00030916001,-0.40000,-0.03280
,,,-0.00030911999,-0.40000,-0.03280
,,,-0.00030908000,-0.40000,-0.03360
,,,-0.00030903998,-0.38000,-0.03360
,,,-0.00030900000,-0.38000,-0.03360
,,,-0.00030896001,-0.38000,-0.03360
,,,-0.00030891999,-0.38000,-0.03440
,,,-0.00030888000,-0.38000,-0.03440
,,,-0.00030884001,-0.38000,-0.03440
,,,-0.00030879999,-0.36000,-0.03440
,,,-0.00030876001,-0.38000,-0.03440
,,,-0.00030871999,-0.36000,-0.03440
,,,-0.00030868000,-0.36000,-0.03520
,,,-0.00030864001,-0.36000,-0.03520
,,,-0.00030859999,-0.34000,-0.03520
,,,-0.00030856000,-0.36000,-0.03520
,,,-0.00030851999,-0.34000,-0.03520
,,,-0.00030848000,-0.34000,-0.03520
,,,-0.00030844001,-0.34000,-0.03520
,,,-0.00030839999,-0.32000,-0.03600
,,,-0.00030836000,-0.32000,-0.03520
,,,-0.00030831998,-0.32000,-0.03600
,,,-0.00030828000,-0.32000,-0.03520
,,,-0.00030824001,-0.30000,-0.03600
,,,-0.00030819999,-0.32000,-0.03600
,,,-0.00030816000,-0.30000,-0.03600
,,,-0.00030812001,-0.30000,-0.03600
,,,-0.00030807999,-0.30000,-0.03680
,,,-0.00030804001,-0.28000,-0.03600
,,,-0.00030799999,-0.30000,-0.03680
,,,-0.00030796000,-0.28000,-0.03680
,,,-0.00030792001,-0.28000,-0.03680
,,,-0.00030787999,-0.28000,-0.03680
,,,-0.00030784000,-0.26000,-0.03680
,,,-0.00030779999,-0.26000,-0.03760
,,,-0.00030776000,-0.26000,-0.03760
,,,-0.00030772001,-0.26000,-0.03760
,,,-0.00030767999,-0.24000,-0.03760
,,,-0.00030764000,-0.24000,-0.03760
,,,-0.00030759998,-0.24000,-0.03760
,,,-0.00030756000,-0.24000,-0.03840
,,,-0.00030752001,-0.24000,-0.03760
,,,-0.00030747999,-0.24000,-0.03760
,,,-0.00030744000,-0.22000,-0.03840
,,,-0.00030740001,-0.22000,-0.03840
,,,-0.00030735999,-0.22000,-0.03840
,,,-0.00030732001,-0.22000,-0.03840
,,,-0.00030727999,-0.20000,-0.03840
,,,-0.00030724000,-0.22000,-0.03840
,,,-0.00030720001,-0.22000,-0.03840
,,,-0.00030715999,-0.20000,-0.03920
,,,-0.00030712000,-0.20000,-0.03840
,,,-0.00030707999,-0.20000,-0.03920
,,,-0.00030704000,-0.18000,-0.03920
,,,-0.00030700001,-0.18000,-0.03920
,,,-0.00030695999,-0.18000,-0.03920
,,,-0.00030692000,-0.16000,-0.03920
,,,-0.00030687999,-0.18000,-0.03920
,,,-0.00030684000,-0.16000,-0.03920
,,,-0.00030680001,-0.16000,-0.03920
,,,-0.00030675999,-0.16000,-0.03920
,,,-0.00030672000,-0.14000,-0.04000
,,,-0.00030667998,-0.14000,-0.03920
,,,-0.00030663999,-0.16000,-0.03920
,,,-0.00030660001,-0.14000,-0.03920
,,,-0.00030655999,-0.14000,-0.03920
,,,-0.00030652000,-0.14000,-0.04000
,,,-0.00030648001,-0.12000,-0.04000
,,,-0.00030643999,-0.12000,-0.04000
,,,-0.00030640000,-0.12000,-0.04000
,,,-0.00030635999,-0.12000,-0.04000
,,,-0.00030632000,-0.12000,-0.04080
,,,-0.00030628001,-0.12000,-0.04000
,,,-0.00030623999,-0.10000,-0.04000
,,,-0.00030620000,-0.10000,-0.04080
,,,-0.00030615999,-0.10000,-0.04080
,,,-0.00030612000,-0.08000,-0.04080
,,,-0.00030608001,-0.08000,-0.04080
,,,-0.00030603999,-0.10000,-0.04080
,,,-0.00030600000,-0.08000,-0.04080
,,,-0.00030595998,-0.08000,-0.04080
,,,-0.00030592000,-0.06000,-0.04080
,,,-0.00030588001,-0.06000,-0.04080
,,,-0.00030583999,-0.08000,-0.04160
,,,-0.00030580000,-0.06000,-0.04160
,,,-0.00030576001,-0.06000,-0.04160
,,,-0.00030571999,-0.06000,-0.04160
,,,-0.00030568001,-0.04000,-0.04160
,,,-0.00030563999,-0.04000,-0.04160
,,,-0.00030560000,-0.04000,-0.04160
,,,-0.00030556001,-0.02000,-0.04160
,,,-0.00030551999,-0.04000,-0.04160
,,,-0.00030548000,-0.04000,-0.04160
,,,-0.00030543999,-0.02000,-0.04160
,,,-0.00030540000,-0.02000,-0.04240
,,,-0.00030536001,-0.02000,-0.04240
,,,-0.00030531999,0.00,-0.04160
,,,-0.00030528000,0.00,-0.04240
,,,-0.00030523998,0.00,-0.04240
,,,-0.00030520000,0.00,-0.04240
,,,-0.00030516001,0.00,-0.04240
,,,-0.00030511999,0.02000,-0.04240
,,,-0.00030508000,0.02000,-0.04240
,,,-0.00030504001,0.02000,-0.04240
,,,-0.00030499999,0.04000,-0.04240
,,,-0.00030496001,0.02000,-0.04240
,,,-0.00030491999,0.04000,-0.04320
,,,-0.00030488000,0.04000,-0.04320
,,,-0.00030484001,0.04000,-0.04320
,,,-0.00030479999,0.04000,-0.04320
,,,-0.00030476000,0.06000,-0.04320
,,,-0.00030471999,0.06000,-0.04320
,,,-0.00030468000,0.04000,-0.04320
,,,-0.00030464001,0.06000,-0.04400
,,,-0.00030459999,0.06000,-0.04400
,,,-0.00030456000,0.06000,-0.04320
,,,-0.00030451998,0.08000,-0.04320
,,,-0.00030448000,0.08000,-0.04320
,,,-0.00030444001,0.08000,-0.04320
,,,-0.00030439999,0.08000,-0.04400
,,,-0.00030436000,0.08000,-0.04320
,,,-0.00030432001,0.08000,-0.04400
,,,-0.00030427999,0.08000,-0.04400
,,,-0.00030424001,0.10000,-0.04320
,,,-0.00030419999,0.10000,-0.04320
,,,-0.00030416000,0.10000,-0.04400
,,,-0.00030412001,0.10000,-0.04400
,,,-0.00030407999,0.12000,-0.04400
,,,-0.00030404000,0.12000,-0.04400
,,,-0.00030399999,0.12000,-0.04400
,,,-0.00030396000,0.12000,-0.04400
,,,-0.00030392001,0.12000,-0.04400
,,,-0.00030387999,0.14000,-0.04400
,,,-0.00030384000,0.14000,-0.04400
,,,-0.00030379998,0.14000,-0.04480
,,,-0.00030376000,0.14000,-0.04400
,,,-0.00030372001,0.16000,-0.04400
,,,-0.00030367999,0.16000,-0.04400
,,,-0.00030364000,0.16000,-0.04400
,,,-0.00030360001,0.18000,-0.04400
,,,-0.00030355999,0.16000,-0.04400
,,,-0.00030352001,0.16000,-0.04480
,,,-0.00030347999,0.16000,-0.04480
,,,-0.00030344000,0.18000,-0.04480
,,,-0.00030340001,0.18000,-0.04400
,,,-0.00030335999,0.18000,-0.04400
,,,-0.00030332000,0.20000,-0.04400
,,,-0.00030327999,0.20000,-0.04400
,,,-0.00030324000,0.20000,-0.04480
,,,-0.00030320001,0.20000,-0.04480
,,,-0.00030315999,0.20000,-0.04480
,,,-0.00030312000,0.22000,-0.04480
,,,-0.00030307999,0.22000,-0.04400
,,,-0.00030304000,0.22000,-0.04480
,,,-0.00030300001,0.22000,-0.04480
,,,-0.00030295999,0.24000,-0.04480
,,,-0.00030292000,0.22000,-0.04480
,,,-0.00030287998,0.24000,-0.04480
,,,-0.00030284000,0.24000,-0.04480
,,,-0.00030280001,0.24000,-0.04480
,,,-0.00030275999,0.26000,-0.04480
,,,-0.00030272000,0.24000,-0.04480
,,,-0.00030268001,0.26000,-0.04480
,,,-0.00030263999,0.26000,-0.04480
,,,-0.00030260000,0.26000,-0.04480
,,,-0.00030255999,0.26000,-0.04400
,,,-0.00030252000,0.26000,-0.04400
,,,-0.00030248001,0.26000,-0.04400
,,,-0.00030243999,0.28000,-0.04480
,,,-0.00030240000,0.28000,-0.04480
,,,-0.00030235999,0.28000,-0.04480
,,,-0.00030232000,0.28000,-0.04480
,,,-0.00030228001,0.30000,-0.04400
,,,-0.00030223999,0.30000,-0.04480
,,,-0.00030220000,0.30000,-0.04400
,,,-0.00030215998,0.30000,-0.04480
,,,-0.00030212000,0.30000,-0.04480
,,,-0.00030208001,0.32000,-0.04480
,,,-0.00030203999,0.32000,-0.04480
,,,-0.00030200000,0.32000,-0.04400
,,,-0.00030196001,0.32000,-0.04400
,,,-0.00030191999,0.32000,-0.04480
,,,-0.00030188001,0.34000,-0.04480
,,,-0.00030183999,0.34000,-0.04480
,,,-0.00030180000,0.34000,-0.04480
,,,-0.00030176001,0.34000,-0.04480
,,,-0.00030171999,0.36000,-0.04400
,,,-0.00030168000,0.36000,-0.04400
,,,-0.00030163999,0.36000,-0.04480
,,,-0.00030160000,0.36000,-0.04480
,,,-0.00030156001,0.36000,-0.04480
,,,-0.00030151999,0.36000,-0.04480
,,,-0.00030148000,0.36000,-0.04400
,,,-0.00030143998,0.38000,-0.04480
,,,-0.00030140000,0.38000,-0.04400
,,,-0.00030136001,0.38000,-0.04400
,,,-0.00030131999,0.38000,-0.04480
,,,-0.00030128000,0.38000,-0.04480
,,,-0.00030124001,0.38000,-0.04480
,,,-0.00030119999,0.40000,-0.04400
,,,-0.00030116001,0.38000,-0.04400
,,,-0.00030111999,0.38000,-0.04480
,,,-0.00030108000,0.40000,-0.04400
,,,-0.00030104001,0.40000,-0.04400
,,,-0.00030099999,0.40000,-0.04480
,,,-0.00030096000,0.42000,-0.04400
,,,-0.00030091999,0.42000,-0.04400
,,,-0.00030088000,0.42000,-0.04400
,,,-0.00030084001,0.42000,-0.04400
,,,-0.00030079999,0.42000,-0.04400
,,,-0.00030076000,0.44000,-0.04400
,,,-0.00030071998,0.44000,-0.04400
,,,-0.00030068000,0.44000,-0.04400
,,,-0.00030064001,0.44000,-0.04400
,,,-0.00030059999,0.44000,-0.04400
,,,-0.00030056000,0.44000,-0.04400
,,,-0.00030052001,0.44000,-0.04400
,,,-0.00030047999,0.46000,-0.04400
,,,-0.00030044001,0.46000,-0.04400
,,,-0.00030039999,0.46000,-0.04320
,,,-0.00030036000,0.46000,-0.04400
,,,-0.00030032001,0.46000,-0.04320
,,,-0.00030027999,0.46000,-0.04320
,,,-0.00030024000,0.46000,-0.04400
,,,-0.00030019999,0.48000,-0.04400
,,,-0.00030016000,0.48000,-0.04320
,,,-0.00030012001,0.48000,-0.04400
,,,-0.00030007999,0.48000,-0.04320
,,,-0.00030004000,0.50000,-0.04320
,,,-0.00029999999,0.48000,-0.04320
,,,-0.00029996000,0.50000,-0.04320
,,,-0.00029992001,0.50000,-0.04320
,,,-0.00029987999,0.50000,-0.04320
,,,-0.00029984000,0.52000,-0.04320
,,,-0.00029980001,0.52000,-0.04320
,,,-0.00029975999,0.50000,-0.04240
,,,-0.00029972001,0.52000,-0.04320
,,,-0.00029967999,0.52000,-0.04240
,,,-0.00029964000,0.52000,-0.04240
,,,-0.00029960001,0.52000,-0.04240
,,,-0.00029955999,0.52000,-0.04240
,,,-0.00029952000,0.52000,-0.04240
,,,-0.00029947999,0.52000,-0.04240
,,,-0.00029944000,0.54000,-0.04240
,,,-0.00029940001,0.54000,-0.04240
,,,-0.00029935999,0.54000,-0.04240
,,,-0.00029932000,0.56000,-0.04240
,,,-0.00029927999,0.56000,-0.04240
,,,-0.00029924000,0.56000,-0.04240
,,,-0.00029920001,0.56000,-0.04240
,,,-0.00029915999,0.56000,-0.04240
,,,-0.00029912000,0.56000,-0.04160
,,,-0.00029907998,0.56000,-0.04160
,,,-0.00029904000,0.58000,-0.04160
,,,-0.00029900001,0.58000,-0.04160
,,,-0.00029895999,0.58000,-0.04160
,,,-0.00029892000,0.58000,-0.04160
,,,-0.00029888001,0.58000,-0.04160
,,,-0.00029883999,0.60000,-0.04160
,,,-0.00029880001,0.60000,-0.04080
,,,-0.00029875999,0.58000,-0.04160
,,,-0.00029872000,0.60000,-0.04160
,,,-0.00029868001,0.60000,-0.04080
,,,-0.00029863999,0.60000,-0.04160
,,,-0.00029860000,0.60000,-0.04160
,,,-0.00029855999,0.60000,-0.04080
,,,-0.00029852000,0.60000,-0.04080
,,,-0.00029848001,0.62000,-0.04080
,,,-0.00029843999,0.62000,-0.04080
,,,-0.00029840000,0.62000,-0.04080
,,,-0.00029835998,0.62000,-0.04080
,,,-0.00029832000,0.62000,-0.04080
,,,-0.00029828001,0.62000,-0.04000
,,,-0.00029823999,0.62000,-0.04000
,,,-0.00029820000,0.64000,-0.04000
,,,-0.00029816001,0.64000,-0.04000
,,,-0.00029811999,0.64000,-0.04000
,,,-0.00029808001,0.64000,-0.04080
,,,-0.00029803999,0.64000,-0.04000
,,,-0.00029800000,0.64000,-0.04000
,,,-0.00029796001,0.64000,-0.04000
,,,-0.00029791999,0.66000,-0.03920
,,,-0.00029788000,0.64000,-0.04000
,,,-0.00029783999,0.66000,-0.04000
,,,-0.00029780000,0.66000,-0.04000
,,,-0.00029776001,0.66000,-0.04000
,,,-0.00029771999,0.66000,-0.03920
,,,-0.00029768000,0.66000,-0.03920
,,,-0.00029763998,0.66000,-0.03840
,,,-0.00029760000,0.66000,-0.03920
,,,-0.00029756001,0.68000,-0.03920
,,,-0.00029751999,0.68000,-0.03920
,,,-0.00029748000,0.68000,-0.03920
,,,-0.00029744001,0.68000,-0.03840
,,,-0.00029739999,0.68000,-0.03840
,,,-0.00029736001,0.68000,-0.03840
,,,-0.00029731999,0.70000,-0.03840
,,,-0.00029728000,0.68000,-0.03840
,,,-0.00029724001,0.70000,-0.03840
,,,-0.00029719999,0.70000,-0.03840
,,,-0.00029716000,0.70000,-0.03840
,,,-0.00029711999,0.70000,-0.03760
,,,-0.00029708000,0.70000,-0.03760
,,,-0.00029704001,0.70000,-0.03760
,,,-0.00029699999,0.70000,-0.03760
,,,-0.00029696000,0.72000,-0.03840
,,,-0.00029691998,0.72000,-0.03760
,,,-0.00029688000,0.72000,-0.03760
,,,-0.00029684001,0.72000,-0.03680
,,,-0.00029679999,0.72000,-0.03680
,,,-0.00029676000,0.72000,-0.03680
,,,-0.00029672001,0.72000,-0.03680
,,,-0.00029667999,0.72000,-0.03680
,,,-0.00029664001,0.72000,-0.03680
,,,-0.00029659999,0.72000,-0.03680
,,,-0.00029656000,0.74000,-0.03680
,,,-0.00029652001,0.74000,-0.03600
,,,-0.00029647999,0.74000,-0.03680
,,,-0.00029644000,0.74000,-0.03680
,,,-0.00029639999,0.74000,-0.03680
,,,-0.00029636000,0.74000,-0.03600
,,,-0.00029632001,0.74000,-0.03600
,,,-0.00029627999,0.74000,-0.03600
,,,-0.00029624000,0.76000,-0.03520
,,,-0.00029619999,0.74000,-0.03600
,,,-0.00029616000,0.76000,-0.03600
,,,-0.00029612001,0.76000,-0.03600
,,,-0.00029607999,0.76000,-0.03520
,,,-0.00029604000,0.76000,-0.03520
,,,-0.00029599998,0.76000,-0.03520
,,,-0.00029596000,0.76000,-0.03520
,,,-0.00029592001,0.78000,-0.03520
,,,-0.00029587999,0.78000,-0.03440
,,,-0.00029584000,0.78000,-0.03440
,,,-0.00029580001,0.78000,-0.03440
,,,-0.00029575999,0.78000,-0.03440
,,,-0.00029572000,0.78000,-0.03440
,,,-0.00029567999,0.78000,-0.03440
,,,-0.00029564000,0.78000,-0.03440
,,,-0.00029560001,0.78000,-0.03360
,,,-0.00029555999,0.78000,-0.03360
,,,-0.00029552000,0.78000,-0.03360
,,,-0.00029547999,0.78000,-0.03360
,,,-0.00029544000,0.80000,-0.03360
,,,-0.00029540001,0.78000,-0.03360
,,,-0.00029535999,0.78000,-0.03360
,,,-0.00029532000,0.80000,-0.03360
,,,-0.00029527998,0.80000,-0.03360
,,,-0.00029524000,0.80000,-0.03280
,,,-0.00029520001,0.80000,-0.03280
,,,-0.00029515999,0.80000,-0.03280
,,,-0.00029512000,0.80000,-0.03280
,,,-0.00029508001,0.80000,-0.03200
,,,-0.00029503999,0.82000,-0.03200
,,,-0.00029500001,0.80000,-0.03200
,,,-0.00029495999,0.80000,-0.03200
,,,-0.00029492000,0.82000,-0.03200
,,,-0.00029488001,0.80000,-0.03200
,,,-0.00029483999,0.82000,-0.03200
,,,-0.00029480000,0.82000,-0.03200
,,,-0.00029475999,0.82000,-0.03120
,,,-0.00029472000,0.82000,-0.03120
,,,-0.00029468001,0.82000,-0.03040
,,,-0.00029463999,0.82000,-0.03120
,,,-0.00029460000,0.82000,-0.03040
,,,-0.00029455998,0.82000,-0.03040
,,,-0.00029452000,0.82000,-0.03040
,,,-0.00029448001,0.84000,-0.02960
,,,-0.00029443999,0.84000,-0.02960
,,,-0.00029440000,0.84000,-0.02960
,,,-0.00029436001,0.84000,-0.02960
,,,-0.00029431999,0.84000,-0.02960
,,,-0.00029428001,0.84000,-0.02960
,,,-0.00029423999,0.84000,-0.02960
,,,-0.00029420000,0.84000,-0.02960
,,,-0.00029416001,0.84000,-0.02880
,,,-0.00029411999,0.84000,-0.02960
,,,-0.00029408000,0.84000,-0.02880
,,,-0.00029403999,0.84000,-0.02880
,,,-0.00029400000,0.86000,-0.02880
,,,-0.00029396001,0.86000,-0.02880
,,,-0.00029391999,0.84000,-0.02800
,,,-0.00029388000,0.84000,-0.02800
,,,-0.00029383998,0.86000,-0.02800
,,,-0.00029380000,0.86000,-0.02800
,,,-0.00029376001,0.86000,-0.02800
,,,-0.00029371999,0.86000,-0.02800
,,,-0.00029368000,0.86000,-0.02720
,,,-0.00029364001,0.86000,-0.02720
,,,-0.00029359999,0.86000,-0.02720
,,,-0.00029356001,0.86000,-0.02720
,,,-0.00029351999,0.86000,-0.02720
,,,-0.00029348000,0.86000,-0.02720
,,,-0.00029344001,0.86000,-0.02640
,,,-0.00029339999,0.88000,-0.02640
,,,-0.00029336000,0.88000,-0.02640
,,,-0.00029331999,0.88000,-0.02640
,,,-0.00029328000,0.86000,-0.02640
,,,-0.00029324001,0.88000,-0.02640
,,,-0.00029319999,0.88000,-0.02560
,,,-0.00029316000,0.86000,-0.02560
,,,-0.00029311999,0.88000,-0.02560
,,,-0.00029308000,0.88000,-0.02480
,,,-0.00029304001,0.88000,-0.02480
,,,-0.00029299999,0.88000,-0.02560
,,,-0.00029296000,0.88000,-0.02480
,,,-0.00029292001,0.88000,-0.02480
,,,-0.00029287999,0.88000,-0.02480
,,,-0.00029284001,0.88000,-0.02400
,,,-0.00029279999,0.88000,-0.02400
,,,-0.00029276000,0.88000,-0.02400
,,,-0.00029272001,0.88000,-0.02400
,,,-0.00029267999,0.88000,-0.02400
,,,-0.00029264000,0.88000,-0.02400
,,,-0.00029259999,0.88000,-0.02400
,,,-0.00029256000,0.88000,-0.02320
,,,-0.00029252001,0.90000,-0.02320
,,,-0.00029247999,0.88000,-0.02320
,,,-0.00029244000,0.90000,-0.02320
,,,-0.00029239999,0.90000,-0.02320
,,,-0.00029236000,0.88000,-0.02320
,,,-0.00029232001,0.90000,-0.02240
,,,-0.00029227999,0.90000,-0.02240
,,,-0.00029224000,0.90000,-0.02240
,,,-0.00029219998,0.90000,-0.02160
,,,-0.00029216000,0.90000,-0.02160
,,,-0.00029212001,0.90000,-0.02160
,,,-0.00029207999,0.90000,-0.02160
,,,-0.00029204000,0.90000,-0.02160
,,,-0.00029200001,0.90000,-0.02080
,,,-0.00029195999,0.90000,-0.02080
,,,-0.00029192001,0.90000,-0.02080
,,,-0.00029187999,0.90000,-0.02080
,,,-0.00029184000,0.90000,-0.02080
,,,-0.00029180001,0.90000,-0.02000
,,,-0.00029175999,0.90000,-0.02000
,,,-0.00029172000,0.90000,-0.02000
,,,-0.00029167999,0.90000,-0.01920
,,,-0.00029164000,0.90000,-0.01920
,,,-0.00029160001,0.90000,-0.01920
,,,-0.00029155999,0.90000,-0.01920
,,,-0.00029152000,0.90000,-0.01920
,,,-0.00029147998,0.90000,-0.01840
,,,-0.00029144000,0.92000,-0.01840
,,,-0.00029140001,0.90000,-0.01840
,,,-0.00029135999,0.90000,-0.01840
,,,-0.00029132000,0.92000,-0.01840
,,,-0.00029128001,0.90000,-0.01840
,,,-0.00029123999,0.92000,-0.01840
,,,-0.00029120001,0.90000,-0.01760
,,,-0.00029115999,0.92000,-0.01680
,,,-0.00029112000,0.90000,-0.01760
,,,-0.00029108001,0.92000,-0.01680
,,,-0.00029103999,0.92000,-0.01680
,,,-0.00029100000,0.92000,-0.01680
,,,-0.00029095999,0.92000,-0.01680
,,,-0.00029092000,0.92000,-0.01600
,,,-0.00029088001,0.90000,-0.01600
,,,-0.00029083999,0.92000,-0.01600
,,,-0.00029080000,0.90000,-0.01600
,,,-0.00029075998,0.92000,-0.01600
,,,-0.00029072000,0.90000,-0.01600
,,,-0.00029068001,0.92000,-0.01520
,,,-0.00029063999,0.90000,-0.01520
,,,-0.00029060000,0.92000,-0.01440
,,,-0.00029056001,0.90000,-0.01440
,,,-0.00029051999,0.92000,-0.01440
,,,-0.00029048001,0.90000,-0.01440
,,,-0.00029043999,0.92000,-0.01440
,,,-0.00029040000,0.90000,-0.01360
,,,-0.00029036001,0.90000,-0.01360
,,,-0.00029031999,0.92000,-0.01360
,,,-0.00029028000,0.90000,-0.01360
,,,-0.00029023999,0.92000,-0.01360
,,,-0.00029020000,0.92000,-0.01360
,,,-0.00029016001,0.92000,-0.01360
,,,-0.00029011999,0.92000,-0.01280
,,,-0.00029008000,0.92000,-0.01280
,,,-0.00029003998,0.92000,-0.01200
,,,-0.00029000000,0.90000,-0.01200
,,,-0.00028996001,0.92000,-0.01200
,,,-0.00028991999,0.92000,-0.01200
,,,-0.00028988000,0.92000,-0.01200
,,,-0.00028984001,0.92000,-0.01200
,,,-0.00028979999,0.90000,-0.01120
,,,-0.00028976001,0.92000,-0.01120
,,,-0.00028971999,0.92000,-0.01120
,,,-0.00028968000,0.90000,-0.01120
,,,-0.00028964001,0.90000,-0.01040
,,,-0.00028959999,0.92000,-0.01040
,,,-0.00028956000,0.90000,-0.01040
,,,-0.00028951999,0.92000,-0.01040
,,,-0.00028948000,0.92000,-0.01040
,,,-0.00028944001,0.90000,-0.00960
,,,-0.00028939999,0.92000,-0.00960
,,,-0.00028936000,0.92000,-0.00960
,,,-0.00028931999,0.90000,-0.00960
,,,-0.00028928000,0.92000,-0.00880
,,,-0.00028924001,0.90000,-0.00880
,,,-0.00028919999,0.92000,-0.00880
,,,-0.00028916000,0.92000,-0.00880
,,,-0.00028911998,0.92000,-0.00800
,,,-0.00028908000,0.92000,-0.00800
,,,-0.00028904001,0.92000,-0.00800
,,,-0.00028899999,0.92000,-0.00720
,,,-0.00028896000,0.90000,-0.00720
,,,-0.00028892001,0.90000,-0.00720
,,,-0.00028887999,0.92000,-0.00720
,,,-0.00028884000,0.90000,-0.00640
,,,-0.00028879999,0.90000,-0.00640
,,,-0.00028876000,0.92000,-0.00640
,,,-0.00028872001,0.90000,-0.00640
,,,-0.00028867999,0.90000,-0.00640
,,,-0.00028864000,0.90000,-0.00640
,,,-0.00028859999,0.90000,-0.00560
,,,-0.00028856000,0.90000,-0.00560
,,,-0.00028852001,0.90000,-0.00480
,,,-0.00028847999,0.90000,-0.00480
,,,-0.00028844000,0.90000,-0.00480
,,,-0.00028839998,0.90000,-0.00480
,,,-0.00028836000,0.90000,-0.00480
,,,-0.00028832001,0.90000,-0.00480
,,,-0.00028827999,0.90000,-0.00480
,,,-0.00028824000,0.90000,-0.00400
,,,-0.00028820001,0.90000,-0.00400
,,,-0.00028815999,0.90000,-0.00320
,,,-0.00028812001,0.90000,-0.00400
,,,-0.00028807999,0.90000,-0.00400
,,,-0.00028804000,0.90000,-0.00320
,,,-0.00028800001,0.90000,-0.00320
,,,-0.00028795999,0.88000,-0.00320
,,,-0.00028792000,0.90000,-0.00240
,,,-0.00028787999,0.90000,-0.00240
,,,-0.00028784000,0.90000,-0.00240
,,,-0.00028780001,0.90000,-0.00240
,,,-0.00028775999,0.88000,-0.00240
,,,-0.00028772000,0.90000,-0.00160
,,,-0.00028767998,0.90000,-0.00080
,,,-0.00028764000,0.88000,-0.00080
,,,-0.00028760001,0.90000,-0.00080
,,,-0.00028755999,0.88000,-0.00080
,,,-0.00028752000,0.88000,-0.00080
,,,-0.00028748001,0.88000,-0.00080
,,,-0.00028743999,0.90000,-0.00080
,,,-0.00028740001,0.88000,0.00
,,,-0.00028735999,0.90000,0.00
,,,-0.00028732000,0.88000,0.00
,,,-0.00028728001,0.88000,0.00
,,,-0.00028723999,0.88000,0.00080
,,,-0.00028720000,0.88000,0.00080
,,,-0.00028715999,0.88000,0.00080
,,,-0.00028712000,0.88000,0.00080
,,,-0.00028708001,0.88000,0.00160
,,,-0.00028703999,0.88000,0.00160
,,,-0.00028700000,0.88000,0.00160
,,,-0.00028695998,0.88000,0.00160
,,,-0.00028692000,0.88000,0.00240
,,,-0.00028688001,0.86000,0.00240
,,,-0.00028683999,0.88000,0.00240
,,,-0.00028680000,0.88000,0.00240
,,,-0.00028676001,0.86000,0.00240
,,,-0.00028671999,0.86000,0.00320
,,,-0.00028668001,0.88000,0.00320
,,,-0.00028663999,0.86000,0.00320
,,,-0.00028660000,0.86000,0.00400
,,,-0.00028656001,0.88000,0.00400
,,,-0.00028651999,0.86000,0.00400
,,,-0.00028648000,0.86000,0.00400
,,,-0.00028643999,0.86000,0.00400
,,,-0.00028640000,0.86000,0.00400
,,,-0.00028636001,0.86000,0.00480
,,,-0.00028631999,0.86000,0.00480
,,,-0.00028628000,0.86000,0.00480
,,,-0.00028623999,0.86000,0.00560
,,,-0.00028620000,0.86000,0.00560
,,,-0.00028616001,0.86000,0.00560
,,,-0.00028611999,0.86000,0.00640
,,,-0.00028608000,0.86000,0.00640
,,,-0.00028604001,0.86000,0.00640
,,,-0.00028599999,0.86000,0.00720
,,,-0.00028596001,0.84000,0.00640
,,,-0.00028591999,0.84000,0.00640
,,,-0.00028588000,0.84000,0.00640
,,,-0.00028584001,0.84000,0.00720
,,,-0.00028579999,0.84000,0.00800
,,,-0.00028576000,0.84000,0.00720
,,,-0.00028571999,0.84000,0.00800
,,,-0.00028568000,0.84000,0.00800
,,,-0.00028564001,0.84000,0.00800
,,,-0.00028559999,0.84000,0.00800
,,,-0.00028556000,0.84000,0.00880
,,,-0.00028551999,0.84000,0.00880
,,,-0.00028548000,0.84000,0.00880
,,,-0.00028544001,0.82000,0.00880
,,,-0.00028539999,0.82000,0.00880
,,,-0.00028536000,0.84000,0.00880
,,,-0.00028531998,0.82000,0.00960
,,,-0.00028528000,0.82000,0.00880
,,,-0.00028524001,0.82000,0.00960
,,,-0.00028519999,0.82000,0.01040
,,,-0.00028516000,0.82000,0.01040
,,,-0.00028512001,0.82000,0.01040
,,,-0.00028507999,0.82000,0.01040
,,,-0.00028504001,0.82000,0.01120
,,,-0.00028499999,0.82000,0.01120
,,,-0.00028496000,0.82000,0.01040
,,,-0.00028492001,0.80000,0.01120
,,,-0.00028487999,0.80000,0.01200
,,,-0.00028484000,0.80000,0.01200
,,,-0.00028479999,0.80000,0.01200
,,,-0.00028476000,0.80000,0.01200
,,,-0.00028472001,0.80000,0.01200
,,,-0.00028467999,0.80000,0.01280
,,,-0.00028464000,0.80000,0.01200
,,,-0.00028459998,0.80000,0.01280
,,,-0.00028456000,0.80000,0.01360
,,,-0.00028452001,0.80000,0.01360
,,,-0.00028447999,0.80000,0.01360
,,,-0.00028444000,0.78000,0.01360
,,,-0.00028440001,0.78000,0.01360
,,,-0.00028435999,0.78000,0.01360
,,,-0.00028432001,0.78000,0.01440
,,,-0.00028427999,0.78000,0.01360
,,,-0.00028424000,0.78000,0.01440
,,,-0.00028420001,0.78000,0.01440
,,,-0.00028415999,0.78000,0.01440
,,,-0.00028412000,0.78000,0.01440
,,,-0.00028407999,0.76000,0.01520
,,,-0.00028404000,0.76000,0.01440
,,,-0.00028400001,0.76000,0.01520
,,,-0.00028395999,0.76000,0.01600
,,,-0.00028392000,0.76000,0.01600
,,,-0.00028387998,0.76000,0.01600
,,,-0.00028384000,0.76000,0.01600
,,,-0.00028380001,0.76000,0.01600
,,,-0.00028375999,0.74000,0.01680
,,,-0.00028372000,0.76000,0.01600
,,,-0.00028368001,0.74000,0.01680
,,,-0.00028363999,0.74000,0.01680
,,,-0.00028360001,0.74000,0.01680
,,,-0.00028355999,0.74000,0.01760
,,,-0.00028352000,0.74000,0.01680
,,,-0.00028348001,0.74000,0.01680
,,,-0.00028343999,0.74000,0.01840
,,,-0.00028340000,0.74000,0.01840
,,,-0.00028335999,0.74000,0.01760
,,,-0.00028332000,0.74000,0.01840
,,,-0.00028328001,0.74000,0.01920
,,,-0.00028323999,0.72000,0.01840
,,,-0.00028320000,0.72000,0.01840
,,,-0.00028315998,0.72000,0.01920
,,,-0.00028312000,0.72000,0.02000
,,,-0.00028308001,0.72000,0.02000
,,,-0.00028303999,0.72000,0.01920
,,,-0.00028300000,0.72000,0.02000
,,,-0.00028296001,0.72000,0.02000
,,,-0.00028291999,0.72000,0.02000
,,,-0.00028288001,0.70000,0.02000
,,,-0.00028283999,0.70000,0.02000
,,,-0.00028280000,0.70000,0.02080
,,,-0.00028276001,0.70000,0.02160
,,,-0.00028271999,0.70000,0.02080
,,,-0.00028268000,0.70000,0.02160
,,,-0.00028263999,0.70000,0.02160
,,,-0.00028260000,0.70000,0.02080
,,,-0.00028256001,0.70000,0.02160
,,,-0.00028251999,0.70000,0.02240
,,,-0.00028248000,0.70000,0.02160
,,,-0.00028243999,0.70000,0.02240
,,,-0.00028240000,0.68000,0.02240
,,,-0.00028236001,0.68000,0.02240
,,,-0.00028231999,0.68000,0.02320
,,,-0.00028228000,0.68000,0.02320
,,,-0.00028223998,0.68000,0.02240
,,,-0.00028220000,0.68000,0.02320
,,,-0.00028216001,0.68000,0.02400
,,,-0.00028211999,0.68000,0.02400
,,,-0.00028208000,0.66000,0.02400
,,,-0.00028204001,0.66000,0.02400
,,,-0.00028199999,0.66000,0.02480
,,,-0.00028196000,0.66000,0.02400
,,,-0.00028191999,0.66000,0.02400
,,,-0.00028188000,0.66000,0.02480
,,,-0.00028184001,0.66000,0.02480
,,,-0.00028179999,0.66000,0.02560
,,,-0.00028176000,0.66000,0.02560
,,,-0.00028171999,0.64000,0.02560
,,,-0.00028168000,0.64000,0.02560
,,,-0.00028164001,0.64000,0.02560
,,,-0.00028159999,0.64000,0.02560
,,,-0.00028156000,0.64000,0.02640
,,,-0.00028151998,0.64000,0.02640
,,,-0.00028148000,0.64000,0.02640
,,,-0.00028144001,0.64000,0.02640
,,,-0.00028139999,0.62000,0.02720
,,,-0.00028136000,0.62000,0.02640
,,,-0.00028132001,0.62000,0.02640
,,,-0.00028127999,0.62000,0.02720
,,,-0.00028124001,0.62000,0.02640
,,,-0.00028119999,0.62000,0.02720
,,,-0.00028116000,0.62000,0.02720
,,,-0.00028112001,0.62000,0.02720
,,,-0.00028107999,0.62000,0.02800
,,,-0.00028104000,0.60000,0.02800
,,,-0.00028099999,0.60000,0.02800
,,,-0.00028096000,0.60000,0.02800
,,,-0.00028092001,0.60000,0.02880
,,,-0.00028087999,0.60000,0.02880
,,,-0.00028084000,0.60000,0.02880
,,,-0.00028079998,0.58000,0.02880
,,,-0.00028076000,0.58000,0.02960
,,,-0.00028072001,0.58000,0.02960
,,,-0.00028067999,0.58000,0.02880
,,,-0.00028064000,0.58000,0.02960
,,,-0.00028060001,0.58000,0.02960
,,,-0.00028055999,0.58000,0.02960
,,,-0.00028052001,0.58000,0.03040
,,,-0.00028047999,0.56000,0.02960
,,,-0.00028044000,0.56000,0.03040
,,,-0.00028040001,0.56000,0.03120
,,,-0.00028035999,0.56000,0.03040
,,,-0.00028032000,0.56000,0.03040
,,,-0.00028027999,0.56000,0.03120
,,,-0.00028024000,0.56000,0.03120
,,,-0.00028020001,0.56000,0.03120
,,,-0.00028015999,0.56000,0.03120
,,,-0.00028012000,0.56000,0.03120
,,,-0.00028007998,0.54000,0.03200
,,,-0.00028004000,0.54000,0.03200
,,,-0.00028000001,0.54000,0.03200
,,,-0.00027995999,0.54000,0.03200
,,,-0.00027992000,0.54000,0.03280
,,,-0.00027988001,0.54000,0.03200
,,,-0.00027983999,0.52000,0.03280
,,,-0.00027980001,0.52000,0.03280
,,,-0.00027975999,0.52000,0.03280
,,,-0.00027972000,0.52000,0.03280
,,,-0.00027968001,0.52000,0.03280
,,,-0.00027963999,0.52000,0.03360
,,,-0.00027960000,0.52000,0.03360
,,,-0.00027955999,0.52000,0.03360
,,,-0.00027952000,0.52000,0.03360
,,,-0.00027948001,0.52000,0.03360
,,,-0.00027943999,0.50000,0.03360
,,,-0.00027940000,0.50000,0.03440
,,,-0.00027935999,0.50000,0.03440
,,,-0.00027932000,0.50000,0.03440
,,,-0.00027928001,0.50000,0.03440
,,,-0.00027923999,0.50000,0.03440
,,,-0.00027920000,0.50000,0.03440
,,,-0.00027916001,0.50000,0.03520
,,,-0.00027911999,0.48000,0.03520
,,,-0.00027908001,0.48000,0.03520
,,,-0.00027903999,0.48000,0.03600
,,,-0.00027900000,0.46000,0.03600
,,,-0.00027896001,0.46000,0.03520
,,,-0.00027891999,0.46000,0.03520
,,,-0.00027888000,0.46000,0.03520
,,,-0.00027883999,0.46000,0.03600
,,,-0.00027880000,0.46000,0.03600
,,,-0.00027876001,0.46000,0.03600
,,,-0.00027871999,0.46000,0.03680
,,,-0.00027868000,0.44000,0.03680
,,,-0.00027863999,0.44000,0.03680
,,,-0.00027860000,0.44000,0.03680
,,,-0.00027856001,0.44000,0.03680
,,,-0.00027851999,0.44000,0.03680
,,,-0.00027848000,0.44000,0.03760
,,,-0.00027843998,0.44000,0.03680
,,,-0.00027840000,0.44000,0.03760
,,,-0.00027836001,0.42000,0.03760
,,,-0.00027831999,0.42000,0.03680
,,,-0.00027828000,0.42000,0.03760
,,,-0.00027824001,0.42000,0.03760
,,,-0.00027819999,0.42000,0.03760
,,,-0.00027816001,0.42000,0.03840
,,,-0.00027811999,0.40000,0.03760
,,,-0.00027808000,0.40000,0.03840
,,,-0.00027804001,0.40000,0.03840
,,,-0.00027799999,0.40000,0.03840
,,,-0.00027796000,0.40000,0.03840
,,,-0.00027791999,0.38000,0.03920
,,,-0.00027788000,0.40000,0.03840
,,,-0.00027784001,0.38000,0.03920
,,,-0.00027779999,0.38000,0.03920
,,,-0.00027776000,0.38000,0.03920
,,,-0.00027771998,0.38000,0.04000
,,,-0.00027768000,0.38000,0.03920
,,,-0.00027764001,0.38000,0.03920
,,,-0.00027759999,0.38000,0.04000
,,,-0.00027756000,0.36000,0.04000
,,,-0.00027752001,0.36000,0.04000
,,,-0.00027747999,0.36000,0.04000
,,,-0.00027744001,0.36000,0.04000
,,,-0.00027739999,0.36000,0.04000
,,,-0.00027736000,0.36000,0.04000
,,,-0.00027732001,0.34000,0.04000
,,,-0.00027727999,0.34000,0.04000
,,,-0.00027724000,0.36000,0.04080
,,,-0.00027719999,0.34000,0.04000
,,,-0.00027716000,0.34000,0.04080
,,,-0.00027712001,0.34000,0.04080
,,,-0.00027707999,0.34000,0.04080
,,,-0.00027704000,0.34000,0.04080
,,,-0.00027699998,0.32000,0.04080
,,,-0.00027696000,0.32000,0.04160
,,,-0.00027692001,0.32000,0.04160
,,,-0.00027687999,0.32000,0.04160
,,,-0.00027684000,0.32000,0.04160
,,,-0.00027680001,0.30000,0.04160
,,,-0.00027675999,0.30000,0.04080
,,,-0.00027672001,0.30000,0.04160
,,,-0.00027667999,0.30000,0.04160
,,,-0.00027664000,0.30000,0.04160
,,,-0.00027660001,0.30000,0.04160
,,,-0.00027655999,0.28000,0.04160
,,,-0.00027652000,0.28000,0.04160
,,,-0.00027647999,0.28000,0.04240
,,,-0.00027644000,0.28000,0.04240
,,,-0.00027640001,0.28000,0.04240
,,,-0.00027635999,0.28000,0.04320
,,,-0.00027632000,0.26000,0.04240
,,,-0.00027627998,0.28000,0.04240
,,,-0.00027624000,0.26000,0.04320
,,,-0.00027620001,0.26000,0.04320
,,,-0.00027615999,0.26000,0.04320
,,,-0.00027612000,0.26000,0.04320
,,,-0.00027608001,0.24000,0.04320
,,,-0.00027603999,0.24000,0.04320
,,,-0.00027600001,0.24000,0.04400
,,,-0.00027595999,0.24000,0.04320
,,,-0.00027592000,0.24000,0.04320
,,,-0.00027588001,0.24000,0.04320
,,,-0.00027583999,0.22000,0.04400
,,,-0.00027580000,0.22000,0.04400
,,,-0.00027575999,0.22000,0.04320
,,,-0.00027572000,0.22000,0.04400
,,,-0.00027568001,0.22000,0.04400
,,,-0.00027563999,0.22000,0.04320
,,,-0.00027560000,0.22000,0.04400
,,,-0.00027555999,0.22000,0.04400
,,,-0.00027552000,0.20000,0.04400
,,,-0.00027548001,0.20000,0.04400
,,,-0.00027543999,0.20000,0.04400
,,,-0.00027540000,0.20000,0.04400
,,,-0.00027535998,0.20000,0.04480
,,,-0.00027532000,0.18000,0.04480
,,,-0.00027528001,0.18000,0.04400
,,,-0.00027523999,0.18000,0.04480
,,,-0.00027520000,0.18000,0.04480
,,,-0.00027516001,0.18000,0.04480
,,,-0.00027511999,0.16000,0.04480
,,,-0.00027508000,0.16000,0.04480
,,,-0.00027503999,0.16000,0.04480
,,,-0.00027500000,0.16000,0.04480
,,,-0.00027496001,0.16000,0.04480
,,,-0.00027491999,0.16000,0.04480
,,,-0.00027488000,0.14000,0.04480
,,,-0.00027483999,0.14000,0.04480
,,,-0.00027480000,0.14000,0.04560
,,,-0.00027476001,0.14000,0.04560
,,,-0.00027471999,0.14000,0.04560
,,,-0.00027468000,0.14000,0.04560
,,,-0.00027463998,0.12000,0.04560
,,,-0.00027460000,0.12000,0.04560
,,,-0.00027456001,0.12000,0.04560
,,,-0.00027451999,0.12000,0.04560
,,,-0.00027448000,0.12000,0.04560
,,,-0.00027444001,0.10000,0.04640
,,,-0.00027439999,0.10000,0.04560
,,,-0.00027436001,0.10000,0.04560
,,,-0.00027431999,0.10000,0.04560
,,,-0.00027428000,0.08000,0.04560
,,,-0.00027424001,0.08000,0.04560
,,,-0.00027419999,0.08000,0.04560
,,,-0.00027416000,0.08000,0.04560
,,,-0.00027411999,0.08000,0.04640
,,,-0.00027408000,0.08000,0.04560
,,,-0.00027404001,0.08000,0.04560
,,,-0.00027399999,0.08000,0.04640
,,,-0.00027396000,0.06000,0.04640
,,,-0.00027391998,0.06000,0.04640
,,,-0.00027388000,0.06000,0.04640
,,,-0.00027384001,0.06000,0.04640
,,,-0.00027379999,0.04000,0.04640
,,,-0.00027376000,0.04000,0.04640
,,,-0.00027372001,0.04000,0.04560
,,,-0.00027367999,0.04000,0.04640
,,,-0.00027364001,0.04000,0.04720
,,,-0.00027359999,0.04000,0.04640
,,,-0.00027356000,0.04000,0.04640
,,,-0.00027352001,0.02000,0.04640
,,,-0.00027347999,0.02000,0.04640
,,,-0.00027344000,0.02000,0.04640
,,,-0.00027339999,0.02000,0.04640
,,,-0.00027336000,0.02000,0.04640
,,,-0.00027332001,0.02000,0.04720
,,,-0.00027327999,0.00,0.04640
,,,-0.00027324000,0.00,0.04640
,,,-0.00027319998,0.00,0.04640
,,,-0.00027316000,0.00,0.04640
,,,-0.00027312001,0.00,0.04720
,,,-0.00027307999,-0.02000,0.04720
,,,-0.00027304000,-0.02000,0.04640
,,,-0.00027300001,-0.02000,0.04720
,,,-0.00027295999,-0.04000,0.04720
,,,-0.00027292001,-0.04000,0.04720
,,,-0.00027287999,-0.04000,0.04720
,,,-0.00027284000,-0.04000,0.04720
,,,-0.00027280001,-0.04000,0.04720
,,,-0.00027275999,-0.04000,0.04720
,,,-0.00027272000,-0.06000,0.04640
,,,-0.00027267999,-0.04000,0.04720
,,,-0.00027264000,-0.06000,0.04720
,,,-0.00027260001,-0.06000,0.04640
,,,-0.00027255999,-0.06000,0.04640
,,,-0.00027252000,-0.06000,0.04720
,,,-0.00027247999,-0.08000,0.04720
,,,-0.00027244000,-0.08000,0.04720
,,,-0.00027240001,-0.08000,0.04720
,,,-0.00027235999,-0.08000,0.04720
,,,-0.00027232000,-0.08000,0.04800
,,,-0.00027228001,-0.10000,0.04720
,,,-0.00027223999,-0.10000,0.04720
,,,-0.00027220001,-0.10000,0.04800
,,,-0.00027215999,-0.10000,0.04720
,,,-0.00027212000,-0.10000,0.04720
,,,-0.00027208001,-0.10000,0.04720
,,,-0.00027203999,-0.12000,0.04720
,,,-0.00027200000,-0.12000,0.04720
,,,-0.00027195999,-0.12000,0.04720
,,,-0.00027192000,-0.12000,0.04640
,,,-0.00027188001,-0.12000,0.04720
,,,-0.00027183999,-0.12000,0.04720
,,,-0.00027180000,-0.14000,0.04720
,,,-0.00027175999,-0.14000,0.04800
,,,-0.00027172000,-0.14000,0.04800
,,,-0.00027168001,-0.14000,0.04720
,,,-0.00027163999,-0.14000,0.04720
,,,-0.00027160000,-0.16000,0.04720
,,,-0.00027155998,-0.16000,0.04720
,,,-0.00027152000,-0.16000,0.04720
,,,-0.00027148001,-0.16000,0.04720
,,,-0.00027143999,-0.16000,0.04720
,,,-0.00027140000,-0.18000,0.04720
,,,-0.00027136001,-0.18000,0.04640
,,,-0.00027131999,-0.18000,0.04640
,,,-0.00027128001,-0.18000,0.04720
,,,-0.00027123999,-0.18000,0.04720
,,,-0.00027120000,-0.18000,0.04720
,,,-0.00027116001,-0.20000,0.04720
,,,-0.00027111999,-0.20000,0.04720
,,,-0.00027108000,-0.20000,0.04720
,,,-0.00027103999,-0.20000,0.04640
,,,-0.00027100000,-0.20000,0.04640
,,,-0.00027096001,-0.20000,0.04720
,,,-0.00027091999,-0.22000,0.04720
,,,-0.00027088000,-0.22000,0.04720
,,,-0.00027083998,-0.22000,0.04720
,,,-0.00027080000,-0.22000,0.04720
,,,-0.00027076001,-0.22000,0.04720
,,,-0.00027071999,-0.24000,0.04720
,,,-0.00027068000,-0.24000,0.04640
,,,-0.00027064001,-0.24000,0.04720
,,,-0.00027059999,-0.24000,0.04720
,,,-0.00027056001,-0.24000,0.04640
,,,-0.00027051999,-0.24000,0.04640
,,,-0.00027048000,-0.26000,0.04640
,,,-0.00027044001,-0.26000,0.04640
,,,-0.00027039999,-0.26000,0.04720
,,,-0.00027036000,-0.28000,0.04640
,,,-0.00027031999,-0.28000,0.04640
,,,-0.00027028000,-0.28000,0.04720
,,,-0.00027024001,-0.28000,0.04640
,,,-0.00027019999,-0.28000,0.04640
,,,-0.00027016000,-0.28000,0.04640
,,,-0.00027011998,-0.28000,0.04640
,,,-0.00027008000,-0.30000,0.04720
,,,-0.00027004001,-0.30000,0.04640
,,,-0.00026999999,-0.32000,0.04640
,,,-0.00026996000,-0.30000,0.04720
,,,-0.00026992001,-0.30000,0.04640
,,,-0.00026987999,-0.32000,0.04640
,,,-0.00026984001,-0.32000,0.04640
,,,-0.00026979999,-0.34000,0.04640
,,,-0.00026976000,-0.34000,0.04640
,,,-0.00026972001,-0.32000,0.04640
,,,-0.00026967999,-0.34000,0.04560
,,,-0.00026964000,-0.34000,0.04640
,,,-0.00026959999,-0.34000,0.04560
,,,-0.00026956000,-0.34000,0.04560
,,,-0.00026952001,-0.34000,0.04560
,,,-0.00026947999,-0.34000,0.04560
,,,-0.00026944000,-0.36000,0.04560
,,,-0.00026939998,-0.34000,0.04560
,,,-0.00026936000,-0.36000,0.04560
,,,-0.00026932001,-0.36000,0.04640
,,,-0.00026927999,-0.36000,0.04640
,,,-0.00026924000,-0.38000,0.04560
,,,-0.00026920001,-0.38000,0.04560
,,,-0.00026915999,-0.38000,0.04560
,,,-0.00026912001,-0.40000,0.04480
,,,-0.00026907999,-0.38000,0.04560
,,,-0.00026904000,-0.38000,0.04560
,,,-0.00026900001,-0.40000,0.04560
,,,-0.00026895999,-0.40000,0.04560
,,,-0.00026892000,-0.40000,0.04480
,,,-0.00026887999,-0.40000,0.04480
,,,-0.00026884000,-0.40000,0.04560
,,,-0.00026880001,-0.42000,0.04480
,,,-0.00026875999,-0.42000,0.04560
,,,-0.00026872000,-0.42000,0.04560
,,,-0.00026867999,-0.42000,0.04480
,,,-0.00026864000,-0.42000,0.04480
,,,-0.00026860001,-0.42000,0.04480
,,,-0.00026855999,-0.44000,0.04480
,,,-0.00026852000,-0.44000,0.04480
,,,-0.00026848001,-0.44000,0.04480
,,,-0.00026844000,-0.46000,0.04480
,,,-0.00026840001,-0.46000,0.04480
,,,-0.00026835999,-0.46000,0.04480
,,,-0.00026832000,-0.46000,0.04400
,,,-0.00026828001,-0.46000,0.04480
,,,-0.00026823999,-0.46000,0.04480
,,,-0.00026820000,-0.46000,0.04480
,,,-0.00026815999,-0.46000,0.04480
,,,-0.00026812000,-0.48000,0.04400
,,,-0.00026808001,-0.48000,0.04400
,,,-0.00026803999,-0.48000,0.04400
,,,-0.00026800000,-0.50000,0.04320
,,,-0.00026795999,-0.50000,0.04320
,,,-0.00026792000,-0.50000,0.04400
,,,-0.00026788001,-0.50000,0.04400
,,,-0.00026783999,-0.50000,0.04400
,,,-0.00026780000,-0.50000,0.04320
,,,-0.00026775998,-0.52000,0.04320
,,,-0.00026772000,-0.50000,0.04400
,,,-0.00026768001,-0.52000,0.04320
,,,-0.00026763999,-0.52000,0.04320
,,,-0.00026760000,-0.52000,0.04400
,,,-0.00026756001,-0.54000,0.04320
,,,-0.00026751999,-0.54000,0.04320
,,,-0.00026748001,-0.54000,0.04320
,,,-0.00026743999,-0.54000,0.04240
,,,-0.00026740000,-0.54000,0.04320
,,,-0.00026736001,-0.54000,0.04320
,,,-0.00026731999,-0.56000,0.04240
,,,-0.00026728000,-0.56000,0.04320
,,,-0.00026723999,-0.56000,0.04240
,,,-0.00026720000,-0.56000,0.04240
,,,-0.00026716001,-0.56000,0.04240
,,,-0.00026711999,-0.58000,0.04240
,,,-0.00026708000,-0.56000,0.04240
,,,-0.00026703998,-0.58000,0.04240
,,,-0.00026700000,-0.58000,0.04240
,,,-0.00026696001,-0.58000,0.04240
,,,-0.00026691999,-0.58000,0.04240
,,,-0.00026688000,-0.60000,0.04160
,,,-0.00026684001,-0.60000,0.04160
,,,-0.00026679999,-0.60000,0.04160
,,,-0.00026676001,-0.60000,0.04080
,,,-0.00026671999,-0.60000,0.04080
,,,-0.00026668000,-0.60000,0.04160
,,,-0.00026664001,-0.62000,0.04160
,,,-0.00026659999,-0.62000,0.04080
,,,-0.00026656000,-0.62000,0.04080
,,,-0.00026651999,-0.62000,0.04080
,,,-0.00026648000,-0.62000,0.04080
,,,-0.00026644001,-0.64000,0.04000
,,,-0.00026639999,-0.64000,0.04000
,,,-0.00026636000,-0.64000,0.04080
,,,-0.00026631998,-0.64000,0.04080
,,,-0.00026628000,-0.64000,0.04080
,,,-0.00026624001,-0.64000,0.04080
,,,-0.00026619999,-0.66000,0.04000
,,,-0.00026616000,-0.66000,0.04000
,,,-0.00026612001,-0.66000,0.04000
,,,-0.00026607999,-0.66000,0.04000
,,,-0.00026604001,-0.66000,0.04000
,,,-0.00026599999,-0.68000,0.04000
,,,-0.00026596000,-0.68000,0.03920
,,,-0.00026592001,-0.68000,0.03920
,,,-0.00026587999,-0.68000,0.03920
,,,-0.00026584000,-0.68000,0.03920
,,,-0.00026579999,-0.68000,0.03840
,,,-0.00026576000,-0.70000,0.03840
,,,-0.00026572001,-0.70000,0.03920
,,,-0.00026567999,-0.70000,0.03920
,,,-0.00026564000,-0.70000,0.03840
,,,-0.00026559999,-0.70000,0.03840
,,,-0.00026556000,-0.70000,0.03840
,,,-0.00026552001,-0.72000,0.03760
,,,-0.00026547999,-0.72000,0.03840
,,,-0.00026544000,-0.72000,0.03840
,,,-0.00026540001,-0.72000,0.03760
,,,-0.00026535999,-0.72000,0.03760
,,,-0.00026532001,-0.72000,0.03760
,,,-0.00026527999,-0.74000,0.03760
,,,-0.00026524000,-0.74000,0.03760
,,,-0.00026520001,-0.74000,0.03680
,,,-0.00026515999,-0.74000,0.03680
,,,-0.00026512000,-0.74000,0.03680
,,,-0.00026507999,-0.76000,0.03680
,,,-0.00026504000,-0.76000,0.03680
,,,-0.00026500001,-0.76000,0.03600
,,,-0.00026495999,-0.76000,0.03600
,,,-0.00026492000,-0.76000,0.03680
,,,-0.00026487999,-0.76000,0.03600
,,,-0.00026484000,-0.76000,0.03600
,,,-0.00026480001,-0.76000,0.03600
,,,-0.00026475999,-0.78000,0.03600
,,,-0.00026472000,-0.78000,0.03520
,,,-0.00026467998,-0.78000,0.03600
,,,-0.00026464000,-0.78000,0.03520
,,,-0.00026460001,-0.78000,0.03520
,,,-0.00026455999,-0.80000,0.03520
,,,-0.00026452000,-0.80000,0.03520
,,,-0.00026448001,-0.78000,0.03520
,,,-0.00026443999,-0.80000,0.03520
,,,-0.00026440001,-0.80000,0.03440
,,,-0.00026435999,-0.80000,0.03440
,,,-0.00026432000,-0.82000,0.03440
,,,-0.00026428001,-0.82000,0.03440
,,,-0.00026423999,-0.80000,0.03440
,,,-0.00026420000,-0.82000,0.03360
,,,-0.00026415999,-0.82000,0.03440
,,,-0.00026412000,-0.82000,0.03440
,,,-0.00026408001,-0.82000,0.03360
,,,-0.00026403999,-0.82000,0.03280
,,,-0.00026400000,-0.82000,0.03360
,,,-0.00026395998,-0.84000,0.03280
,,,-0.00026392000,-0.84000,0.03280
,,,-0.00026388001,-0.84000,0.03280
,,,-0.00026383999,-0.84000,0.03280
,,,-0.00026380000,-0.84000,0.03280
,,,-0.00026376001,-0.84000,0.03200
,,,-0.00026371999,-0.86000,0.03200
,,,-0.00026368001,-0.84000,0.03200
,,,-0.00026363999,-0.86000,0.03200
,,,-0.00026360000,-0.86000,0.03200
,,,-0.00026356001,-0.86000,0.03120
,,,-0.00026351999,-0.86000,0.03120
,,,-0.00026348000,-0.86000,0.03120
,,,-0.00026343999,-0.86000,0.03120
,,,-0.00026340000,-0.86000,0.03040
,,,-0.00026336001,-0.88000,0.03120
,,,-0.00026331999,-0.88000,0.03040
,,,-0.00026328000,-0.88000,0.03040
,,,-0.00026323998,-0.88000,0.03040
,,,-0.00026320000,-0.88000,0.03120
,,,-0.00026316001,-0.88000,0.03040
,,,-0.00026311999,-0.88000,0.03040
,,,-0.00026308000,-0.88000,0.03040
,,,-0.00026304001,-0.90000,0.02960
,,,-0.00026299999,-0.88000,0.02960
,,,-0.00026296001,-0.90000,0.02960
,,,-0.00026291999,-0.90000,0.02880
,,,-0.00026288000,-0.90000,0.02960
,,,-0.00026284001,-0.90000,0.02880
,,,-0.00026279999,-0.90000,0.02880
,,,-0.00026276000,-0.90000,0.02880
,,,-0.00026271999,-0.90000,0.02800
,,,-0.00026268000,-0.92000,0.02800
,,,-0.00026264001,-0.92000,0.02800
,,,-0.00026259999,-0.92000,0.02720
,,,-0.00026256000,-0.92000,0.02800
,,,-0.00026251998,-0.92000,0.02800
,,,-0.00026248000,-0.92000,0.02720
,,,-0.00026244001,-0.92000,0.02720
,,,-0.00026239999,-0.94000,0.02720
,,,-0.00026236000,-0.94000,0.02720
,,,-0.00026232001,-0.92000,0.02720
,,,-0.00026227999,-0.94000,0.02640
,,,-0.00026224001,-0.94000,0.02720
,,,-0.00026219999,-0.94000,0.02640
,,,-0.00026216000,-0.94000,0.02560
,,,-0.00026212001,-0.94000,0.02640
,,,-0.00026207999,-0.94000,0.02640
,,,-0.00026204000,-0.94000,0.02560
,,,-0.00026199999,-0.94000,0.02560
,,,-0.00026196000,-0.94000,0.02560
,,,-0.00026192001,-0.94000,0.02480
,,,-0.00026187999,-0.96000,0.02560
,,,-0.00026184000,-0.96000,0.02480
,,,-0.00026179999,-0.96000,0.02480
,,,-0.00026176000,-0.96000,0.02480
,,,-0.00026172001,-0.96000,0.02480
,,,-0.00026167999,-0.96000,0.02400
,,,-0.00026164000,-0.96000,0.02400
,,,-0.00026160001,-0.96000,0.02400
,,,-0.00026156000,-0.96000,0.02400
,,,-0.00026152001,-0.96000,0.02320
,,,-0.00026147999,-0.98000,0.02320
,,,-0.00026144000,-0.98000,0.02400
,,,-0.00026140001,-0.98000,0.02320
,,,-0.00026135999,-0.98000,0.02320
,,,-0.00026132000,-0.98000,0.02320
,,,-0.00026127999,-0.98000,0.02240
,,,-0.00026124000,-0.98000,0.02160
,,,-0.00026120001,-0.98000,0.02240
,,,-0.00026115999,-0.98000,0.02240
,,,-0.00026112000,-0.98000,0.02240
,,,-0.00026107999,-1.00000,0.02240
,,,-0.00026104000,-1.00000,0.02160
,,,-0.00026100001,-1.00000,0.02080
,,,-0.00026095999,-1.00000,0.02160
,,,-0.00026092000,-1.00000,0.02080
,,,-0.00026087998,-1.00000,0.02080
,,,-0.00026084000,-1.00000,0.02080
,,,-0.00026080001,-1.00000,0.02080
,,,-0.00026075999,-1.00000,0.02000
,,,-0.00026072000,-1.00000,0.02000
,,,-0.00026068001,-1.00000,0.02000
,,,-0.00026063999,-1.00000,0.02000
,,,-0.00026060001,-1.00000,0.01920
,,,-0.00026055999,-1.00000,0.01920
,,,-0.00026052000,-1.00000,0.02000
,,,-0.00026048001,-1.02000,0.01920
,,,-0.00026043999,-1.02000,0.01840
,,,-0.00026040000,-1.02000,0.01920
,,,-0.00026035999,-1.02000,0.01840
,,,-0.00026032000,-1.02000,0.01840
,,,-0.00026028001,-1.02000,0.01840
,,,-0.00026023999,-1.02000,0.01760
,,,-0.00026020000,-1.02000,0.01840
,,,-0.00026015998,-1.02000,0.01840
,,,-0.00026012000,-1.02000,0.01680
,,,-0.00026008001,-1.02000,0.01760
,,,-0.00026003999,-1.02000,0.01680
,,,-0.00026000000,-1.02000,0.01680
,,,-0.00025996001,-1.02000,0.01760
,,,-0.00025991999,-1.02000,0.01680
,,,-0.00025988001,-1.02000,0.01680
,,,-0.00025983999,-1.02000,0.01600
,,,-0.00025980000,-1.04000,0.01520
,,,-0.00025976001,-1.02000,0.01600
,,,-0.00025971999,-1.02000,0.01600
,,,-0.00025968000,-1.02000,0.01520
,,,-0.00025963999,-1.02000,0.01520
,,,-0.00025960000,-1.04000,0.01520
,,,-0.00025956001,-1.04000,0.01520
,,,-0.00025951999,-1.04000,0.01520
,,,-0.00025948000,-1.04000,0.01440
,,,-0.00025943998,-1.04000,0.01440
,,,-0.00025940000,-1.04000,0.01520
,,,-0.00025936001,-1.04000,0.01440
,,,-0.00025931999,-1.04000,0.01440
,,,-0.00025928000,-1.04000,0.01440
,,,-0.00025924001,-1.04000,0.01360
,,,-0.00025919999,-1.04000,0.01360
,,,-0.00025916001,-1.04000,0.01360
,,,-0.00025911999,-1.04000,0.01280
,,,-0.00025908000,-1.04000,0.01360
,,,-0.00025904001,-1.04000,0.01280
,,,-0.00025899999,-1.04000,0.01280
,,,-0.00025896000,-1.04000,0.01280
,,,-0.00025891999,-1.04000,0.01280
,,,-0.00025888000,-1.04000,0.01200
,,,-0.00025884001,-1.04000,0.01200
,,,-0.00025879999,-1.04000,0.01200
,,,-0.00025876000,-1.04000,0.01200
,,,-0.00025871999,-1.04000,0.01120
,,,-0.00025868000,-1.04000,0.01120
,,,-0.00025864001,-1.04000,0.01120
,,,-0.00025859999,-1.04000,0.01120
,,,-0.00025856000,-1.04000,0.01040
,,,-0.00025852001,-1.04000,0.01040
,,,-0.00025847999,-1.04000,0.01040
,,,-0.00025844001,-1.04000,0.01040
,,,-0.00025839999,-1.04000,0.01040
,,,-0.00025836000,-1.06000,0.00960
,,,-0.00025832001,-1.06000,0.00960
,,,-0.00025827999,-1.04000,0.00960
,,,-0.00025824000,-1.06000,0.00960
,,,-0.00025819999,-1.04000,0.00880
,,,-0.00025816000,-1.04000,0.00880
,,,-0.00025812001,-1.04000,0.00880
,,,-0.00025807999,-1.04000,0.00800
,,,-0.00025804000,-1.04000,0.00880
,,,-0.00025799999,-1.04000,0.00800
,,,-0.00025796000,-1.04000,0.00800
,,,-0.00025792001,-1.04000,0.00800
,,,-0.00025787999,-1.04000,0.00720
,,,-0.00025784000,-1.04000,0.00720
,,,-0.00025779998,-1.04000,0.00720
,,,-0.00025776000,-1.04000,0.00720
,,,-0.00025772001,-1.04000,0.00640
,,,-0.00025767999,-1.04000,0.00640
,,,-0.00025764000,-1.04000,0.00640
,,,-0.00025760001,-1.04000,0.00640
,,,-0.00025755999,-1.04000,0.00560
,,,-0.00025752001,-1.04000,0.00560
,,,-0.00025747999,-1.04000,0.00560
,,,-0.00025744000,-1.04000,0.00560
,,,-0.00025740001,-1.04000,0.00480
,,,-0.00025735999,-1.04000,0.00480
,,,-0.00025732000,-1.04000,0.00480
,,,-0.00025727999,-1.04000,0.00480
,,,-0.00025724000,-1.04000,0.00400
,,,-0.00025720001,-1.04000,0.00400
,,,-0.00025715999,-1.02000,0.00400
,,,-0.00025712000,-1.02000,0.00400
,,,-0.00025707998,-1.02000,0.00320
,,,-0.00025704000,-1.02000,0.00320
,,,-0.00025700001,-1.02000,0.00320
,,,-0.00025695999,-1.02000,0.00240
,,,-0.00025692000,-1.02000,0.00320
,,,-0.00025688001,-1.02000,0.00240
,,,-0.00025683999,-1.02000,0.00240
,,,-0.00025680001,-1.02000,0.00240
,,,-0.00025675999,-1.02000,0.00160
,,,-0.00025672000,-1.02000,0.00240
,,,-0.00025668001,-1.02000,0.00160
,,,-0.00025663999,-1.02000,0.00160
,,,-0.00025660000,-1.02000,0.00160
,,,-0.00025655999,-1.02000,0.00160
,,,-0.00025652000,-1.02000,0.00080
,,,-0.00025648001,-1.02000,0.00080
,,,-0.00025643999,-1.02000,0.00080
,,,-0.00025640000,-1.02000,0.00080
,,,-0.00025635998,-1.02000,0.00080
,,,-0.00025632000,-1.02000,0.00
,,,-0.00025628001,-1.00000,0.00
,,,-0.00025623999,-1.00000,0.00
,,,-0.00025620000,-1.02000,0.00
,,,-0.00025616001,-1.00000,-0.00080
,,,-0.00025611999,-1.00000,-0.00080
,,,-0.00025608001,-1.02000,-0.00080
,,,-0.00025603999,-1.00000,-0.00080
,,,-0.00025600000,-1.00000,-0.00080
,,,-0.00025596001,-1.00000,-0.00160
,,,-0.00025591999,-1.00000,-0.00160
,,,-0.00025588000,-1.00000,-0.00160
,,,-0.00025583999,-0.98000,-0.00240
,,,-0.00025580000,-0.98000,-0.00240
,,,-0.00025576001,-1.00000,-0.00240
,,,-0.00025571999,-0.98000,-0.00240
,,,-0.00025568000,-0.98000,-0.00240
,,,-0.00025563998,-0.98000,-0.00320
,,,-0.00025560000,-0.98000,-0.00320
,,,-0.00025556001,-0.98000,-0.00320
,,,-0.00025551999,-1.00000,-0.00320
,,,-0.00025548000,-0.98000,-0.00400
,,,-0.00025544001,-0.98000,-0.00320
,,,-0.00025539999,-0.98000,-0.00400
,,,-0.00025536001,-0.98000,-0.00400
,,,-0.00025531999,-0.96000,-0.00480
,,,-0.00025528000,-0.98000,-0.00480
,,,-0.00025524001,-0.98000,-0.00480
,,,-0.00025519999,-0.98000,-0.00560
,,,-0.00025516000,-0.96000,-0.00560
,,,-0.00025511999,-0.96000,-0.00480
,,,-0.00025508000,-0.98000,-0.00560
,,,-0.00025504001,-0.96000,-0.00560
,,,-0.00025499999,-0.96000,-0.00640
,,,-0.00025496000,-0.96000,-0.00640
,,,-0.00025491999,-0.96000,-0.00640
,,,-0.00025488000,-0.94000,-0.00640
,,,-0.00025484001,-0.96000,-0.00720
,,,-0.00025479999,-0.94000,-0.00640
,,,-0.00025476000,-0.94000,-0.00720
,,,-0.00025472001,-0.94000,-0.00720
,,,-0.00025468000,-0.94000,-0.00720
,,,-0.00025464001,-0.94000,-0.00800
,,,-0.00025459999,-0.94000,-0.00800
,,,-0.00025456000,-0.92000,-0.00800
,,,-0.00025452001,-0.94000,-0.00800
,,,-0.00025447999,-0.94000,-0.00880
,,,-0.00025444000,-0.92000,-0.00880
,,,-0.00025439999,-0.94000,-0.00960
,,,-0.00025436000,-0.92000,-0.00880
,,,-0.00025432001,-0.92000,-0.00880
,,,-0.00025427999,-0.92000,-0.00960
,,,-0.00025424000,-0.90000,-0.00960
,,,-0.00025419999,-0.90000,-0.00960
,,,-0.00025416000,-0.90000,-0.01040
,,,-0.00025412001,-0.92000,-0.01040
,,,-0.00025407999,-0.90000,-0.01040
,,,-0.00025404000,-0.90000,-0.01120
,,,-0.00025399998,-0.90000,-0.01120
,,,-0.00025396000,-0.90000,-0.01120
,,,-0.00025392001,-0.90000,-0.01120
,,,-0.00025387999,-0.88000,-0.01120
,,,-0.00025384000,-0.88000,-0.01120
,,,-0.00025380001,-0.88000,-0.01200
,,,-0.00025375999,-0.88000,-0.01200
,,,-0.00025372001,-0.88000,-0.01200
,,,-0.00025367999,-0.88000,-0.01200
,,,-0.00025364000,-0.88000,-0.01200
,,,-0.00025360001,-0.90000,-0.01280
,,,-0.00025355999,-0.88000,-0.01280
,,,-0.00025352000,-0.88000,-0.01280
,,,-0.00025347999,-0.88000,-0.01360
,,,-0.00025344000,-0.88000,-0.01280
,,,-0.00025340001,-0.88000,-0.01280
,,,-0.00025335999,-0.86000,-0.01360
,,,-0.00025332000,-0.86000,-0.01360
,,,-0.00025327998,-0.86000,-0.01440
,,,-0.00025324000,-0.86000,-0.01440
,,,-0.00025320001,-0.86000,-0.01440
,,,-0.00025315999,-0.86000,-0.01440
,,,-0.00025312000,-0.86000,-0.01440
,,,-0.00025308001,-0.84000,-0.01440
,,,-0.00025303999,-0.84000,-0.01520
,,,-0.00025300001,-0.84000,-0.01520
,,,-0.00025295999,-0.84000,-0.01520
,,,-0.00025292000,-0.84000,-0.01600
,,,-0.00025288001,-0.82000,-0.01520
,,,-0.00025283999,-0.84000,-0.01600
,,,-0.00025280000,-0.82000,-0.01600
,,,-0.00025275999,-0.82000,-0.01600
,,,-0.00025272000,-0.82000,-0.01680
,,,-0.00025268001,-0.82000,-0.01680
,,,-0.00025263999,-0.82000,-0.01680
,,,-0.00025260000,-0.82000,-0.01680
,,,-0.00025255998,-0.80000,-0.01680
,,,-0.00025252000,-0.80000,-0.01680
,,,-0.00025248001,-0.82000,-0.01760
,,,-0.00025243999,-0.80000,-0.01760
,,,-0.00025240000,-0.80000,-0.01760
,,,-0.00025236001,-0.80000,-0.01760
,,,-0.00025231999,-0.80000,-0.01760
,,,-0.00025228001,-0.78000,-0.01840
,,,-0.00025223999,-0.78000,-0.01840
,,,-0.00025220000,-0.78000,-0.01760
,,,-0.00025216001,-0.78000,-0.01840
,,,-0.00025211999,-0.78000,-0.01920
,,,-0.00025208000,-0.76000,-0.01920
,,,-0.00025203999,-0.78000,-0.01920
,,,-0.00025200000,-0.76000,-0.01920
,,,-0.00025196001,-0.76000,-0.01920
,,,-0.00025191999,-0.76000,-0.02000
,,,-0.00025188000,-0.76000,-0.02000
,,,-0.00025183999,-0.74000,-0.02000
,,,-0.00025180000,-0.76000,-0.02080
,,,-0.00025176001,-0.74000,-0.02000
,,,-0.00025171999,-0.74000,-0.02000
,,,-0.00025168000,-0.74000,-0.02080
,,,-0.00025164001,-0.74000,-0.02080
,,,-0.00025159999,-0.74000,-0.02080
,,,-0.00025156001,-0.74000,-0.02160
,,,-0.00025151999,-0.72000,-0.02160
,,,-0.00025148000,-0.72000,-0.02160
,,,-0.00025144001,-0.72000,-0.02160
,,,-0.00025139999,-0.72000,-0.02160
,,,-0.00025136000,-0.72000,-0.02240
,,,-0.00025131999,-0.72000,-0.02240
,,,-0.00025128000,-0.72000,-0.02240
,,,-0.00025124001,-0.72000,-0.02320
,,,-0.00025119999,-0.70000,-0.02320
,,,-0.00025116000,-0.70000,-0.02320
,,,-0.00025111999,-0.68000,-0.02320
,,,-0.00025108000,-0.68000,-0.02320
,,,-0.00025104001,-0.68000,-0.02400
,,,-0.00025099999,-0.68000,-0.02400
,,,-0.00025096000,-0.68000,-0.02400
,,,-0.00025091998,-0.68000,-0.02400
,,,-0.00025088000,-0.66000,-0.02400
,,,-0.00025084001,-0.66000,-0.02400
,,,-0.00025079999,-0.66000,-0.02400
,,,-0.00025076000,-0.66000,-0.02400
,,,-0.00025072001,-0.64000,-0.02480
,,,-0.00025067999,-0.66000,-0.02560
,,,-0.00025064001,-0.64000,-0.02480
,,,-0.00025059999,-0.64000,-0.02480
,,,-0.00025056000,-0.64000,-0.02560
,,,-0.00025052001,-0.64000,-0.02560
,,,-0.00025047999,-0.64000,-0.02480
,,,-0.00025044000,-0.64000,-0.02560
,,,-0.00025039999,-0.62000,-0.02640
,,,-0.00025036000,-0.64000,-0.02640
,,,-0.00025032001,-0.62000,-0.02640
,,,-0.00025027999,-0.60000,-0.02560
,,,-0.00025024000,-0.62000,-0.02640
,,,-0.00025019998,-0.60000,-0.02640
,,,-0.00025016000,-0.60000,-0.02640
,,,-0.00025012001,-0.60000,-0.02720
,,,-0.00025007999,-0.60000,-0.02720
,,,-0.00025004000,-0.58000,-0.02720
,,,-0.00025000001,-0.58000,-0.02720
,,,-0.00024995999,-0.58000,-0.02640
,,,-0.00024992001,-0.56000,-0.02800
,,,-0.00024987999,-0.58000,-0.02800
,,,-0.00024984000,-0.56000,-0.02800
,,,-0.00024980001,-0.56000,-0.02800
,,,-0.00024975999,-0.56000,-0.02880
,,,-0.00024972000,-0.56000,-0.02800
,,,-0.00024967999,-0.56000,-0.02800
,,,-0.00024964000,-0.54000,-0.02800
,,,-0.00024960001,-0.54000,-0.02880
,,,-0.00024955999,-0.54000,-0.02960
,,,-0.00024952000,-0.54000,-0.02880
,,,-0.00024947998,-0.54000,-0.02880
,,,-0.00024944000,-0.54000,-0.02960
,,,-0.00024940001,-0.52000,-0.02880
,,,-0.00024935999,-0.52000,-0.02880
,,,-0.00024932000,-0.52000,-0.02960
,,,-0.00024928001,-0.52000,-0.02960
,,,-0.00024923999,-0.52000,-0.03040
,,,-0.00024920001,-0.52000,-0.02960
,,,-0.00024915999,-0.50000,-0.02960
,,,-0.00024912000,-0.50000,-0.03040
,,,-0.00024908001,-0.50000,-0.03040
,,,-0.00024903999,-0.48000,-0.03040
,,,-0.00024900000,-0.50000,-0.03120
,,,-0.00024895999,-0.48000,-0.03120
,,,-0.00024892000,-0.48000,-0.03120
,,,-0.00024888001,-0.48000,-0.03120
,,,-0.00024883999,-0.46000,-0.03120
,,,-0.00024880000,-0.48000,-0.03120
,,,-0.00024875998,-0.46000,-0.03200
,,,-0.00024872000,-0.46000,-0.03200
,,,-0.00024868001,-0.46000,-0.03200
,,,-0.00024863999,-0.46000,-0.03200
,,,-0.00024860000,-0.44000,-0.03200
,,,-0.00024856001,-0.44000,-0.03200
,,,-0.00024851999,-0.44000,-0.03200
,,,-0.00024848001,-0.44000,-0.03280
,,,-0.00024843999,-0.44000,-0.03280
,,,-0.00024840000,-0.44000,-0.03280
,,,-0.00024836001,-0.42000,-0.03280
,,,-0.00024831999,-0.42000,-0.03360
,,,-0.00024828000,-0.42000,-0.03280
,,,-0.00024823999,-0.40000,-0.03280
,,,-0.00024820000,-0.40000,-0.03360
,,,-0.00024816001,-0.40000,-0.03360
,,,-0.00024811999,-0.40000,-0.03360
,,,-0.00024808000,-0.40000,-0.03360
,,,-0.00024803999,-0.38000,-0.03360
,,,-0.00024800000,-0.38000,-0.03440
,,,-0.00024796001,-0.38000,-0.03440
,,,-0.00024791999,-0.38000,-0.03360
,,,-0.00024788000,-0.38000,-0.03440
,,,-0.00024784001,-0.38000,-0.03520
,,,-0.00024780000,-0.36000,-0.03440
,,,-0.00024776001,-0.38000,-0.03440
,,,-0.00024771999,-0.36000,-0.03440
,,,-0.00024768000,-0.36000,-0.03520
,,,-0.00024764001,-0.36000,-0.03520
,,,-0.00024759999,-0.34000,-0.03440
,,,-0.00024756000,-0.34000,-0.03520
,,,-0.00024751999,-0.34000,-0.03600
,,,-0.00024748000,-0.34000,-0.03520
,,,-0.00024744001,-0.34000,-0.03520
,,,-0.00024739999,-0.34000,-0.03600
,,,-0.00024736000,-0.32000,-0.03600
,,,-0.00024731999,-0.32000,-0.03600
,,,-0.00024728000,-0.32000,-0.03600
,,,-0.00024724001,-0.30000,-0.03680
,,,-0.00024719999,-0.30000,-0.03680
,,,-0.00024716000,-0.30000,-0.03600
,,,-0.00024711998,-0.30000,-0.03600
,,,-0.00024708000,-0.30000,-0.03680
,,,-0.00024704001,-0.28000,-0.03680
,,,-0.00024699999,-0.28000,-0.03680
,,,-0.00024696000,-0.28000,-0.03680
,,,-0.00024692001,-0.26000,-0.03680
,,,-0.00024687999,-0.28000,-0.03760
,,,-0.00024684001,-0.26000,-0.03680
,,,-0.00024679999,-0.26000,-0.03680
,,,-0.00024676000,-0.26000,-0.03760
,,,-0.00024672001,-0.26000,-0.03840
,,,-0.00024667999,-0.24000,-0.03760
,,,-0.00024664000,-0.26000,-0.03760
,,,-0.00024659999,-0.24000,-0.03840
,,,-0.00024656000,-0.24000,-0.03840
,,,-0.00024652001,-0.24000,-0.03840
,,,-0.00024647999,-0.22000,-0.03760
,,,-0.00024644000,-0.22000,-0.03840
,,,-0.00024639998,-0.24000,-0.03920
,,,-0.00024636000,-0.22000,-0.03840
,,,-0.00024632001,-0.22000,-0.03840
,,,-0.00024627999,-0.22000,-0.03920
,,,-0.00024624000,-0.20000,-0.03920
,,,-0.00024620001,-0.20000,-0.03840
,,,-0.00024615999,-0.20000,-0.03840
,,,-0.00024612001,-0.18000,-0.03920
,,,-0.00024607999,-0.20000,-0.04000
,,,-0.00024604000,-0.18000,-0.03920
,,,-0.00024600001,-0.18000,-0.03840
,,,-0.00024595999,-0.18000,-0.03920
,,,-0.00024592000,-0.16000,-0.04000
,,,-0.00024587999,-0.18000,-0.03920
,,,-0.00024584000,-0.16000,-0.04000
,,,-0.00024580001,-0.16000,-0.04000
,,,-0.00024575999,-0.16000,-0.04080
,,,-0.00024572000,-0.16000,-0.04000
,,,-0.00024567998,-0.14000,-0.03920
,,,-0.00024564000,-0.14000,-0.04000
,,,-0.00024560001,-0.14000,-0.04080
,,,-0.00024555999,-0.14000,-0.04000
,,,-0.00024552000,-0.14000,-0.04080
,,,-0.00024548001,-0.12000,-0.04080
,,,-0.00024543999,-0.12000,-0.04080
,,,-0.00024540001,-0.12000,-0.04000
,,,-0.00024535999,-0.10000,-0.04000
,,,-0.00024532000,-0.10000,-0.04080
,,,-0.00024528001,-0.12000,-0.04080
,,,-0.00024523999,-0.10000,-0.04000
,,,-0.00024520000,-0.10000,-0.04080
,,,-0.00024515999,-0.08000,-0.04160
,,,-0.00024512000,-0.08000,-0.04080
,,,-0.00024508001,-0.08000,-0.04080
,,,-0.00024503999,-0.08000,-0.04080
,,,-0.00024500000,-0.06000,-0.04160
,,,-0.00024495999,-0.08000,-0.04240
,,,-0.00024492000,-0.06000,-0.04080
,,,-0.00024488001,-0.06000,-0.04160
,,,-0.00024483999,-0.06000,-0.04160
,,,-0.00024480000,-0.04000,-0.04160
,,,-0.00024476001,-0.06000,-0.04160
,,,-0.00024471999,-0.06000,-0.04160
,,,-0.00024468001,-0.04000,-0.04240
,,,-0.00024463999,-0.04000,-0.04240
,,,-0.00024460000,-0.04000,-0.04160
,,,-0.00024456001,-0.02000,-0.04160
,,,-0.00024451999,-0.02000,-0.04240
,,,-0.00024448000,-0.02000,-0.04160
,,,-0.00024443999,-0.02000,-0.04160
,,,-0.00024440000,-0.02000,-0.04240
,,,-0.00024436001,0.00,-0.04240
,,,-0.00024431999,0.00,-0.04240
,,,-0.00024428000,0.00,-0.04160
,,,-0.00024423999,0.02000,-0.04240
,,,-0.00024420000,0.00,-0.04320
,,,-0.00024416001,0.02000,-0.04320
,,,-0.00024412000,0.02000,-0.04240
,,,-0.00024408000,0.02000,-0.04320
,,,-0.00024404000,0.02000,-0.04320
,,,-0.00024400000,0.04000,-0.04240
,,,-0.00024395999,0.02000,-0.04240
,,,-0.00024392000,0.04000,-0.04320
,,,-0.00024388000,0.04000,-0.04320
,,,-0.00024384000,0.04000,-0.04320
,,,-0.00024379999,0.04000,-0.04240
,,,-0.00024376001,0.06000,-0.04320
,,,-0.00024372000,0.06000,-0.04320
,,,-0.00024368000,0.06000,-0.04320
,,,-0.00024364000,0.08000,-0.04320
,,,-0.00024359999,0.08000,-0.04400
,,,-0.00024356000,0.08000,-0.04400
,,,-0.00024352000,0.08000,-0.04400
,,,-0.00024348000,0.08000,-0.04320
,,,-0.00024343999,0.08000,-0.04320
,,,-0.00024340001,0.08000,-0.04400
,,,-0.00024336000,0.10000,-0.04400
,,,-0.00024332000,0.10000,-0.04320
,,,-0.00024328000,0.10000,-0.04400
,,,-0.00024323999,0.12000,-0.04480
,,,-0.00024320000,0.12000,-0.04400
,,,-0.00024316000,0.12000,-0.04400
,,,-0.00024312000,0.12000,-0.04400
,,,-0.00024307999,0.12000,-0.04480
,,,-0.00024304001,0.12000,-0.04480
,,,-0.00024300000,0.14000,-0.04400
,,,-0.00024296000,0.14000,-0.04400
,,,-0.00024292000,0.14000,-0.04400
,,,-0.00024287999,0.16000,-0.04320
,,,-0.00024284000,0.14000,-0.04400
,,,-0.00024280000,0.16000,-0.04480
,,,-0.00024276000,0.16000,-0.04480
,,,-0.00024271999,0.16000,-0.04480
,,,-0.00024268001,0.16000,-0.04400
,,,-0.00024264000,0.16000,-0.04400
,,,-0.00024260000,0.16000,-0.04480
,,,-0.00024256000,0.18000,-0.04400
,,,-0.00024251999,0.18000,-0.04480
,,,-0.00024248000,0.18000,-0.04480
,,,-0.00024244000,0.20000,-0.04480
,,,-0.00024240000,0.20000,-0.04480
,,,-0.00024235999,0.20000,-0.04400
,,,-0.00024232001,0.22000,-0.04400
,,,-0.00024228000,0.20000,-0.04480
,,,-0.00024224000,0.22000,-0.04400
,,,-0.00024220000,0.22000,-0.04480
,,,-0.00024215999,0.22000,-0.04480
,,,-0.00024212000,0.22000,-0.04480
,,,-0.00024208000,0.24000,-0.04400
,,,-0.00024204000,0.24000,-0.04480
,,,-0.00024199999,0.24000,-0.04480
,,,-0.00024195999,0.24000,-0.04480
,,,-0.00024192000,0.24000,-0.04480
,,,-0.00024188000,0.26000,-0.04400
,,,-0.00024184000,0.26000,-0.04480
,,,-0.00024179999,0.24000,-0.04480
,,,-0.00024176000,0.26000,-0.04400
,,,-0.00024172000,0.26000,-0.04400
,,,-0.00024168000,0.26000,-0.04480
,,,-0.00024163999,0.26000,-0.04480
,,,-0.00024159999,0.26000,-0.04480
,,,-0.00024156000,0.28000,-0.04400
,,,-0.00024152000,0.28000,-0.04400
,,,-0.00024148000,0.28000,-0.04480
,,,-0.00024143999,0.30000,-0.04400
,,,-0.00024140000,0.30000,-0.04400
,,,-0.00024136000,0.30000,-0.04480
,,,-0.00024132000,0.30000,-0.04480
,,,-0.00024127999,0.30000,-0.04400
,,,-0.00024123999,0.30000,-0.04400
,,,-0.00024120000,0.32000,-0.04480
,,,-0.00024116000,0.32000,-0.04480
,,,-0.00024112000,0.32000,-0.04400
,,,-0.00024107999,0.32000,-0.04400
,,,-0.00024104000,0.32000,-0.04480
,,,-0.00024100000,0.34000,-0.04480
,,,-0.00024096000,0.34000,-0.04400
,,,-0.00024092000,0.34000,-0.04480
,,,-0.00024087999,0.34000,-0.04480
,,,-0.00024084000,0.34000,-0.04480
,,,-0.00024080000,0.34000,-0.04400
,,,-0.00024076000,0.36000,-0.04400
,,,-0.00024071999,0.36000,-0.04480
,,,-0.00024068000,0.36000,-0.04400
,,,-0.00024064000,0.36000,-0.04400
,,,-0.00024060000,0.36000,-0.04400
,,,-0.00024056000,0.38000,-0.04480
,,,-0.00024051999,0.38000,-0.04400
,,,-0.00024048000,0.36000,-0.04400
,,,-0.00024044000,0.38000,-0.04400
,,,-0.00024040000,0.38000,-0.04480
,,,-0.00024035999,0.38000,-0.04480
,,,-0.00024032001,0.40000,-0.04400
,,,-0.00024028000,0.40000,-0.04400
,,,-0.00024024000,0.40000,-0.04480
,,,-0.00024020000,0.40000,-0.04400
,,,-0.00024015999,0.40000,-0.04400
,,,-0.00024012000,0.40000,-0.04480
,,,-0.00024008000,0.42000,-0.04480
,,,-0.00024004000,0.42000,-0.04480
,,,-0.00023999999,0.42000,-0.04400
,,,-0.00023996001,0.42000,-0.04400
,,,-0.00023992000,0.42000,-0.04400
,,,-0.00023988000,0.42000,-0.04400
,,,-0.00023984000,0.44000,-0.04400
,,,-0.00023979999,0.44000,-0.04400
,,,-0.00023976000,0.44000,-0.04400
,,,-0.00023972000,0.44000,-0.04400
,,,-0.00023968000,0.44000,-0.04400
,,,-0.00023963999,0.44000,-0.04320
,,,-0.00023960001,0.44000,-0.04400
,,,-0.00023956000,0.46000,-0.04400
,,,-0.00023952000,0.46000,-0.04400
,,,-0.00023948000,0.46000,-0.04400
,,,-0.00023943999,0.46000,-0.04400
,,,-0.00023940000,0.48000,-0.04320
,,,-0.00023936000,0.48000,-0.04320
,,,-0.00023932000,0.48000,-0.04320
,,,-0.00023927999,0.48000,-0.04400
,,,-0.00023924001,0.48000,-0.04400
,,,-0.00023920000,0.50000,-0.04320
,,,-0.00023916000,0.50000,-0.04320
,,,-0.00023912000,0.50000,-0.04400
,,,-0.00023907999,0.50000,-0.04320
,,,-0.00023904000,0.50000,-0.04320
,,,-0.00023900000,0.50000,-0.04320
,,,-0.00023896000,0.52000,-0.04320
,,,-0.00023891999,0.50000,-0.04320
,,,-0.00023888001,0.52000,-0.04320
,,,-0.00023884000,0.52000,-0.04240
,,,-0.00023880000,0.52000,-0.04320
,,,-0.00023876000,0.52000,-0.04240
,,,-0.00023871999,0.52000,-0.04240
,,,-0.00023868000,0.52000,-0.04320
,,,-0.00023864000,0.54000,-0.04240
,,,-0.00023860000,0.54000,-0.04240
,,,-0.00023855999,0.54000,-0.04240
,,,-0.00023851999,0.54000,-0.04240
,,,-0.00023848000,0.54000,-0.04240
,,,-0.00023844000,0.56000,-0.04240
,,,-0.00023840000,0.56000,-0.04240
,,,-0.00023835999,0.56000,-0.04240
,,,-0.00023832000,0.56000,-0.04240
,,,-0.00023828000,0.56000,-0.04160
,,,-0.00023824000,0.56000,-0.04160
,,,-0.00023819999,0.58000,-0.04240
,,,-0.00023815999,0.58000,-0.04240
,,,-0.00023812000,0.58000,-0.04240
,,,-0.00023808000,0.58000,-0.04160
,,,-0.00023804000,0.58000,-0.04160
,,,-0.00023799999,0.58000,-0.04160
,,,-0.00023796000,0.58000,-0.04160
,,,-0.00023792000,0.58000,-0.04160
,,,-0.00023788000,0.58000,-0.04160
,,,-0.00023783999,0.60000,-0.04160
,,,-0.00023779999,0.60000,-0.04080
,,,-0.00023776000,0.60000,-0.04080
,,,-0.00023772000,0.60000,-0.04080
,,,-0.00023768000,0.60000,-0.04080
,,,-0.00023763999,0.60000,-0.04080
,,,-0.00023760000,0.62000,-0.04080
,,,-0.00023756000,0.60000,-0.04080
,,,-0.00023752000,0.62000,-0.04080
,,,-0.00023748000,0.62000,-0.04080
,,,-0.00023743999,0.62000,-0.04080
,,,-0.00023740000,0.62000,-0.04080
,,,-0.00023736000,0.62000,-0.04080
,,,-0.00023732000,0.64000,-0.04000
,,,-0.00023727999,0.64000,-0.04080
,,,-0.00023724000,0.64000,-0.04080
,,,-0.00023720000,0.64000,-0.04000
,,,-0.00023716000,0.64000,-0.04000
,,,-0.00023712000,0.64000,-0.04000
,,,-0.00023707999,0.66000,-0.04000
,,,-0.00023704000,0.66000,-0.04000
,,,-0.00023700000,0.66000,-0.04000
,,,-0.00023696000,0.66000,-0.04000
,,,-0.00023691999,0.66000,-0.04000
,,,-0.00023688001,0.66000,-0.03920
,,,-0.00023684000,0.66000,-0.03920
,,,-0.00023680000,0.66000,-0.03920
,,,-0.00023676000,0.66000,-0.04000
,,,-0.00023671999,0.66000,-0.03920
,,,-0.00023668000,0.66000,-0.03920
,,,-0.00023664000,0.68000,-0.03840
,,,-0.00023660000,0.68000,-0.03920
,,,-0.00023655999,0.68000,-0.03920
,,,-0.00023652001,0.68000,-0.03840
,,,-0.00023648000,0.68000,-0.03920
,,,-0.00023644000,0.68000,-0.03920
,,,-0.00023640000,0.70000,-0.03840
,,,-0.00023635999,0.70000,-0.03840
,,,-0.00023632000,0.70000,-0.03840
,,,-0.00023628000,0.70000,-0.03840
,,,-0.00023624000,0.70000,-0.03840
,,,-0.00023619999,0.70000,-0.03840
,,,-0.00023616001,0.72000,-0.03840
,,,-0.00023612000,0.70000,-0.03840
,,,-0.00023608000,0.72000,-0.03760
,,,-0.00023604000,0.72000,-0.03760
,,,-0.00023599999,0.72000,-0.03840
,,,-0.00023596000,0.72000,-0.03760
,,,-0.00023592000,0.72000,-0.03680
,,,-0.00023588000,0.72000,-0.03760
,,,-0.00023583999,0.72000,-0.03680
,,,-0.00023580001,0.72000,-0.03680
,,,-0.00023576000,0.72000,-0.03680
,,,-0.00023572000,0.74000,-0.03680
,,,-0.00023568000,0.72000,-0.03680
,,,-0.00023563999,0.74000,-0.03680
,,,-0.00023560000,0.74000,-0.03680
,,,-0.00023556000,0.74000,-0.03680
,,,-0.00023552000,0.74000,-0.03680
,,,-0.00023547999,0.74000,-0.03600
,,,-0.00023544001,0.74000,-0.03600
,,,-0.00023540000,0.76000,-0.03600
,,,-0.00023536000,0.76000,-0.03600
,,,-0.00023532000,0.74000,-0.03600
,,,-0.00023527999,0.76000,-0.03600
,,,-0.00023524000,0.76000,-0.03600
,,,-0.00023520000,0.76000,-0.03600
,,,-0.00023516000,0.76000,-0.03520
,,,-0.00023511999,0.76000,-0.03520
,,,-0.00023507999,0.76000,-0.03520
,,,-0.00023504000,0.76000,-0.03520
,,,-0.00023500000,0.76000,-0.03520
,,,-0.00023496000,0.76000,-0.03520
,,,-0.00023491999,0.78000,-0.03520
,,,-0.00023488000,0.76000,-0.03520
,,,-0.00023484000,0.78000,-0.03440
,,,-0.00023480000,0.78000,-0.03440
,,,-0.00023475999,0.78000,-0.03440
,,,-0.00023471999,0.78000,-0.03440
,,,-0.00023468000,0.78000,-0.03440
,,,-0.00023464000,0.78000,-0.03360
,,,-0.00023460000,0.80000,-0.03360
,,,-0.00023455999,0.78000,-0.03360
,,,-0.00023452000,0.80000,-0.03360
,,,-0.00023448000,0.80000,-0.03360
,,,-0.00023444000,0.80000,-0.03360
,,,-0.00023439999,0.80000,-0.03360
,,,-0.00023435999,0.80000,-0.03360
,,,-0.00023432000,0.80000,-0.03280
,,,-0.00023428000,0.80000,-0.03280
,,,-0.00023424000,0.80000,-0.03280
,,,-0.00023419999,0.80000,-0.03280
,,,-0.00023416000,0.80000,-0.03200
,,,-0.00023412000,0.80000,-0.03200
,,,-0.00023408000,0.80000,-0.03200
,,,-0.00023404000,0.82000,-0.03200
,,,-0.00023399999,0.82000,-0.03200
,,,-0.00023396000,0.82000,-0.03200
,,,-0.00023392000,0.82000,-0.03200
,,,-0.00023388000,0.82000,-0.03120
,,,-0.00023383999,0.82000,-0.03120
,,,-0.00023380000,0.82000,-0.03120
,,,-0.00023376000,0.82000,-0.03120
,,,-0.00023372000,0.82000,-0.03040
,,,-0.00023368000,0.82000,-0.03040
,,,-0.00023363999,0.82000,-0.03040
,,,-0.00023360000,0.84000,-0.03040
,,,-0.00023356000,0.82000,-0.02960
,,,-0.00023352000,0.84000,-0.03040
,,,-0.00023347999,0.84000,-0.03040
,,,-0.00023344001,0.84000,-0.02960
,,,-0.00023340000,0.84000,-0.02960
,,,-0.00023336000,0.84000,-0.02880
,,,-0.00023332000,0.84000,-0.02960
,,,-0.00023327999,0.84000,-0.02960
,,,-0.00023324000,0.84000,-0.02880
,,,-0.00023320000,0.84000,-0.02880
,,,-0.00023316000,0.84000,-0.02880
,,,-0.00023311999,0.84000,-0.02880
,,,-0.00023308001,0.84000,-0.02800
,,,-0.00023304000,0.84000,-0.02800
,,,-0.00023300000,0.84000,-0.02880
,,,-0.00023296000,0.84000,-0.02800
,,,-0.00023291999,0.86000,-0.02800
,,,-0.00023288000,0.86000,-0.02720
,,,-0.00023284000,0.86000,-0.02800
,,,-0.00023280000,0.86000,-0.02800
,,,-0.00023275999,0.86000,-0.02720
,,,-0.00023272001,0.86000,-0.02720
,,,-0.00023268000,0.86000,-0.02720
,,,-0.00023264000,0.86000,-0.02720
,,,-0.00023260000,0.86000,-0.02640
,,,-0.00023255999,0.86000,-0.02640
,,,-0.00023252000,0.86000,-0.02720
,,,-0.00023248000,0.86000,-0.02640
,,,-0.00023244000,0.86000,-0.02640
,,,-0.00023239999,0.88000,-0.02640
,,,-0.00023236001,0.88000,-0.02640
,,,-0.00023232000,0.86000,-0.02560
,,,-0.00023228000,0.88000,-0.02560
,,,-0.00023224000,0.88000,-0.02560
,,,-0.00023219999,0.86000,-0.02560
,,,-0.00023216000,0.86000,-0.02560
,,,-0.00023212000,0.88000,-0.02480
,,,-0.00023208000,0.88000,-0.02480
,,,-0.00023203999,0.88000,-0.02480
,,,-0.00023200001,0.88000,-0.02480
,,,-0.00023196000,0.88000,-0.02400
,,,-0.00023192000,0.88000,-0.02400
,,,-0.00023188000,0.88000,-0.02400
,,,-0.00023183999,0.88000,-0.02400
,,,-0.00023180000,0.88000,-0.02400
,,,-0.00023176000,0.88000,-0.02400
,,,-0.00023172000,0.88000,-0.02400
,,,-0.00023167999,0.88000,-0.02320
,,,-0.00023163999,0.88000,-0.02320
,,,-0.00023160000,0.88000,-0.02320
,,,-0.00023156000,0.88000,-0.02320
,,,-0.00023152000,0.88000,-0.02240
,,,-0.00023147999,0.88000,-0.02240
,,,-0.00023144000,0.90000,-0.02240
,,,-0.00023140000,0.88000,-0.02240
,,,-0.00023136000,0.90000,-0.02240
,,,-0.00023131999,0.88000,-0.02240
,,,-0.00023127999,0.90000,-0.02240
,,,-0.00023124000,0.88000,-0.02240
,,,-0.00023120000,0.90000,-0.02160
,,,-0.00023116000,0.90000,-0.02160
,,,-0.00023111999,0.88000,-0.02160
,,,-0.00023108000,0.88000,-0.02160
,,,-0.00023104000,0.90000,-0.02080
,,,-0.00023100000,0.90000,-0.02080
,,,-0.00023095999,0.90000,-0.02080
,,,-0.00023091999,0.90000,-0.02000
,,,-0.00023088000,0.88000,-0.02000
,,,-0.00023084000,0.90000,-0.02000
,,,-0.00023080000,0.90000,-0.02000
,,,-0.00023075999,0.90000,-0.01920
,,,-0.00023072000,0.90000,-0.01920
,,,-0.00023068000,0.90000,-0.01920
,,,-0.00023064000,0.90000,-0.01920
,,,-0.00023060000,0.90000,-0.01920
,,,-0.00023055999,0.90000,-0.01840
,,,-0.00023052000,0.90000,-0.01840
,,,-0.00023048000,0.90000,-0.01840
,,,-0.00023044000,0.90000,-0.01840
,,,-0.00023039999,0.90000,-0.01760
,,,-0.00023036000,0.90000,-0.01760
,,,-0.00023032000,0.90000,-0.01760
,,,-0.00023028000,0.90000,-0.01760
,,,-0.00023024000,0.90000,-0.01680
,,,-0.00023019999,0.90000,-0.01680
,,,-0.00023016000,0.90000,-0.01680
,,,-0.00023012000,0.90000,-0.01680
,,,-0.00023008000,0.90000,-0.01600
,,,-0.00023003999,0.90000,-0.01680
,,,-0.00023000001,0.90000,-0.01680
,,,-0.00022996000,0.90000,-0.01600
,,,-0.00022992000,0.90000,-0.01600
,,,-0.00022988000,0.90000,-0.01600
,,,-0.00022983999,0.90000,-0.01520
,,,-0.00022980000,0.90000,-0.01520
,,,-0.00022976000,0.90000,-0.01520
,,,-0.00022972000,0.90000,-0.01440
,,,-0.00022967999,0.90000,-0.01440
,,,-0.00022964001,0.90000,-0.01440
,,,-0.00022960000,0.90000,-0.01440
,,,-0.00022956000,0.92000,-0.01440
,,,-0.00022952000,0.90000,-0.01440
,,,-0.00022947999,0.90000,-0.01360
,,,-0.00022944000,0.90000,-0.01360
,,,-0.00022940000,0.90000,-0.01360
,,,-0.00022936000,0.90000,-0.01360
,,,-0.00022931999,0.90000,-0.01280
,,,-0.00022928001,0.90000,-0.01280
,,,-0.00022924000,0.90000,-0.01280
,,,-0.00022920000,0.90000,-0.01280
,,,-0.00022916000,0.90000,-0.01200
,,,-0.00022911999,0.90000,-0.01200
,,,-0.00022908000,0.90000,-0.01200
,,,-0.00022904000,0.90000,-0.01200
,,,-0.00022900000,0.90000,-0.01120
,,,-0.00022895999,0.90000,-0.01120
,,,-0.00022892001,0.90000,-0.01120
,,,-0.00022888000,0.90000,-0.01120
,,,-0.00022884000,0.90000,-0.01120
,,,-0.00022880000,0.90000,-0.01120
,,,-0.00022875999,0.90000,-0.01040
,,,-0.00022872000,0.90000,-0.01040
,,,-0.00022868000,0.90000,-0.01040
,,,-0.00022864000,0.90000,-0.00960
,,,-0.00022859999,0.90000,-0.00960
,,,-0.00022856001,0.90000,-0.00960
,,,-0.00022852000,0.90000,-0.00960
,,,-0.00022848000,0.90000,-0.00880
,,,-0.00022844000,0.90000,-0.00960
,,,-0.00022839999,0.90000,-0.00880
,,,-0.00022836000,0.90000,-0.00880
,,,-0.00022832000,0.90000,-0.00880
,,,-0.00022828000,0.90000,-0.00800
,,,-0.00022823999,0.90000,-0.00800
,,,-0.00022819999,0.90000,-0.00800
,,,-0.00022816000,0.90000,-0.00800
,,,-0.00022812000,0.90000,-0.00800
,,,-0.00022808000,0.90000,-0.00720
,,,-0.00022803999,0.90000,-0.00720
,,,-0.00022800000,0.90000,-0.00720
,,,-0.00022796000,0.90000,-0.00720
,,,-0.00022792000,0.90000,-0.00640
,,,-0.00022787999,0.90000,-0.00640
,,,-0.00022783999,0.90000,-0.00640
,,,-0.00022780000,0.90000,-0.00640
,,,-0.00022776000,0.90000,-0.00640
,,,-0.00022772000,0.90000,-0.00640
,,,-0.00022767999,0.90000,-0.00560
,,,-0.00022764000,0.90000,-0.00560
,,,-0.00022760000,0.90000,-0.00480
,,,-0.00022756000,0.90000,-0.00480
,,,-0.00022751999,0.90000,-0.00480
,,,-0.00022747999,0.90000,-0.00480
,,,-0.00022744000,0.90000,-0.00480
,,,-0.00022740000,0.90000,-0.00480
,,,-0.00022736000,0.90000,-0.00400
,,,-0.00022731999,0.90000,-0.00400
,,,-0.00022728000,0.90000,-0.00400
,,,-0.00022724000,0.90000,-0.00400
,,,-0.00022720000,0.90000,-0.00320
,,,-0.00022716000,0.90000,-0.00320
,,,-0.00022711999,0.88000,-0.00320
,,,-0.00022708000,0.90000,-0.00320
,,,-0.00022704000,0.90000,-0.00240
,,,-0.00022700000,0.88000,-0.00240
,,,-0.00022695999,0.90000,-0.00240
,,,-0.00022692000,0.90000,-0.00160
,,,-0.00022688000,0.88000,-0.00160
,,,-0.00022684000,0.90000,-0.00160
,,,-0.00022680000,0.88000,-0.00160
,,,-0.00022675999,0.88000,-0.00160
,,,-0.00022672000,0.88000,-0.00080
,,,-0.00022668000,0.88000,-0.00080
,,,-0.00022664000,0.88000,-0.00080
,,,-0.00022659999,0.88000,-0.00080
,,,-0.00022656001,0.88000,-0.00080
,,,-0.00022652000,0.88000,0.00
,,,-0.00022648000,0.88000,0.00
,,,-0.00022644000,0.88000,0.00
,,,-0.00022639999,0.88000,0.00
,,,-0.00022636000,0.88000,0.00080
,,,-0.00022632000,0.88000,0.00080
,,,-0.00022628000,0.88000,0.00080
,,,-0.00022623999,0.88000,0.00160
,,,-0.00022620001,0.88000,0.00080
,,,-0.00022616000,0.88000,0.00160
,,,-0.00022612000,0.88000,0.00160
,,,-0.00022608000,0.88000,0.00160
,,,-0.00022603999,0.88000,0.00240
,,,-0.00022600000,0.88000,0.00240
,,,-0.00022596000,0.88000,0.00240
,,,-0.00022592000,0.86000,0.00240
,,,-0.00022587999,0.86000,0.00240
,,,-0.00022584001,0.86000,0.00240
,,,-0.00022580000,0.88000,0.00320
,,,-0.00022576000,0.86000,0.00320
,,,-0.00022572000,0.86000,0.00320
,,,-0.00022567999,0.86000,0.00400
,,,-0.00022564000,0.86000,0.00400
,,,-0.00022560000,0.86000,0.00400
,,,-0.00022556000,0.86000,0.00400
,,,-0.00022551999,0.86000,0.00400
,,,-0.00022548001,0.86000,0.00400
,,,-0.00022544000,0.86000,0.00480
,,,-0.00022540000,0.86000,0.00480
,,,-0.00022536000,0.86000,0.00480
,,,-0.00022531999,0.86000,0.00560
,,,-0.00022528000,0.86000,0.00560
,,,-0.00022524000,0.86000,0.00560
,,,-0.00022520000,0.84000,0.00640
,,,-0.00022515999,0.84000,0.00640
,,,-0.00022512001,0.84000,0.00640
,,,-0.00022508000,0.84000,0.00640
,,,-0.00022504000,0.84000,0.00720
,,,-0.00022500000,0.84000,0.00640
,,,-0.00022495999,0.84000,0.00720
,,,-0.00022492000,0.84000,0.00720
,,,-0.00022488000,0.84000,0.00800
,,,-0.00022484000,0.84000,0.00720
,,,-0.00022479999,0.84000,0.00720
,,,-0.00022475999,0.84000,0.00800
,,,-0.00022472000,0.84000,0.00800
,,,-0.00022468000,0.84000,0.00800
,,,-0.00022464000,0.82000,0.00800
,,,-0.00022459999,0.82000,0.00880
,,,-0.00022456000,0.82000,0.00880
,,,-0.00022452000,0.82000,0.00880
,,,-0.00022448000,0.82000,0.00880
,,,-0.00022443999,0.82000,0.00960
,,,-0.00022439999,0.82000,0.00960
,,,-0.00022436000,0.82000,0.00960
,,,-0.00022432000,0.82000,0.00960
,,,-0.00022428000,0.82000,0.01040
,,,-0.00022423999,0.82000,0.01040
,,,-0.00022420000,0.82000,0.01040
,,,-0.00022416000,0.82000,0.01040
,,,-0.00022412000,0.82000,0.01120
,,,-0.00022407999,0.80000,0.01120
,,,-0.00022403999,0.80000,0.01040
,,,-0.00022400000,0.80000,0.01120
,,,-0.00022396000,0.80000,0.01200
,,,-0.00022392000,0.80000,0.01200
,,,-0.00022387999,0.80000,0.01200
,,,-0.00022384000,0.80000,0.01200
,,,-0.00022380000,0.80000,0.01280
,,,-0.00022376000,0.80000,0.01200
,,,-0.00022372000,0.80000,0.01200
,,,-0.00022367999,0.80000,0.01280
,,,-0.00022364000,0.80000,0.01280
,,,-0.00022360000,0.80000,0.01280
,,,-0.00022356000,0.78000,0.01360
,,,-0.00022351999,0.78000,0.01360
,,,-0.00022348000,0.78000,0.01360
,,,-0.00022344000,0.78000,0.01360
,,,-0.00022340000,0.78000,0.01360
,,,-0.00022336000,0.78000,0.01360
,,,-0.00022331999,0.78000,0.01520
,,,-0.00022328000,0.78000,0.01440
,,,-0.00022324000,0.78000,0.01440
,,,-0.00022320000,0.76000,0.01520
,,,-0.00022315999,0.76000,0.01520
,,,-0.00022312001,0.76000,0.01520
,,,-0.00022308000,0.76000,0.01520
,,,-0.00022304000,0.76000,0.01600
,,,-0.00022300000,0.76000,0.01680
,,,-0.00022295999,0.76000,0.01600
,,,-0.00022292000,0.76000,0.01600
,,,-0.00022288000,0.76000,0.01680
,,,-0.00022284000,0.76000,0.01680
,,,-0.00022279999,0.74000,0.01680
,,,-0.00022276001,0.74000,0.01680
,,,-0.00022272000,0.74000,0.01680
,,,-0.00022268000,0.74000,0.01760
,,,-0.00022264000,0.74000,0.01760
,,,-0.00022259999,0.74000,0.01680
,,,-0.00022256000,0.74000,0.01760
,,,-0.00022252000,0.74000,0.01840
,,,-0.00022248000,0.74000,0.01760
,,,-0.00022243999,0.74000,0.01840
,,,-0.00022240001,0.74000,0.01840
,,,-0.00022236000,0.72000,0.01840
,,,-0.00022232000,0.72000,0.01840
,,,-0.00022228000,0.72000,0.01840
,,,-0.00022223999,0.72000,0.01920
,,,-0.00022220000,0.72000,0.02000
,,,-0.00022216000,0.72000,0.01920
,,,-0.00022212000,0.72000,0.01920
,,,-0.00022207999,0.72000,0.02000
,,,-0.00022204001,0.70000,0.02000
,,,-0.00022200000,0.72000,0.02000
,,,-0.00022196000,0.70000,0.02000
,,,-0.00022192000,0.70000,0.02080
,,,-0.00022187999,0.70000,0.02160
,,,-0.00022184000,0.70000,0.02080
,,,-0.00022180000,0.70000,0.02080
,,,-0.00022176000,0.70000,0.02160
,,,-0.00022171999,0.70000,0.02160
,,,-0.00022168001,0.70000,0.02160
,,,-0.00022164000,0.70000,0.02160
,,,-0.00022160000,0.70000,0.02240
,,,-0.00022156000,0.70000,0.02240
,,,-0.00022151999,0.68000,0.02240
,,,-0.00022148000,0.68000,0.02240
,,,-0.00022144000,0.68000,0.02320
,,,-0.00022140000,0.68000,0.02400
,,,-0.00022135999,0.68000,0.02320
,,,-0.00022131999,0.68000,0.02320
,,,-0.00022128000,0.68000,0.02400
,,,-0.00022124000,0.68000,0.02400
,,,-0.00022120000,0.68000,0.02400
,,,-0.00022115999,0.66000,0.02400
,,,-0.00022112000,0.66000,0.02400
,,,-0.00022108000,0.66000,0.02480
,,,-0.00022104000,0.68000,0.02480
,,,-0.00022099999,0.66000,0.02400
,,,-0.00022095999,0.66000,0.02480
,,,-0.00022092000,0.64000,0.02560
,,,-0.00022088000,0.66000,0.02480
,,,-0.00022084000,0.66000,0.02560
,,,-0.00022079999,0.66000,0.02560
,,,-0.00022076000,0.64000,0.02640
,,,-0.00022072000,0.64000,0.02560
,,,-0.00022068000,0.64000,0.02560
,,,-0.00022063999,0.64000,0.02640
,,,-0.00022059999,0.64000,0.02640
,,,-0.00022056000,0.64000,0.02640
,,,-0.00022052000,0.64000,0.02720
,,,-0.00022048000,0.62000,0.02720
,,,-0.00022043999,0.62000,0.02720
,,,-0.00022040000,0.62000,0.02720
,,,-0.00022036000,0.62000,0.02720
,,,-0.00022032000,0.62000,0.02720
,,,-0.00022028000,0.62000,0.02800
,,,-0.00022023999,0.62000,0.02720
,,,-0.00022020000,0.62000,0.02800
,,,-0.00022016000,0.60000,0.02880
,,,-0.00022012000,0.60000,0.02880
,,,-0.00022007999,0.60000,0.02800
,,,-0.00022004000,0.60000,0.02800
,,,-0.00022000000,0.60000,0.02880
,,,-0.00021996000,0.60000,0.02960
,,,-0.00021992000,0.60000,0.02880
,,,-0.00021987999,0.60000,0.02880
,,,-0.00021984000,0.60000,0.02960
,,,-0.00021980000,0.60000,0.02960
,,,-0.00021976000,0.58000,0.02880
,,,-0.00021971999,0.58000,0.02960
,,,-0.00021968001,0.58000,0.03040
,,,-0.00021964000,0.58000,0.03040
,,,-0.00021960000,0.58000,0.02960
,,,-0.00021956000,0.58000,0.02960
,,,-0.00021951999,0.58000,0.03040
,,,-0.00021948000,0.58000,0.03040
,,,-0.00021944000,0.56000,0.03040
,,,-0.00021940000,0.56000,0.03120
,,,-0.00021935999,0.56000,0.03120
,,,-0.00021932001,0.56000,0.03120
,,,-0.00021928000,0.56000,0.03120
,,,-0.00021924000,0.56000,0.03120
,,,-0.00021920000,0.56000,0.03200
,,,-0.00021915999,0.54000,0.03200
,,,-0.00021912000,0.54000,0.03200
,,,-0.00021908000,0.54000,0.03200
,,,-0.00021904000,0.54000,0.03280
,,,-0.00021899999,0.54000,0.03280
,,,-0.00021896001,0.54000,0.03200
,,,-0.00021892000,0.54000,0.03280
,,,-0.00021888000,0.54000,0.03360
,,,-0.00021884000,0.52000,0.03280
,,,-0.00021879999,0.52000,0.03200
,,,-0.00021876000,0.52000,0.03280
,,,-0.00021872000,0.52000,0.03360
,,,-0.00021868000,0.54000,0.03360
,,,-0.00021863999,0.52000,0.03360
,,,-0.00021860001,0.52000,0.03360
,,,-0.00021856000,0.52000,0.03360
,,,-0.00021852000,0.50000,0.03440
,,,-0.00021848000,0.52000,0.03440
,,,-0.00021843999,0.50000,0.03440
,,,-0.00021840000,0.50000,0.03520
,,,-0.00021836000,0.50000,0.03520
,,,-0.00021832000,0.48000,0.03440
,,,-0.00021827999,0.48000,0.03520
,,,-0.00021824001,0.50000,0.03520
,,,-0.00021820000,0.48000,0.03520
,,,-0.00021816000,0.48000,0.03520
,,,-0.00021812000,0.48000,0.03600
,,,-0.00021807999,0.46000,0.03600
,,,-0.00021804000,0.48000,0.03520
,,,-0.00021800000,0.48000,0.03520
,,,-0.00021796000,0.46000,0.03600
,,,-0.00021791999,0.46000,0.03680
,,,-0.00021788001,0.46000,0.03600
,,,-0.00021784000,0.46000,0.03600
,,,-0.00021780000,0.46000,0.03680
,,,-0.00021776000,0.46000,0.03760
,,,-0.00021771999,0.46000,0.03680
,,,-0.00021768000,0.44000,0.03680
,,,-0.00021764000,0.44000,0.03680
,,,-0.00021760000,0.44000,0.03760
,,,-0.00021755999,0.44000,0.03760
,,,-0.00021751999,0.44000,0.03680
,,,-0.00021748000,0.44000,0.03760
,,,-0.00021744000,0.44000,0.03760
,,,-0.00021740000,0.42000,0.03760
,,,-0.00021735999,0.42000,0.03760
,,,-0.00021732000,0.42000,0.03840
,,,-0.00021728000,0.42000,0.03840
,,,-0.00021724000,0.42000,0.03840
,,,-0.00021719999,0.42000,0.03760
,,,-0.00021715999,0.40000,0.03840
,,,-0.00021712000,0.40000,0.03920
,,,-0.00021708000,0.40000,0.03840
,,,-0.00021704000,0.40000,0.03840
,,,-0.00021699999,0.40000,0.03920
,,,-0.00021696000,0.40000,0.03920
,,,-0.00021692000,0.40000,0.03840
,,,-0.00021688000,0.40000,0.03920
,,,-0.00021684000,0.40000,0.04000
,,,-0.00021679999,0.38000,0.04000
,,,-0.00021676000,0.38000,0.03920
,,,-0.00021672000,0.38000,0.03920
,,,-0.00021668000,0.38000,0.04000
,,,-0.00021663999,0.38000,0.04000
,,,-0.00021660000,0.38000,0.04000
,,,-0.00021656000,0.38000,0.04000
,,,-0.00021652000,0.36000,0.04000
,,,-0.00021648000,0.36000,0.04080
,,,-0.00021643999,0.36000,0.04000
,,,-0.00021640000,0.36000,0.04000
,,,-0.00021636000,0.36000,0.04080
,,,-0.00021632000,0.36000,0.04080
,,,-0.00021627999,0.34000,0.04000
,,,-0.00021624001,0.34000,0.04080
,,,-0.00021620000,0.34000,0.04160
,,,-0.00021616000,0.34000,0.04160
,,,-0.00021612000,0.34000,0.04080
,,,-0.00021607999,0.32000,0.04080
,,,-0.00021604000,0.32000,0.04080
,,,-0.00021600000,0.32000,0.04160
,,,-0.00021596000,0.32000,0.04160
,,,-0.00021591999,0.32000,0.04080
,,,-0.00021588001,0.32000,0.04160
,,,-0.00021584000,0.32000,0.04160
,,,-0.00021580000,0.32000,0.04080
,,,-0.00021576000,0.30000,0.04080
,,,-0.00021571999,0.30000,0.04160
,,,-0.00021568000,0.30000,0.04240
,,,-0.00021564000,0.30000,0.04160
,,,-0.00021560000,0.30000,0.04240
,,,-0.00021555999,0.30000,0.04240
,,,-0.00021552001,0.30000,0.04240
,,,-0.00021548000,0.28000,0.04160
,,,-0.00021544000,0.28000,0.04240
,,,-0.00021540000,0.28000,0.04320
,,,-0.00021535999,0.28000,0.04320
,,,-0.00021532000,0.28000,0.04320
,,,-0.00021528000,0.26000,0.04320
,,,-0.00021524000,0.26000,0.04320
,,,-0.00021519999,0.26000,0.04320
,,,-0.00021516001,0.26000,0.04320
,,,-0.00021512000,0.26000,0.04320
,,,-0.00021508000,0.26000,0.04400
,,,-0.00021504000,0.24000,0.04400
,,,-0.00021499999,0.24000,0.04320
,,,-0.00021496000,0.24000,0.04320
,,,-0.00021492000,0.24000,0.04400
,,,-0.00021488000,0.24000,0.04320
,,,-0.00021483999,0.24000,0.04320
,,,-0.00021480001,0.22000,0.04400
,,,-0.00021476000,0.22000,0.04400
,,,-0.00021472000,0.22000,0.04400
,,,-0.00021468000,0.22000,0.04320
,,,-0.00021463999,0.22000,0.04400
,,,-0.00021460000,0.22000,0.04400
,,,-0.00021456000,0.20000,0.04480
,,,-0.00021452000,0.20000,0.04400
,,,-0.00021447999,0.20000,0.04400
,,,-0.00021444001,0.20000,0.04480
,,,-0.00021440000,0.20000,0.04480
,,,-0.00021436000,0.20000,0.04400
,,,-0.00021432000,0.18000,0.04480
,,,-0.00021427999,0.18000,0.04480
,,,-0.00021424000,0.18000,0.04480
,,,-0.00021420000,0.18000,0.04400
,,,-0.00021416000,0.18000,0.04480
,,,-0.00021411999,0.16000,0.04480
,,,-0.00021407999,0.16000,0.04480
,,,-0.00021404000,0.16000,0.04480
,,,-0.00021400000,0.16000,0.04480
,,,-0.00021396000,0.16000,0.04560
,,,-0.00021391999,0.16000,0.04480
,,,-0.00021388000,0.16000,0.04400
,,,-0.00021384000,0.14000,0.04560
,,,-0.00021380000,0.14000,0.04560
,,,-0.00021375999,0.14000,0.04480
,,,-0.00021371999,0.14000,0.04480
,,,-0.00021368000,0.12000,0.04560
,,,-0.00021364000,0.12000,0.04560
,,,-0.00021360000,0.12000,0.04560
,,,-0.00021355999,0.12000,0.04560
,,,-0.00021352000,0.12000,0.04560
,,,-0.00021348000,0.12000,0.04560
,,,-0.00021344000,0.12000,0.04560
,,,-0.00021340000,0.10000,0.04560
,,,-0.00021335999,0.10000,0.04560
,,,-0.00021332000,0.10000,0.04560
,,,-0.00021328000,0.10000,0.04560
,,,-0.00021324000,0.08000,0.04560
,,,-0.00021319999,0.08000,0.04560
,,,-0.00021316000,0.08000,0.04640
,,,-0.00021312000,0.08000,0.04560
,,,-0.00021308000,0.08000,0.04560
,,,-0.00021304000,0.08000,0.04640
,,,-0.00021299999,0.08000,0.04640
,,,-0.00021296000,0.08000,0.04640
,,,-0.00021292000,0.06000,0.04640
,,,-0.00021288000,0.06000,0.04640
,,,-0.00021283999,0.06000,0.04640
,,,-0.00021280001,0.06000,0.04640
,,,-0.00021276000,0.06000,0.04560
,,,-0.00021272000,0.04000,0.04640
,,,-0.00021268000,0.04000,0.04640
,,,-0.00021263999,0.04000,0.04640
,,,-0.00021260000,0.04000,0.04640
,,,-0.00021256000,0.04000,0.04640
,,,-0.00021252000,0.04000,0.04640
,,,-0.00021247999,0.02000,0.04640
,,,-0.00021244001,0.02000,0.04640
,,,-0.00021240000,0.02000,0.04720
,,,-0.00021236000,0.02000,0.04720
,,,-0.00021232000,0.02000,0.04720
,,,-0.00021227999,0.00,0.04720
,,,-0.00021224000,0.00,0.04720
,,,-0.00021220000,0.00,0.04720
,,,-0.00021216000,0.00,0.04720
,,,-0.00021211999,0.00,0.04720
,,,-0.00021208001,-0.02000,0.04720
,,,-0.00021204000,-0.02000,0.04720
,,,-0.00021200000,-0.02000,0.04720
,,,-0.00021196000,-0.02000,0.04640
,,,-0.00021191999,-0.02000,0.04720
,,,-0.00021188000,-0.04000,0.04720
,,,-0.00021184000,-0.02000,0.04640
,,,-0.00021180000,-0.04000,0.04720
,,,-0.00021175999,-0.04000,0.04720
,,,-0.00021172001,-0.04000,0.04720
,,,-0.00021168000,-0.04000,0.04720
,,,-0.00021164000,-0.06000,0.04720
,,,-0.00021160000,-0.06000,0.04720
,,,-0.00021155999,-0.06000,0.04800
,,,-0.00021152000,-0.06000,0.04720
,,,-0.00021148000,-0.06000,0.04720
,,,-0.00021144000,-0.08000,0.04800
,,,-0.00021139999,-0.08000,0.04800
,,,-0.00021136001,-0.08000,0.04720
,,,-0.00021132000,-0.08000,0.04720
,,,-0.00021128000,-0.10000,0.04720
,,,-0.00021124000,-0.10000,0.04720
,,,-0.00021119999,-0.10000,0.04720
,,,-0.00021116000,-0.10000,0.04720
,,,-0.00021112000,-0.10000,0.04800
,,,-0.00021108000,-0.10000,0.04720
,,,-0.00021103999,-0.12000,0.04720
,,,-0.00021100001,-0.12000,0.04720
,,,-0.00021096000,-0.12000,0.04720
,,,-0.00021092000,-0.12000,0.04720
,,,-0.00021088000,-0.12000,0.04720
,,,-0.00021083999,-0.12000,0.04720
,,,-0.00021080000,-0.12000,0.04800
,,,-0.00021076000,-0.14000,0.04720
,,,-0.00021072000,-0.14000,0.04640
,,,-0.00021067999,-0.14000,0.04720
,,,-0.00021063999,-0.14000,0.04720
,,,-0.00021060000,-0.14000,0.04720
,,,-0.00021056000,-0.16000,0.04720
,,,-0.00021052000,-0.16000,0.04720
,,,-0.00021047999,-0.16000,0.04720
,,,-0.00021044000,-0.16000,0.04720
,,,-0.00021040000,-0.18000,0.04720
,,,-0.00021036000,-0.18000,0.04640
,,,-0.00021031999,-0.18000,0.04720
,,,-0.00021027999,-0.18000,0.04640
,,,-0.00021024000,-0.18000,0.04720
,,,-0.00021020000,-0.18000,0.04720
,,,-0.00021016000,-0.20000,0.04720
,,,-0.00021011999,-0.20000,0.04720
,,,-0.00021008000,-0.20000,0.04640
,,,-0.00021004000,-0.20000,0.04640
,,,-0.00021000000,-0.20000,0.04720
,,,-0.00020996000,-0.22000,0.04720
,,,-0.00020991999,-0.22000,0.04720
,,,-0.00020988000,-0.22000,0.04720
,,,-0.00020984000,-0.22000,0.04720
,,,-0.00020980000,-0.22000,0.04640
,,,-0.00020975999,-0.22000,0.04640
,,,-0.00020972000,-0.22000,0.04640
,,,-0.00020968000,-0.24000,0.04720
,,,-0.00020964000,-0.24000,0.04720
,,,-0.00020960000,-0.24000,0.04640
,,,-0.00020955999,-0.24000,0.04640
,,,-0.00020952000,-0.26000,0.04720
,,,-0.00020948000,-0.26000,0.04640
,,,-0.00020944000,-0.26000,0.04640
,,,-0.00020939999,-0.26000,0.04720
,,,-0.00020936001,-0.26000,0.04720
,,,-0.00020932000,-0.28000,0.04720
,,,-0.00020928000,-0.28000,0.04640
,,,-0.00020924000,-0.28000,0.04720
,,,-0.00020919999,-0.28000,0.04720
,,,-0.00020916000,-0.30000,0.04640
,,,-0.00020912000,-0.30000,0.04640
,,,-0.00020908000,-0.30000,0.04720
,,,-0.00020903999,-0.30000,0.04640
,,,-0.00020900001,-0.30000,0.04640
,,,-0.00020896000,-0.30000,0.04640
,,,-0.00020892000,-0.32000,0.04640
,,,-0.00020888000,-0.32000,0.04640
,,,-0.00020883999,-0.32000,0.04640
,,,-0.00020880000,-0.32000,0.04560
,,,-0.00020876000,-0.32000,0.04640
,,,-0.00020872000,-0.32000,0.04640
,,,-0.00020867999,-0.34000,0.04560
,,,-0.00020864001,-0.34000,0.04640
,,,-0.00020860000,-0.34000,0.04640
,,,-0.00020856000,-0.34000,0.04640
,,,-0.00020852000,-0.34000,0.04640
,,,-0.00020847999,-0.36000,0.04640
,,,-0.00020844000,-0.36000,0.04640
,,,-0.00020840000,-0.36000,0.04640
,,,-0.00020836000,-0.36000,0.04560
,,,-0.00020831999,-0.36000,0.04560
,,,-0.00020828001,-0.38000,0.04560
,,,-0.00020824000,-0.38000,0.04560
,,,-0.00020820000,-0.38000,0.04560
,,,-0.00020816000,-0.40000,0.04480
,,,-0.00020811999,-0.38000,0.04560
,,,-0.00020808000,-0.40000,0.04560
,,,-0.00020804000,-0.40000,0.04480
,,,-0.00020800000,-0.40000,0.04560
,,,-0.00020795999,-0.40000,0.04560
,,,-0.00020792001,-0.40000,0.04480
,,,-0.00020788000,-0.40000,0.04480
,,,-0.00020784000,-0.42000,0.04560
,,,-0.00020780000,-0.42000,0.04480
,,,-0.00020775999,-0.42000,0.04480
,,,-0.00020772000,-0.42000,0.04480
,,,-0.00020768000,-0.44000,0.04480
,,,-0.00020764000,-0.44000,0.04480
,,,-0.00020759999,-0.44000,0.04480
,,,-0.00020756001,-0.44000,0.04480
,,,-0.00020752000,-0.44000,0.04480
,,,-0.00020748000,-0.46000,0.04480
,,,-0.00020744000,-0.46000,0.04400
,,,-0.00020739999,-0.46000,0.04400
,,,-0.00020736000,-0.46000,0.04400
,,,-0.00020732000,-0.46000,0.04400
,,,-0.00020728000,-0.48000,0.04400
,,,-0.00020723999,-0.48000,0.04400
,,,-0.00020719999,-0.48000,0.04400
,,,-0.00020716000,-0.48000,0.04400
,,,-0.00020712000,-0.48000,0.04320
,,,-0.00020708000,-0.48000,0.04400
,,,-0.00020703999,-0.50000,0.04320
,,,-0.00020700000,-0.50000,0.04400
,,,-0.00020696000,-0.50000,0.04400
,,,-0.00020692000,-0.50000,0.04320
,,,-0.00020687999,-0.50000,0.04400
,,,-0.00020683999,-0.50000,0.04400
,,,-0.00020680000,-0.52000,0.04320
,,,-0.00020676000,-0.52000,0.04240
,,,-0.00020672000,-0.52000,0.04320
,,,-0.00020667999,-0.52000,0.04240
,,,-0.00020664000,-0.52000,0.04240
,,,-0.00020660000,-0.54000,0.04320
,,,-0.00020656000,-0.54000,0.04240
,,,-0.00020652000,-0.54000,0.04240
,,,-0.00020647999,-0.54000,0.04240
,,,-0.00020644000,-0.54000,0.04240
,,,-0.00020640000,-0.56000,0.04240
,,,-0.00020636000,-0.56000,0.04240
,,,-0.00020631999,-0.56000,0.04240
,,,-0.00020628000,-0.56000,0.04240
,,,-0.00020624000,-0.58000,0.04240
,,,-0.00020620000,-0.56000,0.04240
,,,-0.00020616000,-0.58000,0.04160
,,,-0.00020611999,-0.58000,0.04160
,,,-0.00020608000,-0.58000,0.04240
,,,-0.00020604000,-0.58000,0.04160
,,,-0.00020600000,-0.58000,0.04160
,,,-0.00020595999,-0.60000,0.04160
,,,-0.00020592001,-0.60000,0.04160
,,,-0.00020588000,-0.60000,0.04080
,,,-0.00020584000,-0.60000,0.04080
,,,-0.00020580000,-0.62000,0.04080
,,,-0.00020575999,-0.60000,0.04080
,,,-0.00020572000,-0.60000,0.04160
,,,-0.00020568000,-0.62000,0.04080
,,,-0.00020564000,-0.62000,0.04080
,,,-0.00020559999,-0.62000,0.04080
,,,-0.00020556001,-0.64000,0.04000
,,,-0.00020552000,-0.64000,0.04080
,,,-0.00020548000,-0.64000,0.04080
,,,-0.00020544000,-0.64000,0.04080
,,,-0.00020539999,-0.64000,0.04080
,,,-0.00020536000,-0.66000,0.04000
,,,-0.00020532000,-0.64000,0.04000
,,,-0.00020528000,-0.66000,0.04000
,,,-0.00020523999,-0.66000,0.04000
,,,-0.00020520001,-0.66000,0.03920
,,,-0.00020516000,-0.66000,0.04000
,,,-0.00020512000,-0.68000,0.04000
,,,-0.00020508000,-0.68000,0.03920
,,,-0.00020503999,-0.68000,0.03920
,,,-0.00020500000,-0.68000,0.03920
,,,-0.00020496000,-0.68000,0.03920
,,,-0.00020492000,-0.68000,0.03920
,,,-0.00020487999,-0.70000,0.03840
,,,-0.00020484001,-0.68000,0.03920
,,,-0.00020480000,-0.70000,0.03840
,,,-0.00020476000,-0.70000,0.03840
,,,-0.00020472000,-0.70000,0.03840
,,,-0.00020467999,-0.72000,0.03840
,,,-0.00020464000,-0.70000,0.03840
,,,-0.00020460000,-0.72000,0.03840
,,,-0.00020456000,-0.72000,0.03760
,,,-0.00020451999,-0.72000,0.03760
,,,-0.00020448001,-0.72000,0.03760
,,,-0.00020444000,-0.74000,0.03760
,,,-0.00020440000,-0.74000,0.03760
,,,-0.00020436000,-0.74000,0.03760
,,,-0.00020431999,-0.74000,0.03680
,,,-0.00020428000,-0.74000,0.03680
,,,-0.00020424000,-0.74000,0.03680
,,,-0.00020420000,-0.74000,0.03680
,,,-0.00020415999,-0.74000,0.03680
,,,-0.00020412001,-0.76000,0.03680
,,,-0.00020408000,-0.76000,0.03600
,,,-0.00020404000,-0.76000,0.03680
,,,-0.00020400000,-0.76000,0.03600
,,,-0.00020395999,-0.76000,0.03600
,,,-0.00020392000,-0.76000,0.03600
,,,-0.00020388000,-0.78000,0.03600
,,,-0.00020384000,-0.78000,0.03600
,,,-0.00020379999,-0.78000,0.03600
,,,-0.00020375999,-0.78000,0.03520
,,,-0.00020372000,-0.78000,0.03520
,,,-0.00020368000,-0.78000,0.03520
,,,-0.00020364000,-0.78000,0.03520
,,,-0.00020359999,-0.80000,0.03440
,,,-0.00020356000,-0.80000,0.03520
,,,-0.00020352000,-0.80000,0.03520
,,,-0.00020348000,-0.80000,0.03440
,,,-0.00020343999,-0.82000,0.03360
,,,-0.00020339999,-0.82000,0.03440
,,,-0.00020336000,-0.82000,0.03440
,,,-0.00020332000,-0.82000,0.03360
,,,-0.00020328000,-0.82000,0.03360
,,,-0.00020323999,-0.82000,0.03360
,,,-0.00020320000,-0.82000,0.03360
,,,-0.00020316000,-0.82000,0.03360
,,,-0.00020312000,-0.82000,0.03280
,,,-0.00020308000,-0.84000,0.03280
,,,-0.00020303999,-0.84000,0.03360
,,,-0.00020300000,-0.84000,0.03280
,,,-0.00020296000,-0.84000,0.03280
,,,-0.00020292000,-0.84000,0.03280
,,,-0.00020287999,-0.84000,0.03200
,,,-0.00020284000,-0.84000,0.03200
,,,-0.00020280000,-0.84000,0.03200
,,,-0.00020276000,-0.86000,0.03200
,,,-0.00020272000,-0.86000,0.03200
,,,-0.00020267999,-0.86000,0.03120
,,,-0.00020264000,-0.86000,0.03120
,,,-0.00020260000,-0.86000,0.03120
,,,-0.00020256000,-0.88000,0.03120
,,,-0.00020251999,-0.88000,0.03120
,,,-0.00020248001,-0.86000,0.03120
,,,-0.00020244000,-0.88000,0.03120
,,,-0.00020240000,-0.88000,0.03120
,,,-0.00020236000,-0.88000,0.03040
,,,-0.00020231999,-0.88000,0.03040
,,,-0.00020228000,-0.88000,0.03040
,,,-0.00020224000,-0.88000,0.03120
,,,-0.00020220000,-0.90000,0.02960
,,,-0.00020215999,-0.90000,0.02960
,,,-0.00020212001,-0.90000,0.03040
,,,-0.00020208000,-0.90000,0.02960
,,,-0.00020204000,-0.90000,0.02880
,,,-0.00020200000,-0.90000,0.02880
,,,-0.00020195999,-0.90000,0.02880
,,,-0.00020192000,-0.90000,0.02960
,,,-0.00020188000,-0.92000,0.02800
,,,-0.00020184000,-0.92000,0.02800
,,,-0.00020179999,-0.90000,0.02880
,,,-0.00020176001,-0.92000,0.02880
,,,-0.00020172000,-0.92000,0.02800
,,,-0.00020168000,-0.92000,0.02800
,,,-0.00020164000,-0.92000,0.02800
,,,-0.00020159999,-0.92000,0.02800
,,,-0.00020156000,-0.92000,0.02720
,,,-0.00020152000,-0.94000,0.02720
,,,-0.00020148000,-0.94000,0.02800
,,,-0.00020143999,-0.94000,0.02800
,,,-0.00020140001,-0.94000,0.02720
,,,-0.00020136000,-0.94000,0.02720
,,,-0.00020132000,-0.94000,0.02720
,,,-0.00020128000,-0.94000,0.02640
,,,-0.00020123999,-0.94000,0.02640
,,,-0.00020120000,-0.96000,0.02560
,,,-0.00020116000,-0.96000,0.02640
,,,-0.00020112000,-0.94000,0.02640
,,,-0.00020107999,-0.96000,0.02560
,,,-0.00020104001,-0.96000,0.02560
,,,-0.00020100000,-0.96000,0.02560
,,,-0.00020096000,-0.96000,0.02560
,,,-0.00020092000,-0.96000,0.02560
,,,-0.00020087999,-0.96000,0.02480
,,,-0.00020084000,-0.96000,0.02480
,,,-0.00020080000,-0.96000,0.02480
,,,-0.00020076000,-0.98000,0.02480
,,,-0.00020071999,-0.96000,0.02400
,,,-0.00020068001,-0.98000,0.02400
,,,-0.00020064000,-0.98000,0.02400
,,,-0.00020060000,-0.98000,0.02400
,,,-0.00020056000,-0.98000,0.02400
,,,-0.00020051999,-0.98000,0.02400
,,,-0.00020048000,-0.98000,0.02320
,,,-0.00020044000,-0.98000,0.02320
,,,-0.00020040000,-0.98000,0.02240
,,,-0.00020035999,-1.00000,0.02320
,,,-0.00020031999,-0.98000,0.02240
,,,-0.00020028000,-0.98000,0.02240
,,,-0.00020024000,-0.98000,0.02160
,,,-0.00020020000,-1.00000,0.02160
,,,-0.00020015999,-1.00000,0.02160
,,,-0.00020012000,-1.00000,0.02160
,,,-0.00020008000,-1.00000,0.02080
,,,-0.00020004000,-1.00000,0.02160
,,,-0.00019999999,-1.00000,0.02160
,,,-0.00019995999,-1.00000,0.02080
,,,-0.00019992000,-1.00000,0.02080
,,,-0.00019988000,-1.00000,0.02080
,,,-0.00019984000,-1.02000,0.02000
,,,-0.00019979999,-1.02000,0.02000
,,,-0.00019976000,-1.02000,0.02000
,,,-0.00019972000,-1.02000,0.02000
,,,-0.00019968000,-1.02000,0.01920
,,,-0.00019964000,-1.02000,0.01920
,,,-0.00019959999,-1.02000,0.01920
,,,-0.00019956000,-1.02000,0.01920
,,,-0.00019952000,-1.02000,0.01920
,,,-0.00019948000,-1.02000,0.01840
,,,-0.00019943999,-1.02000,0.01840
,,,-0.00019940000,-1.02000,0.01840
,,,-0.00019936000,-1.02000,0.01840
,,,-0.00019932000,-1.02000,0.01760
,,,-0.00019928000,-1.04000,0.01760
,,,-0.00019923999,-1.02000,0.01840
,,,-0.00019920000,-1.04000,0.01760
,,,-0.00019916000,-1.02000,0.01680
,,,-0.00019912000,-1.02000,0.01680
,,,-0.00019907999,-1.04000,0.01680
,,,-0.00019904001,-1.04000,0.01600
,,,-0.00019900000,-1.02000,0.01600
,,,-0.00019896000,-1.04000,0.01600
,,,-0.00019892000,-1.04000,0.01600
,,,-0.00019887999,-1.04000,0.01600
,,,-0.00019884000,-1.04000,0.01520
,,,-0.00019880000,-1.04000,0.01520
,,,-0.00019876000,-1.04000,0.01600
,,,-0.00019871999,-1.04000,0.01520
,,,-0.00019868001,-1.04000,0.01520
,,,-0.00019864000,-1.04000,0.01520
,,,-0.00019860000,-1.04000,0.01520
,,,-0.00019856000,-1.04000,0.01520
,,,-0.00019851999,-1.04000,0.01440
,,,-0.00019848000,-1.04000,0.01360
,,,-0.00019844000,-1.04000,0.01440
,,,-0.00019840000,-1.04000,0.01440
,,,-0.00019835999,-1.06000,0.01360
,,,-0.00019832001,-1.04000,0.01360
,,,-0.00019828000,-1.04000,0.01360
,,,-0.00019824000,-1.04000,0.01360
,,,-0.00019820000,-1.04000,0.01280
,,,-0.00019815999,-1.06000,0.01280
,,,-0.00019812000,-1.06000,0.01280
,,,-0.00019808000,-1.06000,0.01280
,,,-0.00019804000,-1.04000,0.01200
,,,-0.00019799999,-1.04000,0.01200
,,,-0.00019796001,-1.06000,0.01200
,,,-0.00019792000,-1.06000,0.01200
,,,-0.00019788000,-1.06000,0.01120
,,,-0.00019784000,-1.06000,0.01120
,,,-0.00019779999,-1.06000,0.01120
,,,-0.00019776000,-1.04000,0.01120
,,,-0.00019772000,-1.04000,0.01120
,,,-0.00019768000,-1.04000,0.01040
,,,-0.00019763999,-1.06000,0.01120
,,,-0.00019760001,-1.06000,0.01040
,,,-0.00019756000,-1.06000,0.00960
,,,-0.00019752000,-1.06000,0.01040
,,,-0.00019748000,-1.06000,0.00960
,,,-0.00019743999,-1.06000,0.00960
,,,-0.00019740000,-1.06000,0.00960
,,,-0.00019736000,-1.06000,0.00880
,,,-0.00019732000,-1.04000,0.00880
,,,-0.00019727999,-1.06000,0.00880
,,,-0.00019724001,-1.06000,0.00800
,,,-0.00019720000,-1.06000,0.00800
,,,-0.00019716000,-1.06000,0.00800
,,,-0.00019712000,-1.06000,0.00800
,,,-0.00019707999,-1.06000,0.00800
,,,-0.00019704000,-1.04000,0.00720
,,,-0.00019700000,-1.04000,0.00800
,,,-0.00019696000,-1.06000,0.00720
,,,-0.00019691999,-1.06000,0.00720
,,,-0.00019687999,-1.04000,0.00720
,,,-0.00019684000,-1.04000,0.00720
,,,-0.00019680000,-1.06000,0.00640
,,,-0.00019676000,-1.06000,0.00640
,,,-0.00019671999,-1.06000,0.00640
,,,-0.00019668000,-1.06000,0.00640
,,,-0.00019664000,-1.04000,0.00560
,,,-0.00019660000,-1.06000,0.00560
,,,-0.00019655999,-1.06000,0.00480
,,,-0.00019651999,-1.04000,0.00560
,,,-0.00019648000,-1.04000,0.00480
,,,-0.00019644000,-1.04000,0.00480
,,,-0.00019640000,-1.04000,0.00400
,,,-0.00019635999,-1.04000,0.00400
,,,-0.00019632000,-1.04000,0.00400
,,,-0.00019628000,-1.04000,0.00400
,,,-0.00019624000,-1.04000,0.00320
,,,-0.00019620000,-1.04000,0.00320
,,,-0.00019615999,-1.04000,0.00320
,,,-0.00019612000,-1.04000,0.00320
,,,-0.00019608000,-1.04000,0.00240
,,,-0.00019604000,-1.04000,0.00240
,,,-0.00019599999,-1.02000,0.00240
,,,-0.00019596000,-1.02000,0.00240
,,,-0.00019592000,-1.04000,0.00240
,,,-0.00019588000,-1.02000,0.00240
,,,-0.00019584000,-1.02000,0.00160
,,,-0.00019579999,-1.04000,0.00160
,,,-0.00019576000,-1.04000,0.00160
,,,-0.00019572000,-1.02000,0.00160
,,,-0.00019568000,-1.02000,0.00080
,,,-0.00019563999,-1.02000,0.00080
,,,-0.00019560001,-1.04000,0.00080
,,,-0.00019556000,-1.04000,0.00080
,,,-0.00019552000,-1.02000,0.00080
,,,-0.00019548000,-1.02000,0.00
,,,-0.00019543999,-1.02000,0.00
,,,-0.00019540000,-1.00000,0.00
,,,-0.00019536000,-1.02000,0.00
,,,-0.00019532000,-1.02000,0.00
,,,-0.00019527999,-1.02000,-0.00080
,,,-0.00019524001,-1.02000,-0.00080
,,,-0.00019520000,-1.00000,-0.00080
,,,-0.00019516000,-1.00000,-0.00080
,,,-0.00019512000,-1.00000,-0.00160
,,,-0.00019507999,-1.00000,-0.00160
,,,-0.00019504000,-1.00000,-0.00160
,,,-0.00019500000,-1.00000,-0.00240
,,,-0.00019496000,-1.00000,-0.00240
,,,-0.00019491999,-1.00000,-0.00240
,,,-0.00019488001,-1.00000,-0.00240
,,,-0.00019484000,-1.00000,-0.00240
,,,-0.00019480000,-1.00000,-0.00240
,,,-0.00019476000,-1.00000,-0.00320
,,,-0.00019471999,-1.00000,-0.00320
,,,-0.00019468000,-0.98000,-0.00320
,,,-0.00019464000,-0.98000,-0.00320
,,,-0.00019460000,-0.98000,-0.00320
,,,-0.00019455999,-0.98000,-0.00400
,,,-0.00019452001,-0.98000,-0.00400
,,,-0.00019448000,-0.98000,-0.00400
,,,-0.00019444000,-0.98000,-0.00400
,,,-0.00019440000,-0.98000,-0.00480
,,,-0.00019435999,-0.98000,-0.00480
,,,-0.00019432000,-0.98000,-0.00480
,,,-0.00019428000,-0.98000,-0.00560
,,,-0.00019424000,-0.98000,-0.00560
,,,-0.00019419999,-0.96000,-0.00560
,,,-0.00019416001,-0.96000,-0.00560
,,,-0.00019412000,-0.96000,-0.00560
,,,-0.00019408000,-0.96000,-0.00640
,,,-0.00019404000,-0.96000,-0.00640
,,,-0.00019399999,-0.96000,-0.00640
,,,-0.00019396000,-0.94000,-0.00640
,,,-0.00019392000,-0.96000,-0.00640
,,,-0.00019388000,-0.96000,-0.00720
,,,-0.00019383999,-0.94000,-0.00720
,,,-0.00019380001,-0.94000,-0.00720
,,,-0.00019376000,-0.94000,-0.00800
,,,-0.00019372000,-0.94000,-0.00800
,,,-0.00019368000,-0.94000,-0.00800
,,,-0.00019363999,-0.94000,-0.00800
,,,-0.00019360000,-0.94000,-0.00880
,,,-0.00019356000,-0.94000,-0.00880
,,,-0.00019352000,-0.94000,-0.00880
,,,-0.00019347999,-0.92000,-0.00880
,,,-0.00019343999,-0.92000,-0.00880
,,,-0.00019340000,-0.92000,-0.00960
,,,-0.00019336000,-0.92000,-0.00960
,,,-0.00019332000,-0.92000,-0.00960
,,,-0.00019327999,-0.92000,-0.01040
,,,-0.00019324000,-0.92000,-0.01040
,,,-0.00019320000,-0.90000,-0.01040
,,,-0.00019316000,-0.92000,-0.01040
,,,-0.00019311999,-0.90000,-0.01040
,,,-0.00019307999,-0.90000,-0.01120
,,,-0.00019304000,-0.90000,-0.01120
,,,-0.00019300000,-0.90000,-0.01120
,,,-0.00019296000,-0.90000,-0.01120
,,,-0.00019291999,-0.90000,-0.01120
,,,-0.00019288000,-0.90000,-0.01120
,,,-0.00019284000,-0.90000,-0.01120
,,,-0.00019280000,-0.90000,-0.01200
,,,-0.00019276000,-0.88000,-0.01200
,,,-0.00019271999,-0.88000,-0.01280
,,,-0.00019268000,-0.88000,-0.01280
,,,-0.00019264000,-0.88000,-0.01280
,,,-0.00019260000,-0.88000,-0.01280
,,,-0.00019255999,-0.86000,-0.01280
,,,-0.00019252000,-0.88000,-0.01360
,,,-0.00019248000,-0.86000,-0.01360
,,,-0.00019244000,-0.86000,-0.01360
,,,-0.00019240000,-0.86000,-0.01360
,,,-0.00019235999,-0.86000,-0.01360
,,,-0.00019232000,-0.86000,-0.01360
,,,-0.00019228000,-0.86000,-0.01440
,,,-0.00019224000,-0.84000,-0.01440
,,,-0.00019219999,-0.84000,-0.01440
,,,-0.00019216001,-0.84000,-0.01520
,,,-0.00019212000,-0.84000,-0.01520
,,,-0.00019208000,-0.84000,-0.01520
,,,-0.00019204000,-0.84000,-0.01520
,,,-0.00019199999,-0.82000,-0.01520
,,,-0.00019196000,-0.84000,-0.01600
,,,-0.00019192000,-0.82000,-0.01600
,,,-0.00019188000,-0.82000,-0.01600
,,,-0.00019183999,-0.82000,-0.01680
,,,-0.00019180001,-0.82000,-0.01680
,,,-0.00019176000,-0.80000,-0.01680
,,,-0.00019172000,-0.82000,-0.01680
,,,-0.00019168000,-0.82000,-0.01680
,,,-0.00019163999,-0.82000,-0.01680
,,,-0.00019160000,-0.80000,-0.01760
,,,-0.00019156000,-0.80000,-0.01760
,,,-0.00019152000,-0.80000,-0.01760
,,,-0.00019147999,-0.80000,-0.01760
,,,-0.00019144001,-0.78000,-0.01760
,,,-0.00019140000,-0.78000,-0.01760
,,,-0.00019136000,-0.78000,-0.01840
,,,-0.00019132000,-0.78000,-0.01840
,,,-0.00019127999,-0.78000,-0.01840
,,,-0.00019124000,-0.78000,-0.01840
,,,-0.00019120000,-0.78000,-0.01840
,,,-0.00019116000,-0.76000,-0.01920
,,,-0.00019111999,-0.76000,-0.01920
,,,-0.00019108001,-0.76000,-0.01920
,,,-0.00019104000,-0.76000,-0.02000
,,,-0.00019100000,-0.76000,-0.02000
,,,-0.00019096000,-0.74000,-0.02000
,,,-0.00019091999,-0.74000,-0.02000
,,,-0.00019088000,-0.74000,-0.02080
,,,-0.00019084000,-0.74000,-0.02080
,,,-0.00019080000,-0.74000,-0.02080
,,,-0.00019075999,-0.74000,-0.02080
,,,-0.00019072001,-0.72000,-0.02160
,,,-0.00019068000,-0.74000,-0.02080
,,,-0.00019064000,-0.72000,-0.02080
,,,-0.00019060000,-0.72000,-0.02080
,,,-0.00019055999,-0.72000,-0.02160
,,,-0.00019052000,-0.72000,-0.02160
,,,-0.00019048000,-0.72000,-0.02160
,,,-0.00019044000,-0.72000,-0.02240
,,,-0.00019039999,-0.70000,-0.02240
,,,-0.00019036001,-0.70000,-0.02320
,,,-0.00019032000,-0.70000,-0.02240
,,,-0.00019028000,-0.70000,-0.02320
,,,-0.00019024000,-0.70000,-0.02320
,,,-0.00019019999,-0.68000,-0.02320
,,,-0.00019016000,-0.68000,-0.02320
,,,-0.00019012000,-0.68000,-0.02320
,,,-0.00019008000,-0.68000,-0.02400
,,,-0.00019003999,-0.68000,-0.02400
,,,-0.00019000001,-0.68000,-0.02400
,,,-0.00018996000,-0.66000,-0.02400
,,,-0.00018992000,-0.66000,-0.02400
,,,-0.00018988000,-0.66000,-0.02400
,,,-0.00018983999,-0.66000,-0.02400
,,,-0.00018980000,-0.66000,-0.02480
,,,-0.00018976000,-0.66000,-0.02480
,,,-0.00018972000,-0.64000,-0.02480
,,,-0.00018967999,-0.64000,-0.02480
,,,-0.00018963999,-0.64000,-0.02560
,,,-0.00018960000,-0.64000,-0.02560
,,,-0.00018956000,-0.64000,-0.02560
,,,-0.00018952000,-0.62000,-0.02560
,,,-0.00018947999,-0.62000,-0.02640
,,,-0.00018944000,-0.62000,-0.02640
,,,-0.00018940000,-0.60000,-0.02640
,,,-0.00018936000,-0.62000,-0.02640
,,,-0.00018932000,-0.60000,-0.02640
,,,-0.00018927999,-0.60000,-0.02640
,,,-0.00018924000,-0.60000,-0.02720
,,,-0.00018920000,-0.60000,-0.02640
,,,-0.00018916000,-0.58000,-0.02720
,,,-0.00018911999,-0.58000,-0.02800
,,,-0.00018908000,-0.58000,-0.02720
,,,-0.00018904000,-0.58000,-0.02720
,,,-0.00018900000,-0.58000,-0.02720
,,,-0.00018896000,-0.56000,-0.02800
,,,-0.00018891999,-0.58000,-0.02800
,,,-0.00018888000,-0.56000,-0.02800
,,,-0.00018884000,-0.56000,-0.02800
,,,-0.00018880000,-0.56000,-0.02880
,,,-0.00018875999,-0.56000,-0.02880
,,,-0.00018872001,-0.56000,-0.02880
,,,-0.00018868000,-0.54000,-0.02880
,,,-0.00018864000,-0.54000,-0.02960
,,,-0.00018860000,-0.54000,-0.02960
,,,-0.00018855999,-0.54000,-0.02960
,,,-0.00018852000,-0.52000,-0.02960
,,,-0.00018848000,-0.52000,-0.02960
,,,-0.00018844000,-0.52000,-0.02960
,,,-0.00018839999,-0.52000,-0.02960
,,,-0.00018836001,-0.52000,-0.02960
,,,-0.00018832000,-0.50000,-0.03040
,,,-0.00018828000,-0.50000,-0.02960
,,,-0.00018824000,-0.50000,-0.03040
,,,-0.00018819999,-0.50000,-0.03040
,,,-0.00018816000,-0.50000,-0.03040
,,,-0.00018812000,-0.50000,-0.03120
,,,-0.00018808000,-0.48000,-0.03120
,,,-0.00018803999,-0.48000,-0.03120
,,,-0.00018800001,-0.48000,-0.03200
,,,-0.00018796000,-0.48000,-0.03120
,,,-0.00018792000,-0.48000,-0.03120
,,,-0.00018788000,-0.48000,-0.03200
,,,-0.00018783999,-0.46000,-0.03200
,,,-0.00018780000,-0.46000,-0.03200
,,,-0.00018776000,-0.46000,-0.03200
,,,-0.00018772000,-0.44000,-0.03200
,,,-0.00018767999,-0.44000,-0.03280
,,,-0.00018764001,-0.44000,-0.03200
,,,-0.00018760000,-0.44000,-0.03200
,,,-0.00018756000,-0.44000,-0.03280
,,,-0.00018752000,-0.44000,-0.03280
,,,-0.00018747999,-0.42000,-0.03280
,,,-0.00018744000,-0.42000,-0.03360
,,,-0.00018740000,-0.42000,-0.03360
,,,-0.00018736000,-0.42000,-0.03360
,,,-0.00018731999,-0.42000,-0.03360
,,,-0.00018728001,-0.40000,-0.03360
,,,-0.00018724000,-0.40000,-0.03440
,,,-0.00018720000,-0.40000,-0.03440
,,,-0.00018716000,-0.40000,-0.03440
,,,-0.00018711999,-0.40000,-0.03440
,,,-0.00018708000,-0.38000,-0.03440
,,,-0.00018704000,-0.38000,-0.03520
,,,-0.00018700000,-0.38000,-0.03440
,,,-0.00018695999,-0.36000,-0.03440
,,,-0.00018692001,-0.36000,-0.03440
,,,-0.00018688000,-0.36000,-0.03520
,,,-0.00018684000,-0.36000,-0.03440
,,,-0.00018680000,-0.36000,-0.03520
,,,-0.00018675999,-0.36000,-0.03600
,,,-0.00018672000,-0.34000,-0.03520
,,,-0.00018668000,-0.36000,-0.03520
,,,-0.00018664000,-0.34000,-0.03520
,,,-0.00018659999,-0.34000,-0.03520
,,,-0.00018656001,-0.34000,-0.03520
,,,-0.00018652000,-0.34000,-0.03600
,,,-0.00018648000,-0.32000,-0.03600
,,,-0.00018644000,-0.32000,-0.03680
,,,-0.00018639999,-0.32000,-0.03680
,,,-0.00018636000,-0.30000,-0.03600
,,,-0.00018632000,-0.30000,-0.03680
,,,-0.00018628000,-0.30000,-0.03680
,,,-0.00018623999,-0.30000,-0.03680
,,,-0.00018619999,-0.30000,-0.03680
,,,-0.00018616000,-0.28000,-0.03680
,,,-0.00018612000,-0.28000,-0.03680
,,,-0.00018608000,-0.28000,-0.03680
,,,-0.00018603999,-0.28000,-0.03600
,,,-0.00018600000,-0.28000,-0.03680
,,,-0.00018596000,-0.26000,-0.03760
,,,-0.00018592000,-0.26000,-0.03760
,,,-0.00018588000,-0.26000,-0.03760
,,,-0.00018583999,-0.26000,-0.03760
,,,-0.00018580000,-0.26000,-0.03760
,,,-0.00018576000,-0.26000,-0.03760
,,,-0.00018572000,-0.24000,-0.03840
,,,-0.00018567999,-0.24000,-0.03840
,,,-0.00018564000,-0.24000,-0.03920
,,,-0.00018560000,-0.22000,-0.03840
,,,-0.00018556000,-0.22000,-0.03840
,,,-0.00018552000,-0.22000,-0.03920
,,,-0.00018547999,-0.22000,-0.03840
,,,-0.00018544000,-0.22000,-0.03840
,,,-0.00018540000,-0.20000,-0.03920
,,,-0.00018536000,-0.20000,-0.03920
,,,-0.00018531999,-0.20000,-0.03920
,,,-0.00018528001,-0.20000,-0.03920
,,,-0.00018524000,-0.18000,-0.03920
,,,-0.00018520000,-0.18000,-0.03920
,,,-0.00018516000,-0.18000,-0.03920
,,,-0.00018511999,-0.18000,-0.03920
,,,-0.00018508000,-0.18000,-0.04000
,,,-0.00018504000,-0.18000,-0.04000
,,,-0.00018500000,-0.18000,-0.04000
,,,-0.00018495999,-0.16000,-0.04000
,,,-0.00018492001,-0.16000,-0.03920
,,,-0.00018488000,-0.16000,-0.04000
,,,-0.00018484000,-0.16000,-0.04000
,,,-0.00018480000,-0.14000,-0.04000
,,,-0.00018475999,-0.14000,-0.04000
,,,-0.00018472000,-0.14000,-0.04000
,,,-0.00018468000,-0.14000,-0.04000
,,,-0.00018464000,-0.14000,-0.04000
,,,-0.00018459999,-0.12000,-0.04000
,,,-0.00018456001,-0.12000,-0.04080
,,,-0.00018452000,-0.12000,-0.04080
,,,-0.00018448000,-0.12000,-0.04080
,,,-0.00018444000,-0.10000,-0.04080
,,,-0.00018439999,-0.10000,-0.04080
,,,-0.00018436000,-0.10000,-0.04080
,,,-0.00018432000,-0.10000,-0.04080
,,,-0.00018428000,-0.10000,-0.04160
,,,-0.00018423999,-0.08000,-0.04160
,,,-0.00018420001,-0.08000,-0.04160
,,,-0.00018416000,-0.08000,-0.04080
,,,-0.00018412000,-0.08000,-0.04160
,,,-0.00018408000,-0.08000,-0.04160
,,,-0.00018403999,-0.06000,-0.04160
,,,-0.00018400000,-0.06000,-0.04160
,,,-0.00018396000,-0.06000,-0.04160
,,,-0.00018392000,-0.06000,-0.04160
,,,-0.00018387999,-0.04000,-0.04160
,,,-0.00018384001,-0.04000,-0.04160
,,,-0.00018380000,-0.04000,-0.04160
,,,-0.00018376000,-0.04000,-0.04160
,,,-0.00018372000,-0.04000,-0.04160
,,,-0.00018367999,-0.04000,-0.04160
,,,-0.00018364000,-0.02000,-0.04160
,,,-0.00018360000,-0.02000,-0.04160
,,,-0.00018356000,-0.02000,-0.04160
,,,-0.00018351999,-0.02000,-0.04160
,,,-0.00018348001,-0.02000,-0.04240
,,,-0.00018344000,0.00,-0.04240
,,,-0.00018340000,0.00,-0.04320
,,,-0.00018336000,0.00,-0.04240
,,,-0.00018331999,0.00,-0.04240
,,,-0.00018328000,0.02000,-0.04320
,,,-0.00018324000,0.02000,-0.04320
,,,-0.00018320000,0.02000,-0.04320
,,,-0.00018315999,0.02000,-0.04320
,,,-0.00018312001,0.02000,-0.04320
,,,-0.00018308000,0.04000,-0.04240
,,,-0.00018304000,0.04000,-0.04240
,,,-0.00018300000,0.04000,-0.04240
,,,-0.00018295999,0.04000,-0.04320
,,,-0.00018292000,0.04000,-0.04320
,,,-0.00018288000,0.06000,-0.04240
,,,-0.00018284000,0.06000,-0.04320
,,,-0.00018279999,0.06000,-0.04400
,,,-0.00018275999,0.06000,-0.04320
,,,-0.00018272000,0.06000,-0.04320
,,,-0.00018268000,0.08000,-0.04320
,,,-0.00018264000,0.08000,-0.04400
,,,-0.00018259999,0.08000,-0.04400
,,,-0.00018256000,0.08000,-0.04320
,,,-0.00018252000,0.08000,-0.04320
,,,-0.00018248000,0.10000,-0.04320
,,,-0.00018244000,0.10000,-0.04320
,,,-0.00018239999,0.10000,-0.04400
,,,-0.00018236000,0.10000,-0.04400
,,,-0.00018232000,0.12000,-0.04400
,,,-0.00018228000,0.12000,-0.04400
,,,-0.00018223999,0.12000,-0.04320
,,,-0.00018220000,0.12000,-0.04400
,,,-0.00018216000,0.12000,-0.04400
,,,-0.00018212000,0.14000,-0.04400
,,,-0.00018208000,0.14000,-0.04400
,,,-0.00018203999,0.14000,-0.04400
,,,-0.00018200000,0.14000,-0.04400
,,,-0.00018196000,0.14000,-0.04400
,,,-0.00018192000,0.14000,-0.04400
,,,-0.00018187999,0.14000,-0.04400
,,,-0.00018184001,0.16000,-0.04400
,,,-0.00018180000,0.16000,-0.04400
,,,-0.00018176000,0.16000,-0.04400
,,,-0.00018172000,0.16000,-0.04480
,,,-0.00018167999,0.18000,-0.04480
,,,-0.00018164000,0.18000,-0.04400
,,,-0.00018160000,0.18000,-0.04480
,,,-0.00018156000,0.18000,-0.04480
,,,-0.00018151999,0.18000,-0.04480
,,,-0.00018148001,0.20000,-0.04400
,,,-0.00018144000,0.20000,-0.04400
,,,-0.00018140000,0.20000,-0.04400
,,,-0.00018136000,0.20000,-0.04400
,,,-0.00018131999,0.20000,-0.04400
,,,-0.00018128000,0.22000,-0.04400
,,,-0.00018124000,0.22000,-0.04480
,,,-0.00018120000,0.22000,-0.04480
,,,-0.00018115999,0.22000,-0.04400
,,,-0.00018112001,0.22000,-0.04400
,,,-0.00018108000,0.24000,-0.04480
,,,-0.00018104000,0.24000,-0.04480
,,,-0.00018100000,0.24000,-0.04480
,,,-0.00018095999,0.24000,-0.04400
,,,-0.00018092000,0.24000,-0.04480
,,,-0.00018088000,0.26000,-0.04400
,,,-0.00018084000,0.26000,-0.04400
,,,-0.00018079999,0.26000,-0.04480
,,,-0.00018076001,0.26000,-0.04480
,,,-0.00018072000,0.26000,-0.04480
,,,-0.00018068000,0.26000,-0.04400
,,,-0.00018064000,0.28000,-0.04400
,,,-0.00018059999,0.28000,-0.04400
,,,-0.00018056000,0.28000,-0.04480
,,,-0.00018052000,0.28000,-0.04400
,,,-0.00018048000,0.28000,-0.04480
,,,-0.00018043999,0.30000,-0.04480
,,,-0.00018040001,0.30000,-0.04480
,,,-0.00018036000,0.30000,-0.04480
,,,-0.00018032000,0.30000,-0.04480
,,,-0.00018028000,0.30000,-0.04480
,,,-0.00018023999,0.32000,-0.04480
,,,-0.00018020000,0.32000,-0.04480
,,,-0.00018016000,0.32000,-0.04480
,,,-0.00018012000,0.32000,-0.04480
,,,-0.00018007999,0.32000,-0.04480
,,,-0.00018004001,0.32000,-0.04400
,,,-0.00018000000,0.32000,-0.04400
,,,-0.00017996000,0.34000,-0.04480
,,,-0.00017992000,0.34000,-0.04480
,,,-0.00017987999,0.34000,-0.04400
,,,-0.00017984000,0.34000,-0.04480
,,,-0.00017980000,0.34000,-0.04480
,,,-0.00017976000,0.36000,-0.04400
,,,-0.00017971999,0.36000,-0.04400
,,,-0.00017968001,0.36000,-0.04480
,,,-0.00017964000,0.36000,-0.04480
,,,-0.00017960000,0.36000,-0.04480
,,,-0.00017956000,0.38000,-0.04480
,,,-0.00017951999,0.38000,-0.04400
,,,-0.00017948000,0.38000,-0.04480
,,,-0.00017944000,0.38000,-0.04480
,,,-0.00017940000,0.38000,-0.04480
,,,-0.00017935999,0.40000,-0.04480
,,,-0.00017931999,0.40000,-0.04480
,,,-0.00017928000,0.40000,-0.04400
,,,-0.00017924000,0.40000,-0.04400
,,,-0.00017920000,0.40000,-0.04400
,,,-0.00017915999,0.40000,-0.04400
,,,-0.00017912000,0.40000,-0.04400
,,,-0.00017908000,0.42000,-0.04400
,,,-0.00017904000,0.42000,-0.04400
,,,-0.00017900000,0.42000,-0.04400
,,,-0.00017895999,0.42000,-0.04400
,,,-0.00017892000,0.42000,-0.04400
,,,-0.00017888000,0.42000,-0.04400
,,,-0.00017884000,0.44000,-0.04400
,,,-0.00017879999,0.44000,-0.04400
,,,-0.00017876000,0.44000,-0.04400
,,,-0.00017872000,0.44000,-0.04400
,,,-0.00017868000,0.44000,-0.04400
,,,-0.00017864000,0.46000,-0.04400
,,,-0.00017859999,0.46000,-0.04400
,,,-0.00017856000,0.46000,-0.04400
,,,-0.00017852000,0.46000,-0.04400
,,,-0.00017848000,0.46000,-0.04320
,,,-0.00017843999,0.46000,-0.04320
,,,-0.00017840001,0.48000,-0.04320
,,,-0.00017836000,0.48000,-0.04320
,,,-0.00017832000,0.48000,-0.04320
,,,-0.00017828000,0.48000,-0.04320
,,,-0.00017823999,0.48000,-0.04400
,,,-0.00017820000,0.48000,-0.04320
,,,-0.00017816000,0.50000,-0.04320
,,,-0.00017812000,0.50000,-0.04320
,,,-0.00017807999,0.50000,-0.04320
,,,-0.00017804001,0.50000,-0.04320
,,,-0.00017800000,0.50000,-0.04320
,,,-0.00017796000,0.50000,-0.04240
,,,-0.00017792000,0.50000,-0.04320
,,,-0.00017787999,0.52000,-0.04320
,,,-0.00017784000,0.52000,-0.04240
,,,-0.00017780000,0.52000,-0.04240
,,,-0.00017776000,0.52000,-0.04320
,,,-0.00017771999,0.52000,-0.04320
,,,-0.00017768001,0.54000,-0.04240
,,,-0.00017764000,0.54000,-0.04240
,,,-0.00017760000,0.54000,-0.04240
,,,-0.00017756000,0.54000,-0.04240
,,,-0.00017751999,0.54000,-0.04240
,,,-0.00017748000,0.54000,-0.04240
,,,-0.00017744000,0.54000,-0.04240
,,,-0.00017740000,0.56000,-0.04240
,,,-0.00017735999,0.56000,-0.04160
,,,-0.00017732001,0.56000,-0.04240
,,,-0.00017728000,0.56000,-0.04240
,,,-0.00017724000,0.56000,-0.04240
,,,-0.00017720000,0.56000,-0.04240
,,,-0.00017715999,0.56000,-0.04160
,,,-0.00017712000,0.58000,-0.04160
,,,-0.00017708000,0.58000,-0.04160
,,,-0.00017704000,0.58000,-0.04160
,,,-0.00017699999,0.58000,-0.04160
,,,-0.00017696001,0.58000,-0.04160
,,,-0.00017692000,0.58000,-0.04160
,,,-0.00017688000,0.58000,-0.04080
,,,-0.00017684000,0.60000,-0.04080
,,,-0.00017679999,0.60000,-0.04160
,,,-0.00017676000,0.60000,-0.04080
,,,-0.00017672000,0.60000,-0.04080
,,,-0.00017668000,0.60000,-0.04080
,,,-0.00017663999,0.60000,-0.04080
,,,-0.00017660001,0.62000,-0.04080
,,,-0.00017656000,0.62000,-0.04000
,,,-0.00017652000,0.62000,-0.04080
,,,-0.00017648000,0.62000,-0.04080
,,,-0.00017643999,0.62000,-0.04080
,,,-0.00017640000,0.62000,-0.04080
,,,-0.00017636000,0.62000,-0.04080
,,,-0.00017632000,0.64000,-0.04080
,,,-0.00017627999,0.64000,-0.04000
,,,-0.00017624001,0.64000,-0.04000
,,,-0.00017620000,0.64000,-0.04000
,,,-0.00017616000,0.64000,-0.04000
,,,-0.00017612000,0.64000,-0.04000
,,,-0.00017607999,0.64000,-0.03920
,,,-0.00017604000,0.64000,-0.03920
,,,-0.00017600000,0.64000,-0.04000
,,,-0.00017596000,0.66000,-0.03920
,,,-0.00017591999,0.66000,-0.03920
,,,-0.00017587999,0.66000,-0.04000
,,,-0.00017584000,0.66000,-0.03920
,,,-0.00017580000,0.66000,-0.03920
,,,-0.00017576000,0.66000,-0.03920
,,,-0.00017571999,0.68000,-0.03920
,,,-0.00017568000,0.68000,-0.03920
,,,-0.00017564000,0.68000,-0.03920
,,,-0.00017560000,0.68000,-0.03920
,,,-0.00017556000,0.68000,-0.03840
,,,-0.00017551999,0.68000,-0.03920
,,,-0.00017548000,0.68000,-0.03920
,,,-0.00017544000,0.68000,-0.03840
,,,-0.00017540000,0.68000,-0.03840
,,,-0.00017535999,0.70000,-0.03840
,,,-0.00017532000,0.70000,-0.03760
,,,-0.00017528000,0.70000,-0.03760
,,,-0.00017524000,0.70000,-0.03760
,,,-0.00017520000,0.70000,-0.03760
,,,-0.00017515999,0.70000,-0.03760
,,,-0.00017512000,0.70000,-0.03760
,,,-0.00017508000,0.70000,-0.03760
,,,-0.00017504000,0.72000,-0.03760
,,,-0.00017499999,0.72000,-0.03680
,,,-0.00017496001,0.72000,-0.03680
,,,-0.00017492000,0.72000,-0.03680
,,,-0.00017488000,0.72000,-0.03760
,,,-0.00017484000,0.72000,-0.03680
,,,-0.00017479999,0.72000,-0.03680
,,,-0.00017476000,0.72000,-0.03680
,,,-0.00017472000,0.74000,-0.03680
,,,-0.00017468000,0.72000,-0.03600
,,,-0.00017463999,0.74000,-0.03600
,,,-0.00017460001,0.74000,-0.03600
,,,-0.00017456000,0.74000,-0.03600
,,,-0.00017452000,0.74000,-0.03600
,,,-0.00017448000,0.74000,-0.03600
,,,-0.00017443999,0.74000,-0.03600
,,,-0.00017440000,0.74000,-0.03600
,,,-0.00017436000,0.74000,-0.03520
,,,-0.00017432000,0.76000,-0.03600
,,,-0.00017427999,0.76000,-0.03520
,,,-0.00017424001,0.76000,-0.03600
,,,-0.00017420000,0.76000,-0.03520
,,,-0.00017416000,0.76000,-0.03440
,,,-0.00017412000,0.76000,-0.03520
,,,-0.00017407999,0.76000,-0.03520
,,,-0.00017404000,0.76000,-0.03440
,,,-0.00017400000,0.76000,-0.03440
,,,-0.00017396000,0.76000,-0.03440
,,,-0.00017391999,0.76000,-0.03440
,,,-0.00017388001,0.76000,-0.03440
,,,-0.00017384000,0.78000,-0.03360
,,,-0.00017380000,0.78000,-0.03440
,,,-0.00017376000,0.78000,-0.03440
,,,-0.00017371999,0.78000,-0.03360
,,,-0.00017368000,0.78000,-0.03360
,,,-0.00017364000,0.78000,-0.03360
,,,-0.00017360000,0.78000,-0.03360
,,,-0.00017355999,0.78000,-0.03360
,,,-0.00017352001,0.78000,-0.03280
,,,-0.00017348000,0.80000,-0.03280
,,,-0.00017344000,0.80000,-0.03280
,,,-0.00017340000,0.80000,-0.03280
,,,-0.00017335999,0.80000,-0.03200
,,,-0.00017332000,0.80000,-0.03200
,,,-0.00017328000,0.80000,-0.03280
,,,-0.00017324000,0.80000,-0.03200
,,,-0.00017319999,0.80000,-0.03200
,,,-0.00017316001,0.80000,-0.03200
,,,-0.00017312000,0.80000,-0.03200
,,,-0.00017308000,0.80000,-0.03120
,,,-0.00017304000,0.80000,-0.03120
,,,-0.00017299999,0.82000,-0.03120
,,,-0.00017296000,0.82000,-0.03120
,,,-0.00017292000,0.82000,-0.03040
,,,-0.00017288000,0.82000,-0.03040
,,,-0.00017283999,0.82000,-0.03040
,,,-0.00017280001,0.82000,-0.03040
,,,-0.00017276000,0.82000,-0.03040
,,,-0.00017272000,0.82000,-0.03040
,,,-0.00017268000,0.82000,-0.03040
,,,-0.00017263999,0.82000,-0.03040
,,,-0.00017260000,0.84000,-0.02960
,,,-0.00017256000,0.82000,-0.02960
,,,-0.00017252000,0.84000,-0.02960
,,,-0.00017247999,0.84000,-0.02960
,,,-0.00017243999,0.84000,-0.02960
,,,-0.00017240000,0.84000,-0.02960
,,,-0.00017236000,0.84000,-0.02960
,,,-0.00017232000,0.84000,-0.02880
,,,-0.00017227999,0.84000,-0.02800
,,,-0.00017224000,0.84000,-0.02800
,,,-0.00017220000,0.84000,-0.02880
,,,-0.00017216000,0.84000,-0.02800
,,,-0.00017212000,0.84000,-0.02800
,,,-0.00017207999,0.84000,-0.02800
,,,-0.00017204000,0.84000,-0.02800
,,,-0.00017200000,0.84000,-0.02720
,,,-0.00017196000,0.84000,-0.02720
,,,-0.00017191999,0.84000,-0.02720
,,,-0.00017188000,0.84000,-0.02800
,,,-0.00017184000,0.86000,-0.02720
,,,-0.00017180000,0.86000,-0.02720
,,,-0.00017176000,0.86000,-0.02720
,,,-0.00017171999,0.86000,-0.02640
,,,-0.00017168000,0.86000,-0.02640
,,,-0.00017164000,0.86000,-0.02640
,,,-0.00017160000,0.86000,-0.02640
,,,-0.00017155999,0.86000,-0.02640
,,,-0.00017152001,0.86000,-0.02640
,,,-0.00017148000,0.86000,-0.02560
,,,-0.00017144000,0.86000,-0.02560
,,,-0.00017140000,0.86000,-0.02560
,,,-0.00017135999,0.86000,-0.02560
,,,-0.00017132000,0.86000,-0.02560
,,,-0.00017128000,0.86000,-0.02480
,,,-0.00017124000,0.86000,-0.02480
,,,-0.00017119999,0.86000,-0.02480
,,,-0.00017116001,0.88000,-0.02480
,,,-0.00017112000,0.88000,-0.02480
,,,-0.00017108000,0.88000,-0.02480
,,,-0.00017104000,0.88000,-0.02400
,,,-0.00017099999,0.88000,-0.02400
,,,-0.00017096000,0.88000,-0.02400
,,,-0.00017092000,0.88000,-0.02400
,,,-0.00017088000,0.88000,-0.02400
,,,-0.00017083999,0.88000,-0.02320
,,,-0.00017080001,0.88000,-0.02320
,,,-0.00017076000,0.88000,-0.02320
,,,-0.00017072000,0.88000,-0.02320
,,,-0.00017068000,0.88000,-0.02240
,,,-0.00017063999,0.88000,-0.02240
,,,-0.00017060000,0.88000,-0.02240
,,,-0.00017056000,0.88000,-0.02240
,,,-0.00017052000,0.88000,-0.02240
,,,-0.00017047999,0.88000,-0.02160
,,,-0.00017044001,0.88000,-0.02160
,,,-0.00017040000,0.88000,-0.02160
,,,-0.00017036000,0.88000,-0.02160
,,,-0.00017032000,0.88000,-0.02160
,,,-0.00017027999,0.88000,-0.02160
,,,-0.00017024000,0.90000,-0.02160
,,,-0.00017020000,0.88000,-0.02080
,,,-0.00017016000,0.88000,-0.02080
,,,-0.00017011999,0.90000,-0.02000
,,,-0.00017008001,0.88000,-0.02000
,,,-0.00017004000,0.90000,-0.02000
,,,-0.00017000000,0.90000,-0.02000
,,,-0.00016996000,0.88000,-0.02000
,,,-0.00016991999,0.90000,-0.02000
,,,-0.00016988000,0.90000,-0.01920
,,,-0.00016984000,0.90000,-0.01920
,,,-0.00016980000,0.90000,-0.01920
,,,-0.00016975999,0.90000,-0.01920
,,,-0.00016972001,0.90000,-0.01920
,,,-0.00016968000,0.90000,-0.01920
,,,-0.00016964000,0.90000,-0.01920
,,,-0.00016960000,0.90000,-0.01840
,,,-0.00016955999,0.90000,-0.01760
,,,-0.00016952000,0.90000,-0.01840
,,,-0.00016948000,0.90000,-0.01840
,,,-0.00016944000,0.90000,-0.01760
,,,-0.00016939999,0.90000,-0.01760
,,,-0.00016936001,0.90000,-0.01760
,,,-0.00016932000,0.90000,-0.01680
,,,-0.00016928000,0.90000,-0.01680
,,,-0.00016924000,0.90000,-0.01680
,,,-0.00016919999,0.90000,-0.01680
,,,-0.00016916000,0.90000,-0.01680
,,,-0.00016912000,0.90000,-0.01600
,,,-0.00016908000,0.90000,-0.01600
,,,-0.00016903999,0.90000,-0.01600
,,,-0.00016899999,0.90000,-0.01520
,,,-0.00016896000,0.90000,-0.01520
,,,-0.00016892000,0.90000,-0.01520
,,,-0.00016888000,0.90000,-0.01520
,,,-0.00016883999,0.90000,-0.01520
,,,-0.00016880000,0.92000,-0.01520
,,,-0.00016876000,0.90000,-0.01440
,,,-0.00016872000,0.90000,-0.01440
,,,-0.00016868000,0.90000,-0.01440
,,,-0.00016863999,0.90000,-0.01440
,,,-0.00016860000,0.90000,-0.01440
,,,-0.00016856000,0.90000,-0.01360
,,,-0.00016852000,0.90000,-0.01360
,,,-0.00016847999,0.90000,-0.01360
,,,-0.00016844000,0.90000,-0.01280
,,,-0.00016840000,0.90000,-0.01360
,,,-0.00016836000,0.90000,-0.01280
,,,-0.00016832000,0.90000,-0.01280
,,,-0.00016827999,0.90000,-0.01280
,,,-0.00016824000,0.90000,-0.01200
,,,-0.00016820000,0.90000,-0.01200
,,,-0.00016816000,0.90000,-0.01200
,,,-0.00016811999,0.90000,-0.01200
,,,-0.00016808001,0.92000,-0.01200
,,,-0.00016804000,0.90000,-0.01200
,,,-0.00016800000,0.92000,-0.01120
,,,-0.00016796000,0.90000,-0.01120
,,,-0.00016791999,0.90000,-0.01120
,,,-0.00016788000,0.90000,-0.01120
,,,-0.00016784000,0.90000,-0.01120
,,,-0.00016780000,0.92000,-0.01040
,,,-0.00016775999,0.90000,-0.00960
,,,-0.00016772001,0.90000,-0.01040
,,,-0.00016768000,0.90000,-0.00960
,,,-0.00016764000,0.90000,-0.00880
,,,-0.00016760000,0.92000,-0.00960
,,,-0.00016755999,0.92000,-0.00960
,,,-0.00016752000,0.90000,-0.00960
,,,-0.00016748000,0.90000,-0.00880
,,,-0.00016744000,0.92000,-0.00880
,,,-0.00016739999,0.90000,-0.00800
,,,-0.00016736001,0.90000,-0.00800
,,,-0.00016732000,0.90000,-0.00800
,,,-0.00016728000,0.90000,-0.00800
,,,-0.00016724000,0.90000,-0.00800
,,,-0.00016719999,0.90000,-0.00720
,,,-0.00016716000,0.90000,-0.00720
,,,-0.00016712000,0.90000,-0.00720
,,,-0.00016708000,0.90000,-0.00720
,,,-0.00016703999,0.90000,-0.00720
,,,-0.00016700001,0.92000,-0.00640
,,,-0.00016696000,0.90000,-0.00640
,,,-0.00016692000,0.92000,-0.00640
,,,-0.00016688000,0.90000,-0.00560
,,,-0.00016683999,0.90000,-0.00560
,,,-0.00016680000,0.90000,-0.00560
,,,-0.00016676000,0.90000,-0.00560
,,,-0.00016672000,0.90000,-0.00560
,,,-0.00016667999,0.90000,-0.00560
,,,-0.00016664001,0.90000,-0.00480
,,,-0.00016660000,0.90000,-0.00480
,,,-0.00016656000,0.90000,-0.00400
,,,-0.00016652000,0.90000,-0.00400
,,,-0.00016647999,0.90000,-0.00480
,,,-0.00016644000,0.90000,-0.00480
,,,-0.00016640000,0.90000,-0.00400
,,,-0.00016636000,0.90000,-0.00400
,,,-0.00016631999,0.90000,-0.00320
,,,-0.00016628001,0.88000,-0.00320
,,,-0.00016624000,0.90000,-0.00320
,,,-0.00016620000,0.88000,-0.00320
,,,-0.00016616000,0.88000,-0.00320
,,,-0.00016611999,0.90000,-0.00240
,,,-0.00016608000,0.90000,-0.00240
,,,-0.00016604000,0.90000,-0.00240
,,,-0.00016600000,0.90000,-0.00160
,,,-0.00016595999,0.88000,-0.00160
,,,-0.00016592001,0.90000,-0.00160
,,,-0.00016588000,0.90000,-0.00080
,,,-0.00016584000,0.90000,-0.00160
,,,-0.00016580000,0.88000,-0.00160
,,,-0.00016575999,0.90000,-0.00080
,,,-0.00016572000,0.88000,-0.00080
,,,-0.00016568000,0.90000,-0.00080
,,,-0.00016564000,0.88000,0.00
,,,-0.00016559999,0.88000,0.00
,,,-0.00016555999,0.90000,0.00
,,,-0.00016552000,0.88000,0.00
,,,-0.00016548000,0.88000,0.00
,,,-0.00016544000,0.88000,0.00080
,,,-0.00016539999,0.88000,0.00080
,,,-0.00016536000,0.88000,0.00080
,,,-0.00016532000,0.90000,0.00160
,,,-0.00016528000,0.88000,0.00160
,,,-0.00016524000,0.88000,0.00160
,,,-0.00016519999,0.88000,0.00240
,,,-0.00016516000,0.88000,0.00160
,,,-0.00016512000,0.88000,0.00240
,,,-0.00016508000,0.88000,0.00240
,,,-0.00016503999,0.88000,0.00240
,,,-0.00016500000,0.88000,0.00320
,,,-0.00016496000,0.88000,0.00320
,,,-0.00016492000,0.88000,0.00320
,,,-0.00016488000,0.88000,0.00320
,,,-0.00016483999,0.88000,0.00320
,,,-0.00016480000,0.86000,0.00320
,,,-0.00016476000,0.88000,0.00400
,,,-0.00016472000,0.88000,0.00400
,,,-0.00016467999,0.88000,0.00400
,,,-0.00016464001,0.88000,0.00480
,,,-0.00016460000,0.86000,0.00480
,,,-0.00016456000,0.88000,0.00400
,,,-0.00016452000,0.88000,0.00480
,,,-0.00016447999,0.86000,0.00560
,,,-0.00016444000,0.86000,0.00560
,,,-0.00016440000,0.86000,0.00560
,,,-0.00016436000,0.86000,0.00560
,,,-0.00016431999,0.86000,0.00560
,,,-0.00016428001,0.86000,0.00640
,,,-0.00016424000,0.86000,0.00640
,,,-0.00016420000,0.86000,0.00640
,,,-0.00016416000,0.86000,0.00720
,,,-0.00016411999,0.84000,0.00720
,,,-0.00016408000,0.86000,0.00720
,,,-0.00016404000,0.86000,0.00720
,,,-0.00016400000,0.86000,0.00720
,,,-0.00016395999,0.84000,0.00800
,,,-0.00016392001,0.84000,0.00720
,,,-0.00016388000,0.84000,0.00800
,,,-0.00016384000,0.84000,0.00880
,,,-0.00016380000,0.84000,0.00800
,,,-0.00016375999,0.84000,0.00880
,,,-0.00016372000,0.84000,0.00880
,,,-0.00016368000,0.84000,0.00880
,,,-0.00016364000,0.84000,0.00880
,,,-0.00016359999,0.84000,0.00960
,,,-0.00016356001,0.84000,0.00960
,,,-0.00016352000,0.84000,0.00960
,,,-0.00016348000,0.84000,0.00960
,,,-0.00016344000,0.84000,0.00960
,,,-0.00016339999,0.84000,0.01040
,,,-0.00016336000,0.82000,0.01040
,,,-0.00016332000,0.82000,0.01040
,,,-0.00016328000,0.82000,0.01040
,,,-0.00016323999,0.82000,0.01120
,,,-0.00016320001,0.82000,0.01120
,,,-0.00016316000,0.82000,0.01120
,,,-0.00016312000,0.82000,0.01120
,,,-0.00016308000,0.82000,0.01200
,,,-0.00016303999,0.82000,0.01200
,,,-0.00016300000,0.82000,0.01200
,,,-0.00016296000,0.82000,0.01200
,,,-0.00016292000,0.82000,0.01200
,,,-0.00016287999,0.82000,0.01200
,,,-0.00016284001,0.82000,0.01280
,,,-0.00016280000,0.80000,0.01280
,,,-0.00016276000,0.80000,0.01280
,,,-0.00016272000,0.80000,0.01360
,,,-0.00016267999,0.80000,0.01280
,,,-0.00016264000,0.80000,0.01360
,,,-0.00016260000,0.80000,0.01440
,,,-0.00016256000,0.80000,0.01360
,,,-0.00016251999,0.78000,0.01360
,,,-0.00016248001,0.80000,0.01440
,,,-0.00016244000,0.78000,0.01440
,,,-0.00016240000,0.78000,0.01440
,,,-0.00016236000,0.78000,0.01440
,,,-0.00016231999,0.78000,0.01520
,,,-0.00016228000,0.78000,0.01520
,,,-0.00016224000,0.78000,0.01520
,,,-0.00016220000,0.78000,0.01520
,,,-0.00016215999,0.78000,0.01520
,,,-0.00016212001,0.78000,0.01600
,,,-0.00016208000,0.78000,0.01600
,,,-0.00016204000,0.78000,0.01600
,,,-0.00016200000,0.76000,0.01680
,,,-0.00016195999,0.76000,0.01680
,,,-0.00016192000,0.76000,0.01680
,,,-0.00016188000,0.76000,0.01600
,,,-0.00016184000,0.76000,0.01680
,,,-0.00016180000,0.76000,0.01760
,,,-0.00016175999,0.76000,0.01680
,,,-0.00016172000,0.76000,0.01760
,,,-0.00016168000,0.76000,0.01760
,,,-0.00016164000,0.76000,0.01760
,,,-0.00016159999,0.76000,0.01840
,,,-0.00016156000,0.74000,0.01760
,,,-0.00016152000,0.74000,0.01840
,,,-0.00016148000,0.74000,0.01920
,,,-0.00016144000,0.74000,0.01920
,,,-0.00016139999,0.74000,0.01920
,,,-0.00016136000,0.74000,0.02000
,,,-0.00016132000,0.74000,0.02000
,,,-0.00016128000,0.74000,0.01920
,,,-0.00016123999,0.74000,0.01920
,,,-0.00016120001,0.72000,0.02080
,,,-0.00016116000,0.74000,0.02080
,,,-0.00016112000,0.72000,0.02080
,,,-0.00016108000,0.72000,0.02080
,,,-0.00016103999,0.72000,0.02080
,,,-0.00016100000,0.72000,0.02080
,,,-0.00016096000,0.72000,0.02080
,,,-0.00016092000,0.72000,0.02080
,,,-0.00016087999,0.72000,0.02080
,,,-0.00016084001,0.72000,0.02160
,,,-0.00016080000,0.72000,0.02160
,,,-0.00016076000,0.70000,0.02080
,,,-0.00016072000,0.72000,0.02240
,,,-0.00016067999,0.70000,0.02320
,,,-0.00016064000,0.70000,0.02240
,,,-0.00016060000,0.70000,0.02240
,,,-0.00016056000,0.70000,0.02320
,,,-0.00016051999,0.70000,0.02240
,,,-0.00016048001,0.70000,0.02320
,,,-0.00016044000,0.70000,0.02320
,,,-0.00016040000,0.68000,0.02400
,,,-0.00016036000,0.70000,0.02400
,,,-0.00016031999,0.68000,0.02400
,,,-0.00016028000,0.68000,0.02400
,,,-0.00016024000,0.68000,0.02480
,,,-0.00016020000,0.68000,0.02400
,,,-0.00016015999,0.68000,0.02480
,,,-0.00016012001,0.68000,0.02480
,,,-0.00016008000,0.68000,0.02480
,,,-0.00016004000,0.68000,0.02480
,,,-0.00016000000,0.66000,0.02480
,,,-0.00015995999,0.66000,0.02480
,,,-0.00015992000,0.68000,0.02560
,,,-0.00015988000,0.66000,0.02560
,,,-0.00015984000,0.66000,0.02560
,,,-0.00015979999,0.66000,0.02560
,,,-0.00015976001,0.66000,0.02560
,,,-0.00015972000,0.66000,0.02640
,,,-0.00015968000,0.66000,0.02640
,,,-0.00015964000,0.64000,0.02640
,,,-0.00015959999,0.64000,0.02720
,,,-0.00015956000,0.64000,0.02800
,,,-0.00015952000,0.64000,0.02640
,,,-0.00015948000,0.64000,0.02720
,,,-0.00015943999,0.64000,0.02720
,,,-0.00015940001,0.64000,0.02720
,,,-0.00015936000,0.62000,0.02720
,,,-0.00015932000,0.62000,0.02800
,,,-0.00015928000,0.62000,0.02800
,,,-0.00015923999,0.62000,0.02800
,,,-0.00015920000,0.62000,0.02800
,,,-0.00015916000,0.62000,0.02800
,,,-0.00015912000,0.62000,0.02800
,,,-0.00015907999,0.60000,0.02880
,,,-0.00015904001,0.62000,0.02880
,,,-0.00015900000,0.62000,0.02960
,,,-0.00015896000,0.60000,0.02960
,,,-0.00015892000,0.60000,0.02960
,,,-0.00015887999,0.60000,0.02880
,,,-0.00015884000,0.60000,0.02880
,,,-0.00015880000,0.60000,0.02960
,,,-0.00015876000,0.60000,0.02960
,,,-0.00015871999,0.60000,0.02960
,,,-0.00015868001,0.60000,0.03040
,,,-0.00015864000,0.58000,0.03040
,,,-0.00015860000,0.58000,0.03040
,,,-0.00015856000,0.58000,0.03040
,,,-0.00015851999,0.58000,0.03040
,,,-0.00015848000,0.58000,0.03120
,,,-0.00015844000,0.58000,0.03120
,,,-0.00015840000,0.56000,0.03120
,,,-0.00015836000,0.58000,0.03200
,,,-0.00015831999,0.58000,0.03200
,,,-0.00015828000,0.56000,0.03200
,,,-0.00015824000,0.56000,0.03200
,,,-0.00015820000,0.56000,0.03200
,,,-0.00015815999,0.56000,0.03280
,,,-0.00015812000,0.56000,0.03280
,,,-0.00015808000,0.56000,0.03280
,,,-0.00015804000,0.56000,0.03280
,,,-0.00015800000,0.56000,0.03280
,,,-0.00015795999,0.54000,0.03280
,,,-0.00015792000,0.54000,0.03280
,,,-0.00015788000,0.54000,0.03360
,,,-0.00015784000,0.54000,0.03280
,,,-0.00015779999,0.54000,0.03360
,,,-0.00015776001,0.54000,0.03360
,,,-0.00015772000,0.52000,0.03360
,,,-0.00015768000,0.52000,0.03440
,,,-0.00015764000,0.52000,0.03440
,,,-0.00015759999,0.52000,0.03360
,,,-0.00015756000,0.52000,0.03440
,,,-0.00015752000,0.52000,0.03520
,,,-0.00015748000,0.50000,0.03440
,,,-0.00015743999,0.50000,0.03520
,,,-0.00015740001,0.50000,0.03520
,,,-0.00015736000,0.50000,0.03520
,,,-0.00015732000,0.50000,0.03520
,,,-0.00015728000,0.50000,0.03520
,,,-0.00015723999,0.50000,0.03520
,,,-0.00015720000,0.50000,0.03600
,,,-0.00015716000,0.48000,0.03520
,,,-0.00015712000,0.48000,0.03600
,,,-0.00015707999,0.48000,0.03600
,,,-0.00015704001,0.48000,0.03600
,,,-0.00015700000,0.48000,0.03600
,,,-0.00015696000,0.48000,0.03600
,,,-0.00015692000,0.46000,0.03680
,,,-0.00015687999,0.48000,0.03760
,,,-0.00015684000,0.46000,0.03680
,,,-0.00015680000,0.46000,0.03680
,,,-0.00015676000,0.46000,0.03680
,,,-0.00015671999,0.46000,0.03680
,,,-0.00015668001,0.46000,0.03680
,,,-0.00015664000,0.46000,0.03760
,,,-0.00015660000,0.44000,0.03760
,,,-0.00015656000,0.44000,0.03760
,,,-0.00015651999,0.44000,0.03760
,,,-0.00015648000,0.42000,0.03680
,,,-0.00015644000,0.44000,0.03760
,,,-0.00015640000,0.42000,0.03840
,,,-0.00015635999,0.42000,0.03680
,,,-0.00015632001,0.42000,0.03840
,,,-0.00015628000,0.42000,0.03920
,,,-0.00015624000,0.42000,0.03840
,,,-0.00015620000,0.42000,0.03840
,,,-0.00015615999,0.42000,0.03840
,,,-0.00015612000,0.42000,0.03840
,,,-0.00015608000,0.42000,0.03920
,,,-0.00015604000,0.40000,0.03840
,,,-0.00015599999,0.40000,0.03920
,,,-0.00015596001,0.40000,0.03920
,,,-0.00015592000,0.40000,0.03920
,,,-0.00015588000,0.40000,0.03920
,,,-0.00015584000,0.40000,0.03920
,,,-0.00015579999,0.38000,0.03920
,,,-0.00015576000,0.40000,0.04080
,,,-0.00015572000,0.38000,0.04000
,,,-0.00015568000,0.38000,0.04000
,,,-0.00015563999,0.38000,0.04080
,,,-0.00015560001,0.38000,0.04000
,,,-0.00015556000,0.38000,0.04000
,,,-0.00015552000,0.36000,0.04080
,,,-0.00015548000,0.36000,0.04080
,,,-0.00015543999,0.36000,0.04080
,,,-0.00015540000,0.36000,0.04080
,,,-0.00015536000,0.34000,0.04080
,,,-0.00015532000,0.34000,0.04080
,,,-0.00015527999,0.34000,0.04160
,,,-0.00015524001,0.34000,0.04080
,,,-0.00015520000,0.36000,0.04160
,,,-0.00015516000,0.34000,0.04160
,,,-0.00015512000,0.34000,0.04160
,,,-0.00015507999,0.34000,0.04160
,,,-0.00015504000,0.32000,0.04160
,,,-0.00015500000,0.32000,0.04160
,,,-0.00015496000,0.32000,0.04160
,,,-0.00015492000,0.32000,0.04160
,,,-0.00015487999,0.32000,0.04160
,,,-0.00015484000,0.32000,0.04240
,,,-0.00015480000,0.30000,0.04160
,,,-0.00015476000,0.32000,0.04240
,,,-0.00015471999,0.30000,0.04160
,,,-0.00015468000,0.30000,0.04240
,,,-0.00015464000,0.30000,0.04240
,,,-0.00015460000,0.28000,0.04240
,,,-0.00015456000,0.28000,0.04240
,,,-0.00015451999,0.30000,0.04320
,,,-0.00015448000,0.28000,0.04320
,,,-0.00015444000,0.28000,0.04240
,,,-0.00015440000,0.28000,0.04400
,,,-0.00015435999,0.26000,0.04320
,,,-0.00015432001,0.26000,0.04320
,,,-0.00015428000,0.28000,0.04320
,,,-0.00015424000,0.26000,0.04320
,,,-0.00015420000,0.26000,0.04320
,,,-0.00015415999,0.26000,0.04400
,,,-0.00015412000,0.24000,0.04400
,,,-0.00015408000,0.26000,0.04400
,,,-0.00015404000,0.24000,0.04400
,,,-0.00015399999,0.24000,0.04320
,,,-0.00015396001,0.24000,0.04320
,,,-0.00015392000,0.24000,0.04320
,,,-0.00015388000,0.24000,0.04400
,,,-0.00015384000,0.24000,0.04480
,,,-0.00015379999,0.22000,0.04400
,,,-0.00015376000,0.22000,0.04400
,,,-0.00015372000,0.22000,0.04480
,,,-0.00015368000,0.22000,0.04400
,,,-0.00015363999,0.22000,0.04400
,,,-0.00015360001,0.20000,0.04480
,,,-0.00015356000,0.20000,0.04480
,,,-0.00015352000,0.20000,0.04480
,,,-0.00015348000,0.20000,0.04480
,,,-0.00015343999,0.18000,0.04400
,,,-0.00015340000,0.18000,0.04480
,,,-0.00015336000,0.18000,0.04480
,,,-0.00015332000,0.16000,0.04400
,,,-0.00015327999,0.18000,0.04560
,,,-0.00015324001,0.18000,0.04480
,,,-0.00015320000,0.18000,0.04480
,,,-0.00015316000,0.18000,0.04480
,,,-0.00015312000,0.16000,0.04480
,,,-0.00015307999,0.16000,0.04480
,,,-0.00015304000,0.16000,0.04480
,,,-0.00015300000,0.16000,0.04480
,,,-0.00015296000,0.16000,0.04560
,,,-0.00015291999,0.16000,0.04560
,,,-0.00015288001,0.14000,0.04480
,,,-0.00015284000,0.14000,0.04560
,,,-0.00015280000,0.14000,0.04560
,,,-0.00015276000,0.12000,0.04560
,,,-0.00015271999,0.12000,0.04640
,,,-0.00015268000,0.12000,0.04560
,,,-0.00015264000,0.12000,0.04560
,,,-0.00015260000,0.12000,0.04640
,,,-0.00015255999,0.12000,0.04560
,,,-0.00015252001,0.12000,0.04560
,,,-0.00015248000,0.12000,0.04640
,,,-0.00015244000,0.10000,0.04560
,,,-0.00015240000,0.10000,0.04560
,,,-0.00015235999,0.10000,0.04640
,,,-0.00015232000,0.08000,0.04560
,,,-0.00015228000,0.10000,0.04640
,,,-0.00015224000,0.08000,0.04560
,,,-0.00015219999,0.08000,0.04560
,,,-0.00015216001,0.08000,0.04640
,,,-0.00015212000,0.06000,0.04640
,,,-0.00015208000,0.08000,0.04640
,,,-0.00015204000,0.06000,0.04640
,,,-0.00015199999,0.06000,0.04560
,,,-0.00015196000,0.06000,0.04640
,,,-0.00015192000,0.06000,0.04640
,,,-0.00015188000,0.06000,0.04560
,,,-0.00015183999,0.06000,0.04640
,,,-0.00015180001,0.06000,0.04640
,,,-0.00015176000,0.04000,0.04640
,,,-0.00015172000,0.04000,0.04640
,,,-0.00015168000,0.02000,0.04720
,,,-0.00015163999,0.04000,0.04640
,,,-0.00015160000,0.02000,0.04720
,,,-0.00015156000,0.02000,0.04640
,,,-0.00015152000,0.02000,0.04640
,,,-0.00015148000,0.02000,0.04720
,,,-0.00015143999,0.00,0.04640
,,,-0.00015140000,0.00,0.04720
,,,-0.00015136000,0.00,0.04720
,,,-0.00015132000,0.00,0.04720
,,,-0.00015127999,0.00,0.04720
,,,-0.00015124000,0.00,0.04640
,,,-0.00015120000,-0.02000,0.04640
,,,-0.00015116000,-0.02000,0.04720
,,,-0.00015112000,-0.02000,0.04720
,,,-0.00015107999,-0.02000,0.04720
,,,-0.00015104000,-0.02000,0.04720
,,,-0.00015100000,-0.04000,0.04640
,,,-0.00015096000,-0.04000,0.04640
,,,-0.00015091999,-0.04000,0.04720
,,,-0.00015088001,-0.04000,0.04720
,,,-0.00015084000,-0.04000,0.04720
,,,-0.00015080000,-0.04000,0.04720
,,,-0.00015076000,-0.06000,0.04640
,,,-0.00015071999,-0.06000,0.04720
,,,-0.00015068000,-0.06000,0.04720
,,,-0.00015064000,-0.06000,0.04640
,,,-0.00015060000,-0.06000,0.04720
,,,-0.00015055999,-0.08000,0.04720
,,,-0.00015052001,-0.08000,0.04720
,,,-0.00015048000,-0.08000,0.04720
,,,-0.00015044000,-0.10000,0.04720
,,,-0.00015040000,-0.10000,0.04720
,,,-0.00015035999,-0.10000,0.04720
,,,-0.00015032000,-0.10000,0.04720
,,,-0.00015028000,-0.10000,0.04720
,,,-0.00015024000,-0.10000,0.04720
,,,-0.00015019999,-0.10000,0.04720
,,,-0.00015016001,-0.10000,0.04720
,,,-0.00015012000,-0.12000,0.04720
,,,-0.00015008000,-0.12000,0.04720
,,,-0.00015004000,-0.12000,0.04720
,,,-0.00014999999,-0.12000,0.04720
,,,-0.00014996000,-0.14000,0.04720
,,,-0.00014992000,-0.12000,0.04720
,,,-0.00014988000,-0.14000,0.04720
,,,-0.00014983999,-0.14000,0.04720
,,,-0.00014980001,-0.14000,0.04720
,,,-0.00014976000,-0.16000,0.04720
,,,-0.00014972000,-0.16000,0.04800
,,,-0.00014968000,-0.16000,0.04720
,,,-0.00014963999,-0.16000,0.04720
,,,-0.00014960000,-0.16000,0.04720
,,,-0.00014956000,-0.16000,0.04720
,,,-0.00014952000,-0.18000,0.04640
,,,-0.00014947999,-0.18000,0.04720
,,,-0.00014944001,-0.18000,0.04720
,,,-0.00014940000,-0.18000,0.04640
,,,-0.00014936000,-0.18000,0.04720
,,,-0.00014932000,-0.20000,0.04720
,,,-0.00014927999,-0.20000,0.04720
,,,-0.00014924000,-0.20000,0.04720
,,,-0.00014920000,-0.20000,0.04720
,,,-0.00014916000,-0.20000,0.04640
,,,-0.00014911999,-0.20000,0.04640
,,,-0.00014908001,-0.22000,0.04640
,,,-0.00014904000,-0.22000,0.04720
,,,-0.00014900000,-0.22000,0.04720
,,,-0.00014896000,-0.22000,0.04720
,,,-0.00014891999,-0.22000,0.04720
,,,-0.00014888000,-0.24000,0.04640
,,,-0.00014884000,-0.24000,0.04640
,,,-0.00014880000,-0.24000,0.04640
,,,-0.00014875999,-0.24000,0.04720
,,,-0.00014872001,-0.24000,0.04640
,,,-0.00014868000,-0.26000,0.04720
,,,-0.00014864000,-0.26000,0.04720
,,,-0.00014860000,-0.26000,0.04640
,,,-0.00014855999,-0.26000,0.04720
,,,-0.00014852000,-0.26000,0.04640
,,,-0.00014848000,-0.28000,0.04640
,,,-0.00014844000,-0.28000,0.04640
,,,-0.00014839999,-0.28000,0.04640
,,,-0.00014836001,-0.28000,0.04720
,,,-0.00014832000,-0.28000,0.04720
,,,-0.00014828000,-0.30000,0.04640
,,,-0.00014824000,-0.30000,0.04640
,,,-0.00014819999,-0.30000,0.04640
,,,-0.00014816000,-0.30000,0.04640
,,,-0.00014812000,-0.30000,0.04720
,,,-0.00014808000,-0.32000,0.04640
,,,-0.00014804000,-0.32000,0.04640
,,,-0.00014799999,-0.32000,0.04640
,,,-0.00014796000,-0.32000,0.04640
,,,-0.00014792000,-0.32000,0.04560
,,,-0.00014788000,-0.34000,0.04640
,,,-0.00014783999,-0.34000,0.04640
,,,-0.00014780000,-0.34000,0.04640
,,,-0.00014776000,-0.34000,0.04560
,,,-0.00014772000,-0.36000,0.04560
,,,-0.00014768000,-0.36000,0.04640
,,,-0.00014763999,-0.36000,0.04640
,,,-0.00014760000,-0.36000,0.04560
,,,-0.00014756000,-0.36000,0.04640
,,,-0.00014752000,-0.38000,0.04640
,,,-0.00014747999,-0.36000,0.04560
,,,-0.00014744001,-0.38000,0.04560
,,,-0.00014740000,-0.38000,0.04560
,,,-0.00014736000,-0.40000,0.04560
,,,-0.00014732000,-0.38000,0.04640
,,,-0.00014727999,-0.40000,0.04560
,,,-0.00014724000,-0.38000,0.04560
,,,-0.00014720000,-0.40000,0.04560
,,,-0.00014716000,-0.40000,0.04480
,,,-0.00014711999,-0.40000,0.04560
,,,-0.00014708001,-0.40000,0.04560
,,,-0.00014704000,-0.42000,0.04480
,,,-0.00014700000,-0.42000,0.04560
,,,-0.00014696000,-0.42000,0.04480
,,,-0.00014691999,-0.42000,0.04480
,,,-0.00014688000,-0.42000,0.04560
,,,-0.00014684000,-0.44000,0.04480
,,,-0.00014680000,-0.44000,0.04480
,,,-0.00014675999,-0.44000,0.04480
,,,-0.00014672001,-0.44000,0.04480
,,,-0.00014668000,-0.44000,0.04480
,,,-0.00014664000,-0.46000,0.04480
,,,-0.00014660000,-0.46000,0.04480
,,,-0.00014655999,-0.46000,0.04480
,,,-0.00014652000,-0.46000,0.04480
,,,-0.00014648000,-0.46000,0.04400
,,,-0.00014644000,-0.48000,0.04480
,,,-0.00014639999,-0.48000,0.04400
,,,-0.00014636001,-0.48000,0.04400
,,,-0.00014632000,-0.48000,0.04400
,,,-0.00014628000,-0.48000,0.04400
,,,-0.00014624000,-0.50000,0.04400
,,,-0.00014619999,-0.50000,0.04400
,,,-0.00014616000,-0.50000,0.04400
,,,-0.00014612000,-0.50000,0.04320
,,,-0.00014608000,-0.50000,0.04400
,,,-0.00014603999,-0.50000,0.04320
,,,-0.00014600001,-0.52000,0.04320
,,,-0.00014596000,-0.52000,0.04320
,,,-0.00014592000,-0.52000,0.04320
,,,-0.00014588000,-0.52000,0.04320
,,,-0.00014583999,-0.54000,0.04320
,,,-0.00014580000,-0.54000,0.04320
,,,-0.00014576000,-0.54000,0.04320
,,,-0.00014572000,-0.54000,0.04320
,,,-0.00014567999,-0.54000,0.04240
,,,-0.00014564001,-0.56000,0.04320
,,,-0.00014560000,-0.56000,0.04320
,,,-0.00014556000,-0.56000,0.04240
,,,-0.00014552000,-0.56000,0.04320
,,,-0.00014547999,-0.56000,0.04320
,,,-0.00014544000,-0.56000,0.04240
,,,-0.00014540000,-0.58000,0.04240
,,,-0.00014536000,-0.58000,0.04240
,,,-0.00014531999,-0.58000,0.04240
,,,-0.00014528001,-0.58000,0.04240
,,,-0.00014524000,-0.58000,0.04240
,,,-0.00014520000,-0.58000,0.04240
,,,-0.00014516000,-0.60000,0.04160
,,,-0.00014511999,-0.60000,0.04160
,,,-0.00014508000,-0.60000,0.04160
,,,-0.00014504000,-0.60000,0.04160
,,,-0.00014500000,-0.60000,0.04160
,,,-0.00014495999,-0.60000,0.04160
,,,-0.00014492001,-0.60000,0.04160
,,,-0.00014488000,-0.62000,0.04160
,,,-0.00014484000,-0.62000,0.04160
,,,-0.00014480000,-0.64000,0.04160
,,,-0.00014475999,-0.64000,0.04080
,,,-0.00014472000,-0.64000,0.04080
,,,-0.00014468000,-0.64000,0.04080
,,,-0.00014464000,-0.64000,0.04080
,,,-0.00014460000,-0.66000,0.04080
,,,-0.00014455999,-0.66000,0.04080
,,,-0.00014452000,-0.66000,0.04080
,,,-0.00014448000,-0.66000,0.04000
,,,-0.00014444000,-0.66000,0.04000
,,,-0.00014439999,-0.66000,0.04000
,,,-0.00014436000,-0.66000,0.04000
,,,-0.00014432000,-0.68000,0.03920
,,,-0.00014428000,-0.68000,0.04000
,,,-0.00014424000,-0.68000,0.03920
,,,-0.00014419999,-0.68000,0.03920
,,,-0.00014416000,-0.68000,0.03920
,,,-0.00014412000,-0.68000,0.03920
,,,-0.00014408000,-0.70000,0.03920
,,,-0.00014403999,-0.70000,0.03920
,,,-0.00014400001,-0.70000,0.03920
,,,-0.00014396000,-0.70000,0.03840
,,,-0.00014392000,-0.70000,0.03840
,,,-0.00014388000,-0.72000,0.03840
,,,-0.00014383999,-0.72000,0.03840
,,,-0.00014380000,-0.72000,0.03840
,,,-0.00014376000,-0.72000,0.03840
,,,-0.00014372000,-0.72000,0.03840
,,,-0.00014367999,-0.74000,0.03760
,,,-0.00014364001,-0.74000,0.03760
,,,-0.00014360000,-0.74000,0.03760
,,,-0.00014356000,-0.74000,0.03760
,,,-0.00014352000,-0.74000,0.03760
,,,-0.00014347999,-0.74000,0.03760
,,,-0.00014344000,-0.74000,0.03680
,,,-0.00014340000,-0.74000,0.03760
,,,-0.00014336000,-0.76000,0.03680
,,,-0.00014331999,-0.76000,0.03680
,,,-0.00014328001,-0.76000,0.03680
,,,-0.00014324000,-0.76000,0.03680
,,,-0.00014320000,-0.76000,0.03600
,,,-0.00014316000,-0.76000,0.03680
,,,-0.00014311999,-0.78000,0.03600
,,,-0.00014308000,-0.78000,0.03600
,,,-0.00014304000,-0.78000,0.03600
,,,-0.00014300000,-0.78000,0.03600
,,,-0.00014295999,-0.78000,0.03600
,,,-0.00014292001,-0.78000,0.03600
,,,-0.00014288000,-0.80000,0.03520
,,,-0.00014284000,-0.80000,0.03520
,,,-0.00014280000,-0.80000,0.03520
,,,-0.00014275999,-0.80000,0.03520
,,,-0.00014272000,-0.80000,0.03520
,,,-0.00014268000,-0.80000,0.03520
,,,-0.00014264000,-0.82000,0.03440
,,,-0.00014259999,-0.82000,0.03520
,,,-0.00014256001,-0.82000,0.03440
,,,-0.00014252000,-0.82000,0.03440
,,,-0.00014248000,-0.82000,0.03440
,,,-0.00014244000,-0.82000,0.03440
,,,-0.00014239999,-0.82000,0.03360
,,,-0.00014236000,-0.82000,0.03440
,,,-0.00014232000,-0.84000,0.03360
,,,-0.00014228000,-0.84000,0.03360
,,,-0.00014223999,-0.84000,0.03360
,,,-0.00014220001,-0.84000,0.03360
,,,-0.00014216000,-0.84000,0.03360
,,,-0.00014212000,-0.84000,0.03280
,,,-0.00014208000,-0.86000,0.03280
,,,-0.00014203999,-0.86000,0.03280
,,,-0.00014200000,-0.86000,0.03280
,,,-0.00014196000,-0.86000,0.03200
,,,-0.00014192000,-0.86000,0.03280
,,,-0.00014187999,-0.86000,0.03200
,,,-0.00014184001,-0.86000,0.03200
,,,-0.00014180000,-0.86000,0.03200
,,,-0.00014176000,-0.88000,0.03120
,,,-0.00014172000,-0.88000,0.03200
,,,-0.00014167999,-0.88000,0.03200
,,,-0.00014164000,-0.88000,0.03120
,,,-0.00014160000,-0.88000,0.03120
,,,-0.00014156000,-0.88000,0.03040
,,,-0.00014151999,-0.88000,0.03040
,,,-0.00014148001,-0.88000,0.03040
,,,-0.00014144000,-0.88000,0.03040
,,,-0.00014140000,-0.90000,0.03040
,,,-0.00014136000,-0.90000,0.03040
,,,-0.00014131999,-0.90000,0.02960
,,,-0.00014128000,-0.90000,0.02960
,,,-0.00014124000,-0.90000,0.02960
,,,-0.00014120000,-0.90000,0.02960
,,,-0.00014116000,-0.90000,0.02960
,,,-0.00014111999,-0.90000,0.02960
,,,-0.00014108000,-0.92000,0.02880
,,,-0.00014104000,-0.90000,0.02880
,,,-0.00014100000,-0.92000,0.02880
,,,-0.00014095999,-0.92000,0.02880
,,,-0.00014092000,-0.92000,0.02880
,,,-0.00014088000,-0.92000,0.02800
,,,-0.00014084000,-0.92000,0.02800
,,,-0.00014080000,-0.92000,0.02800
,,,-0.00014075999,-0.94000,0.02800
,,,-0.00014072000,-0.94000,0.02800
,,,-0.00014068000,-0.94000,0.02720
,,,-0.00014064000,-0.94000,0.02720
,,,-0.00014059999,-0.94000,0.02720
,,,-0.00014056001,-0.94000,0.02720
,,,-0.00014052000,-0.94000,0.02720
,,,-0.00014048000,-0.94000,0.02640
,,,-0.00014044000,-0.96000,0.02640
,,,-0.00014039999,-0.94000,0.02640
,,,-0.00014036000,-0.96000,0.02640
,,,-0.00014032000,-0.96000,0.02560
,,,-0.00014028000,-0.96000,0.02560
,,,-0.00014023999,-0.96000,0.02560
,,,-0.00014020001,-0.96000,0.02560
,,,-0.00014016000,-0.96000,0.02480
,,,-0.00014012000,-0.96000,0.02560
,,,-0.00014008000,-0.96000,0.02480
,,,-0.00014003999,-0.96000,0.02480
,,,-0.00014000000,-0.96000,0.02480
,,,-0.00013996000,-0.98000,0.02480
,,,-0.00013992000,-0.98000,0.02480
,,,-0.00013987999,-0.98000,0.02400
,,,-0.00013984001,-0.98000,0.02400
,,,-0.00013980000,-0.98000,0.02400
,,,-0.00013976000,-0.98000,0.02400
,,,-0.00013972000,-1.00000,0.02320
,,,-0.00013967999,-0.98000,0.02320
,,,-0.00013964000,-1.00000,0.02320
,,,-0.00013960000,-0.98000,0.02320
,,,-0.00013956000,-1.00000,0.02320
,,,-0.00013951999,-1.00000,0.02240
,,,-0.00013948001,-0.98000,0.02320
,,,-0.00013944000,-1.00000,0.02240
,,,-0.00013940000,-1.00000,0.02160
,,,-0.00013936000,-1.00000,0.02160
,,,-0.00013931999,-1.00000,0.02160
,,,-0.00013928000,-1.00000,0.02160
,,,-0.00013924000,-1.00000,0.02160
,,,-0.00013920000,-1.00000,0.02080
,,,-0.00013915999,-1.00000,0.02160
,,,-0.00013912001,-1.00000,0.02080
,,,-0.00013908000,-1.02000,0.02000
,,,-0.00013904000,-1.00000,0.02000
,,,-0.00013900000,-1.02000,0.02080
,,,-0.00013895999,-1.02000,0.02080
,,,-0.00013892000,-1.02000,0.02000
,,,-0.00013888000,-1.02000,0.02000
,,,-0.00013884000,-1.02000,0.02000
,,,-0.00013879999,-1.02000,0.01920
,,,-0.00013876001,-1.02000,0.01920
,,,-0.00013872000,-1.02000,0.01920
,,,-0.00013868000,-1.02000,0.01920
,,,-0.00013864000,-1.04000,0.01920
,,,-0.00013859999,-1.02000,0.01840
,,,-0.00013856000,-1.02000,0.01840
,,,-0.00013852000,-1.02000,0.01840
,,,-0.00013848000,-1.02000,0.01840
,,,-0.00013843999,-1.02000,0.01840
,,,-0.00013840001,-1.04000,0.01840
,,,-0.00013836000,-1.02000,0.01760
,,,-0.00013832000,-1.04000,0.01760
,,,-0.00013828000,-1.04000,0.01680
,,,-0.00013823999,-1.04000,0.01680
,,,-0.00013820000,-1.04000,0.01760
,,,-0.00013816000,-1.04000,0.01680
,,,-0.00013812000,-1.04000,0.01680
,,,-0.00013807999,-1.04000,0.01680
,,,-0.00013804001,-1.04000,0.01600
,,,-0.00013800000,-1.04000,0.01600
,,,-0.00013796000,-1.04000,0.01600
,,,-0.00013792000,-1.04000,0.01520
,,,-0.00013787999,-1.04000,0.01600
,,,-0.00013784000,-1.04000,0.01520
,,,-0.00013780000,-1.04000,0.01520
,,,-0.00013776000,-1.04000,0.01520
,,,-0.00013772000,-1.04000,0.01520
,,,-0.00013767999,-1.04000,0.01440
,,,-0.00013764000,-1.06000,0.01440
,,,-0.00013760000,-1.04000,0.01440
,,,-0.00013756000,-1.04000,0.01440
,,,-0.00013751999,-1.06000,0.01360
,,,-0.00013748000,-1.04000,0.01360
,,,-0.00013744000,-1.04000,0.01360
,,,-0.00013740000,-1.04000,0.01280
,,,-0.00013736000,-1.04000,0.01280
,,,-0.00013731999,-1.04000,0.01280
,,,-0.00013728000,-1.06000,0.01280
,,,-0.00013724000,-1.04000,0.01280
,,,-0.00013720000,-1.04000,0.01200
,,,-0.00013715999,-1.04000,0.01200
,,,-0.00013712001,-1.04000,0.01200
,,,-0.00013708000,-1.04000,0.01200
,,,-0.00013704000,-1.04000,0.01200
,,,-0.00013700000,-1.04000,0.01120
,,,-0.00013695999,-1.06000,0.01120
,,,-0.00013692000,-1.04000,0.01120
,,,-0.00013688000,-1.04000,0.01120
,,,-0.00013684000,-1.06000,0.01120
,,,-0.00013679999,-1.04000,0.01120
,,,-0.00013676001,-1.06000,0.01120
,,,-0.00013672000,-1.06000,0.01040
,,,-0.00013668000,-1.06000,0.01040
,,,-0.00013664000,-1.06000,0.00960
,,,-0.00013659999,-1.04000,0.00960
,,,-0.00013656000,-1.06000,0.00960
,,,-0.00013652000,-1.06000,0.00960
,,,-0.00013648000,-1.04000,0.00960
,,,-0.00013643999,-1.06000,0.00960
,,,-0.00013640001,-1.06000,0.00880
,,,-0.00013636000,-1.06000,0.00800
,,,-0.00013632000,-1.04000,0.00880
,,,-0.00013628000,-1.06000,0.00800
,,,-0.00013623999,-1.04000,0.00800
,,,-0.00013620000,-1.04000,0.00800
,,,-0.00013616000,-1.06000,0.00720
,,,-0.00013612000,-1.06000,0.00800
,,,-0.00013607999,-1.04000,0.00720
,,,-0.00013604001,-1.04000,0.00720
,,,-0.00013600000,-1.04000,0.00720
,,,-0.00013596000,-1.04000,0.00720
,,,-0.00013592000,-1.04000,0.00720
,,,-0.00013587999,-1.04000,0.00640
,,,-0.00013584000,-1.04000,0.00640
,,,-0.00013580000,-1.04000,0.00640
,,,-0.00013576000,-1.04000,0.00560
,,,-0.00013571999,-1.06000,0.00560
,,,-0.00013568001,-1.04000,0.00560
,,,-0.00013564000,-1.04000,0.00560
,,,-0.00013560000,-1.04000,0.00480
,,,-0.00013556000,-1.04000,0.00480
,,,-0.00013551999,-1.04000,0.00480
,,,-0.00013548000,-1.04000,0.00480
,,,-0.00013544000,-1.04000,0.00480
,,,-0.00013540000,-1.04000,0.00400
,,,-0.00013535999,-1.04000,0.00400
,,,-0.00013532001,-1.04000,0.00400
,,,-0.00013528000,-1.04000,0.00320
,,,-0.00013524000,-1.04000,0.00400
,,,-0.00013520000,-1.04000,0.00400
,,,-0.00013515999,-1.04000,0.00320
,,,-0.00013512000,-1.02000,0.00320
,,,-0.00013508000,-1.04000,0.00320
,,,-0.00013504000,-1.04000,0.00240
,,,-0.00013499999,-1.02000,0.00240
,,,-0.00013496001,-1.02000,0.00240
,,,-0.00013492000,-1.02000,0.00160
,,,-0.00013488000,-1.02000,0.00160
,,,-0.00013484000,-1.02000,0.00160
,,,-0.00013479999,-1.02000,0.00160
,,,-0.00013476000,-1.02000,0.00160
,,,-0.00013472000,-1.02000,0.00080
,,,-0.00013468000,-1.02000,0.00080
,,,-0.00013463999,-1.02000,0.00080
,,,-0.00013460001,-1.02000,0.00080
,,,-0.00013456000,-1.02000,0.00080
,,,-0.00013452000,-1.02000,0.00
,,,-0.00013448000,-1.02000,0.00
,,,-0.00013443999,-1.02000,0.00
,,,-0.00013440000,-1.00000,0.00
,,,-0.00013436000,-1.00000,0.00
,,,-0.00013432000,-1.00000,-0.00080
,,,-0.00013428000,-1.00000,-0.00080
,,,-0.00013424001,-1.00000,-0.00080
,,,-0.00013420000,-1.00000,-0.00160
,,,-0.00013416000,-1.00000,-0.00160
,,,-0.00013412000,-1.00000,-0.00160
,,,-0.00013407999,-1.00000,-0.00160
,,,-0.00013404000,-1.00000,-0.00240
,,,-0.00013400000,-1.00000,-0.00240
,,,-0.00013396000,-1.00000,-0.00240
,,,-0.00013392000,-1.00000,-0.00240
,,,-0.00013387999,-0.98000,-0.00240
,,,-0.00013384000,-1.00000,-0.00240
,,,-0.00013380000,-0.98000,-0.00320
,,,-0.00013376000,-0.98000,-0.00320
,,,-0.00013371999,-1.00000,-0.00320
,,,-0.00013368001,-0.98000,-0.00320
,,,-0.00013364000,-0.98000,-0.00400
,,,-0.00013360000,-0.98000,-0.00480
,,,-0.00013356000,-0.98000,-0.00400
,,,-0.00013351999,-0.98000,-0.00400
,,,-0.00013348000,-0.98000,-0.00480
,,,-0.00013344000,-0.98000,-0.00480
,,,-0.00013340000,-0.96000,-0.00560
,,,-0.00013335999,-0.96000,-0.00560
,,,-0.00013332001,-0.96000,-0.00560
,,,-0.00013328000,-0.96000,-0.00640
,,,-0.00013324000,-0.96000,-0.00560
,,,-0.00013320000,-0.96000,-0.00560
,,,-0.00013315999,-0.96000,-0.00640
,,,-0.00013312000,-0.96000,-0.00640
,,,-0.00013308000,-0.94000,-0.00720
,,,-0.00013304000,-0.94000,-0.00720
,,,-0.00013299999,-0.94000,-0.00720
,,,-0.00013296001,-0.96000,-0.00720
,,,-0.00013292000,-0.94000,-0.00720
,,,-0.00013288000,-0.94000,-0.00800
,,,-0.00013284000,-0.94000,-0.00800
,,,-0.00013279999,-0.94000,-0.00800
,,,-0.00013276000,-0.94000,-0.00800
,,,-0.00013272000,-0.94000,-0.00800
,,,-0.00013268000,-0.94000,-0.00880
,,,-0.00013263999,-0.94000,-0.00880
,,,-0.00013260001,-0.94000,-0.00880
,,,-0.00013256000,-0.92000,-0.00960
,,,-0.00013252000,-0.92000,-0.00960
,,,-0.00013248000,-0.92000,-0.00960
,,,-0.00013243999,-0.92000,-0.00960
,,,-0.00013240000,-0.92000,-0.00960
,,,-0.00013236000,-0.92000,-0.01040
,,,-0.00013232000,-0.90000,-0.01040
,,,-0.00013227999,-0.90000,-0.01040
,,,-0.00013224001,-0.90000,-0.01040
,,,-0.00013220000,-0.90000,-0.01040
,,,-0.00013216000,-0.90000,-0.01120
,,,-0.00013212000,-0.90000,-0.01120
,,,-0.00013207999,-0.90000,-0.01120
,,,-0.00013204000,-0.90000,-0.01120
,,,-0.00013200000,-0.90000,-0.01200
,,,-0.00013196000,-0.90000,-0.01200
,,,-0.00013191999,-0.88000,-0.01200
,,,-0.00013188001,-0.88000,-0.01200
,,,-0.00013184000,-0.88000,-0.01280
,,,-0.00013180000,-0.90000,-0.01280
,,,-0.00013176000,-0.88000,-0.01280
,,,-0.00013171999,-0.88000,-0.01280
,,,-0.00013168000,-0.88000,-0.01360
,,,-0.00013164000,-0.86000,-0.01360
,,,-0.00013160000,-0.88000,-0.01360
,,,-0.00013155999,-0.86000,-0.01360
,,,-0.00013152001,-0.86000,-0.01360
,,,-0.00013148000,-0.86000,-0.01360
,,,-0.00013144000,-0.86000,-0.01440
,,,-0.00013140000,-0.86000,-0.01440
,,,-0.00013135999,-0.84000,-0.01440
,,,-0.00013132000,-0.86000,-0.01440
,,,-0.00013128000,-0.84000,-0.01520
,,,-0.00013124000,-0.84000,-0.01520
,,,-0.00013119999,-0.84000,-0.01520
,,,-0.00013116001,-0.84000,-0.01520
,,,-0.00013112000,-0.84000,-0.01600
,,,-0.00013108000,-0.84000,-0.01600
,,,-0.00013104000,-0.84000,-0.01600
,,,-0.00013099999,-0.82000,-0.01600
,,,-0.00013096000,-0.82000,-0.01680
,,,-0.00013092000,-0.82000,-0.01680
,,,-0.00013088000,-0.82000,-0.01680
,,,-0.00013084000,-0.82000,-0.01680
,,,-0.00013080001,-0.82000,-0.01680
,,,-0.00013076000,-0.82000,-0.01680
,,,-0.00013072000,-0.80000,-0.01760
,,,-0.00013068000,-0.80000,-0.01760
,,,-0.00013063999,-0.80000,-0.01680
,,,-0.00013060000,-0.80000,-0.01840
,,,-0.00013056000,-0.80000,-0.01840
,,,-0.00013052000,-0.78000,-0.01760
,,,-0.00013048000,-0.80000,-0.01840
,,,-0.00013043999,-0.78000,-0.01840
,,,-0.00013040000,-0.78000,-0.01840
,,,-0.00013036000,-0.78000,-0.01840
,,,-0.00013032000,-0.78000,-0.01920
,,,-0.00013027999,-0.78000,-0.01920
,,,-0.00013024001,-0.78000,-0.01920
,,,-0.00013020000,-0.76000,-0.01920
,,,-0.00013016000,-0.76000,-0.02000
,,,-0.00013012000,-0.76000,-0.02000
,,,-0.00013007999,-0.76000,-0.02080
,,,-0.00013004000,-0.76000,-0.02000
,,,-0.00013000000,-0.76000,-0.02000
,,,-0.00012996000,-0.74000,-0.02080
,,,-0.00012991999,-0.74000,-0.02080
,,,-0.00012988001,-0.74000,-0.02080
,,,-0.00012984000,-0.74000,-0.02080
,,,-0.00012980000,-0.74000,-0.02160
,,,-0.00012976000,-0.72000,-0.02160
,,,-0.00012971999,-0.72000,-0.02160
,,,-0.00012968000,-0.72000,-0.02160
,,,-0.00012964000,-0.72000,-0.02240
,,,-0.00012960000,-0.72000,-0.02240
,,,-0.00012955999,-0.72000,-0.02240
,,,-0.00012952001,-0.70000,-0.02240
,,,-0.00012948000,-0.70000,-0.02320
,,,-0.00012944000,-0.70000,-0.02320
,,,-0.00012940000,-0.70000,-0.02320
,,,-0.00012935999,-0.70000,-0.02320
,,,-0.00012932000,-0.68000,-0.02400
,,,-0.00012928000,-0.68000,-0.02320
,,,-0.00012924000,-0.68000,-0.02320
,,,-0.00012919999,-0.68000,-0.02400
,,,-0.00012916001,-0.68000,-0.02320
,,,-0.00012912000,-0.68000,-0.02400
,,,-0.00012908000,-0.68000,-0.02400
,,,-0.00012904000,-0.66000,-0.02400
,,,-0.00012899999,-0.66000,-0.02480
,,,-0.00012896000,-0.66000,-0.02480
,,,-0.00012892000,-0.66000,-0.02400
,,,-0.00012888000,-0.66000,-0.02480
,,,-0.00012883999,-0.64000,-0.02560
,,,-0.00012880001,-0.64000,-0.02560
,,,-0.00012876000,-0.64000,-0.02560
,,,-0.00012872000,-0.64000,-0.02560
,,,-0.00012868000,-0.64000,-0.02640
,,,-0.00012863999,-0.62000,-0.02560
,,,-0.00012860000,-0.62000,-0.02560
,,,-0.00012856000,-0.62000,-0.02640
,,,-0.00012852000,-0.62000,-0.02640
,,,-0.00012847999,-0.62000,-0.02720
,,,-0.00012844001,-0.60000,-0.02720
,,,-0.00012840000,-0.60000,-0.02720
,,,-0.00012836000,-0.60000,-0.02640
,,,-0.00012832000,-0.60000,-0.02720
,,,-0.00012827999,-0.58000,-0.02720
,,,-0.00012824000,-0.60000,-0.02720
,,,-0.00012820000,-0.58000,-0.02800
,,,-0.00012816000,-0.58000,-0.02800
,,,-0.00012811999,-0.58000,-0.02800
,,,-0.00012808001,-0.58000,-0.02720
,,,-0.00012804000,-0.58000,-0.02800
,,,-0.00012800000,-0.56000,-0.02800
,,,-0.00012796000,-0.56000,-0.02800
,,,-0.00012791999,-0.56000,-0.02800
,,,-0.00012788000,-0.56000,-0.02880
,,,-0.00012784000,-0.56000,-0.02880
,,,-0.00012780000,-0.54000,-0.02880
,,,-0.00012775999,-0.54000,-0.02880
,,,-0.00012772001,-0.54000,-0.02880
,,,-0.00012768000,-0.52000,-0.02880
,,,-0.00012764000,-0.52000,-0.02880
,,,-0.00012760000,-0.52000,-0.02960
,,,-0.00012755999,-0.52000,-0.02960
,,,-0.00012752000,-0.52000,-0.02960
,,,-0.00012748000,-0.52000,-0.02880
,,,-0.00012744000,-0.52000,-0.02960
,,,-0.00012740000,-0.50000,-0.03040
,,,-0.00012736001,-0.50000,-0.03040
,,,-0.00012732000,-0.50000,-0.03040
,,,-0.00012728000,-0.50000,-0.03120
,,,-0.00012724000,-0.50000,-0.03040
,,,-0.00012719999,-0.48000,-0.03120
,,,-0.00012716000,-0.48000,-0.03040
,,,-0.00012712000,-0.48000,-0.03120
,,,-0.00012708000,-0.48000,-0.03200
,,,-0.00012704000,-0.48000,-0.03120
,,,-0.00012699999,-0.46000,-0.03120
,,,-0.00012696000,-0.46000,-0.03200
,,,-0.00012692000,-0.46000,-0.03200
,,,-0.00012688000,-0.46000,-0.03200
,,,-0.00012683999,-0.46000,-0.03200
,,,-0.00012680001,-0.44000,-0.03200
,,,-0.00012676000,-0.44000,-0.03280
,,,-0.00012672000,-0.44000,-0.03280
,,,-0.00012668000,-0.44000,-0.03200
,,,-0.00012663999,-0.44000,-0.03280
,,,-0.00012660000,-0.42000,-0.03360
,,,-0.00012656000,-0.42000,-0.03280
,,,-0.00012652000,-0.42000,-0.03280
,,,-0.00012647999,-0.40000,-0.03360
,,,-0.00012644001,-0.40000,-0.03360
,,,-0.00012640000,-0.40000,-0.03360
,,,-0.00012636000,-0.40000,-0.03360
,,,-0.00012632000,-0.40000,-0.03440
,,,-0.00012627999,-0.40000,-0.03440
,,,-0.00012624000,-0.40000,-0.03440
,,,-0.00012620000,-0.38000,-0.03440
,,,-0.00012616000,-0.38000,-0.03440
,,,-0.00012611999,-0.38000,-0.03440
,,,-0.00012608001,-0.38000,-0.03440
,,,-0.00012604000,-0.38000,-0.03520
,,,-0.00012600000,-0.36000,-0.03520
,,,-0.00012596000,-0.36000,-0.03520
,,,-0.00012591999,-0.36000,-0.03520
,,,-0.00012588000,-0.36000,-0.03440
,,,-0.00012584000,-0.36000,-0.03520
,,,-0.00012580000,-0.34000,-0.03520
,,,-0.00012575999,-0.34000,-0.03600
,,,-0.00012572001,-0.34000,-0.03520
,,,-0.00012568000,-0.32000,-0.03600
,,,-0.00012564000,-0.32000,-0.03600
,,,-0.00012560000,-0.32000,-0.03600
,,,-0.00012555999,-0.32000,-0.03600
,,,-0.00012552000,-0.32000,-0.03680
,,,-0.00012548000,-0.30000,-0.03680
,,,-0.00012544000,-0.30000,-0.03600
,,,-0.00012539999,-0.30000,-0.03680
,,,-0.00012536001,-0.30000,-0.03680
,,,-0.00012532000,-0.30000,-0.03680
,,,-0.00012528000,-0.30000,-0.03600
,,,-0.00012524000,-0.28000,-0.03680
,,,-0.00012519999,-0.28000,-0.03760
,,,-0.00012516000,-0.28000,-0.03680
,,,-0.00012512000,-0.28000,-0.03680
,,,-0.00012508000,-0.26000,-0.03680
,,,-0.00012503999,-0.28000,-0.03760
,,,-0.00012500001,-0.26000,-0.03760
,,,-0.00012496000,-0.26000,-0.03760
,,,-0.00012492000,-0.26000,-0.03760
,,,-0.00012488000,-0.24000,-0.03760
,,,-0.00012483999,-0.24000,-0.03840
,,,-0.00012480000,-0.24000,-0.03760
,,,-0.00012476000,-0.24000,-0.03760
,,,-0.00012472000,-0.22000,-0.03840
,,,-0.00012467999,-0.22000,-0.03840
,,,-0.00012464001,-0.22000,-0.03760
,,,-0.00012460000,-0.22000,-0.03840
,,,-0.00012456000,-0.20000,-0.03840
,,,-0.00012452000,-0.22000,-0.03840
,,,-0.00012447999,-0.20000,-0.03840
,,,-0.00012444000,-0.20000,-0.03840
,,,-0.00012440000,-0.20000,-0.03920
,,,-0.00012436000,-0.20000,-0.03920
,,,-0.00012431999,-0.18000,-0.03840
,,,-0.00012428001,-0.20000,-0.03920
,,,-0.00012424000,-0.18000,-0.03920
,,,-0.00012420000,-0.18000,-0.03920
,,,-0.00012416000,-0.18000,-0.03920
,,,-0.00012411999,-0.18000,-0.03920
,,,-0.00012408000,-0.16000,-0.03920
,,,-0.00012404000,-0.16000,-0.04000
,,,-0.00012400000,-0.16000,-0.03920
,,,-0.00012396000,-0.16000,-0.04000
,,,-0.00012392001,-0.16000,-0.04080
,,,-0.00012388000,-0.14000,-0.04000
,,,-0.00012384000,-0.14000,-0.04000
,,,-0.00012380000,-0.14000,-0.04080
,,,-0.00012375999,-0.14000,-0.04000
,,,-0.00012372000,-0.12000,-0.04000
,,,-0.00012368000,-0.12000,-0.04000
,,,-0.00012364000,-0.12000,-0.04080
,,,-0.00012360000,-0.12000,-0.04080
,,,-0.00012355999,-0.12000,-0.04080
,,,-0.00012352000,-0.10000,-0.04000
,,,-0.00012348000,-0.10000,-0.04080
,,,-0.00012344000,-0.10000,-0.04080
,,,-0.00012339999,-0.10000,-0.04080
,,,-0.00012336001,-0.10000,-0.04160
,,,-0.00012332000,-0.08000,-0.04160
,,,-0.00012328000,-0.08000,-0.04160
,,,-0.00012324000,-0.08000,-0.04160
,,,-0.00012319999,-0.08000,-0.04080
,,,-0.00012316000,-0.06000,-0.04080
,,,-0.00012312000,-0.06000,-0.04160
,,,-0.00012308000,-0.06000,-0.04160
,,,-0.00012303999,-0.06000,-0.04160
,,,-0.00012300001,-0.06000,-0.04160
,,,-0.00012296000,-0.04000,-0.04160
,,,-0.00012292000,-0.04000,-0.04160
,,,-0.00012288000,-0.04000,-0.04160
,,,-0.00012283999,-0.04000,-0.04160
,,,-0.00012280000,-0.04000,-0.04240
,,,-0.00012276000,-0.02000,-0.04240
,,,-0.00012272000,-0.02000,-0.04240
,,,-0.00012267999,-0.02000,-0.04320
,,,-0.00012264001,-0.02000,-0.04240
,,,-0.00012260000,-0.02000,-0.04240
,,,-0.00012256000,0.00,-0.04240
,,,-0.00012252000,0.00,-0.04240
,,,-0.00012247999,0.00,-0.04320
,,,-0.00012244000,0.00,-0.04320
,,,-0.00012240000,0.02000,-0.04240
,,,-0.00012236000,0.00,-0.04320
,,,-0.00012231999,0.02000,-0.04240
,,,-0.00012228001,0.02000,-0.04240
,,,-0.00012224000,0.02000,-0.04240
,,,-0.00012220000,0.02000,-0.04320
,,,-0.00012216000,0.04000,-0.04320
,,,-0.00012211999,0.04000,-0.04320
,,,-0.00012208000,0.04000,-0.04320
,,,-0.00012204000,0.04000,-0.04320
,,,-0.00012200000,0.04000,-0.04320
,,,-0.00012196000,0.06000,-0.04240
,,,-0.00012192000,0.06000,-0.04400
,,,-0.00012188000,0.06000,-0.04320
,,,-0.00012184000,0.06000,-0.04320
,,,-0.00012180000,0.06000,-0.04320
,,,-0.00012176000,0.08000,-0.04320
,,,-0.00012172000,0.08000,-0.04320
,,,-0.00012168000,0.08000,-0.04400
,,,-0.00012164000,0.08000,-0.04320
,,,-0.00012160000,0.10000,-0.04320
,,,-0.00012156000,0.10000,-0.04400
,,,-0.00012152000,0.10000,-0.04400
,,,-0.00012148000,0.10000,-0.04400
,,,-0.00012144000,0.10000,-0.04400
,,,-0.00012140000,0.12000,-0.04400
,,,-0.00012136000,0.12000,-0.04400
,,,-0.00012132000,0.12000,-0.04400
,,,-0.00012128000,0.12000,-0.04400
,,,-0.00012124000,0.12000,-0.04400
,,,-0.00012120000,0.12000,-0.04400
,,,-0.00012116000,0.14000,-0.04400
,,,-0.00012112000,0.14000,-0.04480
,,,-0.00012108000,0.14000,-0.04400
,,,-0.00012104000,0.14000,-0.04400
,,,-0.00012100000,0.14000,-0.04400
,,,-0.00012096000,0.16000,-0.04480
,,,-0.00012092000,0.16000,-0.04480
,,,-0.00012088000,0.16000,-0.04480
,,,-0.00012084000,0.18000,-0.04400
,,,-0.00012080000,0.16000,-0.04400
,,,-0.00012076000,0.18000,-0.04480
,,,-0.00012072000,0.18000,-0.04400
,,,-0.00012068000,0.18000,-0.04400
,,,-0.00012064000,0.18000,-0.04480
,,,-0.00012060000,0.20000,-0.04400
,,,-0.00012056000,0.20000,-0.04480
,,,-0.00012052000,0.20000,-0.04400
,,,-0.00012048000,0.20000,-0.04400
,,,-0.00012044000,0.20000,-0.04480
,,,-0.00012040000,0.22000,-0.04400
,,,-0.00012036000,0.22000,-0.04480
,,,-0.00012032000,0.22000,-0.04480
,,,-0.00012028000,0.22000,-0.04480
,,,-0.00012024000,0.22000,-0.04400
,,,-0.00012020000,0.24000,-0.04400
,,,-0.00012016000,0.24000,-0.04400
,,,-0.00012012000,0.24000,-0.04480
,,,-0.00012008000,0.24000,-0.04480
,,,-0.00012004000,0.24000,-0.04400
,,,-0.00012000000,0.24000,-0.04480
,,,-0.00011996000,0.26000,-0.04480
,,,-0.00011992000,0.26000,-0.04480
,,,-0.00011988000,0.26000,-0.04480
,,,-0.00011984000,0.26000,-0.04480
,,,-0.00011980000,0.26000,-0.04480
,,,-0.00011976000,0.26000,-0.04480
,,,-0.00011972000,0.28000,-0.04480
,,,-0.00011968000,0.28000,-0.04560
,,,-0.00011964000,0.28000,-0.04560
,,,-0.00011960000,0.28000,-0.04480
,,,-0.00011956000,0.30000,-0.04480
,,,-0.00011952000,0.30000,-0.04480
,,,-0.00011948000,0.30000,-0.04480
,,,-0.00011944000,0.30000,-0.04480
,,,-0.00011940000,0.30000,-0.04480
,,,-0.00011936000,0.30000,-0.04480
,,,-0.00011932000,0.32000,-0.04480
,,,-0.00011928000,0.32000,-0.04480
,,,-0.00011924000,0.32000,-0.04480
,,,-0.00011920000,0.32000,-0.04480
,,,-0.00011916000,0.34000,-0.04480
,,,-0.00011912000,0.32000,-0.04480
,,,-0.00011908000,0.34000,-0.04480
,,,-0.00011904000,0.34000,-0.04480
,,,-0.00011900000,0.34000,-0.04480
,,,-0.00011896000,0.34000,-0.04480
,,,-0.00011892000,0.36000,-0.04400
,,,-0.00011888000,0.36000,-0.04480
,,,-0.00011884000,0.36000,-0.04480
,,,-0.00011880000,0.36000,-0.04480
,,,-0.00011876000,0.36000,-0.04480
,,,-0.00011872000,0.36000,-0.04480
,,,-0.00011868000,0.38000,-0.04480
,,,-0.00011864000,0.38000,-0.04480
,,,-0.00011860000,0.38000,-0.04480
,,,-0.00011856000,0.38000,-0.04480
,,,-0.00011852000,0.38000,-0.04480
,,,-0.00011848000,0.40000,-0.04400
,,,-0.00011844000,0.40000,-0.04480
,,,-0.00011840000,0.40000,-0.04480
,,,-0.00011836000,0.40000,-0.04400
,,,-0.00011832000,0.40000,-0.04400
,,,-0.00011828000,0.40000,-0.04400
,,,-0.00011824000,0.42000,-0.04400
,,,-0.00011820000,0.40000,-0.04480
,,,-0.00011816000,0.42000,-0.04400
,,,-0.00011812000,0.42000,-0.04400
,,,-0.00011808000,0.42000,-0.04480
,,,-0.00011804000,0.42000,-0.04400
,,,-0.00011800000,0.42000,-0.04400
,,,-0.00011796000,0.44000,-0.04400
,,,-0.00011792000,0.44000,-0.04480
,,,-0.00011788000,0.44000,-0.04480
,,,-0.00011784000,0.44000,-0.04320
,,,-0.00011780000,0.46000,-0.04320
,,,-0.00011776000,0.44000,-0.04400
,,,-0.00011772000,0.46000,-0.04400
,,,-0.00011768000,0.46000,-0.04320
,,,-0.00011764000,0.46000,-0.04400
,,,-0.00011760000,0.46000,-0.04400
,,,-0.00011756000,0.48000,-0.04400
,,,-0.00011752000,0.48000,-0.04320
,,,-0.00011748000,0.48000,-0.04320
,,,-0.00011744000,0.48000,-0.04400
,,,-0.00011740000,0.48000,-0.04320
,,,-0.00011736000,0.48000,-0.04240
,,,-0.00011732000,0.50000,-0.04320
,,,-0.00011728000,0.50000,-0.04400
,,,-0.00011724000,0.50000,-0.04320
,,,-0.00011720000,0.50000,-0.04240
,,,-0.00011716000,0.50000,-0.04320
,,,-0.00011712000,0.50000,-0.04320
,,,-0.00011708000,0.50000,-0.04320
,,,-0.00011704000,0.52000,-0.04240
,,,-0.00011700000,0.52000,-0.04240
,,,-0.00011696000,0.52000,-0.04320
,,,-0.00011692000,0.52000,-0.04240
,,,-0.00011688000,0.52000,-0.04240
,,,-0.00011684000,0.54000,-0.04240
,,,-0.00011680000,0.54000,-0.04240
,,,-0.00011676000,0.54000,-0.04240
,,,-0.00011672000,0.54000,-0.04240
,,,-0.00011668000,0.54000,-0.04240
,,,-0.00011664000,0.54000,-0.04320
,,,-0.00011660000,0.56000,-0.04240
,,,-0.00011656000,0.56000,-0.04160
,,,-0.00011652000,0.56000,-0.04240
,,,-0.00011648000,0.56000,-0.04240
,,,-0.00011644000,0.56000,-0.04160
,,,-0.00011640000,0.56000,-0.04160
,,,-0.00011636000,0.56000,-0.04240
,,,-0.00011632000,0.56000,-0.04240
,,,-0.00011628000,0.56000,-0.04160
,,,-0.00011624000,0.58000,-0.04160
,,,-0.00011620000,0.58000,-0.04160
,,,-0.00011616000,0.58000,-0.04160
,,,-0.00011612000,0.58000,-0.04160
,,,-0.00011608000,0.58000,-0.04160
,,,-0.00011604000,0.58000,-0.04160
,,,-0.00011600000,0.60000,-0.04160
,,,-0.00011596000,0.60000,-0.04080
,,,-0.00011592000,0.60000,-0.04080
,,,-0.00011588000,0.60000,-0.04080
,,,-0.00011584000,0.60000,-0.04160
,,,-0.00011580000,0.60000,-0.04160
,,,-0.00011576000,0.60000,-0.04080
,,,-0.00011572000,0.60000,-0.04160
,,,-0.00011568000,0.62000,-0.04160
,,,-0.00011564000,0.62000,-0.04080
,,,-0.00011560000,0.62000,-0.04080
,,,-0.00011556000,0.62000,-0.04080
,,,-0.00011552000,0.62000,-0.04160
,,,-0.00011548000,0.64000,-0.04080
,,,-0.00011544000,0.64000,-0.04000
,,,-0.00011540000,0.64000,-0.04080
,,,-0.00011536000,0.64000,-0.04080
,,,-0.00011532000,0.64000,-0.04000
,,,-0.00011528000,0.64000,-0.04000
,,,-0.00011524000,0.64000,-0.04000
,,,-0.00011520000,0.64000,-0.04000
,,,-0.00011516000,0.64000,-0.04000
,,,-0.00011512000,0.66000,-0.03920
,,,-0.00011508000,0.66000,-0.04000
,,,-0.00011504000,0.66000,-0.04000
,,,-0.00011500000,0.66000,-0.03920
,,,-0.00011496000,0.66000,-0.03920
,,,-0.00011492000,0.66000,-0.03920
,,,-0.00011488000,0.66000,-0.03920
,,,-0.00011484000,0.66000,-0.03920
,,,-0.00011480000,0.68000,-0.03840
,,,-0.00011476000,0.68000,-0.03920
,,,-0.00011472000,0.68000,-0.03920
,,,-0.00011468000,0.68000,-0.03840
,,,-0.00011464000,0.68000,-0.03840
,,,-0.00011460000,0.68000,-0.03920
,,,-0.00011456000,0.68000,-0.03840
,,,-0.00011452000,0.68000,-0.03840
,,,-0.00011448000,0.70000,-0.03840
,,,-0.00011444000,0.70000,-0.03840
,,,-0.00011440000,0.70000,-0.03760
,,,-0.00011436000,0.70000,-0.03760
,,,-0.00011432000,0.70000,-0.03760
,,,-0.00011428000,0.70000,-0.03760
,,,-0.00011424000,0.70000,-0.03760
,,,-0.00011420000,0.70000,-0.03760
,,,-0.00011416000,0.72000,-0.03680
,,,-0.00011412000,0.72000,-0.03760
,,,-0.00011408000,0.72000,-0.03760
,,,-0.00011404000,0.72000,-0.03680
,,,-0.00011400000,0.72000,-0.03680
,,,-0.00011396000,0.72000,-0.03680
,,,-0.00011392000,0.72000,-0.03760
,,,-0.00011388000,0.72000,-0.03600
,,,-0.00011384000,0.74000,-0.03600
,,,-0.00011380000,0.74000,-0.03680
,,,-0.00011376000,0.74000,-0.03600
,,,-0.00011372000,0.74000,-0.03600
,,,-0.00011368000,0.74000,-0.03600
,,,-0.00011364000,0.74000,-0.03600
,,,-0.00011360000,0.74000,-0.03600
,,,-0.00011356000,0.74000,-0.03600
,,,-0.00011352000,0.76000,-0.03520
,,,-0.00011348000,0.74000,-0.03600
,,,-0.00011344000,0.76000,-0.03600
,,,-0.00011340000,0.76000,-0.03520
,,,-0.00011336000,0.76000,-0.03520
,,,-0.00011332000,0.76000,-0.03520
,,,-0.00011328000,0.76000,-0.03520
,,,-0.00011324000,0.76000,-0.03440
,,,-0.00011320000,0.76000,-0.03440
,,,-0.00011316000,0.76000,-0.03440
,,,-0.00011312000,0.76000,-0.03520
,,,-0.00011308000,0.78000,-0.03440
,,,-0.00011304000,0.78000,-0.03440
,,,-0.00011300000,0.78000,-0.03440
,,,-0.00011296000,0.78000,-0.03440
,,,-0.00011292000,0.78000,-0.03360
,,,-0.00011288000,0.78000,-0.03360
,,,-0.00011284000,0.78000,-0.03440
,,,-0.00011280000,0.78000,-0.03440
,,,-0.00011276000,0.78000,-0.03360
,,,-0.00011272000,0.78000,-0.03360
,,,-0.00011268000,0.80000,-0.03440
,,,-0.00011264000,0.80000,-0.03360
,,,-0.00011260000,0.80000,-0.03280
,,,-0.00011256000,0.80000,-0.03280
,,,-0.00011252000,0.80000,-0.03280
,,,-0.00011248000,0.80000,-0.03280
,,,-0.00011244000,0.80000,-0.03200
,,,-0.00011240000,0.82000,-0.03200
,,,-0.00011236000,0.80000,-0.03280
,,,-0.00011232000,0.80000,-0.03200
,,,-0.00011228000,0.80000,-0.03120
,,,-0.00011224000,0.82000,-0.03120
,,,-0.00011220000,0.80000,-0.03200
,,,-0.00011216000,0.82000,-0.03120
,,,-0.00011212000,0.82000,-0.03120
,,,-0.00011208000,0.82000,-0.03120
,,,-0.00011204000,0.82000,-0.03200
,,,-0.00011200000,0.82000,-0.03120
,,,-0.00011196000,0.82000,-0.03040
,,,-0.00011192000,0.82000,-0.03040
,,,-0.00011188000,0.82000,-0.03120
,,,-0.00011184000,0.82000,-0.03040
,,,-0.00011180000,0.82000,-0.03040
,,,-0.00011176000,0.84000,-0.02960
,,,-0.00011172000,0.84000,-0.03040
,,,-0.00011168000,0.84000,-0.03040
,,,-0.00011164000,0.84000,-0.02960
,,,-0.00011160000,0.84000,-0.02960
,,,-0.00011156000,0.84000,-0.03040
,,,-0.00011152000,0.84000,-0.02960
,,,-0.00011148000,0.84000,-0.02880
,,,-0.00011144000,0.84000,-0.02880
,,,-0.00011140000,0.86000,-0.02960
,,,-0.00011136000,0.84000,-0.02880
,,,-0.00011132000,0.84000,-0.02800
,,,-0.00011128000,0.84000,-0.02880
,,,-0.00011124000,0.84000,-0.02880
,,,-0.00011120000,0.84000,-0.02880
,,,-0.00011116000,0.84000,-0.02800
,,,-0.00011112000,0.84000,-0.02800
,,,-0.00011108000,0.86000,-0.02800
,,,-0.00011104000,0.86000,-0.02720
,,,-0.00011100000,0.86000,-0.02720
,,,-0.00011096000,0.86000,-0.02720
,,,-0.00011092000,0.86000,-0.02720
,,,-0.00011088000,0.86000,-0.02720
,,,-0.00011084000,0.86000,-0.02640
,,,-0.00011080000,0.86000,-0.02640
,,,-0.00011076000,0.86000,-0.02640
,,,-0.00011072000,0.86000,-0.02640
,,,-0.00011068000,0.86000,-0.02560
,,,-0.00011064000,0.86000,-0.02640
,,,-0.00011060000,0.88000,-0.02640
,,,-0.00011056000,0.86000,-0.02560
,,,-0.00011052000,0.86000,-0.02560
,,,-0.00011048000,0.86000,-0.02560
,,,-0.00011044000,0.88000,-0.02560
,,,-0.00011040000,0.86000,-0.02480
,,,-0.00011036000,0.88000,-0.02480
,,,-0.00011032000,0.88000,-0.02560
,,,-0.00011028000,0.88000,-0.02560
,,,-0.00011024000,0.88000,-0.02400
,,,-0.00011020000,0.88000,-0.02400
,,,-0.00011016000,0.88000,-0.02400
,,,-0.00011012000,0.88000,-0.02480
,,,-0.00011008000,0.88000,-0.02400
,,,-0.00011004000,0.88000,-0.02400
,,,-0.00011000000,0.88000,-0.02400
,,,-0.00010996000,0.88000,-0.02400
,,,-0.00010992000,0.88000,-0.02320
,,,-0.00010988000,0.88000,-0.02320
,,,-0.00010984000,0.88000,-0.02320
,,,-0.00010980000,0.88000,-0.02320
,,,-0.00010976000,0.88000,-0.02240
,,,-0.00010972000,0.88000,-0.02240
,,,-0.00010968000,0.88000,-0.02320
,,,-0.00010964000,0.88000,-0.02320
,,,-0.00010960000,0.88000,-0.02240
,,,-0.00010956000,0.88000,-0.02160
,,,-0.00010952000,0.90000,-0.02240
,,,-0.00010948000,0.90000,-0.02160
,,,-0.00010944000,0.90000,-0.02160
,,,-0.00010940000,0.88000,-0.02160
,,,-0.00010936000,0.90000,-0.02080
,,,-0.00010932000,0.90000,-0.02160
,,,-0.00010928000,0.90000,-0.02080
,,,-0.00010924000,0.90000,-0.02080
,,,-0.00010920000,0.90000,-0.02080
,,,-0.00010916000,0.90000,-0.02080
,,,-0.00010912000,0.90000,-0.02000
,,,-0.00010908000,0.90000,-0.02000
,,,-0.00010904000,0.90000,-0.02000
,,,-0.00010900000,0.90000,-0.02000
,,,-0.00010896000,0.90000,-0.02000
,,,-0.00010892000,0.90000,-0.01920
,,,-0.00010888000,0.90000,-0.02000
,,,-0.00010884000,0.90000,-0.01920
,,,-0.00010880000,0.90000,-0.01840
,,,-0.00010876000,0.90000,-0.01840
,,,-0.00010872000,0.92000,-0.01920
,,,-0.00010868000,0.90000,-0.01840
,,,-0.00010864000,0.90000,-0.01760
,,,-0.00010860000,0.90000,-0.01760
,,,-0.00010856000,0.90000,-0.01760
,,,-0.00010852000,0.90000,-0.01760
,,,-0.00010848000,0.90000,-0.01760
,,,-0.00010844000,0.90000,-0.01680
,,,-0.00010840000,0.90000,-0.01760
,,,-0.00010836000,0.92000,-0.01680
,,,-0.00010832000,0.90000,-0.01600
,,,-0.00010828000,0.90000,-0.01680
,,,-0.00010824000,0.90000,-0.01680
,,,-0.00010820000,0.90000,-0.01600
,,,-0.00010816000,0.92000,-0.01600
,,,-0.00010812000,0.90000,-0.01600
,,,-0.00010808000,0.92000,-0.01600
,,,-0.00010804000,0.90000,-0.01520
,,,-0.00010800000,0.92000,-0.01440
,,,-0.00010796000,0.90000,-0.01520
,,,-0.00010792000,0.92000,-0.01520
,,,-0.00010788000,0.92000,-0.01440
,,,-0.00010784000,0.92000,-0.01440
,,,-0.00010780000,0.92000,-0.01440
,,,-0.00010776000,0.92000,-0.01440
,,,-0.00010772000,0.92000,-0.01360
,,,-0.00010768000,0.92000,-0.01280
,,,-0.00010764000,0.92000,-0.01360
,,,-0.00010760000,0.92000,-0.01360
,,,-0.00010756000,0.92000,-0.01360
,,,-0.00010752000,0.92000,-0.01280
,,,-0.00010748000,0.92000,-0.01280
,,,-0.00010744000,0.92000,-0.01280
,,,-0.00010740000,0.90000,-0.01280
,,,-0.00010736000,0.90000,-0.01200
,,,-0.00010732000,0.92000,-0.01200
,,,-0.00010728000,0.92000,-0.01280
,,,-0.00010724000,0.92000,-0.01200
,,,-0.00010720000,0.92000,-0.01120
,,,-0.00010716000,0.92000,-0.01200
,,,-0.00010712000,0.92000,-0.01120
,,,-0.00010708000,0.92000,-0.01120
,,,-0.00010704000,0.92000,-0.01040
,,,-0.00010700000,0.92000,-0.01040
,,,-0.00010696000,0.92000,-0.01040
,,,-0.00010692000,0.92000,-0.01040
,,,-0.00010688000,0.92000,-0.01040
,,,-0.00010684000,0.92000,-0.01040
,,,-0.00010680000,0.92000,-0.01040
,,,-0.00010676000,0.92000,-0.00960
,,,-0.00010672000,0.92000,-0.00880
,,,-0.00010668000,0.92000,-0.00880
,,,-0.00010664000,0.92000,-0.00880
,,,-0.00010660000,0.90000,-0.00880
,,,-0.00010656000,0.92000,-0.00880
,,,-0.00010652000,0.92000,-0.00880
,,,-0.00010648000,0.92000,-0.00880
,,,-0.00010644000,0.92000,-0.00800
,,,-0.00010640000,0.90000,-0.00720
,,,-0.00010636000,0.92000,-0.00800
,,,-0.00010632000,0.92000,-0.00720
,,,-0.00010628000,0.90000,-0.00720
,,,-0.00010624000,0.92000,-0.00720
,,,-0.00010620000,0.92000,-0.00640
,,,-0.00010616000,0.92000,-0.00640
,,,-0.00010612000,0.92000,-0.00640
,,,-0.00010608000,0.92000,-0.00640
,,,-0.00010604000,0.92000,-0.00640
,,,-0.00010600000,0.92000,-0.00640
,,,-0.00010596000,0.92000,-0.00560
,,,-0.00010592000,0.92000,-0.00640
,,,-0.00010588000,0.92000,-0.00560
,,,-0.00010584000,0.92000,-0.00560
,,,-0.00010580000,0.92000,-0.00560
,,,-0.00010576000,0.92000,-0.00480
,,,-0.00010572000,0.92000,-0.00480
,,,-0.00010568000,0.90000,-0.00480
,,,-0.00010564000,0.92000,-0.00400
,,,-0.00010560000,0.92000,-0.00400
,,,-0.00010556000,0.92000,-0.00400
,,,-0.00010552000,0.90000,-0.00400
,,,-0.00010548000,0.90000,-0.00320
,,,-0.00010544000,0.92000,-0.00320
,,,-0.00010540000,0.92000,-0.00400
,,,-0.00010536000,0.90000,-0.00320
,,,-0.00010532000,0.92000,-0.00240
,,,-0.00010528000,0.90000,-0.00240
,,,-0.00010524000,0.90000,-0.00320
,,,-0.00010520000,0.92000,-0.00240
,,,-0.00010516000,0.90000,-0.00160
,,,-0.00010512000,0.90000,-0.00240
,,,-0.00010508000,0.90000,-0.00160
,,,-0.00010504000,0.90000,-0.00160
,,,-0.00010500000,0.90000,-0.00160
,,,-0.00010496000,0.90000,-0.00080
,,,-0.00010492000,0.90000,-0.00160
,,,-0.00010488000,0.90000,-0.00160
,,,-0.00010484000,0.90000,-0.00080
,,,-0.00010480000,0.90000,0.00
,,,-0.00010476000,0.90000,0.00
,,,-0.00010472000,0.90000,0.00
,,,-0.00010468000,0.90000,0.00080
,,,-0.00010464000,0.90000,0.00080
,,,-0.00010460000,0.90000,0.00
,,,-0.00010456000,0.90000,0.00080
,,,-0.00010452000,0.90000,0.00160
,,,-0.00010448000,0.90000,0.00080
,,,-0.00010444000,0.88000,0.00080
,,,-0.00010440000,0.90000,0.00160
,,,-0.00010436000,0.88000,0.00160
,,,-0.00010432000,0.90000,0.00160
,,,-0.00010428000,0.88000,0.00240
,,,-0.00010424000,0.88000,0.00240
,,,-0.00010420000,0.88000,0.00240
,,,-0.00010416000,0.88000,0.00240
,,,-0.00010412000,0.88000,0.00240
,,,-0.00010408000,0.88000,0.00320
,,,-0.00010404000,0.88000,0.00320
,,,-0.00010400000,0.88000,0.00320
,,,-0.00010396000,0.88000,0.00400
,,,-0.00010392000,0.88000,0.00400
,,,-0.00010388000,0.88000,0.00400
,,,-0.00010384000,0.88000,0.00400
,,,-0.00010380000,0.88000,0.00320
,,,-0.00010376000,0.88000,0.00400
,,,-0.00010372000,0.88000,0.00560
,,,-0.00010368000,0.86000,0.00400
,,,-0.00010364000,0.86000,0.00480
,,,-0.00010360000,0.88000,0.00560
,,,-0.00010356000,0.86000,0.00560
,,,-0.00010352000,0.86000,0.00480
,,,-0.00010348000,0.86000,0.00560
,,,-0.00010344000,0.86000,0.00640
,,,-0.00010340000,0.86000,0.00640
,,,-0.00010336000,0.86000,0.00640
,,,-0.00010332000,0.86000,0.00640
,,,-0.00010328000,0.86000,0.00640
,,,-0.00010324000,0.86000,0.00720
,,,-0.00010320000,0.86000,0.00640
,,,-0.00010316000,0.86000,0.00720
,,,-0.00010312000,0.86000,0.00800
,,,-0.00010308000,0.86000,0.00800
,,,-0.00010304000,0.86000,0.00800
,,,-0.00010300000,0.86000,0.00720
,,,-0.00010296000,0.86000,0.00800
,,,-0.00010292000,0.86000,0.00880
,,,-0.00010288000,0.84000,0.00800
,,,-0.00010284000,0.86000,0.00880
,,,-0.00010280000,0.84000,0.00960
,,,-0.00010276000,0.84000,0.00880
,,,-0.00010272000,0.84000,0.00880
,,,-0.00010268000,0.84000,0.00880
,,,-0.00010264000,0.84000,0.00960
,,,-0.00010260000,0.84000,0.01040
,,,-0.00010256000,0.82000,0.00960
,,,-0.00010252000,0.84000,0.01040
,,,-0.00010248000,0.84000,0.01120
,,,-0.00010244000,0.82000,0.01040
,,,-0.00010240000,0.84000,0.01040
,,,-0.00010236000,0.82000,0.01120
,,,-0.00010232000,0.82000,0.01120
,,,-0.00010228000,0.82000,0.01200
,,,-0.00010224000,0.82000,0.01120
,,,-0.00010220000,0.82000,0.01120
,,,-0.00010216000,0.82000,0.01200
,,,-0.00010212000,0.82000,0.01200
,,,-0.00010208000,0.82000,0.01200
,,,-0.00010204000,0.82000,0.01200
,,,-0.00010200000,0.80000,0.01200
,,,-0.00010196000,0.82000,0.01280
,,,-0.00010192000,0.82000,0.01280
,,,-0.00010188000,0.80000,0.01280
,,,-0.00010184000,0.82000,0.01360
,,,-0.00010180000,0.80000,0.01360
,,,-0.00010176000,0.80000,0.01280
,,,-0.00010172000,0.80000,0.01360
,,,-0.00010168000,0.80000,0.01440
,,,-0.00010164000,0.80000,0.01360
,,,-0.00010160000,0.80000,0.01440
,,,-0.00010156000,0.80000,0.01440
,,,-0.00010152000,0.78000,0.01520
,,,-0.00010148000,0.78000,0.01520
,,,-0.00010144000,0.78000,0.01440
,,,-0.00010140000,0.78000,0.01520
,,,-0.00010136000,0.78000,0.01520
,,,-0.00010132000,0.78000,0.01520
,,,-0.00010128000,0.78000,0.01520
,,,-0.00010124000,0.78000,0.01600
,,,-0.00010120000,0.78000,0.01600
,,,-0.00010116000,0.78000,0.01600
,,,-0.00010112000,0.76000,0.01600
,,,-0.00010108000,0.76000,0.01600
,,,-0.00010104000,0.78000,0.01760
,,,-0.00010100000,0.78000,0.01680
,,,-0.00010096000,0.76000,0.01680
,,,-0.00010092000,0.76000,0.01760
,,,-0.00010088000,0.76000,0.01680
,,,-0.00010084000,0.76000,0.01760
,,,-0.00010080000,0.76000,0.01760
,,,-0.00010076000,0.76000,0.01760
,,,-0.00010072000,0.76000,0.01840
,,,-0.00010068000,0.76000,0.01840
,,,-0.00010064000,0.74000,0.01760
,,,-0.00010060000,0.74000,0.01840
,,,-0.00010056000,0.74000,0.01920
,,,-0.00010052000,0.74000,0.01840
,,,-0.00010048000,0.74000,0.01920
,,,-0.00010044000,0.74000,0.01920
,,,-0.00010040000,0.74000,0.02000
,,,-0.00010036000,0.74000,0.02000
,,,-0.00010032000,0.72000,0.01920
,,,-0.00010028000,0.72000,0.02000
,,,-0.00010024000,0.72000,0.02080
,,,-0.00010020000,0.74000,0.02000
,,,-0.00010016000,0.74000,0.02000
,,,-0.00010012000,0.72000,0.02160
,,,-0.00010008000,0.72000,0.02080
,,,-0.00010004000,0.72000,0.02080
,,,-0.00010000000,0.72000,0.02080
,,,-0.00009996000,0.72000,0.02080
,,,-0.00009992000,0.72000,0.02160
,,,-0.00009988000,0.72000,0.02160
,,,-0.00009984000,0.70000,0.02160
,,,-0.00009980000,0.70000,0.02240
,,,-0.00009976000,0.70000,0.02240
,,,-0.00009972000,0.70000,0.02240
,,,-0.00009968000,0.70000,0.02240
,,,-0.00009964000,0.70000,0.02320
,,,-0.00009960000,0.70000,0.02320
,,,-0.00009956000,0.70000,0.02320
,,,-0.00009952000,0.68000,0.02320
,,,-0.00009948000,0.70000,0.02400
,,,-0.00009944000,0.68000,0.02400
,,,-0.00009940000,0.68000,0.02400
,,,-0.00009936000,0.68000,0.02400
,,,-0.00009932000,0.68000,0.02480
,,,-0.00009928000,0.68000,0.02480
,,,-0.00009924000,0.68000,0.02400
,,,-0.00009920000,0.68000,0.02480
,,,-0.00009916000,0.68000,0.02480
,,,-0.00009912000,0.68000,0.02560
,,,-0.00009908000,0.66000,0.02480
,,,-0.00009904000,0.66000,0.02560
,,,-0.00009900000,0.66000,0.02560
,,,-0.00009896000,0.66000,0.02560
,,,-0.00009892000,0.66000,0.02560
,,,-0.00009888000,0.66000,0.02560
,,,-0.00009884000,0.66000,0.02640
,,,-0.00009880000,0.66000,0.02640
,,,-0.00009876000,0.64000,0.02640
,,,-0.00009872000,0.64000,0.02640
,,,-0.00009868000,0.64000,0.02720
,,,-0.00009864000,0.64000,0.02720
,,,-0.00009860000,0.64000,0.02720
,,,-0.00009856000,0.64000,0.02720
,,,-0.00009852000,0.64000,0.02800
,,,-0.00009848000,0.64000,0.02800
,,,-0.00009844000,0.62000,0.02800
,,,-0.00009840000,0.62000,0.02800
,,,-0.00009836000,0.62000,0.02800
,,,-0.00009832000,0.62000,0.02800
,,,-0.00009828000,0.62000,0.02800
,,,-0.00009824000,0.62000,0.02880
,,,-0.00009820000,0.62000,0.02880
,,,-0.00009816000,0.62000,0.02880
,,,-0.00009812000,0.62000,0.02880
,,,-0.00009808000,0.60000,0.02880
,,,-0.00009804000,0.60000,0.02960
,,,-0.00009800000,0.60000,0.02960
,,,-0.00009796000,0.60000,0.02960
,,,-0.00009792000,0.60000,0.02960
,,,-0.00009788000,0.60000,0.03040
,,,-0.00009784000,0.60000,0.02960
,,,-0.00009780000,0.60000,0.02960
,,,-0.00009776000,0.60000,0.03120
,,,-0.00009772000,0.58000,0.03120
,,,-0.00009768000,0.58000,0.03120
,,,-0.00009764000,0.58000,0.03120
,,,-0.00009760000,0.58000,0.03120
,,,-0.00009756000,0.58000,0.03120
,,,-0.00009752000,0.58000,0.03120
,,,-0.00009748000,0.56000,0.03120
,,,-0.00009744000,0.56000,0.03200
,,,-0.00009740000,0.56000,0.03200
,,,-0.00009736000,0.56000,0.03200
,,,-0.00009732000,0.56000,0.03200
,,,-0.00009728000,0.56000,0.03200
,,,-0.00009724000,0.56000,0.03280
,,,-0.00009720000,0.54000,0.03280
,,,-0.00009716000,0.54000,0.03280
,,,-0.00009712000,0.54000,0.03280
,,,-0.00009708000,0.54000,0.03360
,,,-0.00009704000,0.54000,0.03280
,,,-0.00009700000,0.54000,0.03360
,,,-0.00009696000,0.54000,0.03360
,,,-0.00009692000,0.54000,0.03360
,,,-0.00009688000,0.54000,0.03360
,,,-0.00009684000,0.52000,0.03360
,,,-0.00009680000,0.52000,0.03440
,,,-0.00009676000,0.52000,0.03440
,,,-0.00009672000,0.52000,0.03440
,,,-0.00009668000,0.52000,0.03440
,,,-0.00009664000,0.52000,0.03440
,,,-0.00009660000,0.50000,0.03520
,,,-0.00009656000,0.50000,0.03520
,,,-0.00009652000,0.50000,0.03440
,,,-0.00009648000,0.50000,0.03520
,,,-0.00009644000,0.50000,0.03520
,,,-0.00009640000,0.50000,0.03520
,,,-0.00009636000,0.50000,0.03520
,,,-0.00009632000,0.50000,0.03600
,,,-0.00009628000,0.48000,0.03600
,,,-0.00009624000,0.48000,0.03600
,,,-0.00009620000,0.48000,0.03600
,,,-0.00009616000,0.48000,0.03600
,,,-0.00009612000,0.48000,0.03680
,,,-0.00009608000,0.48000,0.03680
,,,-0.00009604000,0.46000,0.03600
,,,-0.00009600000,0.46000,0.03680
,,,-0.00009596000,0.46000,0.03680
,,,-0.00009592000,0.46000,0.03680
,,,-0.00009588000,0.46000,0.03680
,,,-0.00009584000,0.46000,0.03680
,,,-0.00009580000,0.44000,0.03760
,,,-0.00009576000,0.44000,0.03760
,,,-0.00009572000,0.44000,0.03680
,,,-0.00009568000,0.44000,0.03760
,,,-0.00009564000,0.44000,0.03840
,,,-0.00009560000,0.44000,0.03760
,,,-0.00009556000,0.44000,0.03760
,,,-0.00009552000,0.42000,0.03840
,,,-0.00009548000,0.42000,0.03840
,,,-0.00009544000,0.42000,0.03840
,,,-0.00009540000,0.42000,0.03840
,,,-0.00009536000,0.42000,0.03840
,,,-0.00009532000,0.42000,0.03920
,,,-0.00009528000,0.40000,0.03920
,,,-0.00009524000,0.40000,0.03840
,,,-0.00009520000,0.40000,0.03920
,,,-0.00009516000,0.40000,0.03920
,,,-0.00009512000,0.40000,0.03840
,,,-0.00009508000,0.40000,0.03920
,,,-0.00009504000,0.40000,0.03920
,,,-0.00009500000,0.40000,0.03920
,,,-0.00009496000,0.38000,0.04000
,,,-0.00009492000,0.38000,0.03920
,,,-0.00009488000,0.38000,0.03920
,,,-0.00009484000,0.38000,0.04000
,,,-0.00009480000,0.38000,0.04000
,,,-0.00009476000,0.38000,0.04000
,,,-0.00009472000,0.36000,0.04080
,,,-0.00009468000,0.36000,0.04080
,,,-0.00009464000,0.36000,0.04080
,,,-0.00009460000,0.36000,0.04080
,,,-0.00009456000,0.36000,0.04080
,,,-0.00009452000,0.36000,0.04080
,,,-0.00009448000,0.34000,0.04080
,,,-0.00009444000,0.34000,0.04080
,,,-0.00009440000,0.34000,0.04160
,,,-0.00009436000,0.34000,0.04080
,,,-0.00009432000,0.34000,0.04080
,,,-0.00009428000,0.34000,0.04160
,,,-0.00009424000,0.34000,0.04160
,,,-0.00009420000,0.32000,0.04160
,,,-0.00009416000,0.32000,0.04160
,,,-0.00009412000,0.32000,0.04160
,,,-0.00009408000,0.32000,0.04160
,,,-0.00009404000,0.32000,0.04160
,,,-0.00009400000,0.30000,0.04160
,,,-0.00009396000,0.30000,0.04240
,,,-0.00009392000,0.30000,0.04240
,,,-0.00009388000,0.30000,0.04240
,,,-0.00009384000,0.30000,0.04240
,,,-0.00009380000,0.30000,0.04240
,,,-0.00009376000,0.28000,0.04240
,,,-0.00009372000,0.28000,0.04240
,,,-0.00009368000,0.28000,0.04240
,,,-0.00009364000,0.28000,0.04240
,,,-0.00009360000,0.28000,0.04320
,,,-0.00009356000,0.28000,0.04320
,,,-0.00009352000,0.26000,0.04320
,,,-0.00009348000,0.26000,0.04320
,,,-0.00009344000,0.26000,0.04320
,,,-0.00009340000,0.26000,0.04320
,,,-0.00009336000,0.26000,0.04320
,,,-0.00009332000,0.26000,0.04320
,,,-0.00009328000,0.26000,0.04320
,,,-0.00009324000,0.24000,0.04320
,,,-0.00009320000,0.24000,0.04320
,,,-0.00009316000,0.24000,0.04400
,,,-0.00009312000,0.24000,0.04400
,,,-0.00009308000,0.24000,0.04400
,,,-0.00009304000,0.24000,0.04400
,,,-0.00009300000,0.22000,0.04320
,,,-0.00009296000,0.22000,0.04400
,,,-0.00009292000,0.22000,0.04400
,,,-0.00009288000,0.22000,0.04400
,,,-0.00009284000,0.22000,0.04400
,,,-0.00009280000,0.20000,0.04400
,,,-0.00009276000,0.20000,0.04400
,,,-0.00009272000,0.20000,0.04400
,,,-0.00009268000,0.20000,0.04400
,,,-0.00009264000,0.20000,0.04480
,,,-0.00009260000,0.18000,0.04480
,,,-0.00009256000,0.18000,0.04400
,,,-0.00009252000,0.18000,0.04480
,,,-0.00009248000,0.18000,0.04480
,,,-0.00009244000,0.18000,0.04480
,,,-0.00009240000,0.18000,0.04480
,,,-0.00009236000,0.18000,0.04480
,,,-0.00009232000,0.16000,0.04480
,,,-0.00009228000,0.16000,0.04480
,,,-0.00009224000,0.16000,0.04480
,,,-0.00009220000,0.14000,0.04480
,,,-0.00009216000,0.16000,0.04560
,,,-0.00009212000,0.14000,0.04480
,,,-0.00009208000,0.14000,0.04480
,,,-0.00009204000,0.14000,0.04560
,,,-0.00009200000,0.14000,0.04480
,,,-0.00009196000,0.14000,0.04480
,,,-0.00009192000,0.14000,0.04560
,,,-0.00009188000,0.12000,0.04480
,,,-0.00009184000,0.12000,0.04560
,,,-0.00009180000,0.12000,0.04560
,,,-0.00009176000,0.12000,0.04560
,,,-0.00009172000,0.10000,0.04560
,,,-0.00009168000,0.10000,0.04560
,,,-0.00009164000,0.10000,0.04560
,,,-0.00009160000,0.10000,0.04560
,,,-0.00009156000,0.10000,0.04560
,,,-0.00009152000,0.10000,0.04560
,,,-0.00009148000,0.10000,0.04640
,,,-0.00009144000,0.08000,0.04560
,,,-0.00009140000,0.08000,0.04560
,,,-0.00009136000,0.08000,0.04560
,,,-0.00009132000,0.08000,0.04560
,,,-0.00009128000,0.08000,0.04560
,,,-0.00009124000,0.08000,0.04640
,,,-0.00009120000,0.06000,0.04640
,,,-0.00009116000,0.06000,0.04560
,,,-0.00009112000,0.06000,0.04640
,,,-0.00009108000,0.06000,0.04560
,,,-0.00009104000,0.06000,0.04640
,,,-0.00009100000,0.04000,0.04560
,,,-0.00009096000,0.04000,0.04560
,,,-0.00009092000,0.04000,0.04640
,,,-0.00009088000,0.04000,0.04640
,,,-0.00009084000,0.04000,0.04640
,,,-0.00009080000,0.02000,0.04640
,,,-0.00009076000,0.02000,0.04640
,,,-0.00009072000,0.02000,0.04640
,,,-0.00009068000,0.02000,0.04640
,,,-0.00009064000,0.02000,0.04640
,,,-0.00009060000,0.00,0.04640
,,,-0.00009056000,0.00,0.04720
,,,-0.00009052000,0.00,0.04720
,,,-0.00009048000,0.00,0.04640
,,,-0.00009044000,0.00,0.04640
,,,-0.00009040000,-0.02000,0.04720
,,,-0.00009036000,-0.02000,0.04640
,,,-0.00009032000,-0.02000,0.04640
,,,-0.00009028000,-0.02000,0.04640
,,,-0.00009024000,-0.02000,0.04720
,,,-0.00009020000,-0.02000,0.04640
,,,-0.00009016000,-0.04000,0.04640
,,,-0.00009012000,-0.04000,0.04720
,,,-0.00009008000,-0.04000,0.04720
,,,-0.00009004000,-0.04000,0.04720
,,,-0.00009000000,-0.04000,0.04720
,,,-0.00008996000,-0.06000,0.04720
,,,-0.00008992000,-0.06000,0.04720
,,,-0.00008988000,-0.06000,0.04720
,,,-0.00008984000,-0.06000,0.04720
,,,-0.00008980000,-0.06000,0.04720
,,,-0.00008976000,-0.08000,0.04720
,,,-0.00008972000,-0.08000,0.04720
,,,-0.00008968000,-0.08000,0.04720
,,,-0.00008964000,-0.08000,0.04720
,,,-0.00008960000,-0.08000,0.04720
,,,-0.00008956000,-0.08000,0.04720
,,,-0.00008952000,-0.10000,0.04640
,,,-0.00008948000,-0.10000,0.04720
,,,-0.00008944000,-0.10000,0.04720
,,,-0.00008940000,-0.10000,0.04720
,,,-0.00008936000,-0.10000,0.04720
,,,-0.00008932000,-0.12000,0.04720
,,,-0.00008928000,-0.12000,0.04720
,,,-0.00008924000,-0.12000,0.04720
,,,-0.00008920000,-0.12000,0.04720
,,,-0.00008916000,-0.12000,0.04720
,,,-0.00008912000,-0.12000,0.04800
,,,-0.00008908000,-0.14000,0.04720
,,,-0.00008904000,-0.14000,0.04720
,,,-0.00008900000,-0.14000,0.04800
,,,-0.00008896000,-0.14000,0.04720
,,,-0.00008892000,-0.16000,0.04720
,,,-0.00008888000,-0.16000,0.04720
,,,-0.00008884000,-0.16000,0.04720
,,,-0.00008880000,-0.16000,0.04720
,,,-0.00008876000,-0.16000,0.04720
,,,-0.00008872000,-0.18000,0.04720
,,,-0.00008868000,-0.18000,0.04720
,,,-0.00008864000,-0.18000,0.04720
,,,-0.00008860000,-0.18000,0.04720
,,,-0.00008856000,-0.18000,0.04720
,,,-0.00008852000,-0.18000,0.04720
,,,-0.00008848000,-0.18000,0.04720
,,,-0.00008844000,-0.20000,0.04720
,,,-0.00008840000,-0.20000,0.04720
,,,-0.00008836000,-0.20000,0.04720
,,,-0.00008832000,-0.20000,0.04720
,,,-0.00008828000,-0.22000,0.04720
,,,-0.00008824000,-0.22000,0.04720
,,,-0.00008820000,-0.22000,0.04720
,,,-0.00008816000,-0.22000,0.04640
,,,-0.00008812000,-0.22000,0.04640
,,,-0.00008808000,-0.22000,0.04640
,,,-0.00008804000,-0.24000,0.04640
,,,-0.00008800000,-0.24000,0.04720
,,,-0.00008796000,-0.24000,0.04640
,,,-0.00008792000,-0.24000,0.04640
,,,-0.00008788000,-0.24000,0.04720
,,,-0.00008784000,-0.26000,0.04640
,,,-0.00008780000,-0.26000,0.04640
,,,-0.00008776000,-0.26000,0.04720
,,,-0.00008772000,-0.26000,0.04720
,,,-0.00008768000,-0.26000,0.04640
,,,-0.00008764000,-0.28000,0.04640
,,,-0.00008760000,-0.28000,0.04640
,,,-0.00008756000,-0.28000,0.04720
,,,-0.00008752000,-0.28000,0.04720
,,,-0.00008748000,-0.28000,0.04640
,,,-0.00008744000,-0.28000,0.04640
,,,-0.00008740000,-0.30000,0.04640
,,,-0.00008736000,-0.30000,0.04640
,,,-0.00008732000,-0.30000,0.04640
,,,-0.00008728000,-0.30000,0.04640
,,,-0.00008724000,-0.32000,0.04640
,,,-0.00008720000,-0.32000,0.04640
,,,-0.00008716000,-0.32000,0.04560
,,,-0.00008712000,-0.32000,0.04640
,,,-0.00008708000,-0.34000,0.04640
,,,-0.00008704000,-0.34000,0.04640
,,,-0.00008700000,-0.34000,0.04640
,,,-0.00008696000,-0.34000,0.04640
,,,-0.00008692000,-0.34000,0.04640
,,,-0.00008688000,-0.34000,0.04640
,,,-0.00008684000,-0.36000,0.04640
,,,-0.00008680000,-0.36000,0.04640
,,,-0.00008676000,-0.36000,0.04640
,,,-0.00008672000,-0.36000,0.04640
,,,-0.00008668000,-0.38000,0.04640
,,,-0.00008664000,-0.38000,0.04640
,,,-0.00008660000,-0.38000,0.04640
,,,-0.00008656000,-0.38000,0.04560
,,,-0.00008652000,-0.38000,0.04560
,,,-0.00008648000,-0.38000,0.04560
,,,-0.00008644000,-0.38000,0.04560
,,,-0.00008640000,-0.40000,0.04560
,,,-0.00008636000,-0.40000,0.04560
,,,-0.00008632000,-0.40000,0.04560
,,,-0.00008628000,-0.40000,0.04560
,,,-0.00008624000,-0.40000,0.04560
,,,-0.00008620000,-0.42000,0.04560
,,,-0.00008616000,-0.42000,0.04560
,,,-0.00008612000,-0.42000,0.04640
,,,-0.00008608000,-0.42000,0.04560
,,,-0.00008604000,-0.42000,0.04560
,,,-0.00008600000,-0.42000,0.04560
,,,-0.00008596000,-0.42000,0.04560
,,,-0.00008592000,-0.44000,0.04480
,,,-0.00008588000,-0.44000,0.04480
,,,-0.00008584000,-0.44000,0.04480
,,,-0.00008580000,-0.44000,0.04480
,,,-0.00008576000,-0.46000,0.04480
,,,-0.00008572000,-0.46000,0.04480
,,,-0.00008568000,-0.46000,0.04480
,,,-0.00008564000,-0.46000,0.04480
,,,-0.00008560000,-0.46000,0.04480
,,,-0.00008556000,-0.46000,0.04480
,,,-0.00008552000,-0.48000,0.04480
,,,-0.00008548000,-0.48000,0.04480
,,,-0.00008544000,-0.48000,0.04480
,,,-0.00008540000,-0.48000,0.04400
,,,-0.00008536000,-0.50000,0.04400
,,,-0.00008532000,-0.50000,0.04400
,,,-0.00008528000,-0.50000,0.04400
,,,-0.00008524000,-0.50000,0.04400
,,,-0.00008520000,-0.50000,0.04400
,,,-0.00008516000,-0.50000,0.04400
,,,-0.00008512000,-0.52000,0.04320
,,,-0.00008508000,-0.52000,0.04400
,,,-0.00008504000,-0.52000,0.04320
,,,-0.00008500000,-0.52000,0.04320
,,,-0.00008496000,-0.54000,0.04320
,,,-0.00008492000,-0.54000,0.04320
,,,-0.00008488000,-0.54000,0.04320
,,,-0.00008484000,-0.54000,0.04320
,,,-0.00008480000,-0.54000,0.04240
,,,-0.00008476000,-0.56000,0.04240
,,,-0.00008472000,-0.56000,0.04320
,,,-0.00008468000,-0.56000,0.04320
,,,-0.00008464000,-0.56000,0.04240
,,,-0.00008460000,-0.56000,0.04240
,,,-0.00008456000,-0.56000,0.04320
,,,-0.00008452000,-0.58000,0.04320
,,,-0.00008448000,-0.58000,0.04160
,,,-0.00008444000,-0.58000,0.04160
,,,-0.00008440000,-0.58000,0.04240
,,,-0.00008436000,-0.58000,0.04240
,,,-0.00008432000,-0.58000,0.04160
,,,-0.00008428000,-0.58000,0.04160
,,,-0.00008424000,-0.60000,0.04160
,,,-0.00008420000,-0.60000,0.04160
,,,-0.00008416000,-0.60000,0.04080
,,,-0.00008412000,-0.62000,0.04080
,,,-0.00008408000,-0.62000,0.04160
,,,-0.00008404000,-0.62000,0.04160
,,,-0.00008400000,-0.62000,0.04080
,,,-0.00008396000,-0.62000,0.04080
,,,-0.00008392000,-0.62000,0.04160
,,,-0.00008388000,-0.64000,0.04080
,,,-0.00008384000,-0.64000,0.04080
,,,-0.00008380000,-0.64000,0.04080
,,,-0.00008376000,-0.64000,0.04080
,,,-0.00008372000,-0.64000,0.04080
,,,-0.00008368000,-0.66000,0.04000
,,,-0.00008364000,-0.66000,0.04000
,,,-0.00008360000,-0.66000,0.04080
,,,-0.00008356000,-0.66000,0.04000
,,,-0.00008352000,-0.66000,0.04000
,,,-0.00008348000,-0.66000,0.04000
,,,-0.00008344000,-0.68000,0.04000
,,,-0.00008340000,-0.68000,0.04000
,,,-0.00008336000,-0.68000,0.03920
,,,-0.00008332000,-0.68000,0.03920
,,,-0.00008328000,-0.68000,0.04000
,,,-0.00008324000,-0.68000,0.03920
,,,-0.00008320000,-0.68000,0.03920
,,,-0.00008316000,-0.70000,0.03920
,,,-0.00008312000,-0.70000,0.03920
,,,-0.00008308000,-0.70000,0.03920
,,,-0.00008304000,-0.70000,0.03840
,,,-0.00008300000,-0.72000,0.03920
,,,-0.00008296000,-0.72000,0.03920
,,,-0.00008292000,-0.72000,0.03920
,,,-0.00008288000,-0.72000,0.03760
,,,-0.00008284000,-0.72000,0.03840
,,,-0.00008280000,-0.72000,0.03840
,,,-0.00008276000,-0.72000,0.03760
,,,-0.00008272000,-0.72000,0.03760
,,,-0.00008268000,-0.74000,0.03760
,,,-0.00008264000,-0.74000,0.03760
,,,-0.00008260000,-0.74000,0.03760
,,,-0.00008256000,-0.74000,0.03680
,,,-0.00008252000,-0.74000,0.03680
,,,-0.00008248000,-0.74000,0.03760
,,,-0.00008244000,-0.76000,0.03680
,,,-0.00008240000,-0.76000,0.03680
,,,-0.00008236000,-0.76000,0.03680
,,,-0.00008232000,-0.78000,0.03680
,,,-0.00008228000,-0.76000,0.03680
,,,-0.00008224000,-0.78000,0.03600
,,,-0.00008220000,-0.78000,0.03600
,,,-0.00008216000,-0.78000,0.03680
,,,-0.00008212000,-0.78000,0.03600
,,,-0.00008208000,-0.78000,0.03520
,,,-0.00008204000,-0.78000,0.03600
,,,-0.00008200000,-0.78000,0.03600
,,,-0.00008196000,-0.80000,0.03520
,,,-0.00008192000,-0.80000,0.03520
,,,-0.00008188000,-0.80000,0.03520
,,,-0.00008184000,-0.80000,0.03520
,,,-0.00008180000,-0.80000,0.03440
,,,-0.00008176000,-0.80000,0.03440
,,,-0.00008172000,-0.82000,0.03440
,,,-0.00008168000,-0.82000,0.03440
,,,-0.00008164000,-0.82000,0.03440
,,,-0.00008160000,-0.82000,0.03360
,,,-0.00008156000,-0.82000,0.03360
,,,-0.00008152000,-0.82000,0.03440
,,,-0.00008148000,-0.82000,0.03360
,,,-0.00008144000,-0.84000,0.03280
,,,-0.00008140000,-0.82000,0.03360
,,,-0.00008136000,-0.84000,0.03360
,,,-0.00008132000,-0.84000,0.03280
,,,-0.00008128000,-0.84000,0.03280
,,,-0.00008124000,-0.84000,0.03280
,,,-0.00008120000,-0.86000,0.03280
,,,-0.00008116000,-0.84000,0.03200
,,,-0.00008112000,-0.86000,0.03120
,,,-0.00008108000,-0.86000,0.03200
,,,-0.00008104000,-0.86000,0.03280
,,,-0.00008100000,-0.86000,0.03200
,,,-0.00008096000,-0.86000,0.03120
,,,-0.00008092000,-0.86000,0.03200
,,,-0.00008088000,-0.88000,0.03200
,,,-0.00008084000,-0.86000,0.03120
,,,-0.00008080000,-0.88000,0.03120
,,,-0.00008076000,-0.88000,0.03120
,,,-0.00008072000,-0.88000,0.03120
,,,-0.00008068000,-0.88000,0.03040
,,,-0.00008064000,-0.88000,0.03040
,,,-0.00008060000,-0.88000,0.03040
,,,-0.00008056000,-0.88000,0.03040
,,,-0.00008052000,-0.88000,0.03040
,,,-0.00008048000,-0.90000,0.02960
,,,-0.00008044000,-0.90000,0.02960
,,,-0.00008040000,-0.90000,0.02960
,,,-0.00008036000,-0.90000,0.02960
,,,-0.00008032000,-0.92000,0.02880
,,,-0.00008028000,-0.90000,0.02880
,,,-0.00008024000,-0.90000,0.02960
,,,-0.00008020000,-0.92000,0.02880
,,,-0.00008016000,-0.92000,0.02880
,,,-0.00008012000,-0.92000,0.02880
,,,-0.00008008000,-0.92000,0.02880
,,,-0.00008004000,-0.92000,0.02800
,,,-0.00008000000,-0.92000,0.02800
,,,-0.00007996000,-0.94000,0.02800
,,,-0.00007992000,-0.92000,0.02800
,,,-0.00007988000,-0.94000,0.02720
,,,-0.00007984000,-0.94000,0.02720
,,,-0.00007980000,-0.92000,0.02800
,,,-0.00007976000,-0.94000,0.02800
,,,-0.00007972000,-0.94000,0.02720
,,,-0.00007968000,-0.94000,0.02640
,,,-0.00007964000,-0.94000,0.02720
,,,-0.00007960000,-0.94000,0.02640
,,,-0.00007956000,-0.94000,0.02640
,,,-0.00007952000,-0.96000,0.02640
,,,-0.00007948000,-0.96000,0.02640
,,,-0.00007944000,-0.94000,0.02640
,,,-0.00007940000,-0.96000,0.02560
,,,-0.00007936000,-0.96000,0.02560
,,,-0.00007932000,-0.96000,0.02560
,,,-0.00007928000,-0.96000,0.02560
,,,-0.00007924000,-0.96000,0.02560
,,,-0.00007920000,-0.96000,0.02480
,,,-0.00007916000,-0.96000,0.02560
,,,-0.00007912000,-0.96000,0.02560
,,,-0.00007908000,-0.98000,0.02400
,,,-0.00007904000,-0.96000,0.02400
,,,-0.00007900000,-0.98000,0.02480
,,,-0.00007896000,-0.98000,0.02480
,,,-0.00007892000,-0.98000,0.02400
,,,-0.00007888000,-0.98000,0.02400
,,,-0.00007884000,-1.00000,0.02400
,,,-0.00007880000,-0.98000,0.02400
,,,-0.00007876000,-0.98000,0.02320
,,,-0.00007872000,-1.00000,0.02320
,,,-0.00007868000,-0.98000,0.02320
,,,-0.00007864000,-0.98000,0.02320
,,,-0.00007860000,-0.98000,0.02240
,,,-0.00007856000,-0.98000,0.02240
,,,-0.00007852000,-1.00000,0.02240
,,,-0.00007848000,-1.00000,0.02240
,,,-0.00007844000,-1.00000,0.02160
,,,-0.00007840000,-1.00000,0.02160
,,,-0.00007836000,-1.00000,0.02240
,,,-0.00007832000,-1.00000,0.02240
,,,-0.00007828000,-1.00000,0.02080
,,,-0.00007824000,-1.00000,0.02080
,,,-0.00007820000,-1.00000,0.02080
,,,-0.00007816000,-1.02000,0.02080
,,,-0.00007812000,-1.00000,0.02080
,,,-0.00007808000,-1.02000,0.02080
,,,-0.00007804000,-1.02000,0.02080
,,,-0.00007800000,-1.02000,0.02000
,,,-0.00007796000,-1.02000,0.01920
,,,-0.00007792000,-1.02000,0.01920
,,,-0.00007788000,-1.02000,0.02000
,,,-0.00007784000,-1.02000,0.02000
,,,-0.00007780000,-1.02000,0.01920
,,,-0.00007776000,-1.04000,0.01920
,,,-0.00007772000,-1.04000,0.01920
,,,-0.00007768000,-1.02000,0.01920
,,,-0.00007764000,-1.02000,0.01840
,,,-0.00007760000,-1.04000,0.01760
,,,-0.00007756000,-1.04000,0.01840
,,,-0.00007752000,-1.02000,0.01760
,,,-0.00007748000,-1.04000,0.01760
,,,-0.00007744000,-1.02000,0.01760
,,,-0.00007740000,-1.04000,0.01680
,,,-0.00007736000,-1.04000,0.01760
,,,-0.00007732000,-1.02000,0.01680
,,,-0.00007728000,-1.04000,0.01680
,,,-0.00007724000,-1.04000,0.01680
,,,-0.00007720000,-1.04000,0.01680
,,,-0.00007716000,-1.04000,0.01600
,,,-0.00007712000,-1.04000,0.01600
,,,-0.00007708000,-1.04000,0.01600
,,,-0.00007704000,-1.04000,0.01600
,,,-0.00007700000,-1.04000,0.01600
,,,-0.00007696000,-1.04000,0.01600
,,,-0.00007692000,-1.06000,0.01520
,,,-0.00007688000,-1.04000,0.01520
,,,-0.00007684000,-1.04000,0.01440
,,,-0.00007680000,-1.04000,0.01440
,,,-0.00007676000,-1.04000,0.01440
,,,-0.00007672000,-1.06000,0.01520
,,,-0.00007668000,-1.04000,0.01440
,,,-0.00007664000,-1.06000,0.01360
,,,-0.00007660000,-1.06000,0.01360
,,,-0.00007656000,-1.04000,0.01360
,,,-0.00007652000,-1.04000,0.01360
,,,-0.00007648000,-1.06000,0.01360
,,,-0.00007644000,-1.06000,0.01360
,,,-0.00007640000,-1.06000,0.01360
,,,-0.00007636000,-1.06000,0.01280
,,,-0.00007632000,-1.06000,0.01280
,,,-0.00007628000,-1.06000,0.01280
,,,-0.00007624000,-1.06000,0.01280
,,,-0.00007620000,-1.04000,0.01200
,,,-0.00007616000,-1.06000,0.01200
,,,-0.00007612000,-1.06000,0.01280
,,,-0.00007608000,-1.04000,0.01200
,,,-0.00007604000,-1.06000,0.01120
,,,-0.00007600000,-1.06000,0.01120
,,,-0.00007596000,-1.06000,0.01120
,,,-0.00007592000,-1.06000,0.01120
,,,-0.00007588000,-1.06000,0.01120
,,,-0.00007584000,-1.06000,0.01040
,,,-0.00007580000,-1.06000,0.01040
,,,-0.00007576000,-1.06000,0.01040
,,,-0.00007572000,-1.04000,0.01040
,,,-0.00007568000,-1.06000,0.00960
,,,-0.00007564000,-1.04000,0.01040
,,,-0.00007560000,-1.06000,0.00960
,,,-0.00007556000,-1.06000,0.00960
,,,-0.00007552000,-1.06000,0.00880
,,,-0.00007548000,-1.06000,0.00880
,,,-0.00007544000,-1.06000,0.00880
,,,-0.00007540000,-1.06000,0.00800
,,,-0.00007536000,-1.06000,0.00800
,,,-0.00007532000,-1.06000,0.00880
,,,-0.00007528000,-1.06000,0.00800
,,,-0.00007524000,-1.06000,0.00720
,,,-0.00007520000,-1.06000,0.00720
,,,-0.00007516000,-1.06000,0.00800
,,,-0.00007512000,-1.06000,0.00720
,,,-0.00007508000,-1.06000,0.00720
,,,-0.00007504000,-1.06000,0.00640
,,,-0.00007500000,-1.06000,0.00640
,,,-0.00007496000,-1.06000,0.00640
,,,-0.00007492000,-1.06000,0.00640
,,,-0.00007488000,-1.06000,0.00560
,,,-0.00007484000,-1.06000,0.00640
,,,-0.00007480000,-1.06000,0.00560
,,,-0.00007476000,-1.06000,0.00480
,,,-0.00007472000,-1.06000,0.00480
,,,-0.00007468000,-1.06000,0.00560
,,,-0.00007464000,-1.04000,0.00480
,,,-0.00007460000,-1.04000,0.00480
,,,-0.00007456000,-1.06000,0.00480
,,,-0.00007452000,-1.04000,0.00400
,,,-0.00007448000,-1.04000,0.00400
,,,-0.00007444000,-1.04000,0.00320
,,,-0.00007440000,-1.04000,0.00320
,,,-0.00007436000,-1.04000,0.00400
,,,-0.00007432000,-1.04000,0.00400
,,,-0.00007428000,-1.04000,0.00320
,,,-0.00007424000,-1.04000,0.00320
,,,-0.00007420000,-1.04000,0.00320
,,,-0.00007416000,-1.04000,0.00240
,,,-0.00007412000,-1.04000,0.00160
,,,-0.00007408000,-1.04000,0.00240
,,,-0.00007404000,-1.04000,0.00240
,,,-0.00007400000,-1.04000,0.00240
,,,-0.00007396000,-1.04000,0.00160
,,,-0.00007392000,-1.04000,0.00080
,,,-0.00007388000,-1.04000,0.00080
,,,-0.00007384000,-1.04000,0.00080
,,,-0.00007380000,-1.02000,0.00080
,,,-0.00007376000,-1.02000,0.00080
,,,-0.00007372000,-1.02000,0.00080
,,,-0.00007368000,-1.02000,0.00
,,,-0.00007364000,-1.02000,0.00
,,,-0.00007360000,-1.02000,0.00
,,,-0.00007356000,-1.02000,0.00
,,,-0.00007352000,-1.02000,0.00
,,,-0.00007348000,-1.02000,-0.00080
,,,-0.00007344000,-1.02000,-0.00080
,,,-0.00007340000,-1.02000,-0.00080
,,,-0.00007336000,-1.02000,-0.00160
,,,-0.00007332000,-1.02000,-0.00160
,,,-0.00007328000,-1.02000,-0.00160
,,,-0.00007324000,-1.02000,-0.00160
,,,-0.00007320000,-1.00000,-0.00160
,,,-0.00007316000,-1.02000,-0.00240
,,,-0.00007312000,-1.00000,-0.00240
,,,-0.00007308000,-1.00000,-0.00240
,,,-0.00007304000,-1.00000,-0.00320
,,,-0.00007300000,-1.00000,-0.00320
,,,-0.00007296000,-1.00000,-0.00320
,,,-0.00007292000,-1.00000,-0.00320
,,,-0.00007288000,-1.00000,-0.00320
,,,-0.00007284000,-1.00000,-0.00400
,,,-0.00007280000,-1.00000,-0.00400
,,,-0.00007276000,-1.00000,-0.00400
,,,-0.00007272000,-0.98000,-0.00480
,,,-0.00007268000,-0.98000,-0.00480
,,,-0.00007264000,-0.98000,-0.00480
,,,-0.00007260000,-0.98000,-0.00480
,,,-0.00007256000,-0.98000,-0.00560
,,,-0.00007252000,-0.98000,-0.00560
,,,-0.00007248000,-0.98000,-0.00560
,,,-0.00007244000,-0.98000,-0.00560
,,,-0.00007240000,-0.98000,-0.00560
,,,-0.00007236000,-0.98000,-0.00640
,,,-0.00007232000,-0.98000,-0.00640
,,,-0.00007228000,-0.96000,-0.00640
,,,-0.00007224000,-0.96000,-0.00640
,,,-0.00007220000,-0.96000,-0.00720
,,,-0.00007216000,-0.96000,-0.00640
,,,-0.00007212000,-0.96000,-0.00720
,,,-0.00007208000,-0.96000,-0.00720
,,,-0.00007204000,-0.96000,-0.00800
,,,-0.00007200000,-0.96000,-0.00800
,,,-0.00007196000,-0.94000,-0.00800
,,,-0.00007192000,-0.94000,-0.00800
,,,-0.00007188000,-0.94000,-0.00880
,,,-0.00007184000,-0.94000,-0.00880
,,,-0.00007180000,-0.94000,-0.00880
,,,-0.00007176000,-0.94000,-0.00880
,,,-0.00007172000,-0.94000,-0.00960
,,,-0.00007168000,-0.94000,-0.00960
,,,-0.00007164000,-0.92000,-0.00880
,,,-0.00007160000,-0.92000,-0.00960
,,,-0.00007156000,-0.92000,-0.00960
,,,-0.00007152000,-0.92000,-0.00960
,,,-0.00007148000,-0.92000,-0.01040
,,,-0.00007144000,-0.92000,-0.01040
,,,-0.00007140000,-0.92000,-0.01120
,,,-0.00007136000,-0.92000,-0.01040
,,,-0.00007132000,-0.92000,-0.01040
,,,-0.00007128000,-0.92000,-0.01120
,,,-0.00007124000,-0.90000,-0.01120
,,,-0.00007120000,-0.90000,-0.01200
,,,-0.00007116000,-0.90000,-0.01120
,,,-0.00007112000,-0.90000,-0.01200
,,,-0.00007108000,-0.90000,-0.01200
,,,-0.00007104000,-0.90000,-0.01200
,,,-0.00007100000,-0.88000,-0.01200
,,,-0.00007096000,-0.88000,-0.01280
,,,-0.00007092000,-0.88000,-0.01280
,,,-0.00007088000,-0.88000,-0.01280
,,,-0.00007084000,-0.88000,-0.01280
,,,-0.00007080000,-0.88000,-0.01280
,,,-0.00007076000,-0.88000,-0.01360
,,,-0.00007072000,-0.88000,-0.01360
,,,-0.00007068000,-0.88000,-0.01360
,,,-0.00007064000,-0.88000,-0.01440
,,,-0.00007060000,-0.86000,-0.01440
,,,-0.00007056000,-0.86000,-0.01440
,,,-0.00007052000,-0.86000,-0.01440
,,,-0.00007048000,-0.86000,-0.01440
,,,-0.00007044000,-0.86000,-0.01520
,,,-0.00007040000,-0.86000,-0.01520
,,,-0.00007036000,-0.86000,-0.01520
,,,-0.00007032000,-0.84000,-0.01600
,,,-0.00007028000,-0.84000,-0.01600
,,,-0.00007024000,-0.84000,-0.01520
,,,-0.00007020000,-0.84000,-0.01600
,,,-0.00007016000,-0.84000,-0.01600
,,,-0.00007012000,-0.84000,-0.01600
,,,-0.00007008000,-0.84000,-0.01600
,,,-0.00007004000,-0.82000,-0.01600
,,,-0.00007000000,-0.82000,-0.01680
,,,-0.00006996000,-0.82000,-0.01760
,,,-0.00006992000,-0.82000,-0.01680
,,,-0.00006988000,-0.82000,-0.01760
,,,-0.00006984000,-0.82000,-0.01760
,,,-0.00006980000,-0.80000,-0.01760
,,,-0.00006976000,-0.80000,-0.01760
,,,-0.00006972000,-0.80000,-0.01760
,,,-0.00006968000,-0.80000,-0.01840
,,,-0.00006964000,-0.80000,-0.01920
,,,-0.00006960000,-0.80000,-0.01840
,,,-0.00006956000,-0.78000,-0.01840
,,,-0.00006952000,-0.78000,-0.01920
,,,-0.00006948000,-0.78000,-0.01920
,,,-0.00006944000,-0.78000,-0.01920
,,,-0.00006940000,-0.78000,-0.01920
,,,-0.00006936000,-0.78000,-0.02000
,,,-0.00006932000,-0.78000,-0.02000
,,,-0.00006928000,-0.76000,-0.02000
,,,-0.00006924000,-0.76000,-0.02000
,,,-0.00006920000,-0.76000,-0.02000
,,,-0.00006916000,-0.76000,-0.02000
,,,-0.00006912000,-0.76000,-0.02000
,,,-0.00006908000,-0.76000,-0.02080
,,,-0.00006904000,-0.74000,-0.02160
,,,-0.00006900000,-0.74000,-0.02160
,,,-0.00006896000,-0.74000,-0.02160
,,,-0.00006892000,-0.74000,-0.02080
,,,-0.00006888000,-0.74000,-0.02160
,,,-0.00006884000,-0.74000,-0.02160
,,,-0.00006880000,-0.72000,-0.02160
,,,-0.00006876000,-0.72000,-0.02240
,,,-0.00006872000,-0.72000,-0.02240
,,,-0.00006868000,-0.72000,-0.02240
,,,-0.00006864000,-0.72000,-0.02160
,,,-0.00006860000,-0.70000,-0.02240
,,,-0.00006856000,-0.70000,-0.02240
,,,-0.00006852000,-0.70000,-0.02320
,,,-0.00006848000,-0.70000,-0.02240
,,,-0.00006844000,-0.70000,-0.02320
,,,-0.00006840000,-0.70000,-0.02320
,,,-0.00006836000,-0.68000,-0.02320
,,,-0.00006832000,-0.68000,-0.02320
,,,-0.00006828000,-0.68000,-0.02400
,,,-0.00006824000,-0.68000,-0.02400
,,,-0.00006820000,-0.68000,-0.02400
,,,-0.00006816000,-0.66000,-0.02480
,,,-0.00006812000,-0.66000,-0.02400
,,,-0.00006808000,-0.66000,-0.02480
,,,-0.00006804000,-0.66000,-0.02480
,,,-0.00006800000,-0.66000,-0.02400
,,,-0.00006796000,-0.66000,-0.02480
,,,-0.00006792000,-0.64000,-0.02480
,,,-0.00006788000,-0.64000,-0.02480
,,,-0.00006784000,-0.64000,-0.02560
,,,-0.00006780000,-0.64000,-0.02560
,,,-0.00006776000,-0.62000,-0.02560
,,,-0.00006772000,-0.62000,-0.02560
,,,-0.00006768000,-0.62000,-0.02560
,,,-0.00006764000,-0.62000,-0.02560
,,,-0.00006760000,-0.62000,-0.02640
,,,-0.00006756000,-0.60000,-0.02640
,,,-0.00006752000,-0.60000,-0.02640
,,,-0.00006748000,-0.60000,-0.02640
,,,-0.00006744000,-0.60000,-0.02640
,,,-0.00006740000,-0.60000,-0.02720
,,,-0.00006736000,-0.58000,-0.02640
,,,-0.00006732000,-0.58000,-0.02720
,,,-0.00006728000,-0.58000,-0.02720
,,,-0.00006724000,-0.58000,-0.02720
,,,-0.00006720000,-0.58000,-0.02720
,,,-0.00006716000,-0.58000,-0.02800
,,,-0.00006712000,-0.56000,-0.02800
,,,-0.00006708000,-0.56000,-0.02720
,,,-0.00006704000,-0.56000,-0.02800
,,,-0.00006700000,-0.56000,-0.02800
,,,-0.00006696000,-0.56000,-0.02880
,,,-0.00006692000,-0.56000,-0.02880
,,,-0.00006688000,-0.54000,-0.02880
,,,-0.00006684000,-0.54000,-0.02880
,,,-0.00006680000,-0.54000,-0.02880
,,,-0.00006676000,-0.54000,-0.02880
,,,-0.00006672000,-0.52000,-0.02880
,,,-0.00006668000,-0.52000,-0.02960
,,,-0.00006664000,-0.52000,-0.03040
,,,-0.00006660000,-0.52000,-0.03040
,,,-0.00006656000,-0.52000,-0.02960
,,,-0.00006652000,-0.50000,-0.03040
,,,-0.00006648000,-0.50000,-0.03040
,,,-0.00006644000,-0.50000,-0.03040
,,,-0.00006640000,-0.50000,-0.03040
,,,-0.00006636000,-0.50000,-0.03040
,,,-0.00006632000,-0.50000,-0.03040
,,,-0.00006628000,-0.48000,-0.03120
,,,-0.00006624000,-0.48000,-0.03040
,,,-0.00006620000,-0.48000,-0.03120
,,,-0.00006616000,-0.48000,-0.03120
,,,-0.00006612000,-0.48000,-0.03120
,,,-0.00006608000,-0.46000,-0.03120
,,,-0.00006604000,-0.46000,-0.03200
,,,-0.00006600000,-0.46000,-0.03200
,,,-0.00006596000,-0.44000,-0.03200
,,,-0.00006592000,-0.44000,-0.03200
,,,-0.00006588000,-0.44000,-0.03200
,,,-0.00006584000,-0.44000,-0.03280
,,,-0.00006580000,-0.44000,-0.03280
,,,-0.00006576000,-0.44000,-0.03280
,,,-0.00006572000,-0.44000,-0.03280
,,,-0.00006568000,-0.42000,-0.03280
,,,-0.00006564000,-0.42000,-0.03280
,,,-0.00006560000,-0.42000,-0.03280
,,,-0.00006556000,-0.42000,-0.03360
,,,-0.00006552000,-0.40000,-0.03360
,,,-0.00006548000,-0.40000,-0.03360
,,,-0.00006544000,-0.40000,-0.03360
,,,-0.00006540000,-0.40000,-0.03360
,,,-0.00006536000,-0.40000,-0.03440
,,,-0.00006532000,-0.38000,-0.03360
,,,-0.00006528000,-0.38000,-0.03440
,,,-0.00006524000,-0.38000,-0.03440
,,,-0.00006520000,-0.38000,-0.03440
,,,-0.00006516000,-0.38000,-0.03440
,,,-0.00006512000,-0.36000,-0.03440
,,,-0.00006508000,-0.36000,-0.03520
,,,-0.00006504000,-0.36000,-0.03520
,,,-0.00006500000,-0.36000,-0.03520
,,,-0.00006496000,-0.36000,-0.03520
,,,-0.00006492000,-0.34000,-0.03520
,,,-0.00006488000,-0.34000,-0.03520
,,,-0.00006484000,-0.34000,-0.03520
,,,-0.00006480000,-0.34000,-0.03600
,,,-0.00006476000,-0.32000,-0.03600
,,,-0.00006472000,-0.32000,-0.03600
,,,-0.00006468000,-0.32000,-0.03600
,,,-0.00006464000,-0.32000,-0.03600
,,,-0.00006460000,-0.32000,-0.03600
,,,-0.00006456000,-0.32000,-0.03600
,,,-0.00006452000,-0.30000,-0.03600
,,,-0.00006448000,-0.30000,-0.03680
,,,-0.00006444000,-0.30000,-0.03680
,,,-0.00006440000,-0.30000,-0.03680
,,,-0.00006436000,-0.28000,-0.03680
,,,-0.00006432000,-0.28000,-0.03680
,,,-0.00006428000,-0.28000,-0.03680
,,,-0.00006424000,-0.28000,-0.03760
,,,-0.00006420000,-0.26000,-0.03760
,,,-0.00006416000,-0.26000,-0.03760
,,,-0.00006412000,-0.26000,-0.03760
,,,-0.00006408000,-0.26000,-0.03760
,,,-0.00006404000,-0.24000,-0.03760
,,,-0.00006400000,-0.24000,-0.03760
,,,-0.00006396000,-0.24000,-0.03760
,,,-0.00006392000,-0.24000,-0.03840
,,,-0.00006388000,-0.24000,-0.03840
,,,-0.00006384000,-0.24000,-0.03840
,,,-0.00006380000,-0.22000,-0.03840
,,,-0.00006376000,-0.22000,-0.03840
,,,-0.00006372000,-0.22000,-0.03840
,,,-0.00006368000,-0.22000,-0.03920
,,,-0.00006364000,-0.20000,-0.03920
,,,-0.00006360000,-0.20000,-0.03920
,,,-0.00006356000,-0.20000,-0.03920
,,,-0.00006352000,-0.20000,-0.03840
,,,-0.00006348000,-0.20000,-0.03920
,,,-0.00006344000,-0.20000,-0.03920
,,,-0.00006340000,-0.18000,-0.03920
,,,-0.00006336000,-0.18000,-0.03920
,,,-0.00006332000,-0.18000,-0.04000
,,,-0.00006328000,-0.18000,-0.03920
,,,-0.00006324000,-0.18000,-0.04000
,,,-0.00006320000,-0.16000,-0.04000
,,,-0.00006316000,-0.16000,-0.03920
,,,-0.00006312000,-0.16000,-0.04000
,,,-0.00006308000,-0.16000,-0.04000
,,,-0.00006304000,-0.14000,-0.04000
,,,-0.00006300000,-0.14000,-0.04080
,,,-0.00006296000,-0.14000,-0.04000
,,,-0.00006292000,-0.14000,-0.04080
,,,-0.00006288000,-0.14000,-0.04080
,,,-0.00006284000,-0.12000,-0.04080
,,,-0.00006280000,-0.12000,-0.04080
,,,-0.00006276000,-0.12000,-0.04080
,,,-0.00006272000,-0.10000,-0.04080
,,,-0.00006268000,-0.10000,-0.04080
,,,-0.00006264000,-0.10000,-0.04080
,,,-0.00006260000,-0.10000,-0.04080
,,,-0.00006256000,-0.10000,-0.04160
,,,-0.00006252000,-0.10000,-0.04160
,,,-0.00006248000,-0.10000,-0.04080
,,,-0.00006244000,-0.08000,-0.04160
,,,-0.00006240000,-0.08000,-0.04160
,,,-0.00006236000,-0.08000,-0.04160
,,,-0.00006232000,-0.08000,-0.04160
,,,-0.00006228000,-0.06000,-0.04160
,,,-0.00006224000,-0.06000,-0.04160
,,,-0.00006220000,-0.06000,-0.04160
,,,-0.00006216000,-0.06000,-0.04160
,,,-0.00006212000,-0.06000,-0.04160
,,,-0.00006208000,-0.06000,-0.04240
,,,-0.00006204000,-0.04000,-0.04240
,,,-0.00006200000,-0.04000,-0.04240
,,,-0.00006196000,-0.02000,-0.04240
,,,-0.00006192000,-0.02000,-0.04240
,,,-0.00006188000,-0.02000,-0.04240
,,,-0.00006184000,-0.02000,-0.04240
,,,-0.00006180000,-0.02000,-0.04240
,,,-0.00006176000,-0.02000,-0.04320
,,,-0.00006172000,0.00,-0.04320
,,,-0.00006168000,0.00,-0.04240
,,,-0.00006164000,0.00,-0.04240
,,,-0.00006160000,0.00,-0.04240
,,,-0.00006156000,0.02000,-0.04320
,,,-0.00006152000,0.00,-0.04320
,,,-0.00006148000,0.02000,-0.04320
,,,-0.00006144000,0.02000,-0.04320
,,,-0.00006140000,0.02000,-0.04320
,,,-0.00006136000,0.02000,-0.04320
,,,-0.00006132000,0.04000,-0.04320
,,,-0.00006128000,0.04000,-0.04320
,,,-0.00006124000,0.04000,-0.04320
,,,-0.00006120000,0.04000,-0.04320
,,,-0.00006116000,0.06000,-0.04320
,,,-0.00006112000,0.06000,-0.04320
,,,-0.00006108000,0.06000,-0.04320
,,,-0.00006104000,0.06000,-0.04320
,,,-0.00006100000,0.06000,-0.04320
,,,-0.00006096000,0.08000,-0.04400
,,,-0.00006092000,0.08000,-0.04320
,,,-0.00006088000,0.08000,-0.04400
,,,-0.00006084000,0.08000,-0.04320
,,,-0.00006080000,0.08000,-0.04320
,,,-0.00006076000,0.10000,-0.04400
,,,-0.00006072000,0.10000,-0.04400
,,,-0.00006068000,0.10000,-0.04400
,,,-0.00006064000,0.10000,-0.04480
,,,-0.00006060000,0.10000,-0.04400
,,,-0.00006056000,0.10000,-0.04320
,,,-0.00006052000,0.12000,-0.04400
,,,-0.00006048000,0.12000,-0.04400
,,,-0.00006044000,0.12000,-0.04400
,,,-0.00006040000,0.12000,-0.04400
,,,-0.00006036000,0.14000,-0.04400
,,,-0.00006032000,0.14000,-0.04400
,,,-0.00006028000,0.14000,-0.04400
,,,-0.00006024000,0.14000,-0.04400
,,,-0.00006020000,0.14000,-0.04400
,,,-0.00006016000,0.16000,-0.04480
,,,-0.00006012000,0.16000,-0.04480
,,,-0.00006008000,0.16000,-0.04480
,,,-0.00006004000,0.16000,-0.04400
,,,-0.00006000000,0.18000,-0.04400
,,,-0.00005996000,0.18000,-0.04480
,,,-0.00005992000,0.18000,-0.04400
,,,-0.00005988000,0.18000,-0.04480
,,,-0.00005984000,0.18000,-0.04480
,,,-0.00005980000,0.20000,-0.04480
,,,-0.00005976000,0.20000,-0.04480
,,,-0.00005972000,0.20000,-0.04480
,,,-0.00005968000,0.20000,-0.04400
,,,-0.00005964000,0.20000,-0.04480
,,,-0.00005960000,0.22000,-0.04480
,,,-0.00005956000,0.22000,-0.04480
,,,-0.00005952000,0.22000,-0.04480
,,,-0.00005948000,0.22000,-0.04480
,,,-0.00005944000,0.22000,-0.04400
,,,-0.00005940000,0.24000,-0.04480
,,,-0.00005936000,0.24000,-0.04480
,,,-0.00005932000,0.24000,-0.04480
,,,-0.00005928000,0.24000,-0.04480
,,,-0.00005924000,0.24000,-0.04480
,,,-0.00005920000,0.24000,-0.04480
,,,-0.00005916000,0.24000,-0.04480
,,,-0.00005912000,0.26000,-0.04480
,,,-0.00005908000,0.26000,-0.04480
,,,-0.00005904000,0.26000,-0.04480
,,,-0.00005900000,0.26000,-0.04480
,,,-0.00005896000,0.28000,-0.04480
,,,-0.00005892000,0.28000,-0.04480
,,,-0.00005888000,0.28000,-0.04480
,,,-0.00005884000,0.28000,-0.04480
,,,-0.00005880000,0.30000,-0.04480
,,,-0.00005876000,0.30000,-0.04480
,,,-0.00005872000,0.30000,-0.04480
,,,-0.00005868000,0.30000,-0.04480
,,,-0.00005864000,0.30000,-0.04400
,,,-0.00005860000,0.30000,-0.04480
,,,-0.00005856000,0.32000,-0.04400
,,,-0.00005852000,0.32000,-0.04480
,,,-0.00005848000,0.32000,-0.04480
,,,-0.00005844000,0.32000,-0.04480
,,,-0.00005840000,0.32000,-0.04480
,,,-0.00005836000,0.32000,-0.04480
,,,-0.00005832000,0.34000,-0.04400
,,,-0.00005828000,0.34000,-0.04480
,,,-0.00005824000,0.34000,-0.04400
,,,-0.00005820000,0.34000,-0.04400
,,,-0.00005816000,0.34000,-0.04480
,,,-0.00005812000,0.36000,-0.04480
,,,-0.00005808000,0.36000,-0.04400
,,,-0.00005804000,0.36000,-0.04480
,,,-0.00005800000,0.36000,-0.04400
,,,-0.00005796000,0.36000,-0.04400
,,,-0.00005792000,0.38000,-0.04400
,,,-0.00005788000,0.38000,-0.04400
,,,-0.00005784000,0.38000,-0.04480
,,,-0.00005780000,0.38000,-0.04480
,,,-0.00005776000,0.38000,-0.04400
,,,-0.00005772000,0.38000,-0.04400
,,,-0.00005768000,0.40000,-0.04400
,,,-0.00005764000,0.40000,-0.04400
,,,-0.00005760000,0.40000,-0.04400
,,,-0.00005756000,0.40000,-0.04400
,,,-0.00005752000,0.40000,-0.04400
,,,-0.00005748000,0.40000,-0.04400
,,,-0.00005744000,0.42000,-0.04400
,,,-0.00005740000,0.42000,-0.04400
,,,-0.00005736000,0.42000,-0.04400
,,,-0.00005732000,0.42000,-0.04400
,,,-0.00005728000,0.42000,-0.04400
,,,-0.00005724000,0.42000,-0.04400
,,,-0.00005720000,0.42000,-0.04400
,,,-0.00005716000,0.44000,-0.04400
,,,-0.00005712000,0.44000,-0.04400
,,,-0.00005708000,0.44000,-0.04320
,,,-0.00005704000,0.44000,-0.04400
,,,-0.00005700000,0.46000,-0.04400
,,,-0.00005696000,0.46000,-0.04400
,,,-0.00005692000,0.46000,-0.04400
,,,-0.00005688000,0.46000,-0.04320
,,,-0.00005684000,0.46000,-0.04320
,,,-0.00005680000,0.46000,-0.04400
,,,-0.00005676000,0.48000,-0.04320
,,,-0.00005672000,0.48000,-0.04320
,,,-0.00005668000,0.48000,-0.04320
,,,-0.00005664000,0.48000,-0.04320
,,,-0.00005660000,0.48000,-0.04400
,,,-0.00005656000,0.50000,-0.04320
,,,-0.00005652000,0.50000,-0.04320
,,,-0.00005648000,0.50000,-0.04320
,,,-0.00005644000,0.50000,-0.04320
,,,-0.00005640000,0.50000,-0.04320
,,,-0.00005636000,0.50000,-0.04320
,,,-0.00005632000,0.50000,-0.04320
,,,-0.00005628000,0.50000,-0.04240
,,,-0.00005624000,0.52000,-0.04320
,,,-0.00005620000,0.52000,-0.04240
,,,-0.00005616000,0.52000,-0.04240
,,,-0.00005612000,0.52000,-0.04320
,,,-0.00005608000,0.52000,-0.04240
,,,-0.00005604000,0.54000,-0.04320
,,,-0.00005600000,0.54000,-0.04240
,,,-0.00005596000,0.54000,-0.04240
,,,-0.00005592000,0.54000,-0.04240
,,,-0.00005588000,0.56000,-0.04240
,,,-0.00005584000,0.54000,-0.04240
,,,-0.00005580000,0.54000,-0.04240
,,,-0.00005576000,0.56000,-0.04240
,,,-0.00005572000,0.56000,-0.04160
,,,-0.00005568000,0.56000,-0.04240
,,,-0.00005564000,0.56000,-0.04160
,,,-0.00005560000,0.56000,-0.04240
,,,-0.00005556000,0.56000,-0.04240
,,,-0.00005552000,0.58000,-0.04160
,,,-0.00005548000,0.56000,-0.04160
,,,-0.00005544000,0.56000,-0.04160
,,,-0.00005540000,0.58000,-0.04160
,,,-0.00005536000,0.58000,-0.04160
,,,-0.00005532000,0.58000,-0.04160
,,,-0.00005528000,0.58000,-0.04160
,,,-0.00005524000,0.58000,-0.04160
,,,-0.00005520000,0.60000,-0.04160
,,,-0.00005516000,0.60000,-0.04160
,,,-0.00005512000,0.60000,-0.04160
,,,-0.00005508000,0.60000,-0.04160
,,,-0.00005504000,0.60000,-0.04160
,,,-0.00005500000,0.62000,-0.04160
,,,-0.00005496000,0.62000,-0.04080
,,,-0.00005492000,0.62000,-0.04080
,,,-0.00005488000,0.62000,-0.04080
,,,-0.00005484000,0.62000,-0.04080
,,,-0.00005480000,0.62000,-0.04080
,,,-0.00005476000,0.64000,-0.04080
,,,-0.00005472000,0.64000,-0.04080
,,,-0.00005468000,0.62000,-0.04080
,,,-0.00005464000,0.64000,-0.04000
,,,-0.00005460000,0.64000,-0.04000
,,,-0.00005456000,0.64000,-0.04080
,,,-0.00005452000,0.66000,-0.04000
,,,-0.00005448000,0.64000,-0.04000
,,,-0.00005444000,0.64000,-0.04000
,,,-0.00005440000,0.66000,-0.04000
,,,-0.00005436000,0.64000,-0.04000
,,,-0.00005432000,0.66000,-0.04000
,,,-0.00005428000,0.66000,-0.04000
,,,-0.00005424000,0.66000,-0.04000
,,,-0.00005420000,0.68000,-0.03920
,,,-0.00005416000,0.68000,-0.03920
,,,-0.00005412000,0.66000,-0.04000
,,,-0.00005408000,0.68000,-0.03920
,,,-0.00005404000,0.68000,-0.03920
,,,-0.00005400000,0.68000,-0.03920
,,,-0.00005396000,0.68000,-0.03920
,,,-0.00005392000,0.68000,-0.03920
,,,-0.00005388000,0.68000,-0.03920
,,,-0.00005384000,0.70000,-0.03920
,,,-0.00005380000,0.70000,-0.03840
,,,-0.00005376000,0.68000,-0.03920
,,,-0.00005372000,0.70000,-0.03840
,,,-0.00005368000,0.70000,-0.03840
,,,-0.00005364000,0.70000,-0.03840
,,,-0.00005360000,0.70000,-0.03840
,,,-0.00005356000,0.70000,-0.03840
,,,-0.00005352000,0.72000,-0.03840
,,,-0.00005348000,0.72000,-0.03760
,,,-0.00005344000,0.70000,-0.03840
,,,-0.00005340000,0.72000,-0.03760
,,,-0.00005336000,0.72000,-0.03760
,,,-0.00005332000,0.72000,-0.03760
,,,-0.00005328000,0.72000,-0.03760
,,,-0.00005324000,0.72000,-0.03760
,,,-0.00005320000,0.72000,-0.03760
,,,-0.00005316000,0.72000,-0.03680
,,,-0.00005312000,0.72000,-0.03680
,,,-0.00005308000,0.74000,-0.03680
,,,-0.00005304000,0.74000,-0.03680
,,,-0.00005300000,0.74000,-0.03760
,,,-0.00005296000,0.74000,-0.03760
,,,-0.00005292000,0.74000,-0.03680
,,,-0.00005288000,0.74000,-0.03680
,,,-0.00005284000,0.76000,-0.03600
,,,-0.00005280000,0.76000,-0.03600
,,,-0.00005276000,0.74000,-0.03680
,,,-0.00005272000,0.74000,-0.03600
,,,-0.00005268000,0.76000,-0.03680
,,,-0.00005264000,0.76000,-0.03600
,,,-0.00005260000,0.76000,-0.03600
,,,-0.00005256000,0.76000,-0.03520
,,,-0.00005252000,0.76000,-0.03520
,,,-0.00005248000,0.76000,-0.03520
,,,-0.00005244000,0.76000,-0.03600
,,,-0.00005240000,0.76000,-0.03600
,,,-0.00005236000,0.76000,-0.03520
,,,-0.00005232000,0.76000,-0.03520
,,,-0.00005228000,0.78000,-0.03440
,,,-0.00005224000,0.78000,-0.03440
,,,-0.00005220000,0.78000,-0.03440
,,,-0.00005216000,0.78000,-0.03440
,,,-0.00005212000,0.78000,-0.03440
,,,-0.00005208000,0.78000,-0.03520
,,,-0.00005204000,0.80000,-0.03360
,,,-0.00005200000,0.78000,-0.03440
,,,-0.00005196000,0.80000,-0.03440
,,,-0.00005192000,0.80000,-0.03280
,,,-0.00005188000,0.80000,-0.03360
,,,-0.00005184000,0.80000,-0.03440
,,,-0.00005180000,0.80000,-0.03360
,,,-0.00005176000,0.80000,-0.03360
,,,-0.00005172000,0.82000,-0.03280
,,,-0.00005168000,0.80000,-0.03280
,,,-0.00005164000,0.80000,-0.03280
,,,-0.00005160000,0.82000,-0.03280
,,,-0.00005156000,0.82000,-0.03280
,,,-0.00005152000,0.80000,-0.03280
,,,-0.00005148000,0.82000,-0.03280
,,,-0.00005144000,0.82000,-0.03200
,,,-0.00005140000,0.82000,-0.03200
,,,-0.00005136000,0.82000,-0.03200
,,,-0.00005132000,0.82000,-0.03200
,,,-0.00005128000,0.82000,-0.03200
,,,-0.00005124000,0.82000,-0.03120
,,,-0.00005120000,0.82000,-0.03200
,,,-0.00005116000,0.84000,-0.03120
,,,-0.00005112000,0.82000,-0.03040
,,,-0.00005108000,0.82000,-0.03120
,,,-0.00005104000,0.84000,-0.03120
,,,-0.00005100000,0.84000,-0.03120
,,,-0.00005096000,0.84000,-0.03120
,,,-0.00005092000,0.84000,-0.03040
,,,-0.00005088000,0.84000,-0.03040
,,,-0.00005084000,0.84000,-0.03040
,,,-0.00005080000,0.84000,-0.02960
,,,-0.00005076000,0.86000,-0.03040
,,,-0.00005072000,0.86000,-0.03040
,,,-0.00005068000,0.86000,-0.02960
,,,-0.00005064000,0.84000,-0.02960
,,,-0.00005060000,0.86000,-0.02880
,,,-0.00005056000,0.84000,-0.02960
,,,-0.00005052000,0.84000,-0.02960
,,,-0.00005048000,0.86000,-0.02880
,,,-0.00005044000,0.86000,-0.02800
,,,-0.00005040000,0.86000,-0.02880
,,,-0.00005036000,0.86000,-0.02800
,,,-0.00005032000,0.86000,-0.02800
,,,-0.00005028000,0.86000,-0.02800
,,,-0.00005024000,0.86000,-0.02800
,,,-0.00005020000,0.86000,-0.02800
,,,-0.00005016000,0.88000,-0.02720
,,,-0.00005012000,0.88000,-0.02720
,,,-0.00005008000,0.88000,-0.02720
,,,-0.00005004000,0.88000,-0.02720
,,,-0.00005000000,0.88000,-0.02720
,,,-0.00004996000,0.88000,-0.02720
,,,-0.00004992000,0.88000,-0.02720
,,,-0.00004988000,0.88000,-0.02640
,,,-0.00004984000,0.88000,-0.02640
,,,-0.00004980000,0.88000,-0.02560
,,,-0.00004976000,0.88000,-0.02640
,,,-0.00004972000,0.88000,-0.02640
,,,-0.00004968000,0.88000,-0.02560
,,,-0.00004964000,0.88000,-0.02560
,,,-0.00004960000,0.88000,-0.02560
,,,-0.00004956000,0.88000,-0.02480
,,,-0.00004952000,0.88000,-0.02480
,,,-0.00004948000,0.88000,-0.02480
,,,-0.00004944000,0.88000,-0.02480
,,,-0.00004940000,0.88000,-0.02480
,,,-0.00004936000,0.88000,-0.02400
,,,-0.00004932000,0.88000,-0.02480
,,,-0.00004928000,0.90000,-0.02480
,,,-0.00004924000,0.90000,-0.02400
,,,-0.00004920000,0.88000,-0.02400
,,,-0.00004916000,0.90000,-0.02400
,,,-0.00004912000,0.90000,-0.02400
,,,-0.00004908000,0.90000,-0.02400
,,,-0.00004904000,0.90000,-0.02320
,,,-0.00004900000,0.90000,-0.02240
,,,-0.00004896000,0.90000,-0.02320
,,,-0.00004892000,0.90000,-0.02240
,,,-0.00004888000,0.90000,-0.02240
,,,-0.00004884000,0.90000,-0.02240
,,,-0.00004880000,0.90000,-0.02240
,,,-0.00004876000,0.90000,-0.02240
,,,-0.00004872000,0.90000,-0.02240
,,,-0.00004868000,0.90000,-0.02160
,,,-0.00004864000,0.90000,-0.02240
,,,-0.00004860000,0.90000,-0.02160
,,,-0.00004856000,0.90000,-0.02080
,,,-0.00004852000,0.90000,-0.02160
,,,-0.00004848000,0.90000,-0.02160
,,,-0.00004844000,0.90000,-0.02080
,,,-0.00004840000,0.90000,-0.02080
,,,-0.00004836000,0.90000,-0.02080
,,,-0.00004832000,0.90000,-0.02080
,,,-0.00004828000,0.90000,-0.02000
,,,-0.00004824000,0.90000,-0.01920
,,,-0.00004820000,0.90000,-0.02000
,,,-0.00004816000,0.90000,-0.02000
,,,-0.00004812000,0.92000,-0.02000
,,,-0.00004808000,0.92000,-0.01920
,,,-0.00004804000,0.92000,-0.01920
,,,-0.00004800000,0.92000,-0.01920
,,,-0.00004796000,0.92000,-0.01840
,,,-0.00004792000,0.92000,-0.01840
,,,-0.00004788000,0.92000,-0.01840
,,,-0.00004784000,0.92000,-0.01920
,,,-0.00004780000,0.92000,-0.01840
,,,-0.00004776000,0.92000,-0.01760
,,,-0.00004772000,0.92000,-0.01760
,,,-0.00004768000,0.92000,-0.01760
,,,-0.00004764000,0.92000,-0.01680
,,,-0.00004760000,0.92000,-0.01680
,,,-0.00004756000,0.92000,-0.01680
,,,-0.00004752000,0.92000,-0.01760
,,,-0.00004748000,0.92000,-0.01680
,,,-0.00004744000,0.92000,-0.01600
,,,-0.00004740000,0.92000,-0.01600
,,,-0.00004736000,0.92000,-0.01600
,,,-0.00004732000,0.92000,-0.01520
,,,-0.00004728000,0.92000,-0.01600
,,,-0.00004724000,0.92000,-0.01600
,,,-0.00004720000,0.92000,-0.01600
,,,-0.00004716000,0.92000,-0.01520
,,,-0.00004712000,0.92000,-0.01440
,,,-0.00004708000,0.92000,-0.01440
,,,-0.00004704000,0.92000,-0.01520
,,,-0.00004700000,0.92000,-0.01520
,,,-0.00004696000,0.92000,-0.01440
,,,-0.00004692000,0.92000,-0.01440
,,,-0.00004688000,0.92000,-0.01440
,,,-0.00004684000,0.92000,-0.01360
,,,-0.00004680000,0.92000,-0.01280
,,,-0.00004676000,0.92000,-0.01280
,,,-0.00004672000,0.92000,-0.01360
,,,-0.00004668000,0.92000,-0.01360
,,,-0.00004664000,0.92000,-0.01280
,,,-0.00004660000,0.92000,-0.01280
,,,-0.00004656000,0.92000,-0.01200
,,,-0.00004652000,0.92000,-0.01200
,,,-0.00004648000,0.92000,-0.01200
,,,-0.00004644000,0.92000,-0.01200
,,,-0.00004640000,0.92000,-0.01280
,,,-0.00004636000,0.92000,-0.01200
,,,-0.00004632000,0.92000,-0.01120
,,,-0.00004628000,0.92000,-0.01120
,,,-0.00004624000,0.92000,-0.01120
,,,-0.00004620000,0.92000,-0.01040
,,,-0.00004616000,0.92000,-0.01040
,,,-0.00004612000,0.92000,-0.01120
,,,-0.00004608000,0.92000,-0.01040
,,,-0.00004604000,0.92000,-0.01040
,,,-0.00004600000,0.92000,-0.00960
,,,-0.00004596000,0.92000,-0.00960
,,,-0.00004592000,0.92000,-0.00960
,,,-0.00004588000,0.92000,-0.00880
,,,-0.00004584000,0.92000,-0.00960
,,,-0.00004580000,0.92000,-0.00960
,,,-0.00004576000,0.92000,-0.00880
,,,-0.00004572000,0.92000,-0.00800
,,,-0.00004568000,0.92000,-0.00800
,,,-0.00004564000,0.92000,-0.00880
,,,-0.00004560000,0.92000,-0.00880
,,,-0.00004556000,0.92000,-0.00800
,,,-0.00004552000,0.92000,-0.00720
,,,-0.00004548000,0.92000,-0.00800
,,,-0.00004544000,0.92000,-0.00800
,,,-0.00004540000,0.92000,-0.00720
,,,-0.00004536000,0.92000,-0.00720
,,,-0.00004532000,0.92000,-0.00720
,,,-0.00004528000,0.92000,-0.00720
,,,-0.00004524000,0.92000,-0.00640
,,,-0.00004520000,0.92000,-0.00640
,,,-0.00004516000,0.92000,-0.00640
,,,-0.00004512000,0.92000,-0.00640
,,,-0.00004508000,0.92000,-0.00560
,,,-0.00004504000,0.92000,-0.00560
,,,-0.00004500000,0.92000,-0.00560
,,,-0.00004496000,0.92000,-0.00480
,,,-0.00004492000,0.92000,-0.00480
,,,-0.00004488000,0.92000,-0.00480
,,,-0.00004484000,0.90000,-0.00480
,,,-0.00004480000,0.90000,-0.00560
,,,-0.00004476000,0.90000,-0.00400
,,,-0.00004472000,0.92000,-0.00400
,,,-0.00004468000,0.90000,-0.00400
,,,-0.00004464000,0.90000,-0.00400
,,,-0.00004460000,0.90000,-0.00320
,,,-0.00004456000,0.90000,-0.00320
,,,-0.00004452000,0.90000,-0.00400
,,,-0.00004448000,0.90000,-0.00320
,,,-0.00004444000,0.90000,-0.00240
,,,-0.00004440000,0.90000,-0.00240
,,,-0.00004436000,0.90000,-0.00240
,,,-0.00004432000,0.90000,-0.00240
,,,-0.00004428000,0.90000,-0.00160
,,,-0.00004424000,0.90000,-0.00160
,,,-0.00004420000,0.90000,-0.00160
,,,-0.00004416000,0.90000,-0.00240
,,,-0.00004412000,0.90000,-0.00080
,,,-0.00004408000,0.90000,-0.00080
,,,-0.00004404000,0.90000,-0.00160
,,,-0.00004400000,0.90000,-0.00160
,,,-0.00004396000,0.90000,-0.00080
,,,-0.00004392000,0.90000,-0.00080
,,,-0.00004388000,0.90000,-0.00080
,,,-0.00004384000,0.90000,0.00
,,,-0.00004380000,0.90000,0.00080
,,,-0.00004376000,0.90000,0.00080
,,,-0.00004372000,0.90000,0.00080
,,,-0.00004368000,0.88000,0.00080
,,,-0.00004364000,0.88000,0.00160
,,,-0.00004360000,0.88000,0.00080
,,,-0.00004356000,0.88000,0.00080
,,,-0.00004352000,0.88000,0.00160
,,,-0.00004348000,0.88000,0.00160
,,,-0.00004344000,0.88000,0.00160
,,,-0.00004340000,0.88000,0.00160
,,,-0.00004336000,0.88000,0.00240
,,,-0.00004332000,0.88000,0.00240
,,,-0.00004328000,0.88000,0.00240
,,,-0.00004324000,0.88000,0.00240
,,,-0.00004320000,0.88000,0.00240
,,,-0.00004316000,0.88000,0.00320
,,,-0.00004312000,0.88000,0.00320
,,,-0.00004308000,0.88000,0.00320
,,,-0.00004304000,0.88000,0.00320
,,,-0.00004300000,0.88000,0.00320
,,,-0.00004296000,0.88000,0.00400
,,,-0.00004292000,0.88000,0.00400
,,,-0.00004288000,0.88000,0.00400
,,,-0.00004284000,0.86000,0.00480
,,,-0.00004280000,0.86000,0.00480
,,,-0.00004276000,0.86000,0.00480
,,,-0.00004272000,0.86000,0.00480
,,,-0.00004268000,0.86000,0.00560
,,,-0.00004264000,0.86000,0.00480
,,,-0.00004260000,0.86000,0.00480
,,,-0.00004256000,0.86000,0.00560
,,,-0.00004252000,0.86000,0.00640
,,,-0.00004248000,0.86000,0.00560
,,,-0.00004244000,0.86000,0.00560
,,,-0.00004240000,0.86000,0.00560
,,,-0.00004236000,0.86000,0.00640
,,,-0.00004232000,0.86000,0.00640
,,,-0.00004228000,0.86000,0.00640
,,,-0.00004224000,0.84000,0.00720
,,,-0.00004220000,0.84000,0.00800
,,,-0.00004216000,0.84000,0.00720
,,,-0.00004212000,0.84000,0.00720
,,,-0.00004208000,0.84000,0.00720
,,,-0.00004204000,0.84000,0.00800
,,,-0.00004200000,0.84000,0.00800
,,,-0.00004196000,0.84000,0.00800
,,,-0.00004192000,0.84000,0.00880
,,,-0.00004188000,0.84000,0.00880
,,,-0.00004184000,0.82000,0.00880
,,,-0.00004180000,0.84000,0.00880
,,,-0.00004176000,0.84000,0.00880
,,,-0.00004172000,0.82000,0.00960
,,,-0.00004168000,0.82000,0.00960
,,,-0.00004164000,0.82000,0.00960
,,,-0.00004160000,0.82000,0.00960
,,,-0.00004156000,0.82000,0.01040
,,,-0.00004152000,0.82000,0.01040
,,,-0.00004148000,0.82000,0.01040
,,,-0.00004144000,0.82000,0.01120
,,,-0.00004140000,0.82000,0.01120
,,,-0.00004136000,0.82000,0.01120
,,,-0.00004132000,0.82000,0.01120
,,,-0.00004128000,0.82000,0.01200
,,,-0.00004124000,0.82000,0.01200
,,,-0.00004120000,0.82000,0.01200
,,,-0.00004116000,0.80000,0.01200
,,,-0.00004112000,0.80000,0.01280
,,,-0.00004108000,0.80000,0.01280
,,,-0.00004104000,0.80000,0.01280
,,,-0.00004100000,0.80000,0.01280
,,,-0.00004096000,0.80000,0.01280
,,,-0.00004092000,0.80000,0.01360
,,,-0.00004088000,0.80000,0.01360
,,,-0.00004084000,0.80000,0.01360
,,,-0.00004080000,0.78000,0.01440
,,,-0.00004076000,0.78000,0.01440
,,,-0.00004072000,0.78000,0.01440
,,,-0.00004068000,0.78000,0.01440
,,,-0.00004064000,0.78000,0.01520
,,,-0.00004060000,0.78000,0.01520
,,,-0.00004056000,0.78000,0.01520
,,,-0.00004052000,0.78000,0.01520
,,,-0.00004048000,0.78000,0.01520
,,,-0.00004044000,0.78000,0.01600
,,,-0.00004040000,0.78000,0.01600
,,,-0.00004036000,0.76000,0.01520
,,,-0.00004032000,0.78000,0.01600
,,,-0.00004028000,0.76000,0.01600
,,,-0.00004024000,0.76000,0.01600
,,,-0.00004020000,0.76000,0.01600
,,,-0.00004016000,0.76000,0.01680
,,,-0.00004012000,0.76000,0.01680
,,,-0.00004008000,0.76000,0.01680
,,,-0.00004004000,0.76000,0.01680
,,,-0.00004000000,0.76000,0.01760
,,,-0.00003996000,0.74000,0.01760
,,,-0.00003992000,0.74000,0.01760
,,,-0.00003988000,0.74000,0.01760
,,,-0.00003984000,0.74000,0.01840
,,,-0.00003980000,0.74000,0.01840
,,,-0.00003976000,0.74000,0.01840
,,,-0.00003972000,0.74000,0.01840
,,,-0.00003968000,0.74000,0.01840
,,,-0.00003964000,0.74000,0.01920
,,,-0.00003960000,0.74000,0.01920
,,,-0.00003956000,0.72000,0.01920
,,,-0.00003952000,0.74000,0.02000
,,,-0.00003948000,0.72000,0.02000
,,,-0.00003944000,0.72000,0.02000
,,,-0.00003940000,0.72000,0.02000
,,,-0.00003936000,0.72000,0.02000
,,,-0.00003932000,0.72000,0.02000
,,,-0.00003928000,0.72000,0.02000
,,,-0.00003924000,0.72000,0.02080
,,,-0.00003920000,0.72000,0.02080
,,,-0.00003916000,0.72000,0.02160
,,,-0.00003912000,0.70000,0.02080
,,,-0.00003908000,0.72000,0.02160
,,,-0.00003904000,0.70000,0.02160
,,,-0.00003900000,0.70000,0.02240
,,,-0.00003896000,0.70000,0.02160
,,,-0.00003892000,0.70000,0.02240
,,,-0.00003888000,0.70000,0.02240
,,,-0.00003884000,0.70000,0.02240
,,,-0.00003880000,0.68000,0.02240
,,,-0.00003876000,0.70000,0.02240
,,,-0.00003872000,0.68000,0.02320
,,,-0.00003868000,0.68000,0.02320
,,,-0.00003864000,0.68000,0.02320
,,,-0.00003860000,0.68000,0.02400
,,,-0.00003856000,0.68000,0.02400
,,,-0.00003852000,0.68000,0.02400
,,,-0.00003848000,0.68000,0.02400
,,,-0.00003844000,0.68000,0.02400
,,,-0.00003840000,0.68000,0.02480
,,,-0.00003836000,0.66000,0.02480
,,,-0.00003832000,0.66000,0.02480
,,,-0.00003828000,0.66000,0.02560
,,,-0.00003824000,0.66000,0.02560
,,,-0.00003820000,0.66000,0.02560
,,,-0.00003816000,0.66000,0.02560
,,,-0.00003812000,0.66000,0.02560
,,,-0.00003808000,0.66000,0.02640
,,,-0.00003804000,0.66000,0.02640
,,,-0.00003800000,0.64000,0.02640
,,,-0.00003796000,0.64000,0.02640
,,,-0.00003792000,0.64000,0.02640
,,,-0.00003788000,0.64000,0.02640
,,,-0.00003784000,0.64000,0.02720
,,,-0.00003780000,0.64000,0.02720
,,,-0.00003776000,0.64000,0.02800
,,,-0.00003772000,0.64000,0.02720
,,,-0.00003768000,0.62000,0.02800
,,,-0.00003764000,0.62000,0.02800
,,,-0.00003760000,0.62000,0.02800
,,,-0.00003756000,0.62000,0.02800
,,,-0.00003752000,0.62000,0.02800
,,,-0.00003748000,0.62000,0.02800
,,,-0.00003744000,0.62000,0.02880
,,,-0.00003740000,0.62000,0.02880
,,,-0.00003736000,0.60000,0.02880
,,,-0.00003732000,0.60000,0.02880
,,,-0.00003728000,0.60000,0.02960
,,,-0.00003724000,0.60000,0.02880
,,,-0.00003720000,0.60000,0.02880
,,,-0.00003716000,0.60000,0.02960
,,,-0.00003712000,0.60000,0.03040
,,,-0.00003708000,0.60000,0.02960
,,,-0.00003704000,0.60000,0.03040
,,,-0.00003700000,0.58000,0.03040
,,,-0.00003696000,0.58000,0.03040
,,,-0.00003692000,0.58000,0.03040
,,,-0.00003688000,0.58000,0.03040
,,,-0.00003684000,0.58000,0.03120
,,,-0.00003680000,0.58000,0.03120
,,,-0.00003676000,0.56000,0.03120
,,,-0.00003672000,0.56000,0.03120
,,,-0.00003668000,0.56000,0.03200
,,,-0.00003664000,0.56000,0.03120
,,,-0.00003660000,0.56000,0.03200
,,,-0.00003656000,0.56000,0.03200
,,,-0.00003652000,0.56000,0.03200
,,,-0.00003648000,0.56000,0.03200
,,,-0.00003644000,0.54000,0.03200
,,,-0.00003640000,0.56000,0.03200
,,,-0.00003636000,0.54000,0.03280
,,,-0.00003632000,0.54000,0.03200
,,,-0.00003628000,0.54000,0.03280
,,,-0.00003624000,0.54000,0.03280
,,,-0.00003620000,0.54000,0.03280
,,,-0.00003616000,0.54000,0.03360
,,,-0.00003612000,0.54000,0.03360
,,,-0.00003608000,0.52000,0.03360
,,,-0.00003604000,0.52000,0.03360
,,,-0.00003600000,0.52000,0.03360
,,,-0.00003596000,0.52000,0.03360
,,,-0.00003592000,0.52000,0.03440
,,,-0.00003588000,0.52000,0.03440
,,,-0.00003584000,0.50000,0.03440
,,,-0.00003580000,0.52000,0.03440
,,,-0.00003576000,0.50000,0.03440
,,,-0.00003572000,0.50000,0.03440
,,,-0.00003568000,0.50000,0.03440
,,,-0.00003564000,0.50000,0.03440
,,,-0.00003560000,0.50000,0.03520
,,,-0.00003556000,0.50000,0.03520
,,,-0.00003552000,0.48000,0.03520
,,,-0.00003548000,0.48000,0.03520
,,,-0.00003544000,0.48000,0.03520
,,,-0.00003540000,0.48000,0.03520
,,,-0.00003536000,0.48000,0.03600
,,,-0.00003532000,0.46000,0.03600
,,,-0.00003528000,0.46000,0.03600
,,,-0.00003524000,0.48000,0.03600
,,,-0.00003520000,0.46000,0.03600
,,,-0.00003516000,0.46000,0.03600
,,,-0.00003512000,0.46000,0.03600
,,,-0.00003508000,0.44000,0.03680
,,,-0.00003504000,0.46000,0.03680
,,,-0.00003500000,0.44000,0.03680
,,,-0.00003496000,0.44000,0.03760
,,,-0.00003492000,0.44000,0.03760
,,,-0.00003488000,0.44000,0.03760
,,,-0.00003484000,0.44000,0.03760
,,,-0.00003480000,0.44000,0.03760
,,,-0.00003476000,0.42000,0.03760
,,,-0.00003472000,0.42000,0.03760
,,,-0.00003468000,0.42000,0.03840
,,,-0.00003464000,0.42000,0.03840
,,,-0.00003460000,0.42000,0.03840
,,,-0.00003456000,0.42000,0.03840
,,,-0.00003452000,0.42000,0.03840
,,,-0.00003448000,0.42000,0.03840
,,,-0.00003444000,0.42000,0.03840
,,,-0.00003440000,0.40000,0.03840
,,,-0.00003436000,0.40000,0.03840
,,,-0.00003432000,0.40000,0.03920
,,,-0.00003428000,0.40000,0.03840
,,,-0.00003424000,0.40000,0.03920
,,,-0.00003420000,0.40000,0.03920
,,,-0.00003416000,0.38000,0.03840
,,,-0.00003412000,0.38000,0.03920
,,,-0.00003408000,0.38000,0.04000
,,,-0.00003404000,0.38000,0.03920
,,,-0.00003400000,0.38000,0.04000
,,,-0.00003396000,0.38000,0.04000
,,,-0.00003392000,0.38000,0.04000
,,,-0.00003388000,0.36000,0.04000
,,,-0.00003384000,0.36000,0.04080
,,,-0.00003380000,0.36000,0.04080
,,,-0.00003376000,0.36000,0.04080
,,,-0.00003372000,0.36000,0.04080
,,,-0.00003368000,0.36000,0.04080
,,,-0.00003364000,0.34000,0.04080
,,,-0.00003360000,0.34000,0.04080
,,,-0.00003356000,0.34000,0.04080
,,,-0.00003352000,0.34000,0.04080
,,,-0.00003348000,0.34000,0.04080
,,,-0.00003344000,0.34000,0.04160
,,,-0.00003340000,0.34000,0.04080
,,,-0.00003336000,0.32000,0.04080
,,,-0.00003332000,0.32000,0.04160
,,,-0.00003328000,0.32000,0.04160
,,,-0.00003324000,0.32000,0.04160
,,,-0.00003320000,0.32000,0.04160
,,,-0.00003316000,0.30000,0.04160
,,,-0.00003312000,0.30000,0.04160
,,,-0.00003308000,0.30000,0.04160
,,,-0.00003304000,0.30000,0.04160
,,,-0.00003300000,0.30000,0.04240
,,,-0.00003296000,0.30000,0.04240
,,,-0.00003292000,0.28000,0.04240
,,,-0.00003288000,0.28000,0.04240
,,,-0.00003284000,0.28000,0.04240
,,,-0.00003280000,0.28000,0.04240
,,,-0.00003276000,0.28000,0.04240
,,,-0.00003272000,0.28000,0.04240
,,,-0.00003268000,0.28000,0.04240
,,,-0.00003264000,0.26000,0.04240
,,,-0.00003260000,0.26000,0.04320
,,,-0.00003256000,0.26000,0.04240
,,,-0.00003252000,0.26000,0.04240
,,,-0.00003248000,0.26000,0.04320
,,,-0.00003244000,0.26000,0.04320
,,,-0.00003240000,0.26000,0.04320
,,,-0.00003236000,0.24000,0.04320
,,,-0.00003232000,0.24000,0.04320
,,,-0.00003228000,0.24000,0.04320
,,,-0.00003224000,0.22000,0.04320
,,,-0.00003220000,0.24000,0.04400
,,,-0.00003216000,0.22000,0.04320
,,,-0.00003212000,0.22000,0.04400
,,,-0.00003208000,0.22000,0.04400
,,,-0.00003204000,0.22000,0.04400
,,,-0.00003200000,0.22000,0.04400
,,,-0.00003196000,0.22000,0.04400
,,,-0.00003192000,0.20000,0.04400
,,,-0.00003188000,0.20000,0.04400
,,,-0.00003184000,0.20000,0.04400
,,,-0.00003180000,0.20000,0.04400
,,,-0.00003176000,0.20000,0.04400
,,,-0.00003172000,0.18000,0.04400
,,,-0.00003168000,0.18000,0.04400
,,,-0.00003164000,0.18000,0.04480
,,,-0.00003160000,0.18000,0.04400
,,,-0.00003156000,0.18000,0.04480
,,,-0.00003152000,0.18000,0.04480
,,,-0.00003148000,0.16000,0.04480
,,,-0.00003144000,0.18000,0.04480
,,,-0.00003140000,0.16000,0.04480
,,,-0.00003136000,0.16000,0.04480
,,,-0.00003132000,0.16000,0.04480
,,,-0.00003128000,0.14000,0.04480
,,,-0.00003124000,0.16000,0.04480
,,,-0.00003120000,0.14000,0.04480
,,,-0.00003116000,0.14000,0.04480
,,,-0.00003112000,0.14000,0.04480
,,,-0.00003108000,0.14000,0.04560
,,,-0.00003104000,0.12000,0.04560
,,,-0.00003100000,0.12000,0.04560
,,,-0.00003096000,0.12000,0.04560
,,,-0.00003092000,0.12000,0.04480
,,,-0.00003088000,0.12000,0.04560
,,,-0.00003084000,0.12000,0.04560
,,,-0.00003080000,0.10000,0.04560
,,,-0.00003076000,0.10000,0.04560
,,,-0.00003072000,0.10000,0.04560
,,,-0.00003068000,0.10000,0.04560
,,,-0.00003064000,0.10000,0.04640
,,,-0.00003060000,0.10000,0.04560
,,,-0.00003056000,0.08000,0.04560
,,,-0.00003052000,0.08000,0.04640
,,,-0.00003048000,0.08000,0.04560
,,,-0.00003044000,0.08000,0.04560
,,,-0.00003040000,0.08000,0.04560
,,,-0.00003036000,0.08000,0.04560
,,,-0.00003032000,0.06000,0.04560
,,,-0.00003028000,0.06000,0.04560
,,,-0.00003024000,0.06000,0.04560
,,,-0.00003020000,0.06000,0.04640
,,,-0.00003016000,0.06000,0.04640
,,,-0.00003012000,0.06000,0.04640
,,,-0.00003008000,0.04000,0.04640
,,,-0.00003004000,0.04000,0.04640
,,,-0.00003000000,0.04000,0.04640
,,,-0.00002996000,0.04000,0.04640
,,,-0.00002992000,0.02000,0.04640
,,,-0.00002988000,0.02000,0.04640
,,,-0.00002984000,0.02000,0.04720
,,,-0.00002980000,0.02000,0.04640
,,,-0.00002976000,0.02000,0.04720
,,,-0.00002972000,0.02000,0.04720
,,,-0.00002968000,0.00,0.04640
,,,-0.00002964000,0.00,0.04640
,,,-0.00002960000,0.00,0.04720
,,,-0.00002956000,0.00,0.04720
,,,-0.00002952000,0.00,0.04720
,,,-0.00002948000,0.00,0.04720
,,,-0.00002944000,0.00,0.04720
,,,-0.00002940000,-0.02000,0.04640
,,,-0.00002936000,-0.02000,0.04640
,,,-0.00002932000,-0.02000,0.04720
,,,-0.00002928000,-0.04000,0.04720
,,,-0.00002924000,-0.04000,0.04720
,,,-0.00002920000,-0.02000,0.04720
,,,-0.00002916000,-0.04000,0.04720
,,,-0.00002912000,-0.04000,0.04720
,,,-0.00002908000,-0.04000,0.04720
,,,-0.00002904000,-0.06000,0.04720
,,,-0.00002900000,-0.06000,0.04720
,,,-0.00002896000,-0.06000,0.04720
,,,-0.00002892000,-0.06000,0.04720
,,,-0.00002888000,-0.08000,0.04720
,,,-0.00002884000,-0.08000,0.04720
,,,-0.00002880000,-0.08000,0.04720
,,,-0.00002876000,-0.08000,0.04720
,,,-0.00002872000,-0.08000,0.04720
,,,-0.00002868000,-0.10000,0.04720
,,,-0.00002864000,-0.08000,0.04720
,,,-0.00002860000,-0.10000,0.04720
,,,-0.00002856000,-0.08000,0.04720
,,,-0.00002852000,-0.08000,0.04720
,,,-0.00002848000,-0.10000,0.04720
,,,-0.00002844000,-0.10000,0.04720
,,,-0.00002840000,-0.10000,0.04720
,,,-0.00002836000,-0.12000,0.04720
,,,-0.00002832000,-0.12000,0.04720
,,,-0.00002828000,-0.12000,0.04720
,,,-0.00002824000,-0.12000,0.04720
,,,-0.00002820000,-0.14000,0.04720
,,,-0.00002816000,-0.14000,0.04720
,,,-0.00002812000,-0.14000,0.04720
,,,-0.00002808000,-0.14000,0.04800
,,,-0.00002804000,-0.14000,0.04800
,,,-0.00002800000,-0.16000,0.04720
,,,-0.00002796000,-0.16000,0.04720
,,,-0.00002792000,-0.16000,0.04720
,,,-0.00002788000,-0.16000,0.04720
,,,-0.00002784000,-0.16000,0.04720
,,,-0.00002780000,-0.18000,0.04720
,,,-0.00002776000,-0.16000,0.04720
,,,-0.00002772000,-0.18000,0.04720
,,,-0.00002768000,-0.18000,0.04720
,,,-0.00002764000,-0.18000,0.04720
,,,-0.00002760000,-0.18000,0.04720
,,,-0.00002756000,-0.20000,0.04720
,,,-0.00002752000,-0.20000,0.04720
,,,-0.00002748000,-0.20000,0.04720
,,,-0.00002744000,-0.20000,0.04720
,,,-0.00002740000,-0.20000,0.04720
,,,-0.00002736000,-0.22000,0.04720
,,,-0.00002732000,-0.22000,0.04640
,,,-0.00002728000,-0.22000,0.04720
,,,-0.00002724000,-0.22000,0.04720
,,,-0.00002720000,-0.22000,0.04640
,,,-0.00002716000,-0.22000,0.04720
,,,-0.00002712000,-0.24000,0.04720
,,,-0.00002708000,-0.24000,0.04720
,,,-0.00002704000,-0.24000,0.04720
,,,-0.00002700000,-0.26000,0.04720
,,,-0.00002696000,-0.24000,0.04720
,,,-0.00002692000,-0.26000,0.04720
,,,-0.00002688000,-0.26000,0.04720
,,,-0.00002684000,-0.26000,0.04720
,,,-0.00002680000,-0.26000,0.04720
,,,-0.00002676000,-0.28000,0.04640
,,,-0.00002672000,-0.28000,0.04720
,,,-0.00002668000,-0.28000,0.04720
,,,-0.00002664000,-0.28000,0.04640
,,,-0.00002660000,-0.28000,0.04720
,,,-0.00002656000,-0.28000,0.04640
,,,-0.00002652000,-0.30000,0.04640
,,,-0.00002648000,-0.30000,0.04720
,,,-0.00002644000,-0.30000,0.04640
,,,-0.00002640000,-0.30000,0.04640
,,,-0.00002636000,-0.32000,0.04720
,,,-0.00002632000,-0.32000,0.04640
,,,-0.00002628000,-0.32000,0.04720
,,,-0.00002624000,-0.32000,0.04640
,,,-0.00002620000,-0.34000,0.04640
,,,-0.00002616000,-0.34000,0.04720
,,,-0.00002612000,-0.34000,0.04640
,,,-0.00002608000,-0.34000,0.04640
,,,-0.00002604000,-0.34000,0.04640
,,,-0.00002600000,-0.36000,0.04640
,,,-0.00002596000,-0.36000,0.04640
,,,-0.00002592000,-0.36000,0.04640
,,,-0.00002588000,-0.36000,0.04640
,,,-0.00002584000,-0.36000,0.04640
,,,-0.00002580000,-0.36000,0.04640
,,,-0.00002576000,-0.38000,0.04560
,,,-0.00002572000,-0.36000,0.04640
,,,-0.00002568000,-0.38000,0.04560
,,,-0.00002564000,-0.38000,0.04560
,,,-0.00002560000,-0.38000,0.04560
,,,-0.00002556000,-0.40000,0.04560
,,,-0.00002552000,-0.38000,0.04560
,,,-0.00002548000,-0.40000,0.04560
,,,-0.00002544000,-0.40000,0.04560
,,,-0.00002540000,-0.40000,0.04560
,,,-0.00002536000,-0.40000,0.04560
,,,-0.00002532000,-0.42000,0.04560
,,,-0.00002528000,-0.42000,0.04560
,,,-0.00002524000,-0.42000,0.04560
,,,-0.00002520000,-0.42000,0.04560
,,,-0.00002516000,-0.42000,0.04480
,,,-0.00002512000,-0.44000,0.04480
,,,-0.00002508000,-0.44000,0.04480
,,,-0.00002504000,-0.44000,0.04560
,,,-0.00002500000,-0.44000,0.04560
,,,-0.00002496000,-0.44000,0.04480
,,,-0.00002492000,-0.44000,0.04480
,,,-0.00002488000,-0.46000,0.04480
,,,-0.00002484000,-0.46000,0.04480
,,,-0.00002480000,-0.46000,0.04480
,,,-0.00002476000,-0.46000,0.04400
,,,-0.00002472000,-0.46000,0.04480
,,,-0.00002468000,-0.48000,0.04480
,,,-0.00002464000,-0.48000,0.04400
,,,-0.00002460000,-0.48000,0.04400
,,,-0.00002456000,-0.48000,0.04400
,,,-0.00002452000,-0.50000,0.04400
,,,-0.00002448000,-0.50000,0.04400
,,,-0.00002444000,-0.50000,0.04400
,,,-0.00002440000,-0.50000,0.04400
,,,-0.00002436000,-0.50000,0.04400
,,,-0.00002432000,-0.52000,0.04320
,,,-0.00002428000,-0.52000,0.04320
,,,-0.00002424000,-0.52000,0.04320
,,,-0.00002420000,-0.52000,0.04320
,,,-0.00002416000,-0.52000,0.04320
,,,-0.00002412000,-0.54000,0.04400
,,,-0.00002408000,-0.54000,0.04320
,,,-0.00002404000,-0.54000,0.04320
,,,-0.00002400000,-0.54000,0.04320
,,,-0.00002396000,-0.54000,0.04240
,,,-0.00002392000,-0.54000,0.04320
,,,-0.00002388000,-0.56000,0.04240
,,,-0.00002384000,-0.56000,0.04320
,,,-0.00002380000,-0.56000,0.04320
,,,-0.00002376000,-0.56000,0.04240
,,,-0.00002372000,-0.56000,0.04240
,,,-0.00002368000,-0.56000,0.04240
,,,-0.00002364000,-0.58000,0.04160
,,,-0.00002360000,-0.58000,0.04240
,,,-0.00002356000,-0.58000,0.04240
,,,-0.00002352000,-0.58000,0.04160
,,,-0.00002348000,-0.58000,0.04240
,,,-0.00002344000,-0.60000,0.04160
,,,-0.00002340000,-0.60000,0.04160
,,,-0.00002336000,-0.60000,0.04160
,,,-0.00002332000,-0.62000,0.04160
,,,-0.00002328000,-0.62000,0.04160
,,,-0.00002324000,-0.62000,0.04160
,,,-0.00002320000,-0.62000,0.04080
,,,-0.00002316000,-0.62000,0.04080
,,,-0.00002312000,-0.62000,0.04080
,,,-0.00002308000,-0.64000,0.04080
,,,-0.00002304000,-0.64000,0.04080
,,,-0.00002300000,-0.64000,0.04080
,,,-0.00002296000,-0.64000,0.04000
,,,-0.00002292000,-0.64000,0.04080
,,,-0.00002288000,-0.64000,0.04080
,,,-0.00002284000,-0.66000,0.04000
,,,-0.00002280000,-0.66000,0.04080
,,,-0.00002276000,-0.66000,0.04000
,,,-0.00002272000,-0.66000,0.04000
,,,-0.00002268000,-0.66000,0.04000
,,,-0.00002264000,-0.68000,0.04000
,,,-0.00002260000,-0.68000,0.04000
,,,-0.00002256000,-0.68000,0.04000
,,,-0.00002252000,-0.68000,0.04000
,,,-0.00002248000,-0.68000,0.03920
,,,-0.00002244000,-0.68000,0.03920
,,,-0.00002240000,-0.70000,0.03920
,,,-0.00002236000,-0.68000,0.03920
,,,-0.00002232000,-0.70000,0.03920
,,,-0.00002228000,-0.70000,0.03920
,,,-0.00002224000,-0.70000,0.03920
,,,-0.00002220000,-0.72000,0.03920
,,,-0.00002216000,-0.72000,0.03840
,,,-0.00002212000,-0.72000,0.03840
,,,-0.00002208000,-0.72000,0.03840
,,,-0.00002204000,-0.72000,0.03840
,,,-0.00002200000,-0.72000,0.03840
,,,-0.00002196000,-0.74000,0.03760
,,,-0.00002192000,-0.74000,0.03760
,,,-0.00002188000,-0.74000,0.03760
,,,-0.00002184000,-0.74000,0.03680
,,,-0.00002180000,-0.74000,0.03760
,,,-0.00002176000,-0.74000,0.03760
,,,-0.00002172000,-0.74000,0.03680
,,,-0.00002168000,-0.74000,0.03760
,,,-0.00002164000,-0.76000,0.03680
,,,-0.00002160000,-0.76000,0.03680
,,,-0.00002156000,-0.76000,0.03680
,,,-0.00002152000,-0.76000,0.03680
,,,-0.00002148000,-0.78000,0.03600
,,,-0.00002144000,-0.78000,0.03680
,,,-0.00002140000,-0.78000,0.03680
,,,-0.00002136000,-0.78000,0.03600
,,,-0.00002132000,-0.78000,0.03600
,,,-0.00002128000,-0.80000,0.03600
,,,-0.00002124000,-0.78000,0.03600
,,,-0.00002120000,-0.80000,0.03600
,,,-0.00002116000,-0.80000,0.03520
,,,-0.00002112000,-0.80000,0.03600
,,,-0.00002108000,-0.80000,0.03520
,,,-0.00002104000,-0.80000,0.03520
,,,-0.00002100000,-0.82000,0.03520
,,,-0.00002096000,-0.82000,0.03520
,,,-0.00002092000,-0.82000,0.03440
,,,-0.00002088000,-0.82000,0.03520
,,,-0.00002084000,-0.82000,0.03440
,,,-0.00002080000,-0.82000,0.03440
,,,-0.00002076000,-0.82000,0.03440
,,,-0.00002072000,-0.82000,0.03360
,,,-0.00002068000,-0.82000,0.03360
,,,-0.00002064000,-0.84000,0.03440
,,,-0.00002060000,-0.84000,0.03280
,,,-0.00002056000,-0.84000,0.03360
,,,-0.00002052000,-0.84000,0.03360
,,,-0.00002048000,-0.84000,0.03280
,,,-0.00002044000,-0.84000,0.03360
,,,-0.00002040000,-0.86000,0.03280
,,,-0.00002036000,-0.86000,0.03200
,,,-0.00002032000,-0.86000,0.03280
,,,-0.00002028000,-0.86000,0.03200
,,,-0.00002024000,-0.86000,0.03200
,,,-0.00002020000,-0.86000,0.03200
,,,-0.00002016000,-0.88000,0.03200
,,,-0.00002012000,-0.86000,0.03280
,,,-0.00002008000,-0.88000,0.03200
,,,-0.00002004000,-0.88000,0.03120
,,,-0.00002000000,-0.88000,0.03200
,,,-0.00001996000,-0.88000,0.03120
,,,-0.00001992000,-0.88000,0.03120
,,,-0.00001988000,-0.88000,0.03120
,,,-0.00001984000,-0.88000,0.03120
,,,-0.00001980000,-0.90000,0.03120
,,,-0.00001976000,-0.90000,0.03120
,,,-0.00001972000,-0.90000,0.02960
,,,-0.00001968000,-0.90000,0.02960
,,,-0.00001964000,-0.90000,0.03040
,,,-0.00001960000,-0.90000,0.02960
,,,-0.00001956000,-0.90000,0.02960
,,,-0.00001952000,-0.90000,0.03040
,,,-0.00001948000,-0.90000,0.02960
,,,-0.00001944000,-0.90000,0.02960
,,,-0.00001940000,-0.92000,0.02880
,,,-0.00001936000,-0.92000,0.02880
,,,-0.00001932000,-0.92000,0.02960
,,,-0.00001928000,-0.92000,0.02880
,,,-0.00001924000,-0.92000,0.02880
,,,-0.00001920000,-0.92000,0.02880
,,,-0.00001916000,-0.94000,0.02800
,,,-0.00001912000,-0.94000,0.02800
,,,-0.00001908000,-0.94000,0.02800
,,,-0.00001904000,-0.94000,0.02800
,,,-0.00001900000,-0.94000,0.02800
,,,-0.00001896000,-0.94000,0.02800
,,,-0.00001892000,-0.94000,0.02720
,,,-0.00001888000,-0.94000,0.02800
,,,-0.00001884000,-0.94000,0.02720
,,,-0.00001880000,-0.96000,0.02640
,,,-0.00001876000,-0.94000,0.02720
,,,-0.00001872000,-0.96000,0.02720
,,,-0.00001868000,-0.96000,0.02640
,,,-0.00001864000,-0.96000,0.02720
,,,-0.00001860000,-0.96000,0.02640
,,,-0.00001856000,-0.96000,0.02640
,,,-0.00001852000,-0.96000,0.02640
,,,-0.00001848000,-0.98000,0.02560
,,,-0.00001844000,-0.96000,0.02560
,,,-0.00001840000,-0.96000,0.02640
,,,-0.00001836000,-0.98000,0.02560
,,,-0.00001832000,-0.98000,0.02560
,,,-0.00001828000,-0.98000,0.02560
,,,-0.00001824000,-0.98000,0.02560
,,,-0.00001820000,-0.98000,0.02480
,,,-0.00001816000,-0.98000,0.02480
,,,-0.00001812000,-1.00000,0.02480
,,,-0.00001808000,-0.98000,0.02480
,,,-0.00001804000,-1.00000,0.02400
,,,-0.00001800000,-1.00000,0.02400
,,,-0.00001796000,-1.00000,0.02400
,,,-0.00001792000,-1.00000,0.02400
,,,-0.00001788000,-1.00000,0.02320
,,,-0.00001784000,-1.00000,0.02320
,,,-0.00001780000,-1.00000,0.02240
,,,-0.00001776000,-1.00000,0.02320
,,,-0.00001772000,-1.00000,0.02320
,,,-0.00001768000,-1.00000,0.02240
,,,-0.00001764000,-1.00000,0.02240
,,,-0.00001760000,-1.02000,0.02240
,,,-0.00001756000,-1.02000,0.02160
,,,-0.00001752000,-1.00000,0.02160
,,,-0.00001748000,-1.02000,0.02160
,,,-0.00001744000,-1.02000,0.02160
,,,-0.00001740000,-1.02000,0.02160
,,,-0.00001736000,-1.02000,0.02160
,,,-0.00001732000,-1.02000,0.02080
,,,-0.00001728000,-1.02000,0.02080
,,,-0.00001724000,-1.02000,0.02000
,,,-0.00001720000,-1.02000,0.02000
,,,-0.00001716000,-1.02000,0.02080
,,,-0.00001712000,-1.02000,0.02000
,,,-0.00001708000,-1.02000,0.02000
,,,-0.00001704000,-1.02000,0.02000
,,,-0.00001700000,-1.04000,0.01920
,,,-0.00001696000,-1.04000,0.02000
,,,-0.00001692000,-1.04000,0.01920
,,,-0.00001688000,-1.04000,0.01920
,,,-0.00001684000,-1.04000,0.01920
,,,-0.00001680000,-1.04000,0.01840
,,,-0.00001676000,-1.04000,0.01840
,,,-0.00001672000,-1.04000,0.01840
,,,-0.00001668000,-1.04000,0.01760
,,,-0.00001664000,-1.04000,0.01760
,,,-0.00001660000,-1.04000,0.01840
,,,-0.00001656000,-1.04000,0.01760
,,,-0.00001652000,-1.04000,0.01760
,,,-0.00001648000,-1.04000,0.01760
,,,-0.00001644000,-1.06000,0.01680
,,,-0.00001640000,-1.04000,0.01680
,,,-0.00001636000,-1.06000,0.01680
,,,-0.00001632000,-1.06000,0.01680
,,,-0.00001628000,-1.06000,0.01680
,,,-0.00001624000,-1.06000,0.01680
,,,-0.00001620000,-1.06000,0.01600
,,,-0.00001616000,-1.04000,0.01600
,,,-0.00001612000,-1.06000,0.01520
,,,-0.00001608000,-1.06000,0.01520
,,,-0.00001604000,-1.06000,0.01520
,,,-0.00001600000,-1.06000,0.01520
,,,-0.00001596000,-1.06000,0.01520
,,,-0.00001592000,-1.06000,0.01440
,,,-0.00001588000,-1.06000,0.01440
,,,-0.00001584000,-1.04000,0.01440
,,,-0.00001580000,-1.06000,0.01440
,,,-0.00001576000,-1.06000,0.01440
,,,-0.00001572000,-1.06000,0.01360
,,,-0.00001568000,-1.06000,0.01360
,,,-0.00001564000,-1.06000,0.01280
,,,-0.00001560000,-1.06000,0.01360
,,,-0.00001556000,-1.06000,0.01280
,,,-0.00001552000,-1.06000,0.01280
,,,-0.00001548000,-1.06000,0.01360
,,,-0.00001544000,-1.06000,0.01280
,,,-0.00001540000,-1.06000,0.01280
,,,-0.00001536000,-1.06000,0.01280
,,,-0.00001532000,-1.06000,0.01200
,,,-0.00001528000,-1.06000,0.01280
,,,-0.00001524000,-1.06000,0.01280
,,,-0.00001520000,-1.06000,0.01200
,,,-0.00001516000,-1.06000,0.01200
,,,-0.00001512000,-1.06000,0.01120
,,,-0.00001508000,-1.06000,0.01120
,,,-0.00001504000,-1.06000,0.01120
,,,-0.00001500000,-1.06000,0.01040
,,,-0.00001496000,-1.06000,0.01120
,,,-0.00001492000,-1.06000,0.01040
,,,-0.00001488000,-1.06000,0.00960
,,,-0.00001484000,-1.06000,0.00960
,,,-0.00001480000,-1.06000,0.00960
,,,-0.00001476000,-1.06000,0.00880
,,,-0.00001472000,-1.06000,0.00960
,,,-0.00001468000,-1.06000,0.00960
,,,-0.00001464000,-1.08000,0.00880
,,,-0.00001460000,-1.06000,0.00880
,,,-0.00001456000,-1.06000,0.00880
,,,-0.00001452000,-1.06000,0.00800
,,,-0.00001448000,-1.06000,0.00880
,,,-0.00001444000,-1.06000,0.00800
,,,-0.00001440000,-1.06000,0.00800
,,,-0.00001436000,-1.06000,0.00800
,,,-0.00001432000,-1.06000,0.00720
,,,-0.00001428000,-1.06000,0.00720
,,,-0.00001424000,-1.06000,0.00720
,,,-0.00001420000,-1.06000,0.00640
,,,-0.00001416000,-1.06000,0.00720
,,,-0.00001412000,-1.06000,0.00640
,,,-0.00001408000,-1.06000,0.00640
,,,-0.00001404000,-1.06000,0.00640
,,,-0.00001400000,-1.06000,0.00560
,,,-0.00001396000,-1.06000,0.00560
,,,-0.00001392000,-1.06000,0.00560
,,,-0.00001388000,-1.06000,0.00480
,,,-0.00001384000,-1.06000,0.00560
,,,-0.00001380000,-1.06000,0.00560
,,,-0.00001376000,-1.06000,0.00400
,,,-0.00001372000,-1.06000,0.00400
,,,-0.00001368000,-1.04000,0.00480
,,,-0.00001364000,-1.06000,0.00400
,,,-0.00001360000,-1.06000,0.00400
,,,-0.00001356000,-1.06000,0.00400
,,,-0.00001352000,-1.06000,0.00320
,,,-0.00001348000,-1.04000,0.00320
,,,-0.00001344000,-1.04000,0.00320
,,,-0.00001340000,-1.06000,0.00240
,,,-0.00001336000,-1.04000,0.00240
,,,-0.00001332000,-1.04000,0.00240
,,,-0.00001328000,-1.04000,0.00240
,,,-0.00001324000,-1.04000,0.00240
,,,-0.00001320000,-1.04000,0.00160
,,,-0.00001316000,-1.04000,0.00160
,,,-0.00001312000,-1.04000,0.00160
,,,-0.00001308000,-1.04000,0.00160
,,,-0.00001304000,-1.04000,0.00160
,,,-0.00001300000,-1.04000,0.00160
,,,-0.00001296000,-1.04000,0.00080
,,,-0.00001292000,-1.02000,0.00080
,,,-0.00001288000,-1.04000,0.00080
,,,-0.00001284000,-1.04000,0.00
,,,-0.00001280000,-1.02000,0.00080
,,,-0.00001276000,-1.02000,0.00
,,,-0.00001272000,-1.02000,0.00
,,,-0.00001268000,-1.02000,-0.00080
,,,-0.00001264000,-1.02000,-0.00080
,,,-0.00001260000,-1.02000,-0.00080
,,,-0.00001256000,-1.02000,-0.00080
,,,-0.00001252000,-1.02000,-0.00160
,,,-0.00001248000,-1.02000,-0.00160
,,,-0.00001244000,-1.00000,-0.00160
,,,-0.00001240000,-1.02000,-0.00240
,,,-0.00001236000,-1.02000,-0.00240
,,,-0.00001232000,-1.02000,-0.00240
,,,-0.00001228000,-1.02000,-0.00240
,,,-0.00001224000,-1.00000,-0.00160
,,,-0.00001220000,-1.00000,-0.00240
,,,-0.00001216000,-1.00000,-0.00240
,,,-0.00001212000,-1.00000,-0.00240
,,,-0.00001208000,-1.00000,-0.00320
,,,-0.00001204000,-1.00000,-0.00400
,,,-0.00001200000,-1.00000,-0.00400
,,,-0.00001196000,-1.00000,-0.00400
,,,-0.00001192000,-1.00000,-0.00400
,,,-0.00001188000,-0.98000,-0.00480
,,,-0.00001184000,-1.00000,-0.00480
,,,-0.00001180000,-0.98000,-0.00480
,,,-0.00001176000,-0.98000,-0.00480
,,,-0.00001172000,-1.00000,-0.00560
,,,-0.00001168000,-0.98000,-0.00480
,,,-0.00001164000,-0.98000,-0.00480
,,,-0.00001160000,-0.98000,-0.00560
,,,-0.00001156000,-0.98000,-0.00560
,,,-0.00001152000,-0.98000,-0.00640
,,,-0.00001148000,-0.98000,-0.00640
,,,-0.00001144000,-0.96000,-0.00560
,,,-0.00001140000,-0.98000,-0.00640
,,,-0.00001136000,-0.96000,-0.00640
,,,-0.00001132000,-0.96000,-0.00640
,,,-0.00001128000,-0.96000,-0.00720
,,,-0.00001124000,-0.96000,-0.00720
,,,-0.00001120000,-0.96000,-0.00720
,,,-0.00001116000,-0.96000,-0.00800
,,,-0.00001112000,-0.94000,-0.00720
,,,-0.00001108000,-0.94000,-0.00800
,,,-0.00001104000,-0.96000,-0.00800
,,,-0.00001100000,-0.94000,-0.00800
,,,-0.00001096000,-0.94000,-0.00880
,,,-0.00001092000,-0.94000,-0.00880
,,,-0.00001088000,-0.94000,-0.00880
,,,-0.00001084000,-0.94000,-0.00960
,,,-0.00001080000,-0.94000,-0.00960
,,,-0.00001076000,-0.92000,-0.00960
,,,-0.00001072000,-0.92000,-0.00960
,,,-0.00001068000,-0.92000,-0.00960
,,,-0.00001064000,-0.92000,-0.00960
,,,-0.00001060000,-0.92000,-0.00960
,,,-0.00001056000,-0.92000,-0.01040
,,,-0.00001052000,-0.92000,-0.01040
,,,-0.00001048000,-0.92000,-0.01040
,,,-0.00001044000,-0.92000,-0.01040
,,,-0.00001040000,-0.92000,-0.01040
,,,-0.00001036000,-0.92000,-0.01120
,,,-0.00001032000,-0.90000,-0.01120
,,,-0.00001028000,-0.90000,-0.01200
,,,-0.00001024000,-0.90000,-0.01200
,,,-0.00001020000,-0.90000,-0.01200
,,,-0.00001016000,-0.90000,-0.01280
,,,-0.00001012000,-0.88000,-0.01200
,,,-0.00001008000,-0.90000,-0.01200
,,,-0.00001004000,-0.88000,-0.01280
,,,-0.00001000000,-0.88000,-0.01280
,,,-0.00000996000,-0.88000,-0.01280
,,,-0.00000992000,-0.88000,-0.01360
,,,-0.00000988000,-0.86000,-0.01280
,,,-0.00000984000,-0.88000,-0.01360
,,,-0.00000980000,-0.86000,-0.01360
,,,-0.00000976000,-0.86000,-0.01280
,,,-0.00000972000,-0.86000,-0.01360
,,,-0.00000968000,-0.86000,-0.01440
,,,-0.00000964000,-0.84000,-0.01440
,,,-0.00000960000,-0.86000,-0.01440
,,,-0.00000956000,-0.84000,-0.01520
,,,-0.00000952000,-0.86000,-0.01440
,,,-0.00000948000,-0.86000,-0.01520
,,,-0.00000944000,-0.84000,-0.01520
,,,-0.00000940000,-0.84000,-0.01520
,,,-0.00000936000,-0.84000,-0.01600
,,,-0.00000932000,-0.84000,-0.01600
,,,-0.00000928000,-0.84000,-0.01600
,,,-0.00000924000,-0.82000,-0.01600
,,,-0.00000920000,-0.82000,-0.01600
,,,-0.00000916000,-0.82000,-0.01680
,,,-0.00000912000,-0.82000,-0.01680
,,,-0.00000908000,-0.80000,-0.01680
,,,-0.00000904000,-0.82000,-0.01680
,,,-0.00000900000,-0.80000,-0.01680
,,,-0.00000896000,-0.80000,-0.01680
,,,-0.00000892000,-0.80000,-0.01760
,,,-0.00000888000,-0.80000,-0.01760
,,,-0.00000884000,-0.80000,-0.01840
,,,-0.00000880000,-0.80000,-0.01840
,,,-0.00000876000,-0.78000,-0.01840
,,,-0.00000872000,-0.78000,-0.01840
,,,-0.00000868000,-0.78000,-0.01920
,,,-0.00000864000,-0.78000,-0.01840
,,,-0.00000860000,-0.78000,-0.01920
,,,-0.00000856000,-0.78000,-0.01920
,,,-0.00000852000,-0.76000,-0.01920
,,,-0.00000848000,-0.78000,-0.01920
,,,-0.00000844000,-0.76000,-0.02000
,,,-0.00000840000,-0.76000,-0.01920
,,,-0.00000836000,-0.76000,-0.02000
,,,-0.00000832000,-0.76000,-0.02000
,,,-0.00000828000,-0.76000,-0.02000
,,,-0.00000824000,-0.74000,-0.02000
,,,-0.00000820000,-0.74000,-0.02000
,,,-0.00000816000,-0.74000,-0.02080
,,,-0.00000812000,-0.74000,-0.02080
,,,-0.00000808000,-0.74000,-0.02080
,,,-0.00000804000,-0.74000,-0.02160
,,,-0.00000800000,-0.74000,-0.02160
,,,-0.00000796000,-0.72000,-0.02160
,,,-0.00000792000,-0.72000,-0.02160
,,,-0.00000788000,-0.70000,-0.02160
,,,-0.00000784000,-0.72000,-0.02160
,,,-0.00000780000,-0.70000,-0.02240
,,,-0.00000776000,-0.70000,-0.02240
,,,-0.00000772000,-0.70000,-0.02240
,,,-0.00000768000,-0.70000,-0.02240
,,,-0.00000764000,-0.70000,-0.02240
,,,-0.00000760000,-0.68000,-0.02240
,,,-0.00000756000,-0.68000,-0.02320
,,,-0.00000752000,-0.68000,-0.02320
,,,-0.00000748000,-0.68000,-0.02320
,,,-0.00000744000,-0.66000,-0.02400
,,,-0.00000740000,-0.66000,-0.02320
,,,-0.00000736000,-0.68000,-0.02320
,,,-0.00000732000,-0.66000,-0.02400
,,,-0.00000728000,-0.66000,-0.02400
,,,-0.00000724000,-0.66000,-0.02400
,,,-0.00000720000,-0.66000,-0.02480
,,,-0.00000716000,-0.64000,-0.02480
,,,-0.00000712000,-0.66000,-0.02480
,,,-0.00000708000,-0.64000,-0.02480
,,,-0.00000704000,-0.64000,-0.02480
,,,-0.00000700000,-0.64000,-0.02480
,,,-0.00000696000,-0.62000,-0.02480
,,,-0.00000692000,-0.62000,-0.02560
,,,-0.00000688000,-0.62000,-0.02560
,,,-0.00000684000,-0.60000,-0.02560
,,,-0.00000680000,-0.60000,-0.02560
,,,-0.00000676000,-0.60000,-0.02560
,,,-0.00000672000,-0.60000,-0.02560
,,,-0.00000668000,-0.60000,-0.02640
,,,-0.00000664000,-0.60000,-0.02640
,,,-0.00000660000,-0.60000,-0.02640
,,,-0.00000656000,-0.58000,-0.02640
,,,-0.00000652000,-0.58000,-0.02640
,,,-0.00000648000,-0.58000,-0.02640
,,,-0.00000644000,-0.58000,-0.02720
,,,-0.00000640000,-0.58000,-0.02720
,,,-0.00000636000,-0.58000,-0.02720
,,,-0.00000632000,-0.56000,-0.02800
,,,-0.00000628000,-0.56000,-0.02800
,,,-0.00000624000,-0.56000,-0.02800
,,,-0.00000620000,-0.56000,-0.02800
,,,-0.00000616000,-0.56000,-0.02800
,,,-0.00000612000,-0.56000,-0.02880
,,,-0.00000608000,-0.56000,-0.02880
,,,-0.00000604000,-0.54000,-0.02880
,,,-0.00000600000,-0.52000,-0.02880
,,,-0.00000596000,-0.54000,-0.02880
,,,-0.00000592000,-0.54000,-0.02880
,,,-0.00000588000,-0.52000,-0.02960
,,,-0.00000584000,-0.52000,-0.02960
,,,-0.00000580000,-0.52000,-0.02960
,,,-0.00000576000,-0.52000,-0.02960
,,,-0.00000572000,-0.50000,-0.02960
,,,-0.00000568000,-0.50000,-0.03040
,,,-0.00000564000,-0.50000,-0.03040
,,,-0.00000560000,-0.50000,-0.03040
,,,-0.00000556000,-0.50000,-0.03040
,,,-0.00000552000,-0.48000,-0.03040
,,,-0.00000548000,-0.48000,-0.03040
,,,-0.00000544000,-0.48000,-0.03120
,,,-0.00000540000,-0.46000,-0.03120
,,,-0.00000536000,-0.48000,-0.03120
,,,-0.00000532000,-0.48000,-0.03120
,,,-0.00000528000,-0.46000,-0.03120
,,,-0.00000524000,-0.46000,-0.03120
,,,-0.00000520000,-0.46000,-0.03120
,,,-0.00000516000,-0.46000,-0.03200
,,,-0.00000512000,-0.46000,-0.03200
,,,-0.00000508000,-0.44000,-0.03200
,,,-0.00000504000,-0.44000,-0.03280
,,,-0.00000500000,-0.44000,-0.03280
,,,-0.00000496000,-0.42000,-0.03280
,,,-0.00000492000,-0.42000,-0.03280
,,,-0.00000488000,-0.42000,-0.03280
,,,-0.00000484000,-0.42000,-0.03280
,,,-0.00000480000,-0.42000,-0.03360
,,,-0.00000476000,-0.42000,-0.03360
,,,-0.00000472000,-0.40000,-0.03360
,,,-0.00000468000,-0.40000,-0.03360
,,,-0.00000464000,-0.40000,-0.03360
,,,-0.00000460000,-0.40000,-0.03360
,,,-0.00000456000,-0.40000,-0.03360
,,,-0.00000452000,-0.40000,-0.03440
,,,-0.00000448000,-0.38000,-0.03440
,,,-0.00000444000,-0.38000,-0.03440
,,,-0.00000440000,-0.38000,-0.03440
,,,-0.00000436000,-0.38000,-0.03440
,,,-0.00000432000,-0.38000,-0.03440
,,,-0.00000428000,-0.36000,-0.03440
,,,-0.00000424000,-0.36000,-0.03520
,,,-0.00000420000,-0.36000,-0.03520
,,,-0.00000416000,-0.34000,-0.03520
,,,-0.00000412000,-0.34000,-0.03520
,,,-0.00000408000,-0.34000,-0.03520
,,,-0.00000404000,-0.34000,-0.03520
,,,-0.00000400000,-0.34000,-0.03520
,,,-0.00000396000,-0.32000,-0.03520
,,,-0.00000392000,-0.32000,-0.03600
,,,-0.00000388000,-0.32000,-0.03600
,,,-0.00000384000,-0.32000,-0.03600
,,,-0.00000380000,-0.32000,-0.03600
,,,-0.00000376000,-0.30000,-0.03680
,,,-0.00000372000,-0.30000,-0.03600
,,,-0.00000368000,-0.30000,-0.03600
,,,-0.00000364000,-0.28000,-0.03680
,,,-0.00000360000,-0.30000,-0.03600
,,,-0.00000356000,-0.28000,-0.03680
,,,-0.00000352000,-0.28000,-0.03680
,,,-0.00000348000,-0.28000,-0.03680
,,,-0.00000344000,-0.26000,-0.03680
,,,-0.00000340000,-0.26000,-0.03680
,,,-0.00000336000,-0.26000,-0.03680
,,,-0.00000332000,-0.26000,-0.03760
,,,-0.00000328000,-0.26000,-0.03760
,,,-0.00000324000,-0.26000,-0.03760
,,,-0.00000320000,-0.24000,-0.03760
,,,-0.00000316000,-0.24000,-0.03760
,,,-0.00000312000,-0.24000,-0.03840
,,,-0.00000308000,-0.24000,-0.03840
,,,-0.00000304000,-0.24000,-0.03760
,,,-0.00000300000,-0.22000,-0.03840
,,,-0.00000296000,-0.22000,-0.03840
,,,-0.00000292000,-0.22000,-0.03840
,,,-0.00000288000,-0.22000,-0.03840
,,,-0.00000284000,-0.20000,-0.03840
,,,-0.00000280000,-0.20000,-0.03840
,,,-0.00000276000,-0.20000,-0.03920
,,,-0.00000272000,-0.18000,-0.03920
,,,-0.00000268000,-0.20000,-0.03920
,,,-0.00000264000,-0.20000,-0.03920
,,,-0.00000260000,-0.18000,-0.03920
,,,-0.00000256000,-0.18000,-0.03920
,,,-0.00000252000,-0.18000,-0.03920
,,,-0.00000248000,-0.18000,-0.03920
,,,-0.00000244000,-0.18000,-0.04000
,,,-0.00000240000,-0.18000,-0.04000
,,,-0.00000236000,-0.16000,-0.04000
,,,-0.00000232000,-0.16000,-0.04000
,,,-0.00000228000,-0.16000,-0.04000
,,,-0.00000224000,-0.14000,-0.04000
,,,-0.00000220000,-0.14000,-0.04000
,,,-0.00000216000,-0.12000,-0.04000
,,,-0.00000212000,-0.14000,-0.04080
,,,-0.00000208000,-0.12000,-0.04080
,,,-0.00000204000,-0.12000,-0.04080
,,,-0.00000200000,-0.12000,-0.04080
,,,-0.00000196000,-0.12000,-0.04080
,,,-0.00000192000,-0.10000,-0.04000
,,,-0.00000188000,-0.10000,-0.04080
,,,-0.00000184000,-0.10000,-0.04080
,,,-0.00000180000,-0.10000,-0.04080
,,,-0.00000176000,-0.10000,-0.04160
,,,-0.00000172000,-0.08000,-0.04160
,,,-0.00000168000,-0.08000,-0.04080
,,,-0.00000164000,-0.08000,-0.04080
,,,-0.00000160000,-0.08000,-0.04160
,,,-0.00000156000,-0.08000,-0.04160
,,,-0.00000152000,-0.08000,-0.04160
,,,-0.00000148000,-0.06000,-0.04160
,,,-0.00000144000,-0.06000,-0.04160
,,,-0.00000140000,-0.06000,-0.04160
,,,-0.00000136000,-0.06000,-0.04160
,,,-0.00000132000,-0.06000,-0.04160
,,,-0.00000128000,-0.04000,-0.04160
,,,-0.00000124000,-0.04000,-0.04160
,,,-0.00000120000,-0.04000,-0.04240
,,,-0.00000116000,-0.04000,-0.04160
,,,-0.00000112000,-0.02000,-0.04240
,,,-0.00000108000,-0.02000,-0.04240
,,,-0.00000104000,-0.02000,-0.04240
,,,-0.00000100000,0.00,-0.04240
,,,-0.00000096000,-0.02000,-0.04240
,,,-0.00000092000,0.00,-0.04240
,,,-0.00000088000,0.00,-0.04240
,,,-0.00000084000,0.02000,-0.04240
,,,-0.00000080000,0.02000,-0.04240
,,,-0.00000076000,0.02000,-0.04240
,,,-0.00000072000,0.02000,-0.04320
,,,-0.00000068000,0.02000,-0.04240
,,,-0.00000064000,0.02000,-0.04240
,,,-0.00000060000,0.04000,-0.04240
,,,-0.00000056000,0.02000,-0.04240
,,,-0.00000052000,0.04000,-0.04240
,,,-0.00000048000,0.04000,-0.04320
,,,-0.00000044000,0.04000,-0.04240
,,,-0.00000040000,0.04000,-0.04320
,,,-0.00000036000,0.06000,-0.04320
,,,-0.00000032000,0.06000,-0.04320
,,,-0.00000028000,0.08000,-0.04320
,,,-0.00000024000,0.06000,-0.04320
,,,-0.00000020000,0.08000,-0.04400
,,,-0.00000016000,0.08000,-0.04320
,,,-0.00000012000,0.08000,-0.04320
,,,-0.00000008000,0.08000,-0.04320
,,,-0.00000004000,0.08000,-0.04320
,,, 0.00000000000,0.08000,-0.04320
,,, 0.00000004000,0.10000,-0.04400
,,, 0.00000008000,0.10000,-0.04320
,,, 0.00000012000,0.10000,-0.04320
,,, 0.00000016000,0.10000,-0.04320
,,, 0.00000020000,0.12000,-0.04320
,,, 0.00000024000,0.12000,-0.04320
,,, 0.00000028000,0.12000,-0.04400
,,, 0.00000032000,0.12000,-0.04320
,,, 0.00000036000,0.14000,-0.04400
,,, 0.00000040000,0.14000,-0.04400
,,, 0.00000044000,0.14000,-0.04400
,,, 0.00000048000,0.14000,-0.04400
,,, 0.00000052000,0.14000,-0.04400
,,, 0.00000056000,0.14000,-0.04400
,,, 0.00000060000,0.16000,-0.04400
,,, 0.00000064000,0.16000,-0.04400
,,, 0.00000068000,0.16000,-0.04400
,,, 0.00000072000,0.16000,-0.04480
,,, 0.00000076000,0.18000,-0.04400
,,, 0.00000080000,0.16000,-0.04400
,,, 0.00000084000,0.18000,-0.04480
,,, 0.00000088000,0.18000,-0.04400
,,, 0.00000092000,0.20000,-0.04480
,,, 0.00000096000,0.20000,-0.04480
,,, 0.00000100000,0.20000,-0.04480
,,, 0.00000104000,0.20000,-0.04480
,,, 0.00000108000,0.20000,-0.04400
,,, 0.00000112000,0.20000,-0.04400
,,, 0.00000116000,0.22000,-0.04480
,,, 0.00000120000,0.22000,-0.04480
,,, 0.00000124000,0.22000,-0.04400
,,, 0.00000128000,0.22000,-0.04480
,,, 0.00000132000,0.24000,-0.04480
,,, 0.00000136000,0.22000,-0.04480
,,, 0.00000140000,0.24000,-0.04480
,,, 0.00000144000,0.24000,-0.04480
,,, 0.00000148000,0.24000,-0.04400
,,, 0.00000152000,0.24000,-0.04480
,,, 0.00000156000,0.24000,-0.04480
,,, 0.00000160000,0.24000,-0.04480
,,, 0.00000164000,0.26000,-0.04480
,,, 0.00000168000,0.26000,-0.04480
,,, 0.00000172000,0.26000,-0.04400
,,, 0.00000176000,0.26000,-0.04400
,,, 0.00000180000,0.28000,-0.04480
,,, 0.00000184000,0.28000,-0.04480
,,, 0.00000188000,0.28000,-0.04480
,,, 0.00000192000,0.28000,-0.04480
,,, 0.00000196000,0.30000,-0.04480
,,, 0.00000200000,0.28000,-0.04400
,,, 0.00000204000,0.30000,-0.04400
,,, 0.00000208000,0.30000,-0.04480
,,, 0.00000212000,0.30000,-0.04480
,,, 0.00000216000,0.32000,-0.04480
,,, 0.00000220000,0.32000,-0.04480
,,, 0.00000224000,0.32000,-0.04400
,,, 0.00000228000,0.32000,-0.04400
,,, 0.00000232000,0.32000,-0.04400
,,, 0.00000236000,0.34000,-0.04400
,,, 0.00000240000,0.34000,-0.04480
,,, 0.00000244000,0.32000,-0.04480
,,, 0.00000248000,0.34000,-0.04480
,,, 0.00000252000,0.34000,-0.04480
,,, 0.00000256000,0.34000,-0.04400
,,, 0.00000260000,0.34000,-0.04400
,,, 0.00000264000,0.36000,-0.04400
,,, 0.00000268000,0.36000,-0.04400
,,, 0.00000272000,0.36000,-0.04480
,,, 0.00000276000,0.36000,-0.04480
,,, 0.00000280000,0.38000,-0.04480
,,, 0.00000284000,0.38000,-0.04400
,,, 0.00000288000,0.38000,-0.04400
,,, 0.00000292000,0.38000,-0.04400
,,, 0.00000296000,0.38000,-0.04400
,,, 0.00000300000,0.38000,-0.04400
,,, 0.00000304000,0.38000,-0.04480
,,, 0.00000308000,0.40000,-0.04480
,,, 0.00000312000,0.40000,-0.04400
,,, 0.00000316000,0.40000,-0.04400
,,, 0.00000320000,0.40000,-0.04400
,,, 0.00000324000,0.40000,-0.04400
,,, 0.00000328000,0.40000,-0.04400
,,, 0.00000332000,0.42000,-0.04400
,,, 0.00000336000,0.40000,-0.04400
,,, 0.00000340000,0.42000,-0.04400
,,, 0.00000344000,0.40000,-0.04400
,,, 0.00000348000,0.42000,-0.04320
,,, 0.00000352000,0.42000,-0.04400
,,, 0.00000356000,0.42000,-0.04400
,,, 0.00000360000,0.44000,-0.04400
,,, 0.00000364000,0.44000,-0.04400
,,, 0.00000368000,0.44000,-0.04400
,,, 0.00000372000,0.44000,-0.04400
,,, 0.00000376000,0.46000,-0.04400
,,, 0.00000380000,0.46000,-0.04400
,,, 0.00000384000,0.46000,-0.04400
,,, 0.00000388000,0.46000,-0.04400
,,, 0.00000392000,0.46000,-0.04320
,,, 0.00000396000,0.46000,-0.04400
,,, 0.00000400000,0.46000,-0.04400
,,, 0.00000404000,0.48000,-0.04320
,,, 0.00000408000,0.48000,-0.04400
,,, 0.00000412000,0.48000,-0.04320
,,, 0.00000416000,0.48000,-0.04320
,,, 0.00000420000,0.48000,-0.04400
,,, 0.00000424000,0.48000,-0.04320
,,, 0.00000428000,0.48000,-0.04320
,,, 0.00000432000,0.50000,-0.04400
,,, 0.00000436000,0.50000,-0.04320
,,, 0.00000440000,0.50000,-0.04320
,,, 0.00000444000,0.50000,-0.04320
,,, 0.00000448000,0.52000,-0.04320
,,, 0.00000452000,0.52000,-0.04320
,,, 0.00000456000,0.50000,-0.04320
,,, 0.00000460000,0.52000,-0.04320
,,, 0.00000464000,0.52000,-0.04320
,,, 0.00000468000,0.52000,-0.04320
,,, 0.00000472000,0.54000,-0.04320
,,, 0.00000476000,0.54000,-0.04240
,,, 0.00000480000,0.54000,-0.04320
,,, 0.00000484000,0.54000,-0.04320
,,, 0.00000488000,0.54000,-0.04320
,,, 0.00000492000,0.56000,-0.04320
,,, 0.00000496000,0.56000,-0.04320
,,, 0.00000500000,0.54000,-0.04320
,,, 0.00000504000,0.56000,-0.04240
,,, 0.00000508000,0.56000,-0.04240
,,, 0.00000512000,0.56000,-0.04320
,,, 0.00000516000,0.56000,-0.04240
,,, 0.00000520000,0.56000,-0.04240
,,, 0.00000524000,0.56000,-0.04240
,,, 0.00000528000,0.56000,-0.04240
,,, 0.00000532000,0.58000,-0.04240
,,, 0.00000536000,0.56000,-0.04240
,,, 0.00000540000,0.58000,-0.04160
,,, 0.00000544000,0.58000,-0.04240
,,, 0.00000548000,0.58000,-0.04160
,,, 0.00000552000,0.60000,-0.04160
,,, 0.00000556000,0.58000,-0.04240
,,, 0.00000560000,0.58000,-0.04160
,,, 0.00000564000,0.60000,-0.04160
,,, 0.00000568000,0.60000,-0.04160
,,, 0.00000572000,0.60000,-0.04160
,,, 0.00000576000,0.62000,-0.04160
,,, 0.00000580000,0.62000,-0.04160
,,, 0.00000584000,0.62000,-0.04160
,,, 0.00000588000,0.60000,-0.04160
,,, 0.00000592000,0.60000,-0.04160
,,, 0.00000596000,0.62000,-0.04080
,,, 0.00000600000,0.62000,-0.04080
,,, 0.00000604000,0.62000,-0.04080
,,, 0.00000608000,0.64000,-0.04080
,,, 0.00000612000,0.62000,-0.04080
,,, 0.00000616000,0.64000,-0.04080
,,, 0.00000620000,0.64000,-0.04080
,,, 0.00000624000,0.64000,-0.04080
,,, 0.00000628000,0.64000,-0.04000
,,, 0.00000632000,0.64000,-0.04000
,,, 0.00000636000,0.64000,-0.04000
,,, 0.00000640000,0.66000,-0.04000
,,, 0.00000644000,0.64000,-0.04000
,,, 0.00000648000,0.64000,-0.04000
,,, 0.00000652000,0.64000,-0.04000
,,, 0.00000656000,0.66000,-0.03920
,,, 0.00000660000,0.66000,-0.03920
,,, 0.00000664000,0.66000,-0.03920
,,, 0.00000668000,0.66000,-0.04000
,,, 0.00000672000,0.66000,-0.04000
,,, 0.00000676000,0.68000,-0.04000
,,, 0.00000680000,0.68000,-0.03920
,,, 0.00000684000,0.68000,-0.03920
,,, 0.00000688000,0.68000,-0.03920
,,, 0.00000692000,0.68000,-0.03920
,,, 0.00000696000,0.70000,-0.03920
,,, 0.00000700000,0.68000,-0.03920
,,, 0.00000704000,0.68000,-0.03920
,,, 0.00000708000,0.70000,-0.03840
,,, 0.00000712000,0.68000,-0.03840
,,, 0.00000716000,0.70000,-0.03840
,,, 0.00000720000,0.70000,-0.03840
,,, 0.00000724000,0.70000,-0.03840
,,, 0.00000728000,0.70000,-0.03840
,,, 0.00000732000,0.70000,-0.03840
,,, 0.00000736000,0.70000,-0.03840
,,, 0.00000740000,0.70000,-0.03760
,,, 0.00000744000,0.72000,-0.03760
,,, 0.00000748000,0.72000,-0.03760
,,, 0.00000752000,0.72000,-0.03760
,,, 0.00000756000,0.72000,-0.03760
,,, 0.00000760000,0.72000,-0.03760
,,, 0.00000764000,0.72000,-0.03760
,,, 0.00000768000,0.72000,-0.03760
,,, 0.00000772000,0.72000,-0.03760
,,, 0.00000776000,0.74000,-0.03680
,,, 0.00000780000,0.74000,-0.03680
,,, 0.00000784000,0.74000,-0.03680
,,, 0.00000788000,0.74000,-0.03680
,,, 0.00000792000,0.74000,-0.03680
,,, 0.00000796000,0.74000,-0.03680
,,, 0.00000800000,0.74000,-0.03680
,,, 0.00000804000,0.74000,-0.03680
,,, 0.00000808000,0.74000,-0.03600
,,, 0.00000812000,0.74000,-0.03680
,,, 0.00000816000,0.74000,-0.03680
,,, 0.00000820000,0.76000,-0.03600
,,, 0.00000824000,0.76000,-0.03600
,,, 0.00000828000,0.76000,-0.03600
,,, 0.00000832000,0.76000,-0.03520
,,, 0.00000836000,0.76000,-0.03600
,,, 0.00000840000,0.76000,-0.03600
,,, 0.00000844000,0.76000,-0.03520
,,, 0.00000848000,0.76000,-0.03600
,,, 0.00000852000,0.76000,-0.03600
,,, 0.00000856000,0.76000,-0.03520
,,, 0.00000860000,0.78000,-0.03520
,,, 0.00000864000,0.78000,-0.03520
,,, 0.00000868000,0.78000,-0.03440
,,, 0.00000872000,0.78000,-0.03440
,,, 0.00000876000,0.78000,-0.03440
,,, 0.00000880000,0.78000,-0.03440
,,, 0.00000884000,0.78000,-0.03440
,,, 0.00000888000,0.80000,-0.03440
,,, 0.00000892000,0.78000,-0.03440
,,, 0.00000896000,0.80000,-0.03440
,,, 0.00000900000,0.80000,-0.03360
,,, 0.00000904000,0.80000,-0.03360
,,, 0.00000908000,0.80000,-0.03360
,,, 0.00000912000,0.80000,-0.03360
,,, 0.00000916000,0.80000,-0.03360
,,, 0.00000920000,0.80000,-0.03280
,,, 0.00000924000,0.80000,-0.03280
,,, 0.00000928000,0.80000,-0.03280
,,, 0.00000932000,0.82000,-0.03200
,,, 0.00000936000,0.80000,-0.03200
,,, 0.00000940000,0.82000,-0.03280
,,, 0.00000944000,0.82000,-0.03200
,,, 0.00000948000,0.80000,-0.03200
,,, 0.00000952000,0.82000,-0.03200
,,, 0.00000956000,0.82000,-0.03120
,,, 0.00000960000,0.82000,-0.03120
,,, 0.00000964000,0.82000,-0.03200
,,, 0.00000968000,0.82000,-0.03120
,,, 0.00000972000,0.82000,-0.03120
,,, 0.00000976000,0.82000,-0.03120
,,, 0.00000980000,0.84000,-0.03120
,,, 0.00000984000,0.82000,-0.03040
,,, 0.00000988000,0.84000,-0.03040
,,, 0.00000992000,0.84000,-0.03040
,,, 0.00000996000,0.82000,-0.03040
,,, 0.00001000000,0.84000,-0.02960
,,, 0.00001004000,0.84000,-0.03040
,,, 0.00001008000,0.84000,-0.02960
,,, 0.00001012000,0.84000,-0.02960
,,, 0.00001016000,0.84000,-0.02960
,,, 0.00001020000,0.84000,-0.02880
,,, 0.00001024000,0.84000,-0.02880
,,, 0.00001028000,0.84000,-0.02880
,,, 0.00001032000,0.86000,-0.02880
,,, 0.00001036000,0.86000,-0.02880
,,, 0.00001040000,0.84000,-0.02880
,,, 0.00001044000,0.86000,-0.02800
,,, 0.00001048000,0.86000,-0.02800
,,, 0.00001052000,0.86000,-0.02880
,,, 0.00001056000,0.86000,-0.02800
,,, 0.00001060000,0.86000,-0.02800
,,, 0.00001064000,0.86000,-0.02800
,,, 0.00001068000,0.86000,-0.02800
,,, 0.00001072000,0.86000,-0.02720
,,, 0.00001076000,0.86000,-0.02720
,,, 0.00001080000,0.86000,-0.02720
,,, 0.00001084000,0.86000,-0.02720
,,, 0.00001088000,0.86000,-0.02720
,,, 0.00001092000,0.86000,-0.02640
,,, 0.00001096000,0.86000,-0.02640
,,, 0.00001100000,0.88000,-0.02640
,,, 0.00001104000,0.86000,-0.02640
,,, 0.00001108000,0.88000,-0.02640
,,, 0.00001112000,0.86000,-0.02560
,,, 0.00001116000,0.86000,-0.02640
,,, 0.00001120000,0.86000,-0.02560
,,, 0.00001124000,0.88000,-0.02480
,,, 0.00001128000,0.86000,-0.02640
,,, 0.00001132000,0.88000,-0.02560
,,, 0.00001136000,0.88000,-0.02560
,,, 0.00001140000,0.88000,-0.02560
,,, 0.00001144000,0.88000,-0.02480
,,, 0.00001148000,0.88000,-0.02480
,,, 0.00001152000,0.88000,-0.02480
,,, 0.00001156000,0.88000,-0.02480
,,, 0.00001160000,0.88000,-0.02480
,,, 0.00001164000,0.88000,-0.02480
,,, 0.00001168000,0.88000,-0.02400
,,, 0.00001172000,0.88000,-0.02320
,,, 0.00001176000,0.88000,-0.02320
,,, 0.00001180000,0.88000,-0.02320
,,, 0.00001184000,0.90000,-0.02320
,,, 0.00001188000,0.90000,-0.02400
,,, 0.00001192000,0.88000,-0.02320
,,, 0.00001196000,0.88000,-0.02320
,,, 0.00001200000,0.90000,-0.02320
,,, 0.00001204000,0.88000,-0.02240
,,, 0.00001208000,0.88000,-0.02240
,,, 0.00001212000,0.90000,-0.02240
,,, 0.00001216000,0.88000,-0.02240
,,, 0.00001220000,0.88000,-0.02240
,,, 0.00001224000,0.90000,-0.02160
,,, 0.00001228000,0.88000,-0.02160
,,, 0.00001232000,0.90000,-0.02160
,,, 0.00001236000,0.90000,-0.02080
,,, 0.00001240000,0.90000,-0.02160
,,, 0.00001244000,0.90000,-0.02160
,,, 0.00001248000,0.90000,-0.02080
,,, 0.00001252000,0.88000,-0.02080
,,, 0.00001256000,0.90000,-0.02000
,,, 0.00001260000,0.90000,-0.02000
,,, 0.00001264000,0.90000,-0.02000
,,, 0.00001268000,0.90000,-0.02000
,,, 0.00001272000,0.90000,-0.02000
,,, 0.00001276000,0.90000,-0.02000
,,, 0.00001280000,0.90000,-0.01920
,,, 0.00001284000,0.90000,-0.01920
,,, 0.00001288000,0.90000,-0.01920
,,, 0.00001292000,0.90000,-0.01920
,,, 0.00001296000,0.90000,-0.01840
,,, 0.00001300000,0.90000,-0.01840
,,, 0.00001304000,0.90000,-0.01840
,,, 0.00001308000,0.90000,-0.01840
,,, 0.00001312000,0.90000,-0.01760
,,, 0.00001316000,0.90000,-0.01760
,,, 0.00001320000,0.90000,-0.01760
,,, 0.00001324000,0.90000,-0.01760
,,, 0.00001328000,0.90000,-0.01680
,,, 0.00001332000,0.90000,-0.01680
,,, 0.00001336000,0.90000,-0.01680
,,, 0.00001340000,0.90000,-0.01680
,,, 0.00001344000,0.90000,-0.01680
,,, 0.00001348000,0.90000,-0.01600
,,, 0.00001352000,0.90000,-0.01600
,,, 0.00001356000,0.90000,-0.01600
,,, 0.00001360000,0.90000,-0.01520
,,, 0.00001364000,0.90000,-0.01520
,,, 0.00001368000,0.90000,-0.01520
,,, 0.00001372000,0.92000,-0.01600
,,, 0.00001376000,0.90000,-0.01520
,,, 0.00001380000,0.92000,-0.01520
,,, 0.00001384000,0.92000,-0.01440
,,, 0.00001388000,0.92000,-0.01440
,,, 0.00001392000,0.92000,-0.01440
,,, 0.00001396000,0.90000,-0.01440
,,, 0.00001400000,0.90000,-0.01440
,,, 0.00001404000,0.90000,-0.01440
,,, 0.00001408000,0.90000,-0.01360
,,, 0.00001412000,0.92000,-0.01280
,,, 0.00001416000,0.92000,-0.01280
,,, 0.00001420000,0.90000,-0.01280
,,, 0.00001424000,0.92000,-0.01280
,,, 0.00001428000,0.92000,-0.01280
,,, 0.00001432000,0.90000,-0.01280
,,, 0.00001436000,0.92000,-0.01280
,,, 0.00001440000,0.92000,-0.01200
,,, 0.00001444000,0.92000,-0.01200
,,, 0.00001448000,0.92000,-0.01200
,,, 0.00001452000,0.90000,-0.01200
,,, 0.00001456000,0.92000,-0.01200
,,, 0.00001460000,0.92000,-0.01120
,,, 0.00001464000,0.90000,-0.01120
,,, 0.00001468000,0.92000,-0.01120
,,, 0.00001472000,0.92000,-0.01120
,,, 0.00001476000,0.90000,-0.01040
,,, 0.00001480000,0.92000,-0.01040
,,, 0.00001484000,0.92000,-0.01120
,,, 0.00001488000,0.92000,-0.01040
,,, 0.00001492000,0.92000,-0.00960
,,, 0.00001496000,0.92000,-0.00960
,,, 0.00001500000,0.90000,-0.00960
,,, 0.00001504000,0.92000,-0.00960
,,, 0.00001508000,0.90000,-0.00960
,,, 0.00001512000,0.90000,-0.00960
,,, 0.00001516000,0.92000,-0.00880
,,, 0.00001520000,0.90000,-0.00880
,,, 0.00001524000,0.90000,-0.00880
,,, 0.00001528000,0.90000,-0.00800
,,, 0.00001532000,0.90000,-0.00800
,,, 0.00001536000,0.92000,-0.00800
,,, 0.00001540000,0.90000,-0.00800
,,, 0.00001544000,0.92000,-0.00800
,,, 0.00001548000,0.92000,-0.00800
,,, 0.00001552000,0.92000,-0.00720
,,, 0.00001556000,0.90000,-0.00720
,,, 0.00001560000,0.92000,-0.00720
,,, 0.00001564000,0.92000,-0.00720
,,, 0.00001568000,0.92000,-0.00720
,,, 0.00001572000,0.90000,-0.00640
,,, 0.00001576000,0.92000,-0.00640
,,, 0.00001580000,0.90000,-0.00560
,,, 0.00001584000,0.90000,-0.00560
,,, 0.00001588000,0.90000,-0.00560
,,, 0.00001592000,0.90000,-0.00560
,,, 0.00001596000,0.90000,-0.00480
,,, 0.00001600000,0.90000,-0.00560
,,, 0.00001604000,0.90000,-0.00480
,,, 0.00001608000,0.88000,-0.00480
,,, 0.00001612000,0.90000,-0.00480
,,, 0.00001616000,0.90000,-0.00400
,,, 0.00001620000,0.90000,-0.00480
,,, 0.00001624000,0.90000,-0.00400
,,, 0.00001628000,0.90000,-0.00320
,,, 0.00001632000,0.90000,-0.00320
,,, 0.00001636000,0.90000,-0.00320
,,, 0.00001640000,0.90000,-0.00320
,,, 0.00001644000,0.90000,-0.00320
,,, 0.00001648000,0.90000,-0.00320
,,, 0.00001652000,0.90000,-0.00240
,,, 0.00001656000,0.90000,-0.00240
,,, 0.00001660000,0.90000,-0.00240
,,, 0.00001664000,0.90000,-0.00160
,,, 0.00001668000,0.90000,-0.00160
,,, 0.00001672000,0.90000,-0.00160
,,, 0.00001676000,0.90000,-0.00160
,,, 0.00001680000,0.90000,-0.00160
,,, 0.00001684000,0.90000,-0.00080
,,, 0.00001688000,0.90000,-0.00080
,,, 0.00001692000,0.88000,-0.00080
,,, 0.00001696000,0.88000,-0.00080
,,, 0.00001700000,0.88000,0.00
,,, 0.00001704000,0.90000,0.00
,,, 0.00001708000,0.88000,0.00
,,, 0.00001712000,0.90000,0.00
,,, 0.00001716000,0.90000,0.00080
,,, 0.00001720000,0.88000,0.00080
,,, 0.00001724000,0.88000,0.00080
,,, 0.00001728000,0.88000,0.00080
,,, 0.00001732000,0.88000,0.00160
,,, 0.00001736000,0.88000,0.00160
,,, 0.00001740000,0.88000,0.00160
,,, 0.00001744000,0.88000,0.00160
,,, 0.00001748000,0.88000,0.00240
,,, 0.00001752000,0.88000,0.00160
,,, 0.00001756000,0.88000,0.00160
,,, 0.00001760000,0.88000,0.00240
,,, 0.00001764000,0.88000,0.00240
,,, 0.00001768000,0.88000,0.00240
,,, 0.00001772000,0.88000,0.00240
,,, 0.00001776000,0.86000,0.00320
,,, 0.00001780000,0.88000,0.00320
,,, 0.00001784000,0.88000,0.00320
,,, 0.00001788000,0.88000,0.00400
,,, 0.00001792000,0.88000,0.00400
,,, 0.00001796000,0.86000,0.00400
,,, 0.00001800000,0.86000,0.00400
,,, 0.00001804000,0.86000,0.00400
,,, 0.00001808000,0.86000,0.00480
,,, 0.00001812000,0.86000,0.00480
,,, 0.00001816000,0.86000,0.00560
,,, 0.00001820000,0.86000,0.00560
,,, 0.00001824000,0.86000,0.00560
,,, 0.00001828000,0.86000,0.00560
,,, 0.00001832000,0.86000,0.00560
,,, 0.00001836000,0.86000,0.00560
,,, 0.00001840000,0.86000,0.00640
,,, 0.00001844000,0.86000,0.00640
,,, 0.00001848000,0.86000,0.00640
,,, 0.00001852000,0.86000,0.00640
,,, 0.00001856000,0.86000,0.00640
,,, 0.00001860000,0.84000,0.00640
,,, 0.00001864000,0.84000,0.00720
,,, 0.00001868000,0.84000,0.00800
,,, 0.00001872000,0.84000,0.00800
,,, 0.00001876000,0.84000,0.00800
,,, 0.00001880000,0.84000,0.00800
,,, 0.00001884000,0.84000,0.00800
,,, 0.00001888000,0.84000,0.00800
,,, 0.00001892000,0.84000,0.00880
,,, 0.00001896000,0.84000,0.00880
,,, 0.00001900000,0.84000,0.00880
,,, 0.00001904000,0.84000,0.00880
,,, 0.00001908000,0.82000,0.00960
,,, 0.00001912000,0.84000,0.00880
,,, 0.00001916000,0.82000,0.00960
,,, 0.00001920000,0.84000,0.00960
,,, 0.00001924000,0.82000,0.00960
,,, 0.00001928000,0.82000,0.01040
,,, 0.00001932000,0.82000,0.01040
,,, 0.00001936000,0.82000,0.01040
,,, 0.00001940000,0.82000,0.01040
,,, 0.00001944000,0.82000,0.01040
,,, 0.00001948000,0.82000,0.01120
,,, 0.00001952000,0.82000,0.01120
,,, 0.00001956000,0.82000,0.01200
,,, 0.00001960000,0.82000,0.01200
,,, 0.00001964000,0.82000,0.01200
,,, 0.00001968000,0.80000,0.01200
,,, 0.00001972000,0.80000,0.01200
,,, 0.00001976000,0.80000,0.01280
,,, 0.00001980000,0.80000,0.01280
,,, 0.00001984000,0.80000,0.01280
,,, 0.00001988000,0.80000,0.01280
,,, 0.00001992000,0.80000,0.01280
,,, 0.00001996000,0.80000,0.01360
,,, 0.00002000000,0.80000,0.01360
,,, 0.00002004000,0.80000,0.01360
,,, 0.00002008000,0.78000,0.01440
,,, 0.00002012000,0.78000,0.01440
,,, 0.00002016000,0.78000,0.01440
,,, 0.00002020000,0.78000,0.01440
,,, 0.00002024000,0.78000,0.01440
,,, 0.00002028000,0.78000,0.01440
,,, 0.00002032000,0.78000,0.01520
,,, 0.00002036000,0.78000,0.01520
,,, 0.00002040000,0.78000,0.01520
,,, 0.00002044000,0.78000,0.01520
,,, 0.00002048000,0.78000,0.01600
,,, 0.00002052000,0.78000,0.01600
,,, 0.00002056000,0.76000,0.01600
,,, 0.00002060000,0.76000,0.01600
,,, 0.00002064000,0.76000,0.01600
,,, 0.00002068000,0.76000,0.01600
,,, 0.00002072000,0.76000,0.01680
,,, 0.00002076000,0.76000,0.01680
,,, 0.00002080000,0.76000,0.01680
,,, 0.00002084000,0.76000,0.01760
,,, 0.00002088000,0.74000,0.01760
,,, 0.00002092000,0.76000,0.01760
,,, 0.00002096000,0.74000,0.01760
,,, 0.00002100000,0.74000,0.01760
,,, 0.00002104000,0.74000,0.01840
,,, 0.00002108000,0.74000,0.01840
,,, 0.00002112000,0.74000,0.01840
,,, 0.00002116000,0.74000,0.01920
,,, 0.00002120000,0.74000,0.01920
,,, 0.00002124000,0.74000,0.01920
,,, 0.00002128000,0.74000,0.01920
,,, 0.00002132000,0.74000,0.01920
,,, 0.00002136000,0.74000,0.02000
,,, 0.00002140000,0.74000,0.02000
,,, 0.00002144000,0.72000,0.02000
,,, 0.00002148000,0.72000,0.02000
,,, 0.00002152000,0.72000,0.02000
,,, 0.00002156000,0.72000,0.02000
,,, 0.00002160000,0.72000,0.02080
,,, 0.00002164000,0.72000,0.02080
,,, 0.00002168000,0.72000,0.02080
,,, 0.00002172000,0.72000,0.02160
,,, 0.00002176000,0.72000,0.02080
,,, 0.00002180000,0.70000,0.02160
,,, 0.00002184000,0.70000,0.02160
,,, 0.00002188000,0.70000,0.02240
,,, 0.00002192000,0.70000,0.02240
,,, 0.00002196000,0.70000,0.02320
,,, 0.00002200000,0.70000,0.02240
,,, 0.00002204000,0.70000,0.02240
,,, 0.00002208000,0.70000,0.02320
,,, 0.00002212000,0.70000,0.02320
,,, 0.00002216000,0.68000,0.02320
,,, 0.00002220000,0.68000,0.02400
,,, 0.00002224000,0.68000,0.02320
,,, 0.00002228000,0.68000,0.02400
,,, 0.00002232000,0.68000,0.02400
,,, 0.00002236000,0.68000,0.02400
,,, 0.00002240000,0.68000,0.02480
,,, 0.00002244000,0.68000,0.02480
,,, 0.00002248000,0.68000,0.02480
,,, 0.00002252000,0.68000,0.02480
,,, 0.00002256000,0.66000,0.02480
,,, 0.00002260000,0.66000,0.02480
,,, 0.00002264000,0.66000,0.02560
,,, 0.00002268000,0.66000,0.02560
,,, 0.00002272000,0.66000,0.02560
,,, 0.00002276000,0.66000,0.02560
,,, 0.00002280000,0.66000,0.02640
,,, 0.00002284000,0.66000,0.02640
,,, 0.00002288000,0.64000,0.02640
,,, 0.00002292000,0.64000,0.02640
,,, 0.00002296000,0.64000,0.02720
,,, 0.00002300000,0.64000,0.02720
,,, 0.00002304000,0.64000,0.02720
,,, 0.00002308000,0.64000,0.02720
,,, 0.00002312000,0.64000,0.02720
,,, 0.00002316000,0.64000,0.02720
,,, 0.00002320000,0.64000,0.02720
,,, 0.00002324000,0.62000,0.02800
,,, 0.00002328000,0.62000,0.02800
,,, 0.00002332000,0.62000,0.02800
,,, 0.00002336000,0.62000,0.02800
,,, 0.00002340000,0.62000,0.02800
,,, 0.00002344000,0.62000,0.02800
,,, 0.00002348000,0.60000,0.02880
,,, 0.00002352000,0.62000,0.02880
,,, 0.00002356000,0.60000,0.02880
,,, 0.00002360000,0.60000,0.02880
,,, 0.00002364000,0.60000,0.02960
,,, 0.00002368000,0.60000,0.02880
,,, 0.00002372000,0.60000,0.02960
,,, 0.00002376000,0.60000,0.02960
,,, 0.00002380000,0.60000,0.02960
,,, 0.00002384000,0.58000,0.02960
,,, 0.00002388000,0.58000,0.03040
,,, 0.00002392000,0.58000,0.03040
,,, 0.00002396000,0.58000,0.03040
,,, 0.00002400000,0.58000,0.03040
,,, 0.00002404000,0.58000,0.03040
,,, 0.00002408000,0.58000,0.03120
,,, 0.00002412000,0.56000,0.03120
,,, 0.00002416000,0.56000,0.03120
,,, 0.00002420000,0.56000,0.03120
,,, 0.00002424000,0.56000,0.03120
,,, 0.00002428000,0.56000,0.03120
,,, 0.00002432000,0.56000,0.03200
,,, 0.00002436000,0.54000,0.03200
,,, 0.00002440000,0.56000,0.03200
,,, 0.00002444000,0.56000,0.03280
,,, 0.00002448000,0.56000,0.03200
,,, 0.00002452000,0.54000,0.03280
,,, 0.00002456000,0.54000,0.03280
,,, 0.00002460000,0.54000,0.03200
,,, 0.00002464000,0.54000,0.03280
,,, 0.00002468000,0.54000,0.03280
,,, 0.00002472000,0.52000,0.03280
,,, 0.00002476000,0.54000,0.03360
,,, 0.00002480000,0.52000,0.03360
,,, 0.00002484000,0.52000,0.03360
,,, 0.00002488000,0.52000,0.03440
,,, 0.00002492000,0.52000,0.03360
,,, 0.00002496000,0.52000,0.03360
,,, 0.00002500000,0.52000,0.03440
,,, 0.00002504000,0.50000,0.03440
,,, 0.00002508000,0.50000,0.03440
,,, 0.00002512000,0.50000,0.03440
,,, 0.00002516000,0.50000,0.03520
,,, 0.00002520000,0.50000,0.03440
,,, 0.00002524000,0.48000,0.03440
,,, 0.00002528000,0.48000,0.03520
,,, 0.00002532000,0.48000,0.03520
,,, 0.00002536000,0.48000,0.03520
,,, 0.00002540000,0.48000,0.03520
,,, 0.00002544000,0.48000,0.03520
,,, 0.00002548000,0.46000,0.03520
,,, 0.00002552000,0.46000,0.03600
,,, 0.00002556000,0.46000,0.03520
,,, 0.00002560000,0.48000,0.03600
,,, 0.00002564000,0.46000,0.03680
,,, 0.00002568000,0.46000,0.03680
,,, 0.00002572000,0.46000,0.03600
,,, 0.00002576000,0.46000,0.03680
,,, 0.00002580000,0.44000,0.03680
,,, 0.00002584000,0.44000,0.03680
,,, 0.00002588000,0.44000,0.03680
,,, 0.00002592000,0.44000,0.03680
,,, 0.00002596000,0.44000,0.03760
,,, 0.00002600000,0.44000,0.03760
,,, 0.00002604000,0.42000,0.03760
,,, 0.00002608000,0.42000,0.03680
,,, 0.00002612000,0.42000,0.03760
,,, 0.00002616000,0.42000,0.03760
,,, 0.00002620000,0.42000,0.03760
,,, 0.00002624000,0.42000,0.03760
,,, 0.00002628000,0.42000,0.03840
,,, 0.00002632000,0.42000,0.03840
,,, 0.00002636000,0.42000,0.03760
,,, 0.00002640000,0.40000,0.03840
,,, 0.00002644000,0.40000,0.03840
,,, 0.00002648000,0.40000,0.03840
,,, 0.00002652000,0.40000,0.03920
,,, 0.00002656000,0.40000,0.03920
,,, 0.00002660000,0.40000,0.03840
,,, 0.00002664000,0.40000,0.03920
,,, 0.00002668000,0.38000,0.03920
,,, 0.00002672000,0.38000,0.03920
,,, 0.00002676000,0.38000,0.03920
,,, 0.00002680000,0.38000,0.03920
,,, 0.00002684000,0.38000,0.03920
,,, 0.00002688000,0.38000,0.04000
,,, 0.00002692000,0.38000,0.03920
,,, 0.00002696000,0.36000,0.04000
,,, 0.00002700000,0.36000,0.04000
,,, 0.00002704000,0.36000,0.04000
,,, 0.00002708000,0.36000,0.04000
,,, 0.00002712000,0.36000,0.04000
,,, 0.00002716000,0.36000,0.04000
,,, 0.00002720000,0.36000,0.04080
,,, 0.00002724000,0.34000,0.04080
,,, 0.00002728000,0.34000,0.04080
,,, 0.00002732000,0.34000,0.04080
,,, 0.00002736000,0.34000,0.04080
,,, 0.00002740000,0.34000,0.04080
,,, 0.00002744000,0.34000,0.04080
,,, 0.00002748000,0.32000,0.04080
,,, 0.00002752000,0.32000,0.04160
,,, 0.00002756000,0.32000,0.04160
,,, 0.00002760000,0.32000,0.04160
,,, 0.00002764000,0.32000,0.04160
,,, 0.00002768000,0.32000,0.04160
,,, 0.00002772000,0.30000,0.04160
,,, 0.00002776000,0.30000,0.04160
,,, 0.00002780000,0.30000,0.04240
,,, 0.00002784000,0.30000,0.04240
,,, 0.00002788000,0.30000,0.04240
,,, 0.00002792000,0.28000,0.04240
,,, 0.00002796000,0.30000,0.04160
,,, 0.00002800000,0.28000,0.04240
,,, 0.00002804000,0.28000,0.04240
,,, 0.00002808000,0.28000,0.04240
,,, 0.00002812000,0.28000,0.04320
,,, 0.00002816000,0.26000,0.04240
,,, 0.00002820000,0.26000,0.04240
,,, 0.00002824000,0.26000,0.04240
,,, 0.00002828000,0.26000,0.04240
,,, 0.00002832000,0.26000,0.04320
,,, 0.00002836000,0.26000,0.04320
,,, 0.00002840000,0.26000,0.04320
,,, 0.00002844000,0.24000,0.04320
,,, 0.00002848000,0.24000,0.04320
,,, 0.00002852000,0.24000,0.04320
,,, 0.00002856000,0.24000,0.04320
,,, 0.00002860000,0.24000,0.04320
,,, 0.00002864000,0.24000,0.04320
,,, 0.00002868000,0.22000,0.04400
,,, 0.00002872000,0.22000,0.04400
,,, 0.00002876000,0.22000,0.04400
,,, 0.00002880000,0.22000,0.04400
,,, 0.00002884000,0.22000,0.04400
,,, 0.00002888000,0.22000,0.04400
,,, 0.00002892000,0.20000,0.04400
,,, 0.00002896000,0.20000,0.04480
,,, 0.00002900000,0.20000,0.04480
,,, 0.00002904000,0.20000,0.04400
,,, 0.00002908000,0.20000,0.04400
,,, 0.00002912000,0.18000,0.04480
,,, 0.00002916000,0.18000,0.04400
,,, 0.00002920000,0.18000,0.04480
,,, 0.00002924000,0.18000,0.04480
,,, 0.00002928000,0.18000,0.04400
,,, 0.00002932000,0.18000,0.04480
,,, 0.00002936000,0.18000,0.04480
,,, 0.00002940000,0.16000,0.04480
,,, 0.00002944000,0.16000,0.04480
,,, 0.00002948000,0.16000,0.04480
,,, 0.00002952000,0.14000,0.04480
,,, 0.00002956000,0.16000,0.04560
,,, 0.00002960000,0.14000,0.04480
,,, 0.00002964000,0.14000,0.04480
,,, 0.00002968000,0.14000,0.04560
,,, 0.00002972000,0.14000,0.04560
,,, 0.00002976000,0.12000,0.04480
,,, 0.00002980000,0.12000,0.04560
,,, 0.00002984000,0.12000,0.04480
,,, 0.00002988000,0.12000,0.04560
,,, 0.00002992000,0.12000,0.04560
,,, 0.00002996000,0.10000,0.04560
,,, 0.00003000000,0.10000,0.04560
,,, 0.00003004000,0.10000,0.04560
,,, 0.00003008000,0.10000,0.04560
,,, 0.00003012000,0.10000,0.04560
,,, 0.00003016000,0.10000,0.04560
,,, 0.00003020000,0.10000,0.04640
,,, 0.00003024000,0.10000,0.04640
,,, 0.00003028000,0.08000,0.04560
,,, 0.00003032000,0.08000,0.04640
,,, 0.00003036000,0.08000,0.04560
,,, 0.00003040000,0.08000,0.04560
,,, 0.00003044000,0.08000,0.04560
,,, 0.00003048000,0.08000,0.04640
,,, 0.00003052000,0.06000,0.04640
,,, 0.00003056000,0.06000,0.04640
,,, 0.00003060000,0.04000,0.04640
,,, 0.00003064000,0.06000,0.04560
,,, 0.00003068000,0.04000,0.04640
,,, 0.00003072000,0.06000,0.04640
,,, 0.00003076000,0.04000,0.04640
,,, 0.00003080000,0.04000,0.04640
,,, 0.00003084000,0.02000,0.04640
,,, 0.00003088000,0.02000,0.04720
,,, 0.00003092000,0.02000,0.04720
,,, 0.00003096000,0.02000,0.04640
,,, 0.00003100000,0.02000,0.04640
,,, 0.00003104000,0.02000,0.04640
,,, 0.00003108000,0.02000,0.04720
,,, 0.00003112000,0.02000,0.04720
,,, 0.00003116000,0.00,0.04640
,,, 0.00003120000,0.00,0.04640
,,, 0.00003124000,0.00,0.04720
,,, 0.00003128000,0.00,0.04640
,,, 0.00003132000,-0.02000,0.04720
,,, 0.00003136000,-0.02000,0.04720
,,, 0.00003140000,-0.02000,0.04720
,,, 0.00003144000,-0.02000,0.04720
,,, 0.00003148000,-0.02000,0.04720
,,, 0.00003152000,-0.04000,0.04720
,,, 0.00003156000,-0.02000,0.04720
,,, 0.00003160000,-0.04000,0.04720
,,, 0.00003164000,-0.04000,0.04720
,,, 0.00003168000,-0.04000,0.04720
,,, 0.00003172000,-0.04000,0.04720
,,, 0.00003176000,-0.06000,0.04720
,,, 0.00003180000,-0.06000,0.04720
,,, 0.00003184000,-0.06000,0.04720
,,, 0.00003188000,-0.06000,0.04720
,,, 0.00003192000,-0.06000,0.04720
,,, 0.00003196000,-0.08000,0.04720
,,, 0.00003200000,-0.08000,0.04720
,,, 0.00003204000,-0.08000,0.04720
,,, 0.00003208000,-0.08000,0.04720
,,, 0.00003212000,-0.08000,0.04720
,,, 0.00003216000,-0.10000,0.04800
,,, 0.00003220000,-0.10000,0.04720
,,, 0.00003224000,-0.10000,0.04720
,,, 0.00003228000,-0.10000,0.04720
,,, 0.00003232000,-0.10000,0.04720
,,, 0.00003236000,-0.10000,0.04720
,,, 0.00003240000,-0.12000,0.04720
,,, 0.00003244000,-0.12000,0.04720
,,, 0.00003248000,-0.12000,0.04720
,,, 0.00003252000,-0.12000,0.04720
,,, 0.00003256000,-0.12000,0.04720
,,, 0.00003260000,-0.14000,0.04720
,,, 0.00003264000,-0.14000,0.04800
,,, 0.00003268000,-0.14000,0.04800
,,, 0.00003272000,-0.14000,0.04800
,,, 0.00003276000,-0.16000,0.04720
,,, 0.00003280000,-0.16000,0.04720
,,, 0.00003284000,-0.16000,0.04720
,,, 0.00003288000,-0.16000,0.04720
,,, 0.00003292000,-0.16000,0.04800
,,, 0.00003296000,-0.18000,0.04800
,,, 0.00003300000,-0.18000,0.04800
,,, 0.00003304000,-0.16000,0.04720
,,, 0.00003308000,-0.18000,0.04720
,,, 0.00003312000,-0.18000,0.04720
,,, 0.00003316000,-0.18000,0.04720
,,, 0.00003320000,-0.20000,0.04720
,,, 0.00003324000,-0.18000,0.04800
,,, 0.00003328000,-0.20000,0.04800
,,, 0.00003332000,-0.20000,0.04720
,,, 0.00003336000,-0.20000,0.04720
,,, 0.00003340000,-0.20000,0.04720
,,, 0.00003344000,-0.22000,0.04720
,,, 0.00003348000,-0.22000,0.04720
,,, 0.00003352000,-0.22000,0.04720
,,, 0.00003356000,-0.22000,0.04720
,,, 0.00003360000,-0.22000,0.04720
,,, 0.00003364000,-0.24000,0.04720
,,, 0.00003368000,-0.24000,0.04720
,,, 0.00003372000,-0.24000,0.04720
,,, 0.00003376000,-0.26000,0.04720
,,, 0.00003380000,-0.24000,0.04800
,,, 0.00003384000,-0.26000,0.04720
,,, 0.00003388000,-0.26000,0.04720
,,, 0.00003392000,-0.26000,0.04720
,,, 0.00003396000,-0.26000,0.04640
,,, 0.00003400000,-0.28000,0.04640
,,, 0.00003404000,-0.26000,0.04720
,,, 0.00003408000,-0.28000,0.04720
,,, 0.00003412000,-0.28000,0.04640
,,, 0.00003416000,-0.28000,0.04640
,,, 0.00003420000,-0.28000,0.04640
,,, 0.00003424000,-0.28000,0.04640
,,, 0.00003428000,-0.28000,0.04640
,,, 0.00003432000,-0.30000,0.04640
,,, 0.00003436000,-0.30000,0.04640
,,, 0.00003440000,-0.30000,0.04720
,,, 0.00003444000,-0.32000,0.04640
,,, 0.00003448000,-0.32000,0.04640
,,, 0.00003452000,-0.32000,0.04640
,,, 0.00003456000,-0.32000,0.04640
,,, 0.00003460000,-0.34000,0.04640
,,, 0.00003464000,-0.34000,0.04640
,,, 0.00003468000,-0.34000,0.04560
,,, 0.00003472000,-0.34000,0.04640
,,, 0.00003476000,-0.34000,0.04640
,,, 0.00003480000,-0.34000,0.04640
,,, 0.00003484000,-0.36000,0.04640
,,, 0.00003488000,-0.36000,0.04640
,,, 0.00003492000,-0.36000,0.04640
,,, 0.00003496000,-0.36000,0.04560
,,, 0.00003500000,-0.36000,0.04640
,,, 0.00003504000,-0.36000,0.04640
,,, 0.00003508000,-0.38000,0.04640
,,, 0.00003512000,-0.38000,0.04640
,,, 0.00003516000,-0.38000,0.04560
,,, 0.00003520000,-0.38000,0.04560
,,, 0.00003524000,-0.40000,0.04480
,,, 0.00003528000,-0.40000,0.04560
,,, 0.00003532000,-0.40000,0.04560
,,, 0.00003536000,-0.40000,0.04560
,,, 0.00003540000,-0.40000,0.04560
,,, 0.00003544000,-0.42000,0.04560
,,, 0.00003548000,-0.40000,0.04480
,,, 0.00003552000,-0.42000,0.04560
,,, 0.00003556000,-0.42000,0.04480
,,, 0.00003560000,-0.42000,0.04560
,,, 0.00003564000,-0.42000,0.04560
,,, 0.00003568000,-0.44000,0.04560
,,, 0.00003572000,-0.44000,0.04560
,,, 0.00003576000,-0.44000,0.04480
,,, 0.00003580000,-0.44000,0.04480
,,, 0.00003584000,-0.44000,0.04480
,,, 0.00003588000,-0.44000,0.04400
,,, 0.00003592000,-0.46000,0.04480
,,, 0.00003596000,-0.44000,0.04560
,,, 0.00003600000,-0.46000,0.04480
,,, 0.00003604000,-0.46000,0.04400
,,, 0.00003608000,-0.46000,0.04400
,,, 0.00003612000,-0.48000,0.04400
,,, 0.00003616000,-0.46000,0.04400
,,, 0.00003620000,-0.48000,0.04400
,,, 0.00003624000,-0.48000,0.04400
,,, 0.00003628000,-0.48000,0.04400
,,, 0.00003632000,-0.50000,0.04400
,,, 0.00003636000,-0.50000,0.04320
,,, 0.00003640000,-0.50000,0.04400
,,, 0.00003644000,-0.50000,0.04400
,,, 0.00003648000,-0.50000,0.04400
,,, 0.00003652000,-0.50000,0.04400
,,, 0.00003656000,-0.52000,0.04320
,,, 0.00003660000,-0.52000,0.04320
,,, 0.00003664000,-0.52000,0.04320
,,, 0.00003668000,-0.52000,0.04320
,,, 0.00003672000,-0.52000,0.04320
,,, 0.00003676000,-0.54000,0.04320
,,, 0.00003680000,-0.54000,0.04320
,,, 0.00003684000,-0.54000,0.04320
,,, 0.00003688000,-0.54000,0.04240
,,, 0.00003692000,-0.54000,0.04320
,,, 0.00003696000,-0.56000,0.04240
,,, 0.00003700000,-0.56000,0.04240
,,, 0.00003704000,-0.56000,0.04240
,,, 0.00003708000,-0.56000,0.04240
,,, 0.00003712000,-0.58000,0.04240
,,, 0.00003716000,-0.56000,0.04240
,,, 0.00003720000,-0.56000,0.04240
,,, 0.00003724000,-0.58000,0.04240
,,, 0.00003728000,-0.58000,0.04240
,,, 0.00003732000,-0.58000,0.04240
,,, 0.00003736000,-0.58000,0.04240
,,, 0.00003740000,-0.58000,0.04160
,,, 0.00003744000,-0.60000,0.04160
,,, 0.00003748000,-0.60000,0.04160
,,, 0.00003752000,-0.60000,0.04160
,,, 0.00003756000,-0.62000,0.04160
,,, 0.00003760000,-0.62000,0.04160
,,, 0.00003764000,-0.62000,0.04160
,,, 0.00003768000,-0.62000,0.04080
,,, 0.00003772000,-0.62000,0.04080
,,, 0.00003776000,-0.62000,0.04080
,,, 0.00003780000,-0.62000,0.04080
,,, 0.00003784000,-0.64000,0.04080
,,, 0.00003788000,-0.64000,0.04080
,,, 0.00003792000,-0.64000,0.04000
,,, 0.00003796000,-0.64000,0.04000
,,, 0.00003800000,-0.64000,0.04000
,,, 0.00003804000,-0.66000,0.04080
,,, 0.00003808000,-0.66000,0.04080
,,, 0.00003812000,-0.66000,0.04000
,,, 0.00003816000,-0.66000,0.04000
,,, 0.00003820000,-0.66000,0.04000
,,, 0.00003824000,-0.66000,0.03920
,,, 0.00003828000,-0.68000,0.03920
,,, 0.00003832000,-0.66000,0.04000
,,, 0.00003836000,-0.68000,0.04000
,,, 0.00003840000,-0.68000,0.04000
,,, 0.00003844000,-0.68000,0.04000
,,, 0.00003848000,-0.70000,0.03920
,,, 0.00003852000,-0.68000,0.03920
,,, 0.00003856000,-0.70000,0.03840
,,, 0.00003860000,-0.70000,0.03840
,,, 0.00003864000,-0.70000,0.03840
,,, 0.00003868000,-0.72000,0.03920
,,, 0.00003872000,-0.72000,0.03920
,,, 0.00003876000,-0.72000,0.03840
,,, 0.00003880000,-0.72000,0.03840
,,, 0.00003884000,-0.72000,0.03840
,,, 0.00003888000,-0.72000,0.03840
,,, 0.00003892000,-0.72000,0.03760
,,, 0.00003896000,-0.74000,0.03840
,,, 0.00003900000,-0.74000,0.03840
,,, 0.00003904000,-0.74000,0.03760
,,, 0.00003908000,-0.74000,0.03760
,,, 0.00003912000,-0.74000,0.03760
,,, 0.00003916000,-0.74000,0.03760
,,, 0.00003920000,-0.74000,0.03760
,,, 0.00003924000,-0.76000,0.03680
,,, 0.00003928000,-0.76000,0.03680
,,, 0.00003932000,-0.76000,0.03760
,,, 0.00003936000,-0.76000,0.03680
,,, 0.00003940000,-0.76000,0.03600
,,, 0.00003944000,-0.78000,0.03680
,,, 0.00003948000,-0.78000,0.03680
,,, 0.00003952000,-0.78000,0.03600
,,, 0.00003956000,-0.78000,0.03680
,,, 0.00003960000,-0.78000,0.03600
,,, 0.00003964000,-0.78000,0.03600
,,, 0.00003968000,-0.78000,0.03600
,,, 0.00003972000,-0.80000,0.03600
,,, 0.00003976000,-0.80000,0.03520
,,, 0.00003980000,-0.80000,0.03520
,,, 0.00003984000,-0.80000,0.03520
,,, 0.00003988000,-0.80000,0.03520
,,, 0.00003992000,-0.82000,0.03520
,,, 0.00003996000,-0.80000,0.03520
,,, 0.00004000000,-0.82000,0.03440
,,, 0.00004004000,-0.82000,0.03440
,,, 0.00004008000,-0.82000,0.03440
,,, 0.00004012000,-0.82000,0.03440
,,, 0.00004016000,-0.82000,0.03440
,,, 0.00004020000,-0.82000,0.03440
,,, 0.00004024000,-0.84000,0.03440
,,, 0.00004028000,-0.84000,0.03360
,,, 0.00004032000,-0.84000,0.03360
,,, 0.00004036000,-0.84000,0.03360
,,, 0.00004040000,-0.84000,0.03360
,,, 0.00004044000,-0.84000,0.03360
,,, 0.00004048000,-0.86000,0.03360
,,, 0.00004052000,-0.84000,0.03280
,,, 0.00004056000,-0.84000,0.03280
,,, 0.00004060000,-0.86000,0.03280
,,, 0.00004064000,-0.86000,0.03200
,,, 0.00004068000,-0.86000,0.03200
,,, 0.00004072000,-0.86000,0.03200
,,, 0.00004076000,-0.86000,0.03200
,,, 0.00004080000,-0.86000,0.03200
,,, 0.00004084000,-0.88000,0.03120
,,, 0.00004088000,-0.88000,0.03200
,,, 0.00004092000,-0.88000,0.03200
,,, 0.00004096000,-0.88000,0.03120
,,, 0.00004100000,-0.88000,0.03040
,,, 0.00004104000,-0.88000,0.03120
,,, 0.00004108000,-0.88000,0.03120
,,, 0.00004112000,-0.88000,0.03040
,,, 0.00004116000,-0.90000,0.03040
,,, 0.00004120000,-0.90000,0.03040
,,, 0.00004124000,-0.90000,0.03040
,,, 0.00004128000,-0.90000,0.03040
,,, 0.00004132000,-0.90000,0.02960
,,, 0.00004136000,-0.90000,0.03040
,,, 0.00004140000,-0.90000,0.02960
,,, 0.00004144000,-0.90000,0.02960
,,, 0.00004148000,-0.92000,0.02960
,,, 0.00004152000,-0.92000,0.02960
,,, 0.00004156000,-0.90000,0.02960
,,, 0.00004160000,-0.92000,0.02960
,,, 0.00004164000,-0.92000,0.02880
,,, 0.00004168000,-0.92000,0.02880
,,, 0.00004172000,-0.92000,0.02880
,,, 0.00004176000,-0.94000,0.02880
,,, 0.00004180000,-0.92000,0.02800
,,, 0.00004184000,-0.92000,0.02800
,,, 0.00004188000,-0.92000,0.02800
,,, 0.00004192000,-0.92000,0.02800
,,, 0.00004196000,-0.94000,0.02800
,,, 0.00004200000,-0.94000,0.02800
,,, 0.00004204000,-0.94000,0.02800
,,, 0.00004208000,-0.94000,0.02720
,,, 0.00004212000,-0.94000,0.02720
,,, 0.00004216000,-0.94000,0.02720
,,, 0.00004220000,-0.94000,0.02640
,,, 0.00004224000,-0.94000,0.02640
,,, 0.00004228000,-0.94000,0.02640
,,, 0.00004232000,-0.96000,0.02640
,,, 0.00004236000,-0.96000,0.02640
,,, 0.00004240000,-0.96000,0.02640
,,, 0.00004244000,-0.96000,0.02560
,,, 0.00004248000,-0.96000,0.02560
,,, 0.00004252000,-0.96000,0.02560
,,, 0.00004256000,-0.96000,0.02560
,,, 0.00004260000,-0.98000,0.02560
,,, 0.00004264000,-0.96000,0.02480
,,, 0.00004268000,-0.96000,0.02560
,,, 0.00004272000,-0.96000,0.02480
,,, 0.00004276000,-0.98000,0.02480
,,, 0.00004280000,-0.98000,0.02480
,,, 0.00004284000,-0.98000,0.02400
,,, 0.00004288000,-0.98000,0.02400
,,, 0.00004292000,-0.98000,0.02400
,,, 0.00004296000,-0.98000,0.02400
,,, 0.00004300000,-0.98000,0.02400
,,, 0.00004304000,-0.98000,0.02320
,,, 0.00004308000,-0.98000,0.02320
,,, 0.00004312000,-0.98000,0.02320
,,, 0.00004316000,-1.00000,0.02240
,,, 0.00004320000,-0.98000,0.02240
,,, 0.00004324000,-1.00000,0.02240
,,, 0.00004328000,-0.98000,0.02240
,,, 0.00004332000,-1.00000,0.02240
,,, 0.00004336000,-1.00000,0.02160
,,, 0.00004340000,-1.00000,0.02160
,,, 0.00004344000,-1.00000,0.02160
,,, 0.00004348000,-1.00000,0.02160
,,, 0.00004352000,-1.00000,0.02080
,,, 0.00004356000,-1.02000,0.02080
,,, 0.00004360000,-1.00000,0.02080
,,, 0.00004364000,-1.02000,0.02080
,,, 0.00004368000,-1.02000,0.02000
,,, 0.00004372000,-1.00000,0.01920
,,, 0.00004376000,-1.02000,0.02000
,,, 0.00004380000,-1.02000,0.01920
,,, 0.00004384000,-1.02000,0.01920
,,, 0.00004388000,-1.02000,0.01920
,,, 0.00004392000,-1.02000,0.01920
,,, 0.00004396000,-1.02000,0.01920
,,, 0.00004400000,-1.02000,0.01840
,,, 0.00004404000,-1.02000,0.01840
,,, 0.00004408000,-1.02000,0.01840
,,, 0.00004412000,-1.02000,0.01840
,,, 0.00004416000,-1.02000,0.01840
,,, 0.00004420000,-1.02000,0.01760
,,, 0.00004424000,-1.04000,0.01760
,,, 0.00004428000,-1.02000,0.01760
,,, 0.00004432000,-1.02000,0.01760
,,, 0.00004436000,-1.02000,0.01680
,,, 0.00004440000,-1.04000,0.01760
,,, 0.00004444000,-1.02000,0.01760
,,, 0.00004448000,-1.04000,0.01680
,,, 0.00004452000,-1.04000,0.01680
,,, 0.00004456000,-1.04000,0.01680
,,, 0.00004460000,-1.04000,0.01600
,,, 0.00004464000,-1.04000,0.01600
,,, 0.00004468000,-1.04000,0.01600
,,, 0.00004472000,-1.04000,0.01600
,,, 0.00004476000,-1.04000,0.01600
,,, 0.00004480000,-1.04000,0.01520
,,, 0.00004484000,-1.04000,0.01520
,,, 0.00004488000,-1.04000,0.01520
,,, 0.00004492000,-1.04000,0.01440
,,, 0.00004496000,-1.04000,0.01440
,,, 0.00004500000,-1.04000,0.01440
,,, 0.00004504000,-1.04000,0.01440
,,, 0.00004508000,-1.04000,0.01440
,,, 0.00004512000,-1.04000,0.01440
,,, 0.00004516000,-1.04000,0.01360
,,, 0.00004520000,-1.04000,0.01360
,,, 0.00004524000,-1.06000,0.01360
,,, 0.00004528000,-1.04000,0.01360
,,, 0.00004532000,-1.04000,0.01360
,,, 0.00004536000,-1.04000,0.01280
,,, 0.00004540000,-1.04000,0.01280
,,, 0.00004544000,-1.04000,0.01280
,,, 0.00004548000,-1.06000,0.01200
,,, 0.00004552000,-1.04000,0.01200
,,, 0.00004556000,-1.04000,0.01200
,,, 0.00004560000,-1.06000,0.01200
,,, 0.00004564000,-1.06000,0.01200
,,, 0.00004568000,-1.04000,0.01120
,,, 0.00004572000,-1.06000,0.01120
,,, 0.00004576000,-1.04000,0.01120
,,, 0.00004580000,-1.06000,0.01120
,,, 0.00004584000,-1.06000,0.01120
,,, 0.00004588000,-1.04000,0.01040
,,, 0.00004592000,-1.06000,0.01040
,,, 0.00004596000,-1.04000,0.01040
,,, 0.00004600000,-1.06000,0.01040
,,, 0.00004604000,-1.04000,0.00960
,,, 0.00004608000,-1.04000,0.00960
,,, 0.00004612000,-1.04000,0.00960
,,, 0.00004616000,-1.06000,0.00960
,,, 0.00004620000,-1.04000,0.00880
,,, 0.00004624000,-1.06000,0.00880
,,, 0.00004628000,-1.04000,0.00880
,,, 0.00004632000,-1.04000,0.00880
,,, 0.00004636000,-1.04000,0.00800
,,, 0.00004640000,-1.04000,0.00800
,,, 0.00004644000,-1.04000,0.00800
,,, 0.00004648000,-1.06000,0.00720
,,, 0.00004652000,-1.06000,0.00720
,,, 0.00004656000,-1.06000,0.00720
,,, 0.00004660000,-1.06000,0.00720
,,, 0.00004664000,-1.04000,0.00720
,,, 0.00004668000,-1.06000,0.00720
,,, 0.00004672000,-1.06000,0.00640
,,, 0.00004676000,-1.04000,0.00640
,,, 0.00004680000,-1.04000,0.00640
,,, 0.00004684000,-1.04000,0.00560
,,, 0.00004688000,-1.04000,0.00560
,,, 0.00004692000,-1.04000,0.00560
,,, 0.00004696000,-1.04000,0.00560
,,, 0.00004700000,-1.04000,0.00560
,,, 0.00004704000,-1.04000,0.00480
,,, 0.00004708000,-1.04000,0.00480
,,, 0.00004712000,-1.04000,0.00480
,,, 0.00004716000,-1.04000,0.00480
,,, 0.00004720000,-1.04000,0.00480
,,, 0.00004724000,-1.02000,0.00400
,,, 0.00004728000,-1.04000,0.00400
,,, 0.00004732000,-1.02000,0.00400
,,, 0.00004736000,-1.04000,0.00320
,,, 0.00004740000,-1.02000,0.00320
,,, 0.00004744000,-1.02000,0.00320
,,, 0.00004748000,-1.04000,0.00320
,,, 0.00004752000,-1.02000,0.00320
,,, 0.00004756000,-1.02000,0.00240
,,, 0.00004760000,-1.02000,0.00240
,,, 0.00004764000,-1.02000,0.00240
,,, 0.00004768000,-1.02000,0.00160
,,, 0.00004772000,-1.02000,0.00160
,,, 0.00004776000,-1.02000,0.00240
,,, 0.00004780000,-1.02000,0.00160
,,, 0.00004784000,-1.02000,0.00160
,,, 0.00004788000,-1.02000,0.00080
,,, 0.00004792000,-1.02000,0.00080
,,, 0.00004796000,-1.02000,0.00080
,,, 0.00004800000,-1.00000,0.00080
,,, 0.00004804000,-1.02000,0.00
,,, 0.00004808000,-1.00000,0.00080
,,, 0.00004812000,-1.00000,0.00
,,, 0.00004816000,-1.00000,0.00
,,, 0.00004820000,-1.00000,-0.00080
,,, 0.00004824000,-1.00000,-0.00080
,,, 0.00004828000,-1.00000,-0.00080
,,, 0.00004832000,-1.00000,-0.00080
,,, 0.00004836000,-1.00000,-0.00080
,,, 0.00004840000,-1.00000,-0.00080
,,, 0.00004844000,-1.00000,-0.00160
,,, 0.00004848000,-1.00000,-0.00160
,,, 0.00004852000,-1.00000,-0.00160
,,, 0.00004856000,-1.00000,-0.00160
,,, 0.00004860000,-1.00000,-0.00240
,,, 0.00004864000,-0.98000,-0.00240
,,, 0.00004868000,-0.98000,-0.00240
,,, 0.00004872000,-0.98000,-0.00240
,,, 0.00004876000,-0.98000,-0.00240
,,, 0.00004880000,-0.98000,-0.00320
,,, 0.00004884000,-0.98000,-0.00320
,,, 0.00004888000,-0.98000,-0.00320
,,, 0.00004892000,-0.98000,-0.00400
,,, 0.00004896000,-0.98000,-0.00400
,,, 0.00004900000,-0.96000,-0.00400
,,, 0.00004904000,-0.98000,-0.00400
,,, 0.00004908000,-0.96000,-0.00400
,,, 0.00004912000,-0.96000,-0.00480
,,, 0.00004916000,-0.96000,-0.00480
,,, 0.00004920000,-0.96000,-0.00480
,,, 0.00004924000,-0.96000,-0.00560
,,, 0.00004928000,-0.96000,-0.00560
,,, 0.00004932000,-0.96000,-0.00560
,,, 0.00004936000,-0.96000,-0.00560
,,, 0.00004940000,-0.96000,-0.00640
,,, 0.00004944000,-0.96000,-0.00640
,,, 0.00004948000,-0.96000,-0.00640
,,, 0.00004952000,-0.94000,-0.00640
,,, 0.00004956000,-0.94000,-0.00720
,,, 0.00004960000,-0.94000,-0.00720
,,, 0.00004964000,-0.94000,-0.00720
,,, 0.00004968000,-0.94000,-0.00720
,,, 0.00004972000,-0.94000,-0.00720
,,, 0.00004976000,-0.92000,-0.00800
,,, 0.00004980000,-0.92000,-0.00800
,,, 0.00004984000,-0.94000,-0.00800
,,, 0.00004988000,-0.92000,-0.00800
,,, 0.00004992000,-0.92000,-0.00800
,,, 0.00004996000,-0.94000,-0.00880
,,, 0.00005000000,-0.92000,-0.00800
,,, 0.00005004000,-0.92000,-0.00880
,,, 0.00005008000,-0.92000,-0.00960
,,, 0.00005012000,-0.92000,-0.00960
,,, 0.00005016000,-0.92000,-0.00880
,,, 0.00005020000,-0.90000,-0.00960
,,, 0.00005024000,-0.90000,-0.01040
,,, 0.00005028000,-0.92000,-0.01040
,,, 0.00005032000,-0.90000,-0.01040
,,, 0.00005036000,-0.90000,-0.01040
,,, 0.00005040000,-0.90000,-0.01040
,,, 0.00005044000,-0.90000,-0.01040
,,, 0.00005048000,-0.90000,-0.01040
,,, 0.00005052000,-0.90000,-0.01120
,,, 0.00005056000,-0.88000,-0.01120
,,, 0.00005060000,-0.88000,-0.01200
,,, 0.00005064000,-0.88000,-0.01120
,,, 0.00005068000,-0.88000,-0.01200
,,, 0.00005072000,-0.88000,-0.01200
,,, 0.00005076000,-0.88000,-0.01200
,,, 0.00005080000,-0.88000,-0.01200
,,, 0.00005084000,-0.86000,-0.01280
,,, 0.00005088000,-0.86000,-0.01280
,,, 0.00005092000,-0.86000,-0.01280
,,, 0.00005096000,-0.86000,-0.01280
,,, 0.00005100000,-0.86000,-0.01360
,,, 0.00005104000,-0.86000,-0.01360
,,, 0.00005108000,-0.84000,-0.01360
,,, 0.00005112000,-0.86000,-0.01360
,,, 0.00005116000,-0.84000,-0.01360
,,, 0.00005120000,-0.84000,-0.01440
,,, 0.00005124000,-0.84000,-0.01360
,,, 0.00005128000,-0.84000,-0.01440
,,, 0.00005132000,-0.84000,-0.01440
,,, 0.00005136000,-0.84000,-0.01520
,,, 0.00005140000,-0.84000,-0.01520
,,, 0.00005144000,-0.82000,-0.01440
,,, 0.00005148000,-0.82000,-0.01520
,,, 0.00005152000,-0.82000,-0.01520
,,, 0.00005156000,-0.82000,-0.01520
,,, 0.00005160000,-0.82000,-0.01600
,,, 0.00005164000,-0.82000,-0.01600
,,, 0.00005168000,-0.82000,-0.01680
,,, 0.00005172000,-0.82000,-0.01680
,,, 0.00005176000,-0.80000,-0.01600
,,, 0.00005180000,-0.80000,-0.01680
,,, 0.00005184000,-0.80000,-0.01680
,,, 0.00005188000,-0.80000,-0.01680
,,, 0.00005192000,-0.80000,-0.01760
,,, 0.00005196000,-0.80000,-0.01760
,,, 0.00005200000,-0.78000,-0.01760
,,, 0.00005204000,-0.78000,-0.01760
,,, 0.00005208000,-0.78000,-0.01760
,,, 0.00005212000,-0.78000,-0.01840
,,, 0.00005216000,-0.78000,-0.01840
,,, 0.00005220000,-0.78000,-0.01840
,,, 0.00005224000,-0.76000,-0.01840
,,, 0.00005228000,-0.76000,-0.01920
,,, 0.00005232000,-0.76000,-0.01920
,,, 0.00005236000,-0.76000,-0.01920
,,, 0.00005240000,-0.76000,-0.01920
,,, 0.00005244000,-0.74000,-0.01920
,,, 0.00005248000,-0.76000,-0.02000
,,, 0.00005252000,-0.76000,-0.02000
,,, 0.00005256000,-0.74000,-0.02000
,,, 0.00005260000,-0.74000,-0.02080
,,, 0.00005264000,-0.74000,-0.02080
,,, 0.00005268000,-0.72000,-0.02000
,,, 0.00005272000,-0.74000,-0.02080
,,, 0.00005276000,-0.72000,-0.02080
,,, 0.00005280000,-0.72000,-0.02080
,,, 0.00005284000,-0.72000,-0.02160
,,, 0.00005288000,-0.72000,-0.02160
,,, 0.00005292000,-0.70000,-0.02160
,,, 0.00005296000,-0.72000,-0.02240
,,, 0.00005300000,-0.70000,-0.02160
,,, 0.00005304000,-0.70000,-0.02160
,,, 0.00005308000,-0.70000,-0.02240
,,, 0.00005312000,-0.70000,-0.02240
,,, 0.00005316000,-0.70000,-0.02240
,,, 0.00005320000,-0.70000,-0.02320
,,, 0.00005324000,-0.68000,-0.02320
,,, 0.00005328000,-0.68000,-0.02320
,,, 0.00005332000,-0.68000,-0.02320
,,, 0.00005336000,-0.68000,-0.02320
,,, 0.00005340000,-0.68000,-0.02400
,,, 0.00005344000,-0.66000,-0.02320
,,, 0.00005348000,-0.66000,-0.02400
,,, 0.00005352000,-0.66000,-0.02400
,,, 0.00005356000,-0.64000,-0.02400
,,, 0.00005360000,-0.66000,-0.02400
,,, 0.00005364000,-0.66000,-0.02400
,,, 0.00005368000,-0.64000,-0.02400
,,, 0.00005372000,-0.64000,-0.02480
,,, 0.00005376000,-0.64000,-0.02560
,,, 0.00005380000,-0.62000,-0.02480
,,, 0.00005384000,-0.64000,-0.02480
,,, 0.00005388000,-0.62000,-0.02560
,,, 0.00005392000,-0.62000,-0.02560
,,, 0.00005396000,-0.62000,-0.02560
,,, 0.00005400000,-0.62000,-0.02560
,,, 0.00005404000,-0.60000,-0.02640
,,, 0.00005408000,-0.60000,-0.02640
,,, 0.00005412000,-0.60000,-0.02560
,,, 0.00005416000,-0.60000,-0.02640
,,, 0.00005420000,-0.60000,-0.02640
,,, 0.00005424000,-0.58000,-0.02640
,,, 0.00005428000,-0.58000,-0.02640
,,, 0.00005432000,-0.58000,-0.02640
,,, 0.00005436000,-0.58000,-0.02720
,,, 0.00005440000,-0.58000,-0.02720
,,, 0.00005444000,-0.56000,-0.02720
,,, 0.00005448000,-0.56000,-0.02720
,,, 0.00005452000,-0.56000,-0.02800
,,, 0.00005456000,-0.56000,-0.02720
,,, 0.00005460000,-0.56000,-0.02800
,,, 0.00005464000,-0.56000,-0.02800
,,, 0.00005468000,-0.56000,-0.02880
,,, 0.00005472000,-0.56000,-0.02880
,,, 0.00005476000,-0.54000,-0.02880
,,, 0.00005480000,-0.54000,-0.02800
,,, 0.00005484000,-0.54000,-0.02880
,,, 0.00005488000,-0.52000,-0.02960
,,, 0.00005492000,-0.52000,-0.02880
,,, 0.00005496000,-0.52000,-0.02880
,,, 0.00005500000,-0.52000,-0.02960
,,, 0.00005504000,-0.52000,-0.02960
,,, 0.00005508000,-0.52000,-0.02960
,,, 0.00005512000,-0.50000,-0.02960
,,, 0.00005516000,-0.50000,-0.02960
,,, 0.00005520000,-0.50000,-0.03040
,,, 0.00005524000,-0.50000,-0.02960
,,, 0.00005528000,-0.50000,-0.03040
,,, 0.00005532000,-0.50000,-0.03040
,,, 0.00005536000,-0.48000,-0.03040
,,, 0.00005540000,-0.48000,-0.03040
,,, 0.00005544000,-0.48000,-0.03120
,,, 0.00005548000,-0.48000,-0.03120
,,, 0.00005552000,-0.48000,-0.03120
,,, 0.00005556000,-0.46000,-0.03120
,,, 0.00005560000,-0.46000,-0.03120
,,, 0.00005564000,-0.46000,-0.03200
,,, 0.00005568000,-0.44000,-0.03200
,,, 0.00005572000,-0.44000,-0.03120
,,, 0.00005576000,-0.44000,-0.03200
,,, 0.00005580000,-0.44000,-0.03200
,,, 0.00005584000,-0.42000,-0.03200
,,, 0.00005588000,-0.44000,-0.03280
,,, 0.00005592000,-0.44000,-0.03280
,,, 0.00005596000,-0.42000,-0.03280
,,, 0.00005600000,-0.42000,-0.03280
,,, 0.00005604000,-0.42000,-0.03280
,,, 0.00005608000,-0.42000,-0.03360
,,, 0.00005612000,-0.40000,-0.03360
,,, 0.00005616000,-0.42000,-0.03360
,,, 0.00005620000,-0.40000,-0.03360
,,, 0.00005624000,-0.40000,-0.03360
,,, 0.00005628000,-0.40000,-0.03440
,,, 0.00005632000,-0.40000,-0.03440
,,, 0.00005636000,-0.40000,-0.03360
,,, 0.00005640000,-0.38000,-0.03440
,,, 0.00005644000,-0.38000,-0.03440
,,, 0.00005648000,-0.38000,-0.03440
,,, 0.00005652000,-0.38000,-0.03440
,,, 0.00005656000,-0.38000,-0.03440
,,, 0.00005660000,-0.36000,-0.03440
,,, 0.00005664000,-0.36000,-0.03440
,,, 0.00005668000,-0.36000,-0.03520
,,, 0.00005672000,-0.36000,-0.03520
,,, 0.00005676000,-0.36000,-0.03520
,,, 0.00005680000,-0.34000,-0.03520
,,, 0.00005684000,-0.34000,-0.03520
,,, 0.00005688000,-0.34000,-0.03600
,,, 0.00005692000,-0.34000,-0.03600
,,, 0.00005696000,-0.32000,-0.03520
,,, 0.00005700000,-0.32000,-0.03600
,,, 0.00005704000,-0.32000,-0.03600
,,, 0.00005708000,-0.32000,-0.03600
,,, 0.00005712000,-0.30000,-0.03600
,,, 0.00005716000,-0.30000,-0.03600
,,, 0.00005720000,-0.30000,-0.03600
,,, 0.00005724000,-0.30000,-0.03600
,,, 0.00005728000,-0.28000,-0.03680
,,, 0.00005732000,-0.28000,-0.03680
,,, 0.00005736000,-0.28000,-0.03680
,,, 0.00005740000,-0.28000,-0.03680
,,, 0.00005744000,-0.28000,-0.03680
,,, 0.00005748000,-0.26000,-0.03680
,,, 0.00005752000,-0.28000,-0.03680
,,, 0.00005756000,-0.26000,-0.03760
,,, 0.00005760000,-0.24000,-0.03680
,,, 0.00005764000,-0.26000,-0.03760
,,, 0.00005768000,-0.24000,-0.03760
,,, 0.00005772000,-0.24000,-0.03760
,,, 0.00005776000,-0.24000,-0.03760
,,, 0.00005780000,-0.22000,-0.03840
,,, 0.00005784000,-0.22000,-0.03760
,,, 0.00005788000,-0.22000,-0.03840
,,, 0.00005792000,-0.22000,-0.03840
,,, 0.00005796000,-0.22000,-0.03840
,,, 0.00005800000,-0.20000,-0.03840
,,, 0.00005804000,-0.22000,-0.03840
,,, 0.00005808000,-0.22000,-0.03840
,,, 0.00005812000,-0.20000,-0.03840
,,, 0.00005816000,-0.20000,-0.03840
,,, 0.00005820000,-0.20000,-0.03840
,,, 0.00005824000,-0.20000,-0.03840
,,, 0.00005828000,-0.18000,-0.03840
,,, 0.00005832000,-0.18000,-0.03920
,,, 0.00005836000,-0.18000,-0.03920
,,, 0.00005840000,-0.18000,-0.03920
,,, 0.00005844000,-0.18000,-0.03920
,,, 0.00005848000,-0.16000,-0.03920
,,, 0.00005852000,-0.16000,-0.03920
,,, 0.00005856000,-0.16000,-0.04000
,,, 0.00005860000,-0.16000,-0.04000
,,, 0.00005864000,-0.16000,-0.04000
,,, 0.00005868000,-0.14000,-0.04000
,,, 0.00005872000,-0.14000,-0.04000
,,, 0.00005876000,-0.14000,-0.04000
,,, 0.00005880000,-0.14000,-0.04000
,,, 0.00005884000,-0.12000,-0.04000
,,, 0.00005888000,-0.12000,-0.04000
,,, 0.00005892000,-0.12000,-0.04080
,,, 0.00005896000,-0.12000,-0.04080
,,, 0.00005900000,-0.10000,-0.04080
,,, 0.00005904000,-0.12000,-0.04080
,,, 0.00005908000,-0.10000,-0.04080
,,, 0.00005912000,-0.10000,-0.04080
,,, 0.00005916000,-0.08000,-0.04080
,,, 0.00005920000,-0.10000,-0.04080
,,, 0.00005924000,-0.10000,-0.04160
,,, 0.00005928000,-0.08000,-0.04080
,,, 0.00005932000,-0.08000,-0.04080
,,, 0.00005936000,-0.08000,-0.04080
,,, 0.00005940000,-0.08000,-0.04160
,,, 0.00005944000,-0.08000,-0.04160
,,, 0.00005948000,-0.08000,-0.04160
,,, 0.00005952000,-0.06000,-0.04160
,,, 0.00005956000,-0.06000,-0.04160
,,, 0.00005960000,-0.06000,-0.04160
,,, 0.00005964000,-0.06000,-0.04160
,,, 0.00005968000,-0.04000,-0.04160
,,, 0.00005972000,-0.04000,-0.04160
,,, 0.00005976000,-0.04000,-0.04160
,,, 0.00005980000,-0.04000,-0.04240
,,, 0.00005984000,-0.02000,-0.04240
,,, 0.00005988000,-0.02000,-0.04160
,,, 0.00005992000,-0.02000,-0.04240
,,, 0.00005996000,-0.02000,-0.04240
,,, 0.00006000000,-0.02000,-0.04240
,,, 0.00006004000,0.00,-0.04240
,,, 0.00006008000,0.00,-0.04320
,,, 0.00006012000,0.00,-0.04240
,,, 0.00006016000,0.00,-0.04240
,,, 0.00006020000,0.00,-0.04320
,,, 0.00006024000,0.02000,-0.04240
,,, 0.00006028000,0.02000,-0.04320
,,, 0.00006032000,0.02000,-0.04320
,,, 0.00006036000,0.04000,-0.04320
,,, 0.00006040000,0.02000,-0.04240
,,, 0.00006044000,0.04000,-0.04320
,,, 0.00006048000,0.04000,-0.04240
,,, 0.00006052000,0.04000,-0.04240
,,, 0.00006056000,0.04000,-0.04320
,,, 0.00006060000,0.04000,-0.04320
,,, 0.00006064000,0.06000,-0.04320
,,, 0.00006068000,0.06000,-0.04320
,,, 0.00006072000,0.06000,-0.04320
,,, 0.00006076000,0.06000,-0.04320
,,, 0.00006080000,0.06000,-0.04320
,,, 0.00006084000,0.08000,-0.04400
,,, 0.00006088000,0.08000,-0.04320
,,, 0.00006092000,0.08000,-0.04320
,,, 0.00006096000,0.08000,-0.04400
,,, 0.00006100000,0.10000,-0.04320
,,, 0.00006104000,0.10000,-0.04320
,,, 0.00006108000,0.10000,-0.04400
,,, 0.00006112000,0.10000,-0.04320
,,, 0.00006116000,0.10000,-0.04320
,,, 0.00006120000,0.10000,-0.04320
,,, 0.00006124000,0.12000,-0.04320
,,, 0.00006128000,0.12000,-0.04400
,,, 0.00006132000,0.12000,-0.04400
,,, 0.00006136000,0.12000,-0.04400
,,, 0.00006140000,0.12000,-0.04400
,,, 0.00006144000,0.14000,-0.04400
,,, 0.00006148000,0.14000,-0.04400
,,, 0.00006152000,0.14000,-0.04320
,,, 0.00006156000,0.14000,-0.04400
,,, 0.00006160000,0.14000,-0.04400
,,, 0.00006164000,0.16000,-0.04400
,,, 0.00006168000,0.16000,-0.04400
,,, 0.00006172000,0.16000,-0.04400
,,, 0.00006176000,0.16000,-0.04400
,,, 0.00006180000,0.18000,-0.04400
,,, 0.00006184000,0.18000,-0.04400
,,, 0.00006188000,0.18000,-0.04480
,,, 0.00006192000,0.18000,-0.04480
,,, 0.00006196000,0.18000,-0.04480
,,, 0.00006200000,0.18000,-0.04480
,,, 0.00006204000,0.20000,-0.04400
,,, 0.00006208000,0.20000,-0.04400
,,, 0.00006212000,0.20000,-0.04400
,,, 0.00006216000,0.20000,-0.04400
,,, 0.00006220000,0.20000,-0.04480
,,, 0.00006224000,0.22000,-0.04480
,,, 0.00006228000,0.22000,-0.04480
,,, 0.00006232000,0.22000,-0.04480
,,, 0.00006236000,0.22000,-0.04480
,,, 0.00006240000,0.24000,-0.04480
,,, 0.00006244000,0.22000,-0.04480
,,, 0.00006248000,0.24000,-0.04480
,,, 0.00006252000,0.24000,-0.04480
,,, 0.00006256000,0.24000,-0.04480
,,, 0.00006260000,0.24000,-0.04480
,,, 0.00006264000,0.24000,-0.04480
,,, 0.00006268000,0.26000,-0.04480
,,, 0.00006272000,0.26000,-0.04480
,,, 0.00006276000,0.26000,-0.04480
,,, 0.00006280000,0.26000,-0.04480
,,, 0.00006284000,0.28000,-0.04480
,,, 0.00006288000,0.28000,-0.04480
,,, 0.00006292000,0.28000,-0.04480
,,, 0.00006296000,0.28000,-0.04480
,,, 0.00006300000,0.28000,-0.04480
,,, 0.00006304000,0.30000,-0.04480
,,, 0.00006308000,0.28000,-0.04480
,,, 0.00006312000,0.30000,-0.04480
,,, 0.00006316000,0.30000,-0.04480
,,, 0.00006320000,0.30000,-0.04480
,,, 0.00006324000,0.32000,-0.04480
,,, 0.00006328000,0.32000,-0.04480
,,, 0.00006332000,0.30000,-0.04480
,,, 0.00006336000,0.32000,-0.04480
,,, 0.00006340000,0.32000,-0.04480
,,, 0.00006344000,0.32000,-0.04480
,,, 0.00006348000,0.34000,-0.04480
,,, 0.00006352000,0.34000,-0.04480
,,, 0.00006356000,0.34000,-0.04480
,,, 0.00006360000,0.34000,-0.04480
,,, 0.00006364000,0.34000,-0.04480
,,, 0.00006368000,0.36000,-0.04480
,,, 0.00006372000,0.36000,-0.04480
,,, 0.00006376000,0.36000,-0.04480
,,, 0.00006380000,0.36000,-0.04480
,,, 0.00006384000,0.36000,-0.04480
,,, 0.00006388000,0.36000,-0.04480
,,, 0.00006392000,0.38000,-0.04400
,,, 0.00006396000,0.38000,-0.04480
,,, 0.00006400000,0.38000,-0.04480
,,, 0.00006404000,0.38000,-0.04400
,,, 0.00006408000,0.38000,-0.04400
,,, 0.00006412000,0.38000,-0.04480
,,, 0.00006416000,0.40000,-0.04400
,,, 0.00006420000,0.38000,-0.04400
,,, 0.00006424000,0.40000,-0.04400
,,, 0.00006428000,0.40000,-0.04400
,,, 0.00006432000,0.40000,-0.04480
,,, 0.00006436000,0.40000,-0.04400
,,, 0.00006440000,0.42000,-0.04400
,,, 0.00006444000,0.42000,-0.04400
,,, 0.00006448000,0.42000,-0.04400
,,, 0.00006452000,0.42000,-0.04400
,,, 0.00006456000,0.42000,-0.04400
,,, 0.00006460000,0.44000,-0.04400
,,, 0.00006464000,0.42000,-0.04400
,,, 0.00006468000,0.44000,-0.04400
,,, 0.00006472000,0.44000,-0.04320
,,, 0.00006476000,0.44000,-0.04400
,,, 0.00006480000,0.44000,-0.04400
,,, 0.00006484000,0.46000,-0.04320
,,, 0.00006488000,0.44000,-0.04400
,,, 0.00006492000,0.46000,-0.04400
,,, 0.00006496000,0.44000,-0.04320
,,, 0.00006500000,0.46000,-0.04400
,,, 0.00006504000,0.48000,-0.04320
,,, 0.00006508000,0.46000,-0.04320
,,, 0.00006512000,0.46000,-0.04400
,,, 0.00006516000,0.48000,-0.04320
,,, 0.00006520000,0.48000,-0.04320
,,, 0.00006524000,0.48000,-0.04320
,,, 0.00006528000,0.48000,-0.04320
,,, 0.00006532000,0.50000,-0.04320
,,, 0.00006536000,0.50000,-0.04320
,,, 0.00006540000,0.50000,-0.04320
,,, 0.00006544000,0.50000,-0.04320
,,, 0.00006548000,0.50000,-0.04320
,,, 0.00006552000,0.50000,-0.04320
,,, 0.00006556000,0.50000,-0.04320
,,, 0.00006560000,0.52000,-0.04240
,,, 0.00006564000,0.52000,-0.04240
,,, 0.00006568000,0.52000,-0.04320
,,, 0.00006572000,0.54000,-0.04240
,,, 0.00006576000,0.52000,-0.04320
,,, 0.00006580000,0.54000,-0.04320
,,, 0.00006584000,0.54000,-0.04240
,,, 0.00006588000,0.54000,-0.04240
,,, 0.00006592000,0.54000,-0.04240
,,, 0.00006596000,0.56000,-0.04240
,,, 0.00006600000,0.54000,-0.04240
,,, 0.00006604000,0.56000,-0.04320
,,, 0.00006608000,0.56000,-0.04240
,,, 0.00006612000,0.56000,-0.04240
,,, 0.00006616000,0.56000,-0.04240
,,, 0.00006620000,0.56000,-0.04160
,,, 0.00006624000,0.56000,-0.04160
,,, 0.00006628000,0.58000,-0.04160
,,, 0.00006632000,0.58000,-0.04160
,,, 0.00006636000,0.56000,-0.04240
,,, 0.00006640000,0.58000,-0.04160
,,, 0.00006644000,0.58000,-0.04160
,,, 0.00006648000,0.58000,-0.04160
,,, 0.00006652000,0.60000,-0.04160
,,, 0.00006656000,0.58000,-0.04160
,,, 0.00006660000,0.60000,-0.04160
,,, 0.00006664000,0.60000,-0.04160
,,, 0.00006668000,0.60000,-0.04160
,,, 0.00006672000,0.60000,-0.04080
,,, 0.00006676000,0.60000,-0.04080
,,, 0.00006680000,0.60000,-0.04160
,,, 0.00006684000,0.62000,-0.04160
,,, 0.00006688000,0.60000,-0.04080
,,, 0.00006692000,0.62000,-0.04080
,,, 0.00006696000,0.62000,-0.04080
,,, 0.00006700000,0.62000,-0.04080
,,, 0.00006704000,0.62000,-0.04080
,,, 0.00006708000,0.64000,-0.04000
,,, 0.00006712000,0.64000,-0.04080
,,, 0.00006716000,0.62000,-0.04080
,,, 0.00006720000,0.64000,-0.04000
,,, 0.00006724000,0.64000,-0.04000
,,, 0.00006728000,0.64000,-0.04000
,,, 0.00006732000,0.64000,-0.04000
,,, 0.00006736000,0.66000,-0.04000
,,, 0.00006740000,0.66000,-0.04000
,,, 0.00006744000,0.66000,-0.04000
,,, 0.00006748000,0.66000,-0.04000
,,, 0.00006752000,0.66000,-0.03920
,,, 0.00006756000,0.66000,-0.03920
,,, 0.00006760000,0.66000,-0.03920
,,, 0.00006764000,0.66000,-0.03920
,,, 0.00006768000,0.66000,-0.03920
,,, 0.00006772000,0.66000,-0.03920
,,, 0.00006776000,0.68000,-0.03920
,,, 0.00006780000,0.68000,-0.03920
,,, 0.00006784000,0.68000,-0.03840
,,, 0.00006788000,0.68000,-0.03840
,,, 0.00006792000,0.68000,-0.03840
,,, 0.00006796000,0.68000,-0.03840
,,, 0.00006800000,0.68000,-0.03840
,,, 0.00006804000,0.68000,-0.03840
,,, 0.00006808000,0.70000,-0.03840
,,, 0.00006812000,0.70000,-0.03760
,,, 0.00006816000,0.70000,-0.03840
,,, 0.00006820000,0.70000,-0.03840
,,, 0.00006824000,0.70000,-0.03840
,,, 0.00006828000,0.70000,-0.03840
,,, 0.00006832000,0.72000,-0.03760
,,, 0.00006836000,0.70000,-0.03760
,,, 0.00006840000,0.72000,-0.03760
,,, 0.00006844000,0.72000,-0.03760
,,, 0.00006848000,0.72000,-0.03760
,,, 0.00006852000,0.72000,-0.03680
,,, 0.00006856000,0.72000,-0.03760
,,, 0.00006860000,0.72000,-0.03760
,,, 0.00006864000,0.74000,-0.03680
,,, 0.00006868000,0.74000,-0.03680
,,, 0.00006872000,0.72000,-0.03680
,,, 0.00006876000,0.74000,-0.03680
,,, 0.00006880000,0.74000,-0.03600
,,, 0.00006884000,0.74000,-0.03680
,,, 0.00006888000,0.74000,-0.03600
,,, 0.00006892000,0.74000,-0.03680
,,, 0.00006896000,0.74000,-0.03600
,,, 0.00006900000,0.74000,-0.03600
,,, 0.00006904000,0.74000,-0.03600
,,, 0.00006908000,0.76000,-0.03600
,,, 0.00006912000,0.76000,-0.03600
,,, 0.00006916000,0.76000,-0.03520
,,, 0.00006920000,0.74000,-0.03520
,,, 0.00006924000,0.76000,-0.03520
,,, 0.00006928000,0.76000,-0.03520
,,, 0.00006932000,0.76000,-0.03520
,,, 0.00006936000,0.78000,-0.03520
,,, 0.00006940000,0.76000,-0.03520
,,, 0.00006944000,0.76000,-0.03520
,,, 0.00006948000,0.78000,-0.03440
,,, 0.00006952000,0.78000,-0.03440
,,, 0.00006956000,0.78000,-0.03520
,,, 0.00006960000,0.78000,-0.03440
,,, 0.00006964000,0.78000,-0.03360
,,, 0.00006968000,0.78000,-0.03440
,,, 0.00006972000,0.78000,-0.03440
,,, 0.00006976000,0.78000,-0.03440
,,, 0.00006980000,0.78000,-0.03440
,,, 0.00006984000,0.80000,-0.03440
,,, 0.00006988000,0.78000,-0.03360
,,, 0.00006992000,0.80000,-0.03360
,,, 0.00006996000,0.80000,-0.03360
,,, 0.00007000000,0.80000,-0.03280
,,, 0.00007004000,0.80000,-0.03280
,,, 0.00007008000,0.80000,-0.03360
,,, 0.00007012000,0.80000,-0.03280
,,, 0.00007016000,0.82000,-0.03200
,,, 0.00007020000,0.80000,-0.03280
,,, 0.00007024000,0.80000,-0.03200
,,, 0.00007028000,0.80000,-0.03200
,,, 0.00007032000,0.80000,-0.03280
,,, 0.00007036000,0.82000,-0.03200
,,, 0.00007040000,0.82000,-0.03200
,,, 0.00007044000,0.82000,-0.03200
,,, 0.00007048000,0.82000,-0.03120
,,, 0.00007052000,0.82000,-0.03120
,,, 0.00007056000,0.82000,-0.03120
,,, 0.00007060000,0.82000,-0.03120
,,, 0.00007064000,0.82000,-0.03120
,,, 0.00007068000,0.82000,-0.03120
,,, 0.00007072000,0.84000,-0.03120
,,, 0.00007076000,0.82000,-0.03040
,,, 0.00007080000,0.82000,-0.03040
,,, 0.00007084000,0.84000,-0.03040
,,, 0.00007088000,0.84000,-0.03040
,,, 0.00007092000,0.84000,-0.03040
,,, 0.00007096000,0.84000,-0.03040
,,, 0.00007100000,0.84000,-0.02960
,,, 0.00007104000,0.84000,-0.02960
,,, 0.00007108000,0.84000,-0.02880
,,, 0.00007112000,0.84000,-0.02880
,,, 0.00007116000,0.84000,-0.02880
,,, 0.00007120000,0.84000,-0.02880
,,, 0.00007124000,0.84000,-0.02960
,,, 0.00007128000,0.84000,-0.02800
,,, 0.00007132000,0.84000,-0.02880
,,, 0.00007136000,0.84000,-0.02880
,,, 0.00007140000,0.86000,-0.02800
,,, 0.00007144000,0.84000,-0.02880
,,, 0.00007148000,0.86000,-0.02880
,,, 0.00007152000,0.86000,-0.02800
,,, 0.00007156000,0.86000,-0.02800
,,, 0.00007160000,0.86000,-0.02800
,,, 0.00007164000,0.86000,-0.02720
,,, 0.00007168000,0.86000,-0.02720
,,, 0.00007172000,0.86000,-0.02720
,,, 0.00007176000,0.86000,-0.02720
,,, 0.00007180000,0.86000,-0.02640
,,, 0.00007184000,0.88000,-0.02640
,,, 0.00007188000,0.86000,-0.02640
,,, 0.00007192000,0.86000,-0.02560
,,, 0.00007196000,0.88000,-0.02640
,,, 0.00007200000,0.86000,-0.02640
,,, 0.00007204000,0.88000,-0.02560
,,, 0.00007208000,0.86000,-0.02560
,,, 0.00007212000,0.86000,-0.02560
,,, 0.00007216000,0.88000,-0.02560
,,, 0.00007220000,0.88000,-0.02560
,,, 0.00007224000,0.88000,-0.02560
,,, 0.00007228000,0.88000,-0.02480
,,, 0.00007232000,0.88000,-0.02480
,,, 0.00007236000,0.88000,-0.02480
,,, 0.00007240000,0.88000,-0.02480
,,, 0.00007244000,0.88000,-0.02480
,,, 0.00007248000,0.88000,-0.02400
,,, 0.00007252000,0.88000,-0.02400
,,, 0.00007256000,0.88000,-0.02400
,,, 0.00007260000,0.88000,-0.02400
,,, 0.00007264000,0.88000,-0.02400
,,, 0.00007268000,0.88000,-0.02320
,,, 0.00007272000,0.90000,-0.02320
,,, 0.00007276000,0.90000,-0.02320
,,, 0.00007280000,0.90000,-0.02320
,,, 0.00007284000,0.88000,-0.02320
,,, 0.00007288000,0.90000,-0.02320
,,, 0.00007292000,0.88000,-0.02240
,,, 0.00007296000,0.88000,-0.02240
,,, 0.00007300000,0.90000,-0.02240
,,, 0.00007304000,0.90000,-0.02240
,,, 0.00007308000,0.90000,-0.02240
,,, 0.00007312000,0.90000,-0.02240
,,, 0.00007316000,0.90000,-0.02160
,,, 0.00007320000,0.90000,-0.02160
,,, 0.00007324000,0.90000,-0.02160
,,, 0.00007328000,0.90000,-0.02080
,,, 0.00007332000,0.90000,-0.02080
,,, 0.00007336000,0.90000,-0.02080
,,, 0.00007340000,0.90000,-0.02080
,,, 0.00007344000,0.90000,-0.02080
,,, 0.00007348000,0.90000,-0.02000
,,, 0.00007352000,0.90000,-0.02000
,,, 0.00007356000,0.90000,-0.02000
,,, 0.00007360000,0.90000,-0.02000
,,, 0.00007364000,0.90000,-0.02000
,,, 0.00007368000,0.90000,-0.02000
,,, 0.00007372000,0.90000,-0.02000
,,, 0.00007376000,0.90000,-0.01920
,,, 0.00007380000,0.90000,-0.01920
,,, 0.00007384000,0.90000,-0.01920
,,, 0.00007388000,0.90000,-0.01920
,,, 0.00007392000,0.90000,-0.01840
,,, 0.00007396000,0.92000,-0.01840
,,, 0.00007400000,0.90000,-0.01840
,,, 0.00007404000,0.90000,-0.01840
,,, 0.00007408000,0.92000,-0.01760
,,, 0.00007412000,0.90000,-0.01760
,,, 0.00007416000,0.92000,-0.01760
,,, 0.00007420000,0.92000,-0.01680
,,, 0.00007424000,0.92000,-0.01680
,,, 0.00007428000,0.92000,-0.01680
,,, 0.00007432000,0.92000,-0.01680
,,, 0.00007436000,0.90000,-0.01680
,,, 0.00007440000,0.92000,-0.01600
,,, 0.00007444000,0.92000,-0.01600
,,, 0.00007448000,0.90000,-0.01680
,,, 0.00007452000,0.92000,-0.01600
,,, 0.00007456000,0.92000,-0.01600
,,, 0.00007460000,0.92000,-0.01600
,,, 0.00007464000,0.92000,-0.01520
,,, 0.00007468000,0.92000,-0.01520
,,, 0.00007472000,0.92000,-0.01520
,,, 0.00007476000,0.92000,-0.01440
,,, 0.00007480000,0.92000,-0.01440
,,, 0.00007484000,0.92000,-0.01440
,,, 0.00007488000,0.92000,-0.01360
,,, 0.00007492000,0.92000,-0.01360
,,, 0.00007496000,0.92000,-0.01360
,,, 0.00007500000,0.92000,-0.01360
,,, 0.00007504000,0.90000,-0.01280
,,, 0.00007508000,0.92000,-0.01280
,,, 0.00007512000,0.92000,-0.01280
,,, 0.00007516000,0.92000,-0.01280
,,, 0.00007520000,0.92000,-0.01280
,,, 0.00007524000,0.92000,-0.01280
,,, 0.00007528000,0.92000,-0.01280
,,, 0.00007532000,0.92000,-0.01200
,,, 0.00007536000,0.92000,-0.01200
,,, 0.00007540000,0.92000,-0.01200
,,, 0.00007544000,0.92000,-0.01200
,,, 0.00007548000,0.92000,-0.01200
,,, 0.00007552000,0.92000,-0.01120
,,, 0.00007556000,0.92000,-0.01120
,,, 0.00007560000,0.92000,-0.01040
,,, 0.00007564000,0.92000,-0.01040
,,, 0.00007568000,0.92000,-0.01040
,,, 0.00007572000,0.92000,-0.01040
,,, 0.00007576000,0.92000,-0.01040
,,, 0.00007580000,0.92000,-0.01040
,,, 0.00007584000,0.92000,-0.00960
,,, 0.00007588000,0.92000,-0.00960
,,, 0.00007592000,0.92000,-0.00960
,,, 0.00007596000,0.92000,-0.00880
,,, 0.00007600000,0.92000,-0.00880
,,, 0.00007604000,0.92000,-0.00880
,,, 0.00007608000,0.92000,-0.00880
,,, 0.00007612000,0.92000,-0.00880
,,, 0.00007616000,0.92000,-0.00880
,,, 0.00007620000,0.92000,-0.00800
,,, 0.00007624000,0.92000,-0.00800
,,, 0.00007628000,0.92000,-0.00800
,,, 0.00007632000,0.92000,-0.00720
,,, 0.00007636000,0.92000,-0.00800
,,, 0.00007640000,0.92000,-0.00720
,,, 0.00007644000,0.92000,-0.00720
,,, 0.00007648000,0.92000,-0.00640
,,, 0.00007652000,0.92000,-0.00720
,,, 0.00007656000,0.92000,-0.00640
,,, 0.00007660000,0.92000,-0.00640
,,, 0.00007664000,0.92000,-0.00640
,,, 0.00007668000,0.92000,-0.00560
,,, 0.00007672000,0.90000,-0.00560
,,, 0.00007676000,0.92000,-0.00560
,,, 0.00007680000,0.92000,-0.00560
,,, 0.00007684000,0.92000,-0.00560
,,, 0.00007688000,0.90000,-0.00480
,,, 0.00007692000,0.90000,-0.00480
,,, 0.00007696000,0.90000,-0.00480
,,, 0.00007700000,0.92000,-0.00480
,,, 0.00007704000,0.90000,-0.00480
,,, 0.00007708000,0.92000,-0.00400
,,, 0.00007712000,0.90000,-0.00400
,,, 0.00007716000,0.90000,-0.00400
,,, 0.00007720000,0.90000,-0.00400
,,, 0.00007724000,0.90000,-0.00320
,,, 0.00007728000,0.90000,-0.00320
,,, 0.00007732000,0.90000,-0.00240
,,, 0.00007736000,0.90000,-0.00320
,,, 0.00007740000,0.90000,-0.00240
,,, 0.00007744000,0.90000,-0.00240
,,, 0.00007748000,0.90000,-0.00240
,,, 0.00007752000,0.90000,-0.00240
,,, 0.00007756000,0.90000,-0.00160
,,, 0.00007760000,0.90000,-0.00160
,,, 0.00007764000,0.90000,-0.00160
,,, 0.00007768000,0.90000,-0.00160
,,, 0.00007772000,0.90000,-0.00160
,,, 0.00007776000,0.90000,-0.00080
,,, 0.00007780000,0.90000,-0.00080
,,, 0.00007784000,0.90000,-0.00080
,,, 0.00007788000,0.90000,0.00
,,, 0.00007792000,0.90000,0.00
,,, 0.00007796000,0.90000,0.00
,,, 0.00007800000,0.90000,0.00080
,,, 0.00007804000,0.88000,0.00080
,,, 0.00007808000,0.90000,0.00080
,,, 0.00007812000,0.90000,0.00160
,,, 0.00007816000,0.88000,0.00080
,,, 0.00007820000,0.90000,0.00080
,,, 0.00007824000,0.90000,0.00160
,,, 0.00007828000,0.88000,0.00160
,,, 0.00007832000,0.90000,0.00160
,,, 0.00007836000,0.88000,0.00160
,,, 0.00007840000,0.88000,0.00160
,,, 0.00007844000,0.88000,0.00240
,,, 0.00007848000,0.88000,0.00240
,,, 0.00007852000,0.88000,0.00240
,,, 0.00007856000,0.88000,0.00240
,,, 0.00007860000,0.88000,0.00240
,,, 0.00007864000,0.88000,0.00320
,,, 0.00007868000,0.88000,0.00320
,,, 0.00007872000,0.88000,0.00320
,,, 0.00007876000,0.88000,0.00400
,,, 0.00007880000,0.88000,0.00400
,,, 0.00007884000,0.88000,0.00400
,,, 0.00007888000,0.88000,0.00480
,,, 0.00007892000,0.88000,0.00400
,,, 0.00007896000,0.88000,0.00480
,,, 0.00007900000,0.88000,0.00480
,,, 0.00007904000,0.86000,0.00560
,,, 0.00007908000,0.86000,0.00480
,,, 0.00007912000,0.86000,0.00560
,,, 0.00007916000,0.86000,0.00560
,,, 0.00007920000,0.86000,0.00560
,,, 0.00007924000,0.86000,0.00560
,,, 0.00007928000,0.86000,0.00560
,,, 0.00007932000,0.86000,0.00640
,,, 0.00007936000,0.86000,0.00640
,,, 0.00007940000,0.86000,0.00640
,,, 0.00007944000,0.84000,0.00640
,,, 0.00007948000,0.86000,0.00720
,,, 0.00007952000,0.86000,0.00720
,,, 0.00007956000,0.86000,0.00720
,,, 0.00007960000,0.86000,0.00800
,,, 0.00007964000,0.86000,0.00800
,,, 0.00007968000,0.86000,0.00800
,,, 0.00007972000,0.84000,0.00800
,,, 0.00007976000,0.84000,0.00880
,,, 0.00007980000,0.84000,0.00880
,,, 0.00007984000,0.84000,0.00880
,,, 0.00007988000,0.84000,0.00880
,,, 0.00007992000,0.82000,0.00960
,,, 0.00007996000,0.84000,0.00960
,,, 0.00008000000,0.84000,0.00960
,,, 0.00008004000,0.82000,0.00960
,,, 0.00008008000,0.82000,0.00960
,,, 0.00008012000,0.84000,0.01040
,,, 0.00008016000,0.82000,0.01040
,,, 0.00008020000,0.82000,0.01040
,,, 0.00008024000,0.82000,0.01040
,,, 0.00008028000,0.82000,0.01040
,,, 0.00008032000,0.82000,0.01040
,,, 0.00008036000,0.82000,0.01120
,,, 0.00008040000,0.82000,0.01120
,,, 0.00008044000,0.82000,0.01200
,,, 0.00008048000,0.82000,0.01200
,,, 0.00008052000,0.82000,0.01200
,,, 0.00008056000,0.80000,0.01200
,,, 0.00008060000,0.80000,0.01200
,,, 0.00008064000,0.82000,0.01200
,,, 0.00008068000,0.80000,0.01200
,,, 0.00008072000,0.80000,0.01280
,,, 0.00008076000,0.80000,0.01280
,,, 0.00008080000,0.80000,0.01280
,,, 0.00008084000,0.78000,0.01280
,,, 0.00008088000,0.80000,0.01360
,,, 0.00008092000,0.80000,0.01360
,,, 0.00008096000,0.78000,0.01360
,,, 0.00008100000,0.80000,0.01440
,,, 0.00008104000,0.78000,0.01440
,,, 0.00008108000,0.78000,0.01440
,,, 0.00008112000,0.78000,0.01440
,,, 0.00008116000,0.78000,0.01440
,,, 0.00008120000,0.78000,0.01520
,,, 0.00008124000,0.78000,0.01520
,,, 0.00008128000,0.78000,0.01520
,,, 0.00008132000,0.78000,0.01520
,,, 0.00008136000,0.78000,0.01600
,,, 0.00008140000,0.76000,0.01600
,,, 0.00008144000,0.76000,0.01600
,,, 0.00008148000,0.76000,0.01600
,,, 0.00008152000,0.76000,0.01680
,,, 0.00008156000,0.76000,0.01680
,,, 0.00008160000,0.74000,0.01680
,,, 0.00008164000,0.74000,0.01680
,,, 0.00008168000,0.76000,0.01680
,,, 0.00008172000,0.74000,0.01680
,,, 0.00008176000,0.76000,0.01680
,,, 0.00008180000,0.74000,0.01760
,,, 0.00008184000,0.74000,0.01760
,,, 0.00008188000,0.74000,0.01840
,,, 0.00008192000,0.74000,0.01760
,,, 0.00008196000,0.74000,0.01840
,,, 0.00008200000,0.72000,0.01920
,,, 0.00008204000,0.74000,0.01840
,,, 0.00008208000,0.72000,0.01840
,,, 0.00008212000,0.74000,0.01920
,,, 0.00008216000,0.72000,0.01920
,,, 0.00008220000,0.72000,0.01920
,,, 0.00008224000,0.72000,0.01920
,,, 0.00008228000,0.72000,0.01920
,,, 0.00008232000,0.72000,0.01920
,,, 0.00008236000,0.72000,0.02000
,,, 0.00008240000,0.72000,0.02000
,,, 0.00008244000,0.72000,0.02000
,,, 0.00008248000,0.72000,0.02000
,,, 0.00008252000,0.72000,0.02080
,,, 0.00008256000,0.72000,0.02080
,,, 0.00008260000,0.70000,0.02080
,,, 0.00008264000,0.70000,0.02160
,,, 0.00008268000,0.70000,0.02160
,,, 0.00008272000,0.70000,0.02160
,,, 0.00008276000,0.70000,0.02160
,,, 0.00008280000,0.70000,0.02240
,,, 0.00008284000,0.68000,0.02240
,,, 0.00008288000,0.68000,0.02240
,,, 0.00008292000,0.68000,0.02320
,,, 0.00008296000,0.68000,0.02320
,,, 0.00008300000,0.68000,0.02240
,,, 0.00008304000,0.68000,0.02320
,,, 0.00008308000,0.68000,0.02320
,,, 0.00008312000,0.68000,0.02320
,,, 0.00008316000,0.68000,0.02320
,,, 0.00008320000,0.68000,0.02400
,,, 0.00008324000,0.66000,0.02400
,,, 0.00008328000,0.66000,0.02400
,,, 0.00008332000,0.66000,0.02400
,,, 0.00008336000,0.66000,0.02400
,,, 0.00008340000,0.66000,0.02480
,,, 0.00008344000,0.66000,0.02480
,,, 0.00008348000,0.66000,0.02480
,,, 0.00008352000,0.66000,0.02480
,,, 0.00008356000,0.66000,0.02560
,,, 0.00008360000,0.66000,0.02560
,,, 0.00008364000,0.64000,0.02560
,,, 0.00008368000,0.64000,0.02560
,,, 0.00008372000,0.64000,0.02640
,,, 0.00008376000,0.64000,0.02640
,,, 0.00008380000,0.64000,0.02640
,,, 0.00008384000,0.64000,0.02560
,,, 0.00008388000,0.64000,0.02640
,,, 0.00008392000,0.62000,0.02720
,,, 0.00008396000,0.62000,0.02640
,,, 0.00008400000,0.62000,0.02640
,,, 0.00008404000,0.62000,0.02720
,,, 0.00008408000,0.62000,0.02720
,,, 0.00008412000,0.64000,0.02720
,,, 0.00008416000,0.62000,0.02720
,,, 0.00008420000,0.62000,0.02800
,,, 0.00008424000,0.62000,0.02800
,,, 0.00008428000,0.60000,0.02800
,,, 0.00008432000,0.60000,0.02800
,,, 0.00008436000,0.60000,0.02880
,,, 0.00008440000,0.60000,0.02880
,,, 0.00008444000,0.60000,0.02880
,,, 0.00008448000,0.60000,0.02880
,,, 0.00008452000,0.58000,0.02880
,,, 0.00008456000,0.58000,0.02960
,,, 0.00008460000,0.58000,0.02880
,,, 0.00008464000,0.58000,0.02880
,,, 0.00008468000,0.58000,0.02960
,,, 0.00008472000,0.58000,0.02960
,,, 0.00008476000,0.58000,0.02960
,,, 0.00008480000,0.58000,0.02960
,,, 0.00008484000,0.56000,0.03040
,,, 0.00008488000,0.56000,0.03040
,,, 0.00008492000,0.56000,0.03040
,,, 0.00008496000,0.56000,0.03040
,,, 0.00008500000,0.56000,0.03120
,,, 0.00008504000,0.56000,0.03120
,,, 0.00008508000,0.56000,0.03120
,,, 0.00008512000,0.56000,0.03120
,,, 0.00008516000,0.54000,0.03120
,,, 0.00008520000,0.54000,0.03120
,,, 0.00008524000,0.56000,0.03200
,,, 0.00008528000,0.54000,0.03200
,,, 0.00008532000,0.54000,0.03200
,,, 0.00008536000,0.54000,0.03200
,,, 0.00008540000,0.54000,0.03200
,,, 0.00008544000,0.54000,0.03200
,,, 0.00008548000,0.54000,0.03280
,,, 0.00008552000,0.54000,0.03280
,,, 0.00008556000,0.52000,0.03280
,,, 0.00008560000,0.52000,0.03280
,,, 0.00008564000,0.52000,0.03360
,,, 0.00008568000,0.52000,0.03360
,,, 0.00008572000,0.52000,0.03280
,,, 0.00008576000,0.50000,0.03360
,,, 0.00008580000,0.50000,0.03440
,,, 0.00008584000,0.50000,0.03440
,,, 0.00008588000,0.50000,0.03360
,,, 0.00008592000,0.50000,0.03440
,,, 0.00008596000,0.50000,0.03440
,,, 0.00008600000,0.50000,0.03440
,,, 0.00008604000,0.48000,0.03440
,,, 0.00008608000,0.48000,0.03440
,,, 0.00008612000,0.48000,0.03520
,,, 0.00008616000,0.48000,0.03520
,,, 0.00008620000,0.48000,0.03440
,,, 0.00008624000,0.48000,0.03520
,,, 0.00008628000,0.48000,0.03520
,,, 0.00008632000,0.48000,0.03520
,,, 0.00008636000,0.46000,0.03520
,,, 0.00008640000,0.46000,0.03520
,,, 0.00008644000,0.46000,0.03600
,,, 0.00008648000,0.46000,0.03600
,,, 0.00008652000,0.44000,0.03600
,,, 0.00008656000,0.46000,0.03600
,,, 0.00008660000,0.44000,0.03680
,,, 0.00008664000,0.44000,0.03680
,,, 0.00008668000,0.44000,0.03680
,,, 0.00008672000,0.44000,0.03680
,,, 0.00008676000,0.44000,0.03760
,,, 0.00008680000,0.44000,0.03760
,,, 0.00008684000,0.42000,0.03680
,,, 0.00008688000,0.42000,0.03760
,,, 0.00008692000,0.44000,0.03760
,,, 0.00008696000,0.42000,0.03760
,,, 0.00008700000,0.42000,0.03760
,,, 0.00008704000,0.42000,0.03760
,,, 0.00008708000,0.42000,0.03760
,,, 0.00008712000,0.42000,0.03840
,,, 0.00008716000,0.40000,0.03760
,,, 0.00008720000,0.40000,0.03760
,,, 0.00008724000,0.40000,0.03840
,,, 0.00008728000,0.40000,0.03840
,,, 0.00008732000,0.40000,0.03840
,,, 0.00008736000,0.40000,0.03920
,,, 0.00008740000,0.40000,0.03920
,,, 0.00008744000,0.40000,0.03920
,,, 0.00008748000,0.40000,0.03920
,,, 0.00008752000,0.38000,0.03920
,,, 0.00008756000,0.38000,0.03920
,,, 0.00008760000,0.38000,0.04000
,,, 0.00008764000,0.38000,0.03920
,,, 0.00008768000,0.38000,0.03920
,,, 0.00008772000,0.36000,0.04000
,,, 0.00008776000,0.36000,0.03920
,,, 0.00008780000,0.36000,0.03920
,,, 0.00008784000,0.36000,0.04000
,,, 0.00008788000,0.36000,0.04000
,,, 0.00008792000,0.36000,0.04000
,,, 0.00008796000,0.36000,0.04000
,,, 0.00008800000,0.34000,0.04000
,,, 0.00008804000,0.34000,0.04080
,,, 0.00008808000,0.34000,0.04080
,,, 0.00008812000,0.34000,0.04080
,,, 0.00008816000,0.34000,0.04080
,,, 0.00008820000,0.34000,0.04080
,,, 0.00008824000,0.34000,0.04080
,,, 0.00008828000,0.32000,0.04080
,,, 0.00008832000,0.32000,0.04080
,,, 0.00008836000,0.32000,0.04160
,,, 0.00008840000,0.32000,0.04080
,,, 0.00008844000,0.32000,0.04080
,,, 0.00008848000,0.32000,0.04160
,,, 0.00008852000,0.30000,0.04160
,,, 0.00008856000,0.30000,0.04160
,,, 0.00008860000,0.30000,0.04160
,,, 0.00008864000,0.30000,0.04160
,,, 0.00008868000,0.30000,0.04240
,,, 0.00008872000,0.30000,0.04160
,,, 0.00008876000,0.28000,0.04160
,,, 0.00008880000,0.28000,0.04240
,,, 0.00008884000,0.28000,0.04240
,,, 0.00008888000,0.28000,0.04240
,,, 0.00008892000,0.28000,0.04240
,,, 0.00008896000,0.28000,0.04240
,,, 0.00008900000,0.26000,0.04240
,,, 0.00008904000,0.28000,0.04240
,,, 0.00008908000,0.26000,0.04240
,,, 0.00008912000,0.26000,0.04320
,,, 0.00008916000,0.26000,0.04320
,,, 0.00008920000,0.26000,0.04240
,,, 0.00008924000,0.26000,0.04320
,,, 0.00008928000,0.24000,0.04320
,,, 0.00008932000,0.24000,0.04320
,,, 0.00008936000,0.24000,0.04320
,,, 0.00008940000,0.24000,0.04320
,,, 0.00008944000,0.22000,0.04320
,,, 0.00008948000,0.22000,0.04400
,,, 0.00008952000,0.22000,0.04320
,,, 0.00008956000,0.22000,0.04320
,,, 0.00008960000,0.22000,0.04400
,,, 0.00008964000,0.22000,0.04400
,,, 0.00008968000,0.22000,0.04400
,,, 0.00008972000,0.22000,0.04400
,,, 0.00008976000,0.20000,0.04480
,,, 0.00008980000,0.20000,0.04400
,,, 0.00008984000,0.20000,0.04400
,,, 0.00008988000,0.20000,0.04480
,,, 0.00008992000,0.18000,0.04480
,,, 0.00008996000,0.18000,0.04400
,,, 0.00009000000,0.18000,0.04400
,,, 0.00009004000,0.18000,0.04400
,,, 0.00009008000,0.18000,0.04480
,,, 0.00009012000,0.18000,0.04480
,,, 0.00009016000,0.18000,0.04480
,,, 0.00009020000,0.16000,0.04400
,,, 0.00009024000,0.16000,0.04480
,,, 0.00009028000,0.16000,0.04480
,,, 0.00009032000,0.16000,0.04480
,,, 0.00009036000,0.16000,0.04480
,,, 0.00009040000,0.14000,0.04480
,,, 0.00009044000,0.14000,0.04560
,,, 0.00009048000,0.14000,0.04480
,,, 0.00009052000,0.14000,0.04560
,,, 0.00009056000,0.12000,0.04560
,,, 0.00009060000,0.12000,0.04560
,,, 0.00009064000,0.12000,0.04480
,,, 0.00009068000,0.12000,0.04560
,,, 0.00009072000,0.12000,0.04560
,,, 0.00009076000,0.12000,0.04560
,,, 0.00009080000,0.12000,0.04480
,,, 0.00009084000,0.10000,0.04560
,,, 0.00009088000,0.10000,0.04560
,,, 0.00009092000,0.10000,0.04560
,,, 0.00009096000,0.10000,0.04560
,,, 0.00009100000,0.10000,0.04560
,,, 0.00009104000,0.10000,0.04560
,,, 0.00009108000,0.08000,0.04560
,,, 0.00009112000,0.08000,0.04560
,,, 0.00009116000,0.08000,0.04560
,,, 0.00009120000,0.08000,0.04560
,,, 0.00009124000,0.08000,0.04640
,,, 0.00009128000,0.08000,0.04560
,,, 0.00009132000,0.06000,0.04560
,,, 0.00009136000,0.06000,0.04640
,,, 0.00009140000,0.06000,0.04640
,,, 0.00009144000,0.06000,0.04560
,,, 0.00009148000,0.06000,0.04640
,,, 0.00009152000,0.04000,0.04640
,,, 0.00009156000,0.04000,0.04640
,,, 0.00009160000,0.04000,0.04640
,,, 0.00009164000,0.04000,0.04640
,,, 0.00009168000,0.04000,0.04640
,,, 0.00009172000,0.04000,0.04640
,,, 0.00009176000,0.02000,0.04640
,,, 0.00009180000,0.02000,0.04640
,,, 0.00009184000,0.02000,0.04640
,,, 0.00009188000,0.02000,0.04640
,,, 0.00009192000,0.02000,0.04640
,,, 0.00009196000,0.02000,0.04640
,,, 0.00009200000,0.00,0.04640
,,, 0.00009204000,0.00,0.04640
,,, 0.00009208000,0.00,0.04640
,,, 0.00009212000,0.00,0.04640
,,, 0.00009216000,0.00,0.04720
,,, 0.00009220000,-0.02000,0.04720
,,, 0.00009224000,-0.02000,0.04640
,,, 0.00009228000,-0.02000,0.04640
,,, 0.00009232000,-0.02000,0.04720
,,, 0.00009236000,-0.02000,0.04720
,,, 0.00009240000,-0.04000,0.04640
,,, 0.00009244000,-0.04000,0.04640
,,, 0.00009248000,-0.04000,0.04640
,,, 0.00009252000,-0.04000,0.04720
,,, 0.00009256000,-0.04000,0.04720
,,, 0.00009260000,-0.06000,0.04720
,,, 0.00009264000,-0.06000,0.04720
,,, 0.00009268000,-0.06000,0.04720
,,, 0.00009272000,-0.06000,0.04720
,,, 0.00009276000,-0.06000,0.04720
,,, 0.00009280000,-0.06000,0.04800
,,, 0.00009284000,-0.08000,0.04720
,,, 0.00009288000,-0.08000,0.04720
,,, 0.00009292000,-0.08000,0.04720
,,, 0.00009296000,-0.08000,0.04720
,,, 0.00009300000,-0.08000,0.04720
,,, 0.00009304000,-0.10000,0.04720
,,, 0.00009308000,-0.10000,0.04720
,,, 0.00009312000,-0.10000,0.04720
,,, 0.00009316000,-0.10000,0.04720
,,, 0.00009320000,-0.10000,0.04720
,,, 0.00009324000,-0.12000,0.04720
,,, 0.00009328000,-0.12000,0.04720
,,, 0.00009332000,-0.12000,0.04720
,,, 0.00009336000,-0.12000,0.04640
,,, 0.00009340000,-0.12000,0.04640
,,, 0.00009344000,-0.12000,0.04720
,,, 0.00009348000,-0.14000,0.04720
,,, 0.00009352000,-0.14000,0.04640
,,, 0.00009356000,-0.14000,0.04720
,,, 0.00009360000,-0.14000,0.04800
,,, 0.00009364000,-0.14000,0.04640
,,, 0.00009368000,-0.16000,0.04640
,,, 0.00009372000,-0.16000,0.04720
,,, 0.00009376000,-0.16000,0.04720
,,, 0.00009380000,-0.16000,0.04720
,,, 0.00009384000,-0.16000,0.04720
,,, 0.00009388000,-0.16000,0.04720
,,, 0.00009392000,-0.16000,0.04800
,,, 0.00009396000,-0.18000,0.04720
,,, 0.00009400000,-0.18000,0.04640
,,, 0.00009404000,-0.18000,0.04720
,,, 0.00009408000,-0.18000,0.04720
,,, 0.00009412000,-0.20000,0.04720
,,, 0.00009416000,-0.20000,0.04720
,,, 0.00009420000,-0.20000,0.04720
,,, 0.00009424000,-0.20000,0.04720
,,, 0.00009428000,-0.20000,0.04720
,,, 0.00009432000,-0.20000,0.04720
,,, 0.00009436000,-0.22000,0.04720
,,, 0.00009440000,-0.22000,0.04800
,,, 0.00009444000,-0.22000,0.04720
,,, 0.00009448000,-0.22000,0.04720
,,, 0.00009452000,-0.22000,0.04720
,,, 0.00009456000,-0.24000,0.04720
,,, 0.00009460000,-0.24000,0.04720
,,, 0.00009464000,-0.24000,0.04640
,,, 0.00009468000,-0.24000,0.04720
,,, 0.00009472000,-0.24000,0.04720
,,, 0.00009476000,-0.26000,0.04640
,,, 0.00009480000,-0.26000,0.04640
,,, 0.00009484000,-0.26000,0.04720
,,, 0.00009488000,-0.26000,0.04640
,,, 0.00009492000,-0.26000,0.04640
,,, 0.00009496000,-0.26000,0.04720
,,, 0.00009500000,-0.26000,0.04640
,,, 0.00009504000,-0.28000,0.04720
,,, 0.00009508000,-0.28000,0.04720
,,, 0.00009512000,-0.28000,0.04640
,,, 0.00009516000,-0.28000,0.04720
,,, 0.00009520000,-0.30000,0.04720
,,, 0.00009524000,-0.30000,0.04640
,,, 0.00009528000,-0.30000,0.04640
,,, 0.00009532000,-0.30000,0.04640
,,, 0.00009536000,-0.32000,0.04640
,,, 0.00009540000,-0.32000,0.04640
,,, 0.00009544000,-0.32000,0.04640
,,, 0.00009548000,-0.32000,0.04640
,,, 0.00009552000,-0.32000,0.04640
,,, 0.00009556000,-0.32000,0.04640
,,, 0.00009560000,-0.34000,0.04640
,,, 0.00009564000,-0.34000,0.04640
,,, 0.00009568000,-0.34000,0.04640
,,, 0.00009572000,-0.34000,0.04640
,,, 0.00009576000,-0.34000,0.04640
,,, 0.00009580000,-0.36000,0.04640
,,, 0.00009584000,-0.36000,0.04640
,,, 0.00009588000,-0.36000,0.04560
,,, 0.00009592000,-0.36000,0.04560
,,, 0.00009596000,-0.36000,0.04640
,,, 0.00009600000,-0.36000,0.04560
,,, 0.00009604000,-0.36000,0.04560
,,, 0.00009608000,-0.38000,0.04560
,,, 0.00009612000,-0.38000,0.04560
,,, 0.00009616000,-0.38000,0.04560
,,, 0.00009620000,-0.38000,0.04560
,,, 0.00009624000,-0.40000,0.04480
,,, 0.00009628000,-0.38000,0.04560
,,, 0.00009632000,-0.40000,0.04560
,,, 0.00009636000,-0.40000,0.04480
,,, 0.00009640000,-0.40000,0.04560
,,, 0.00009644000,-0.42000,0.04560
,,, 0.00009648000,-0.40000,0.04560
,,, 0.00009652000,-0.42000,0.04480
,,, 0.00009656000,-0.42000,0.04480
,,, 0.00009660000,-0.42000,0.04560
,,, 0.00009664000,-0.42000,0.04560
,,, 0.00009668000,-0.44000,0.04480
,,, 0.00009672000,-0.44000,0.04560
,,, 0.00009676000,-0.44000,0.04480
,,, 0.00009680000,-0.44000,0.04480
,,, 0.00009684000,-0.44000,0.04480
,,, 0.00009688000,-0.44000,0.04480
,,, 0.00009692000,-0.46000,0.04480
,,, 0.00009696000,-0.44000,0.04480
,,, 0.00009700000,-0.46000,0.04400
,,, 0.00009704000,-0.46000,0.04400
,,, 0.00009708000,-0.46000,0.04480
,,, 0.00009712000,-0.46000,0.04400
,,, 0.00009716000,-0.48000,0.04400
,,, 0.00009720000,-0.48000,0.04400
,,, 0.00009724000,-0.48000,0.04400
,,, 0.00009728000,-0.48000,0.04400
,,, 0.00009732000,-0.50000,0.04400
,,, 0.00009736000,-0.50000,0.04400
,,, 0.00009740000,-0.50000,0.04400
,,, 0.00009744000,-0.50000,0.04400
,,, 0.00009748000,-0.50000,0.04400
,,, 0.00009752000,-0.50000,0.04400
,,, 0.00009756000,-0.52000,0.04400
,,, 0.00009760000,-0.52000,0.04400
,,, 0.00009764000,-0.52000,0.04320
,,, 0.00009768000,-0.54000,0.04320
,,, 0.00009772000,-0.52000,0.04320
,,, 0.00009776000,-0.54000,0.04320
,,, 0.00009780000,-0.54000,0.04240
,,, 0.00009784000,-0.54000,0.04320
,,, 0.00009788000,-0.54000,0.04320
,,, 0.00009792000,-0.54000,0.04240
,,, 0.00009796000,-0.54000,0.04240
,,, 0.00009800000,-0.56000,0.04240
,,, 0.00009804000,-0.56000,0.04240
,,, 0.00009808000,-0.56000,0.04320
,,, 0.00009812000,-0.56000,0.04240
,,, 0.00009816000,-0.56000,0.04240
,,, 0.00009820000,-0.56000,0.04240
,,, 0.00009824000,-0.58000,0.04240
,,, 0.00009828000,-0.58000,0.04240
,,, 0.00009832000,-0.58000,0.04240
,,, 0.00009836000,-0.60000,0.04240
,,, 0.00009840000,-0.60000,0.04240
,,, 0.00009844000,-0.60000,0.04160
,,, 0.00009848000,-0.60000,0.04160
,,, 0.00009852000,-0.60000,0.04160
,,, 0.00009856000,-0.62000,0.04160
,,, 0.00009860000,-0.62000,0.04080
,,, 0.00009864000,-0.62000,0.04160
,,, 0.00009868000,-0.62000,0.04160
,,, 0.00009872000,-0.62000,0.04080
,,, 0.00009876000,-0.62000,0.04080
,,, 0.00009880000,-0.64000,0.04080
,,, 0.00009884000,-0.62000,0.04080
,,, 0.00009888000,-0.64000,0.04080
,,, 0.00009892000,-0.64000,0.04000
,,, 0.00009896000,-0.64000,0.04080
,,, 0.00009900000,-0.64000,0.04000
,,, 0.00009904000,-0.66000,0.04000
,,, 0.00009908000,-0.64000,0.04000
,,, 0.00009912000,-0.66000,0.04000
,,, 0.00009916000,-0.66000,0.04000
,,, 0.00009920000,-0.66000,0.03920
,,, 0.00009924000,-0.68000,0.03920
,,, 0.00009928000,-0.66000,0.03920
,,, 0.00009932000,-0.66000,0.04000
,,, 0.00009936000,-0.68000,0.03920
,,, 0.00009940000,-0.68000,0.03920
,,, 0.00009944000,-0.70000,0.03920
,,, 0.00009948000,-0.70000,0.03920
,,, 0.00009952000,-0.70000,0.03920
,,, 0.00009956000,-0.70000,0.03840
,,, 0.00009960000,-0.70000,0.03840
,,, 0.00009964000,-0.70000,0.03840
,,, 0.00009968000,-0.72000,0.03840
,,, 0.00009972000,-0.72000,0.03840
,,, 0.00009976000,-0.70000,0.03840
,,, 0.00009980000,-0.72000,0.03840
,,, 0.00009984000,-0.72000,0.03760
,,, 0.00009988000,-0.72000,0.03760
,,, 0.00009992000,-0.72000,0.03760
,,, 0.00009996000,-0.72000,0.03760
,,, 0.00010000000,-0.74000,0.03760
,,, 0.00010004000,-0.74000,0.03680
,,, 0.00010008000,-0.74000,0.03680
,,, 0.00010012000,-0.74000,0.03680
,,, 0.00010016000,-0.74000,0.03680
,,, 0.00010020000,-0.74000,0.03680
,,, 0.00010024000,-0.76000,0.03680
,,, 0.00010028000,-0.76000,0.03680
,,, 0.00010032000,-0.76000,0.03680
,,, 0.00010036000,-0.76000,0.03600
,,, 0.00010040000,-0.76000,0.03600
,,, 0.00010044000,-0.76000,0.03600
,,, 0.00010048000,-0.78000,0.03600
,,, 0.00010052000,-0.78000,0.03600
,,, 0.00010056000,-0.78000,0.03600
,,, 0.00010060000,-0.78000,0.03520
,,, 0.00010064000,-0.78000,0.03520
,,, 0.00010068000,-0.78000,0.03520
,,, 0.00010072000,-0.78000,0.03520
,,, 0.00010076000,-0.78000,0.03520
,,, 0.00010080000,-0.80000,0.03440
,,, 0.00010084000,-0.80000,0.03440
,,, 0.00010088000,-0.80000,0.03440
,,, 0.00010092000,-0.80000,0.03440
,,, 0.00010096000,-0.80000,0.03440
,,, 0.00010100000,-0.82000,0.03440
,,, 0.00010104000,-0.80000,0.03440
,,, 0.00010108000,-0.82000,0.03440
,,, 0.00010112000,-0.82000,0.03360
,,, 0.00010116000,-0.82000,0.03360
,,, 0.00010120000,-0.82000,0.03360
,,, 0.00010124000,-0.82000,0.03360
,,, 0.00010128000,-0.82000,0.03360
,,, 0.00010132000,-0.84000,0.03280
,,, 0.00010136000,-0.84000,0.03360
,,, 0.00010140000,-0.84000,0.03360
,,, 0.00010144000,-0.84000,0.03280
,,, 0.00010148000,-0.84000,0.03280
,,, 0.00010152000,-0.84000,0.03280
,,, 0.00010156000,-0.84000,0.03280
,,, 0.00010160000,-0.84000,0.03200
,,, 0.00010164000,-0.86000,0.03200
,,, 0.00010168000,-0.86000,0.03200
,,, 0.00010172000,-0.86000,0.03200
,,, 0.00010176000,-0.86000,0.03200
,,, 0.00010180000,-0.86000,0.03120
,,, 0.00010184000,-0.86000,0.03120
,,, 0.00010188000,-0.86000,0.03120
,,, 0.00010192000,-0.88000,0.03040
,,, 0.00010196000,-0.88000,0.03040
,,, 0.00010200000,-0.88000,0.03040
,,, 0.00010204000,-0.88000,0.03040
,,, 0.00010208000,-0.88000,0.03040
,,, 0.00010212000,-0.88000,0.03040
,,, 0.00010216000,-0.88000,0.03040
,,, 0.00010220000,-0.88000,0.03040
,,, 0.00010224000,-0.88000,0.02960
,,, 0.00010228000,-0.88000,0.02960
,,, 0.00010232000,-0.88000,0.02960
,,, 0.00010236000,-0.90000,0.02960
,,, 0.00010240000,-0.90000,0.02960
,,, 0.00010244000,-0.90000,0.02960
,,, 0.00010248000,-0.90000,0.02880
,,, 0.00010252000,-0.90000,0.02880
,,, 0.00010256000,-0.92000,0.02800
,,, 0.00010260000,-0.90000,0.02800
,,, 0.00010264000,-0.92000,0.02880
,,, 0.00010268000,-0.92000,0.02800
,,, 0.00010272000,-0.92000,0.02800
,,, 0.00010276000,-0.92000,0.02800
,,, 0.00010280000,-0.92000,0.02800
,,, 0.00010284000,-0.92000,0.02720
,,, 0.00010288000,-0.92000,0.02720
,,, 0.00010292000,-0.92000,0.02720
,,, 0.00010296000,-0.92000,0.02720
,,, 0.00010300000,-0.94000,0.02720
,,, 0.00010304000,-0.92000,0.02640
,,, 0.00010308000,-0.94000,0.02640
,,, 0.00010312000,-0.94000,0.02560
,,, 0.00010316000,-0.94000,0.02640
,,, 0.00010320000,-0.94000,0.02640
,,, 0.00010324000,-0.94000,0.02560
,,, 0.00010328000,-0.94000,0.02640
,,, 0.00010332000,-0.94000,0.02640
,,, 0.00010336000,-0.96000,0.02560
,,, 0.00010340000,-0.96000,0.02480
,,, 0.00010344000,-0.94000,0.02480
,,, 0.00010348000,-0.96000,0.02480
,,, 0.00010352000,-0.96000,0.02480
,,, 0.00010356000,-0.96000,0.02480
,,, 0.00010360000,-0.96000,0.02480
,,, 0.00010364000,-0.96000,0.02400
,,, 0.00010368000,-0.96000,0.02400
,,, 0.00010372000,-0.96000,0.02320
,,, 0.00010376000,-0.96000,0.02400
,,, 0.00010380000,-0.96000,0.02400
,,, 0.00010384000,-0.96000,0.02400
,,, 0.00010388000,-0.98000,0.02320
,,, 0.00010392000,-0.98000,0.02320
,,, 0.00010396000,-0.98000,0.02320
,,, 0.00010400000,-0.98000,0.02240
,,, 0.00010404000,-0.98000,0.02320
,,, 0.00010408000,-0.98000,0.02320
,,, 0.00010412000,-0.98000,0.02240
,,, 0.00010416000,-0.98000,0.02240
,,, 0.00010420000,-1.00000,0.02240
,,, 0.00010424000,-0.98000,0.02160
,,, 0.00010428000,-0.98000,0.02160
,,, 0.00010432000,-1.00000,0.02160
,,, 0.00010436000,-1.00000,0.02160
,,, 0.00010440000,-1.00000,0.02160
,,, 0.00010444000,-1.00000,0.02160
,,, 0.00010448000,-1.00000,0.02080
,,, 0.00010452000,-1.00000,0.02080
,,, 0.00010456000,-1.00000,0.02080
,,, 0.00010460000,-1.00000,0.02080
,,, 0.00010464000,-1.00000,0.02080
,,, 0.00010468000,-1.00000,0.02000
,,, 0.00010472000,-1.00000,0.02000
,,, 0.00010476000,-1.00000,0.01920
,,, 0.00010480000,-1.00000,0.01920
,,, 0.00010484000,-1.00000,0.01920
,,, 0.00010488000,-1.00000,0.01920
,,, 0.00010492000,-1.02000,0.01920
,,, 0.00010496000,-1.02000,0.01920
,,, 0.00010500000,-1.02000,0.01840
,,, 0.00010504000,-1.02000,0.01840
,,, 0.00010508000,-1.02000,0.01840
,,, 0.00010512000,-1.02000,0.01840
,,, 0.00010516000,-1.02000,0.01840
,,, 0.00010520000,-1.02000,0.01840
,,, 0.00010524000,-1.02000,0.01760
,,, 0.00010528000,-1.02000,0.01680
,,, 0.00010532000,-1.02000,0.01680
,,, 0.00010536000,-1.02000,0.01680
,,, 0.00010540000,-1.02000,0.01680
,,, 0.00010544000,-1.02000,0.01680
,,, 0.00010548000,-1.02000,0.01680
,,, 0.00010552000,-1.02000,0.01600
,,, 0.00010556000,-1.02000,0.01600
,,, 0.00010560000,-1.04000,0.01600
,,, 0.00010564000,-1.02000,0.01600
,,, 0.00010568000,-1.02000,0.01600
,,, 0.00010572000,-1.04000,0.01600
,,, 0.00010576000,-1.02000,0.01520
,,, 0.00010580000,-1.04000,0.01520
,,, 0.00010584000,-1.04000,0.01440
,,, 0.00010588000,-1.02000,0.01440
,,, 0.00010592000,-1.04000,0.01440
,,, 0.00010596000,-1.04000,0.01440
,,, 0.00010600000,-1.04000,0.01440
,,, 0.00010604000,-1.04000,0.01360
,,, 0.00010608000,-1.04000,0.01360
,,, 0.00010612000,-1.04000,0.01280
,,, 0.00010616000,-1.04000,0.01280
,,, 0.00010620000,-1.04000,0.01360
,,, 0.00010624000,-1.04000,0.01280
,,, 0.00010628000,-1.04000,0.01280
,,, 0.00010632000,-1.04000,0.01280
,,, 0.00010636000,-1.04000,0.01280
,,, 0.00010640000,-1.04000,0.01200
,,, 0.00010644000,-1.04000,0.01200
,,, 0.00010648000,-1.04000,0.01200
,,, 0.00010652000,-1.04000,0.01200
,,, 0.00010656000,-1.04000,0.01200
,,, 0.00010660000,-1.04000,0.01120
,,, 0.00010664000,-1.04000,0.01120
,,, 0.00010668000,-1.04000,0.01040
,,, 0.00010672000,-1.04000,0.01040
,,, 0.00010676000,-1.04000,0.01040
,,, 0.00010680000,-1.04000,0.01040
,,, 0.00010684000,-1.04000,0.00960
,,, 0.00010688000,-1.04000,0.01040
,,, 0.00010692000,-1.04000,0.00960
,,, 0.00010696000,-1.04000,0.00960
,,, 0.00010700000,-1.04000,0.00960
,,, 0.00010704000,-1.04000,0.00960
,,, 0.00010708000,-1.04000,0.00960
,,, 0.00010712000,-1.04000,0.00960
,,, 0.00010716000,-1.04000,0.00880
,,, 0.00010720000,-1.04000,0.00880
,,, 0.00010724000,-1.04000,0.00880
,,, 0.00010728000,-1.04000,0.00880
,,, 0.00010732000,-1.04000,0.00880
,,, 0.00010736000,-1.04000,0.00800
,,, 0.00010740000,-1.04000,0.00800
,,, 0.00010744000,-1.04000,0.00720
,,, 0.00010748000,-1.04000,0.00720
,,, 0.00010752000,-1.04000,0.00720
,,, 0.00010756000,-1.04000,0.00720
,,, 0.00010760000,-1.04000,0.00720
,,, 0.00010764000,-1.04000,0.00640
,,, 0.00010768000,-1.04000,0.00640
,,, 0.00010772000,-1.04000,0.00640
,,, 0.00010776000,-1.04000,0.00560
,,, 0.00010780000,-1.04000,0.00560
,,, 0.00010784000,-1.04000,0.00560
,,, 0.00010788000,-1.04000,0.00560
,,, 0.00010792000,-1.04000,0.00480
,,, 0.00010796000,-1.04000,0.00480
,,, 0.00010800000,-1.04000,0.00480
,,, 0.00010804000,-1.04000,0.00480
,,, 0.00010808000,-1.04000,0.00480
,,, 0.00010812000,-1.02000,0.00480
,,, 0.00010816000,-1.04000,0.00400
,,, 0.00010820000,-1.04000,0.00400
,,, 0.00010824000,-1.04000,0.00400
,,, 0.00010828000,-1.04000,0.00320
,,, 0.00010832000,-1.02000,0.00320
,,, 0.00010836000,-1.02000,0.00320
,,, 0.00010840000,-1.02000,0.00320
,,, 0.00010844000,-1.02000,0.00320
,,, 0.00010848000,-1.02000,0.00240
,,, 0.00010852000,-1.02000,0.00240
,,, 0.00010856000,-1.02000,0.00160
,,, 0.00010860000,-1.02000,0.00160
,,, 0.00010864000,-1.02000,0.00240
,,, 0.00010868000,-1.02000,0.00240
,,, 0.00010872000,-1.02000,0.00160
,,, 0.00010876000,-1.02000,0.00160
,,, 0.00010880000,-1.02000,0.00080
,,, 0.00010884000,-1.02000,0.00080
,,, 0.00010888000,-1.00000,0.00080
,,, 0.00010892000,-1.02000,0.00
,,, 0.00010896000,-1.00000,0.00080
,,, 0.00010900000,-1.00000,0.00
,,, 0.00010904000,-1.00000,-0.00080
,,, 0.00010908000,-1.00000,-0.00080
,,, 0.00010912000,-1.00000,-0.00080
,,, 0.00010916000,-1.00000,-0.00080
,,, 0.00010920000,-1.00000,-0.00080
,,, 0.00010924000,-1.00000,-0.00080
,,, 0.00010928000,-1.00000,-0.00160
,,, 0.00010932000,-1.00000,-0.00160
,,, 0.00010936000,-1.00000,-0.00160
,,, 0.00010940000,-1.00000,-0.00160
,,, 0.00010944000,-1.00000,-0.00240
,,, 0.00010948000,-1.00000,-0.00240
,,, 0.00010952000,-1.00000,-0.00240
,,, 0.00010956000,-0.98000,-0.00240
,,, 0.00010960000,-0.98000,-0.00320
,,, 0.00010964000,-0.98000,-0.00320
,,, 0.00010968000,-0.98000,-0.00320
,,, 0.00010972000,-0.98000,-0.00320
,,, 0.00010976000,-0.98000,-0.00320
,,, 0.00010980000,-0.98000,-0.00320
,,, 0.00010984000,-0.98000,-0.00400
,,, 0.00010988000,-0.98000,-0.00480
,,, 0.00010992000,-0.98000,-0.00480
,,, 0.00010996000,-0.98000,-0.00480
,,, 0.00011000000,-0.98000,-0.00400
,,, 0.00011004000,-0.96000,-0.00480
,,, 0.00011008000,-0.96000,-0.00560
,,, 0.00011012000,-0.96000,-0.00560
,,, 0.00011016000,-0.96000,-0.00560
,,, 0.00011020000,-0.96000,-0.00560
,,, 0.00011024000,-0.96000,-0.00640
,,, 0.00011028000,-0.96000,-0.00640
,,, 0.00011032000,-0.96000,-0.00640
,,, 0.00011036000,-0.96000,-0.00640
,,, 0.00011040000,-0.96000,-0.00720
,,, 0.00011044000,-0.94000,-0.00720
,,, 0.00011048000,-0.94000,-0.00720
,,, 0.00011052000,-0.94000,-0.00720
,,, 0.00011056000,-0.94000,-0.00720
,,, 0.00011060000,-0.94000,-0.00800
,,, 0.00011064000,-0.94000,-0.00800
,,, 0.00011068000,-0.94000,-0.00800
,,, 0.00011072000,-0.92000,-0.00880
,,, 0.00011076000,-0.92000,-0.00880
,,, 0.00011080000,-0.94000,-0.00880
,,, 0.00011084000,-0.92000,-0.00880
,,, 0.00011088000,-0.92000,-0.00880
,,, 0.00011092000,-0.92000,-0.00880
,,, 0.00011096000,-0.92000,-0.00960
,,, 0.00011100000,-0.92000,-0.00880
,,, 0.00011104000,-0.92000,-0.00960
,,, 0.00011108000,-0.92000,-0.00960
,,, 0.00011112000,-0.92000,-0.00960
,,, 0.00011116000,-0.92000,-0.00960
,,, 0.00011120000,-0.92000,-0.00960
,,, 0.00011124000,-0.90000,-0.01040
,,, 0.00011128000,-0.90000,-0.01040
,,, 0.00011132000,-0.90000,-0.01120
,,, 0.00011136000,-0.90000,-0.01120
,,, 0.00011140000,-0.90000,-0.01040
,,, 0.00011144000,-0.90000,-0.01120
,,, 0.00011148000,-0.90000,-0.01120
,,, 0.00011152000,-0.88000,-0.01200
,,, 0.00011156000,-0.88000,-0.01200
,,, 0.00011160000,-0.88000,-0.01200
,,, 0.00011164000,-0.88000,-0.01280
,,, 0.00011168000,-0.88000,-0.01200
,,, 0.00011172000,-0.88000,-0.01280
,,, 0.00011176000,-0.88000,-0.01280
,,, 0.00011180000,-0.86000,-0.01280
,,, 0.00011184000,-0.86000,-0.01280
,,, 0.00011188000,-0.86000,-0.01360
,,, 0.00011192000,-0.86000,-0.01280
,,, 0.00011196000,-0.86000,-0.01360
,,, 0.00011200000,-0.86000,-0.01440
,,, 0.00011204000,-0.86000,-0.01360
,,, 0.00011208000,-0.86000,-0.01440
,,, 0.00011212000,-0.84000,-0.01440
,,, 0.00011216000,-0.86000,-0.01440
,,, 0.00011220000,-0.86000,-0.01520
,,, 0.00011224000,-0.84000,-0.01520
,,, 0.00011228000,-0.84000,-0.01520
,,, 0.00011232000,-0.84000,-0.01520
,,, 0.00011236000,-0.84000,-0.01520
,,, 0.00011240000,-0.84000,-0.01520
,,, 0.00011244000,-0.84000,-0.01600
,,, 0.00011248000,-0.82000,-0.01600
,,, 0.00011252000,-0.82000,-0.01600
,,, 0.00011256000,-0.82000,-0.01680
,,, 0.00011260000,-0.82000,-0.01680
,,, 0.00011264000,-0.80000,-0.01680
,,, 0.00011268000,-0.80000,-0.01680
,,, 0.00011272000,-0.80000,-0.01680
,,, 0.00011276000,-0.80000,-0.01760
,,, 0.00011280000,-0.80000,-0.01760
,,, 0.00011284000,-0.80000,-0.01760
,,, 0.00011288000,-0.80000,-0.01760
,,, 0.00011292000,-0.80000,-0.01760
,,, 0.00011296000,-0.78000,-0.01760
,,, 0.00011300000,-0.80000,-0.01840
,,, 0.00011304000,-0.78000,-0.01840
,,, 0.00011308000,-0.78000,-0.01840
,,, 0.00011312000,-0.78000,-0.01920
,,, 0.00011316000,-0.78000,-0.01920
,,, 0.00011320000,-0.78000,-0.01920
,,, 0.00011324000,-0.78000,-0.01920
,,, 0.00011328000,-0.76000,-0.01920
,,, 0.00011332000,-0.76000,-0.01920
,,, 0.00011336000,-0.76000,-0.02000
,,, 0.00011340000,-0.76000,-0.02000
,,, 0.00011344000,-0.76000,-0.02000
,,, 0.00011348000,-0.76000,-0.02000
,,, 0.00011352000,-0.76000,-0.02000
,,, 0.00011356000,-0.74000,-0.02080
,,, 0.00011360000,-0.74000,-0.02080
,,, 0.00011364000,-0.74000,-0.02080
,,, 0.00011368000,-0.74000,-0.02160
,,, 0.00011372000,-0.72000,-0.02160
,,, 0.00011376000,-0.74000,-0.02160
,,, 0.00011380000,-0.72000,-0.02080
,,, 0.00011384000,-0.72000,-0.02160
,,, 0.00011388000,-0.72000,-0.02160
,,, 0.00011392000,-0.72000,-0.02160
,,, 0.00011396000,-0.72000,-0.02160
,,, 0.00011400000,-0.70000,-0.02240
,,, 0.00011404000,-0.70000,-0.02240
,,, 0.00011408000,-0.70000,-0.02240
,,, 0.00011412000,-0.70000,-0.02240
,,, 0.00011416000,-0.70000,-0.02240
,,, 0.00011420000,-0.68000,-0.02240
,,, 0.00011424000,-0.68000,-0.02240
,,, 0.00011428000,-0.68000,-0.02320
,,, 0.00011432000,-0.68000,-0.02400
,,, 0.00011436000,-0.68000,-0.02400
,,, 0.00011440000,-0.68000,-0.02320
,,, 0.00011444000,-0.66000,-0.02400
,,, 0.00011448000,-0.66000,-0.02400
,,, 0.00011452000,-0.66000,-0.02400
,,, 0.00011456000,-0.66000,-0.02400
,,, 0.00011460000,-0.64000,-0.02400
,,, 0.00011464000,-0.66000,-0.02480
,,, 0.00011468000,-0.64000,-0.02480
,,, 0.00011472000,-0.64000,-0.02480
,,, 0.00011476000,-0.64000,-0.02560
,,, 0.00011480000,-0.64000,-0.02560
,,, 0.00011484000,-0.62000,-0.02480
,,, 0.00011488000,-0.62000,-0.02480
,,, 0.00011492000,-0.62000,-0.02560
,,, 0.00011496000,-0.62000,-0.02560
,,, 0.00011500000,-0.62000,-0.02560
,,, 0.00011504000,-0.60000,-0.02640
,,, 0.00011508000,-0.60000,-0.02560
,,, 0.00011512000,-0.60000,-0.02640
,,, 0.00011516000,-0.60000,-0.02640
,,, 0.00011520000,-0.60000,-0.02640
,,, 0.00011524000,-0.60000,-0.02640
,,, 0.00011528000,-0.60000,-0.02720
,,, 0.00011532000,-0.58000,-0.02720
,,, 0.00011536000,-0.58000,-0.02720
,,, 0.00011540000,-0.58000,-0.02720
,,, 0.00011544000,-0.56000,-0.02800
,,, 0.00011548000,-0.56000,-0.02800
,,, 0.00011552000,-0.56000,-0.02800
,,, 0.00011556000,-0.56000,-0.02800
,,, 0.00011560000,-0.56000,-0.02800
,,, 0.00011564000,-0.56000,-0.02800
,,, 0.00011568000,-0.54000,-0.02880
,,, 0.00011572000,-0.54000,-0.02880
,,, 0.00011576000,-0.54000,-0.02880
,,, 0.00011580000,-0.54000,-0.02880
,,, 0.00011584000,-0.54000,-0.02880
,,, 0.00011588000,-0.54000,-0.02880
,,, 0.00011592000,-0.52000,-0.02960
,,, 0.00011596000,-0.52000,-0.02960
,,, 0.00011600000,-0.52000,-0.02960
,,, 0.00011604000,-0.52000,-0.02960
,,, 0.00011608000,-0.52000,-0.02960
,,, 0.00011612000,-0.52000,-0.02960
,,, 0.00011616000,-0.50000,-0.03040
,,, 0.00011620000,-0.50000,-0.03040
,,, 0.00011624000,-0.50000,-0.03040
,,, 0.00011628000,-0.50000,-0.03040
,,, 0.00011632000,-0.48000,-0.03040
,,, 0.00011636000,-0.48000,-0.03120
,,, 0.00011640000,-0.48000,-0.03120
,,, 0.00011644000,-0.48000,-0.03120
,,, 0.00011648000,-0.48000,-0.03120
,,, 0.00011652000,-0.46000,-0.03120
,,, 0.00011656000,-0.46000,-0.03200
,,, 0.00011660000,-0.46000,-0.03120
,,, 0.00011664000,-0.46000,-0.03120
,,, 0.00011668000,-0.46000,-0.03200
,,, 0.00011672000,-0.44000,-0.03200
,,, 0.00011676000,-0.44000,-0.03200
,,, 0.00011680000,-0.44000,-0.03280
,,, 0.00011684000,-0.44000,-0.03280
,,, 0.00011688000,-0.42000,-0.03200
,,, 0.00011692000,-0.42000,-0.03200
,,, 0.00011696000,-0.42000,-0.03280
,,, 0.00011700000,-0.42000,-0.03280
,,, 0.00011704000,-0.42000,-0.03280
,,, 0.00011708000,-0.42000,-0.03280
,,, 0.00011712000,-0.42000,-0.03360
,,, 0.00011716000,-0.42000,-0.03360
,,, 0.00011720000,-0.40000,-0.03360
,,, 0.00011724000,-0.40000,-0.03360
,,, 0.00011728000,-0.40000,-0.03360
,,, 0.00011732000,-0.38000,-0.03360
,,, 0.00011736000,-0.38000,-0.03440
,,, 0.00011740000,-0.38000,-0.03440
,,, 0.00011744000,-0.38000,-0.03440
,,, 0.00011748000,-0.38000,-0.03440
,,, 0.00011752000,-0.36000,-0.03520
,,, 0.00011756000,-0.36000,-0.03440
,,, 0.00011760000,-0.36000,-0.03440
,,, 0.00011764000,-0.36000,-0.03520
,,, 0.00011768000,-0.36000,-0.03520
,,, 0.00011772000,-0.34000,-0.03520
,,, 0.00011776000,-0.34000,-0.03520
,,, 0.00011780000,-0.34000,-0.03520
,,, 0.00011784000,-0.34000,-0.03600
,,, 0.00011788000,-0.32000,-0.03520
,,, 0.00011792000,-0.32000,-0.03600
,,, 0.00011796000,-0.32000,-0.03600
,,, 0.00011800000,-0.32000,-0.03600
,,, 0.00011804000,-0.32000,-0.03600
,,, 0.00011808000,-0.30000,-0.03600
,,, 0.00011812000,-0.30000,-0.03600
,,, 0.00011816000,-0.30000,-0.03680
,,, 0.00011820000,-0.30000,-0.03680
,,, 0.00011824000,-0.28000,-0.03680
,,, 0.00011828000,-0.30000,-0.03680
,,, 0.00011832000,-0.28000,-0.03680
,,, 0.00011836000,-0.28000,-0.03680
,,, 0.00011840000,-0.28000,-0.03680
,,, 0.00011844000,-0.26000,-0.03760
,,, 0.00011848000,-0.26000,-0.03760
,,, 0.00011852000,-0.26000,-0.03760
,,, 0.00011856000,-0.26000,-0.03760
,,, 0.00011860000,-0.26000,-0.03840
,,, 0.00011864000,-0.24000,-0.03760
,,, 0.00011868000,-0.24000,-0.03760
,,, 0.00011872000,-0.24000,-0.03840
,,, 0.00011876000,-0.24000,-0.03840
,,, 0.00011880000,-0.24000,-0.03840
,,, 0.00011884000,-0.22000,-0.03840
,,, 0.00011888000,-0.22000,-0.03840
,,, 0.00011892000,-0.22000,-0.03840
,,, 0.00011896000,-0.22000,-0.03920
,,, 0.00011900000,-0.22000,-0.03840
,,, 0.00011904000,-0.22000,-0.03920
,,, 0.00011908000,-0.20000,-0.03920
,,, 0.00011912000,-0.20000,-0.03920
,,, 0.00011916000,-0.20000,-0.03920
,,, 0.00011920000,-0.20000,-0.03920
,,, 0.00011924000,-0.18000,-0.03920
,,, 0.00011928000,-0.18000,-0.03920
,,, 0.00011932000,-0.18000,-0.03920
,,, 0.00011936000,-0.18000,-0.04000
,,, 0.00011940000,-0.18000,-0.04000
,,, 0.00011944000,-0.16000,-0.04000
,,, 0.00011948000,-0.16000,-0.04000
,,, 0.00011952000,-0.16000,-0.04000
,,, 0.00011956000,-0.16000,-0.04000
,,, 0.00011960000,-0.16000,-0.04000
,,, 0.00011964000,-0.14000,-0.04000
,,, 0.00011968000,-0.14000,-0.04000
,,, 0.00011972000,-0.14000,-0.04080
,,, 0.00011976000,-0.14000,-0.04000
,,, 0.00011980000,-0.12000,-0.04000
,,, 0.00011984000,-0.12000,-0.04080
,,, 0.00011988000,-0.12000,-0.04080
,,, 0.00011992000,-0.12000,-0.04080
,,, 0.00011996000,-0.12000,-0.04080
,,, 0.00012000000,-0.10000,-0.04080
,,, 0.00012004000,-0.10000,-0.04080
,,, 0.00012008000,-0.10000,-0.04080
,,, 0.00012012000,-0.10000,-0.04080
,,, 0.00012016000,-0.10000,-0.04160
,,, 0.00012020000,-0.08000,-0.04160
,,, 0.00012024000,-0.08000,-0.04080
,,, 0.00012028000,-0.08000,-0.04080
,,, 0.00012032000,-0.08000,-0.04160
,,, 0.00012036000,-0.06000,-0.04160
,,, 0.00012040000,-0.06000,-0.04160
,,, 0.00012044000,-0.06000,-0.04080
,,, 0.00012048000,-0.06000,-0.04160
,,, 0.00012052000,-0.06000,-0.04240
,,, 0.00012056000,-0.04000,-0.04160
,,, 0.00012060000,-0.04000,-0.04160
,,, 0.00012064000,-0.04000,-0.04240
,,, 0.00012068000,-0.04000,-0.04240
,,, 0.00012072000,-0.04000,-0.04240
,,, 0.00012076000,-0.02000,-0.04160
,,, 0.00012080000,-0.02000,-0.04240
,,, 0.00012084000,-0.02000,-0.04320
,,, 0.00012088000,-0.02000,-0.04240
,,, 0.00012092000,-0.02000,-0.04240
,,, 0.00012096000,0.00,-0.04320
,,, 0.00012100000,0.00,-0.04240
,,, 0.00012104000,0.00,-0.04240
,,, 0.00012108000,0.00,-0.04240
,,, 0.00012112000,0.02000,-0.04240
,,, 0.00012116000,0.02000,-0.04240
,,, 0.00012120000,0.02000,-0.04320
,,, 0.00012124000,0.02000,-0.04240
,,, 0.00012128000,0.02000,-0.04320
,,, 0.00012132000,0.04000,-0.04320
,,, 0.00012136000,0.04000,-0.04320
,,, 0.00012140000,0.04000,-0.04320
,,, 0.00012144000,0.04000,-0.04320
,,, 0.00012148000,0.04000,-0.04320
,,, 0.00012152000,0.04000,-0.04320
,,, 0.00012156000,0.06000,-0.04320
,,, 0.00012160000,0.06000,-0.04400
,,, 0.00012164000,0.06000,-0.04400
,,, 0.00012168000,0.08000,-0.04400
,,, 0.00012172000,0.06000,-0.04400
,,, 0.00012176000,0.08000,-0.04400
,,, 0.00012180000,0.08000,-0.04400
,,, 0.00012184000,0.08000,-0.04400
,,, 0.00012188000,0.08000,-0.04400
,,, 0.00012192000,0.10000,-0.04400
,,, 0.00012196000,0.10000,-0.04400
,,, 0.00012200000,0.10000,-0.04400
,,, 0.00012204000,0.10000,-0.04320
,,, 0.00012208000,0.10000,-0.04400
,,, 0.00012211999,0.12000,-0.04400
,,, 0.00012216000,0.12000,-0.04320
,,, 0.00012220000,0.12000,-0.04400
,,, 0.00012224000,0.12000,-0.04400
,,, 0.00012228001,0.12000,-0.04480
,,, 0.00012231999,0.12000,-0.04400
,,, 0.00012236000,0.14000,-0.04400
,,, 0.00012240000,0.14000,-0.04400
,,, 0.00012244000,0.14000,-0.04400
,,, 0.00012247999,0.16000,-0.04400
,,, 0.00012252000,0.16000,-0.04480
,,, 0.00012256000,0.16000,-0.04480
,,, 0.00012260000,0.16000,-0.04480
,,, 0.00012264001,0.16000,-0.04400
,,, 0.00012267999,0.18000,-0.04400
,,, 0.00012272000,0.18000,-0.04480
,,, 0.00012276000,0.18000,-0.04480
,,, 0.00012280000,0.18000,-0.04400
,,, 0.00012283999,0.18000,-0.04400
,,, 0.00012288000,0.20000,-0.04480
,,, 0.00012292000,0.20000,-0.04400
,,, 0.00012296000,0.20000,-0.04400
,,, 0.00012300001,0.20000,-0.04400
,,, 0.00012303999,0.20000,-0.04480
,,, 0.00012308000,0.20000,-0.04480
,,, 0.00012312000,0.22000,-0.04480
,,, 0.00012316000,0.22000,-0.04480
,,, 0.00012319999,0.22000,-0.04480
,,, 0.00012324000,0.22000,-0.04480
,,, 0.00012328000,0.24000,-0.04400
,,, 0.00012332000,0.24000,-0.04480
,,, 0.00012336001,0.24000,-0.04480
,,, 0.00012339999,0.24000,-0.04480
,,, 0.00012344000,0.24000,-0.04480
,,, 0.00012348000,0.26000,-0.04400
,,, 0.00012352000,0.26000,-0.04480
,,, 0.00012355999,0.26000,-0.04480
,,, 0.00012360000,0.26000,-0.04400
,,, 0.00012364000,0.26000,-0.04480
,,, 0.00012368000,0.28000,-0.04480
,,, 0.00012372000,0.28000,-0.04400
,,, 0.00012375999,0.28000,-0.04400
,,, 0.00012380000,0.28000,-0.04400
,,, 0.00012384000,0.28000,-0.04480
,,, 0.00012388000,0.28000,-0.04480
,,, 0.00012392001,0.30000,-0.04400
,,, 0.00012396000,0.30000,-0.04400
,,, 0.00012400000,0.30000,-0.04480
,,, 0.00012404000,0.30000,-0.04400
,,, 0.00012408000,0.30000,-0.04400
,,, 0.00012411999,0.32000,-0.04480
,,, 0.00012416000,0.32000,-0.04400
,,, 0.00012420000,0.32000,-0.04400
,,, 0.00012424000,0.34000,-0.04400
,,, 0.00012428001,0.34000,-0.04400
,,, 0.00012431999,0.32000,-0.04480
,,, 0.00012436000,0.34000,-0.04400
,,, 0.00012440000,0.34000,-0.04400
,,, 0.00012444000,0.34000,-0.04400
,,, 0.00012447999,0.34000,-0.04480
,,, 0.00012452000,0.36000,-0.04480
,,, 0.00012456000,0.36000,-0.04400
,,, 0.00012460000,0.36000,-0.04400
,,, 0.00012464001,0.36000,-0.04480
,,, 0.00012467999,0.36000,-0.04400
,,, 0.00012472000,0.38000,-0.04400
,,, 0.00012476000,0.38000,-0.04480
,,, 0.00012480000,0.38000,-0.04480
,,, 0.00012483999,0.38000,-0.04400
,,, 0.00012488000,0.38000,-0.04400
,,, 0.00012492000,0.38000,-0.04400
,,, 0.00012496000,0.38000,-0.04480
,,, 0.00012500001,0.38000,-0.04480
,,, 0.00012503999,0.40000,-0.04400
,,, 0.00012508000,0.40000,-0.04400
,,, 0.00012512000,0.40000,-0.04400
,,, 0.00012516000,0.40000,-0.04320
,,, 0.00012519999,0.40000,-0.04400
,,, 0.00012524000,0.42000,-0.04400
,,, 0.00012528000,0.42000,-0.04400
,,, 0.00012532000,0.42000,-0.04400
,,, 0.00012536001,0.42000,-0.04400
,,, 0.00012539999,0.42000,-0.04400
,,, 0.00012544000,0.42000,-0.04400
,,, 0.00012548000,0.44000,-0.04400
,,, 0.00012552000,0.44000,-0.04400
,,, 0.00012555999,0.44000,-0.04400
,,, 0.00012560000,0.44000,-0.04400
,,, 0.00012564000,0.44000,-0.04400
,,, 0.00012568000,0.46000,-0.04400
,,, 0.00012572001,0.46000,-0.04400
,,, 0.00012575999,0.46000,-0.04400
,,, 0.00012580000,0.46000,-0.04320
,,, 0.00012584000,0.46000,-0.04320
,,, 0.00012588000,0.46000,-0.04400
,,, 0.00012591999,0.48000,-0.04320
,,, 0.00012596000,0.46000,-0.04320
,,, 0.00012600000,0.48000,-0.04320
,,, 0.00012604000,0.48000,-0.04320
,,, 0.00012608001,0.48000,-0.04320
,,, 0.00012611999,0.48000,-0.04320
,,, 0.00012616000,0.50000,-0.04320
,,, 0.00012620000,0.50000,-0.04320
,,, 0.00012624000,0.50000,-0.04320
,,, 0.00012627999,0.50000,-0.04320
,,, 0.00012632000,0.50000,-0.04320
,,, 0.00012636000,0.50000,-0.04320
,,, 0.00012640000,0.52000,-0.04320
,,, 0.00012644001,0.52000,-0.04240
,,, 0.00012647999,0.52000,-0.04240
,,, 0.00012652000,0.52000,-0.04240
,,, 0.00012656000,0.52000,-0.04320
,,, 0.00012660000,0.54000,-0.04240
,,, 0.00012663999,0.52000,-0.04240
,,, 0.00012668000,0.54000,-0.04240
,,, 0.00012672000,0.54000,-0.04240
,,, 0.00012676000,0.54000,-0.04160
,,, 0.00012680001,0.54000,-0.04240
,,, 0.00012683999,0.54000,-0.04240
,,, 0.00012688000,0.54000,-0.04240
,,, 0.00012692000,0.54000,-0.04160
,,, 0.00012696000,0.56000,-0.04160
,,, 0.00012699999,0.56000,-0.04240
,,, 0.00012704000,0.56000,-0.04160
,,, 0.00012708000,0.56000,-0.04160
,,, 0.00012712000,0.56000,-0.04240
,,, 0.00012716000,0.58000,-0.04240
,,, 0.00012719999,0.58000,-0.04160
,,, 0.00012724000,0.58000,-0.04160
,,, 0.00012728000,0.58000,-0.04080
,,, 0.00012732000,0.58000,-0.04160
,,, 0.00012736001,0.58000,-0.04160
,,, 0.00012740000,0.60000,-0.04080
,,, 0.00012744000,0.58000,-0.04080
,,, 0.00012748000,0.60000,-0.04160
,,, 0.00012752000,0.60000,-0.04160
,,, 0.00012755999,0.60000,-0.04080
,,, 0.00012760000,0.60000,-0.04080
,,, 0.00012764000,0.60000,-0.04080
,,, 0.00012768000,0.60000,-0.04080
,,, 0.00012772001,0.62000,-0.04080
,,, 0.00012775999,0.62000,-0.04080
,,, 0.00012780000,0.62000,-0.04080
,,, 0.00012784000,0.62000,-0.04080
,,, 0.00012788000,0.62000,-0.04000
,,, 0.00012791999,0.62000,-0.04080
,,, 0.00012796000,0.62000,-0.04080
,,, 0.00012800000,0.62000,-0.04080
,,, 0.00012804000,0.64000,-0.04080
,,, 0.00012808001,0.64000,-0.04000
,,, 0.00012811999,0.64000,-0.04000
,,, 0.00012816000,0.64000,-0.04000
,,, 0.00012820000,0.64000,-0.03920
,,, 0.00012824000,0.64000,-0.04000
,,, 0.00012827999,0.64000,-0.04000
,,, 0.00012832000,0.64000,-0.04000
,,, 0.00012836000,0.66000,-0.03920
,,, 0.00012840000,0.66000,-0.03920
,,, 0.00012844001,0.66000,-0.04000
,,, 0.00012847999,0.66000,-0.03920
,,, 0.00012852000,0.66000,-0.03920
,,, 0.00012856000,0.66000,-0.03920
,,, 0.00012860000,0.68000,-0.04000
,,, 0.00012863999,0.68000,-0.04000
,,, 0.00012868000,0.68000,-0.03920
,,, 0.00012872000,0.68000,-0.03920
,,, 0.00012876000,0.68000,-0.03920
,,, 0.00012880001,0.68000,-0.03920
,,, 0.00012883999,0.68000,-0.03840
,,, 0.00012888000,0.68000,-0.03920
,,, 0.00012892000,0.68000,-0.03920
,,, 0.00012896000,0.68000,-0.03840
,,, 0.00012899999,0.68000,-0.03840
,,, 0.00012904000,0.70000,-0.03840
,,, 0.00012908000,0.70000,-0.03840
,,, 0.00012912000,0.70000,-0.03840
,,, 0.00012916001,0.70000,-0.03840
,,, 0.00012919999,0.70000,-0.03840
,,, 0.00012924000,0.70000,-0.03840
,,, 0.00012928000,0.72000,-0.03840
,,, 0.00012932000,0.70000,-0.03760
,,, 0.00012935999,0.72000,-0.03760
,,, 0.00012940000,0.72000,-0.03840
,,, 0.00012944000,0.72000,-0.03760
,,, 0.00012948000,0.72000,-0.03680
,,, 0.00012952001,0.72000,-0.03680
,,, 0.00012955999,0.72000,-0.03760
,,, 0.00012960000,0.72000,-0.03680
,,, 0.00012964000,0.72000,-0.03680
,,, 0.00012968000,0.72000,-0.03680
,,, 0.00012971999,0.74000,-0.03680
,,, 0.00012976000,0.74000,-0.03680
,,, 0.00012980000,0.74000,-0.03600
,,, 0.00012984000,0.74000,-0.03680
,,, 0.00012988001,0.74000,-0.03600
,,, 0.00012991999,0.74000,-0.03600
,,, 0.00012996000,0.74000,-0.03600
,,, 0.00013000000,0.74000,-0.03600
,,, 0.00013004000,0.74000,-0.03600
,,, 0.00013007999,0.74000,-0.03600
,,, 0.00013012000,0.76000,-0.03600
,,, 0.00013016000,0.76000,-0.03600
,,, 0.00013020000,0.76000,-0.03600
,,, 0.00013024001,0.76000,-0.03520
,,, 0.00013027999,0.76000,-0.03520
,,, 0.00013032000,0.76000,-0.03520
,,, 0.00013036000,0.76000,-0.03520
,,, 0.00013040000,0.78000,-0.03440
,,, 0.00013043999,0.76000,-0.03440
,,, 0.00013048000,0.78000,-0.03440
,,, 0.00013052000,0.78000,-0.03520
,,, 0.00013056000,0.78000,-0.03440
,,, 0.00013060000,0.78000,-0.03360
,,, 0.00013063999,0.78000,-0.03360
,,, 0.00013068000,0.78000,-0.03440
,,, 0.00013072000,0.78000,-0.03360
,,, 0.00013076000,0.78000,-0.03360
,,, 0.00013080001,0.78000,-0.03360
,,, 0.00013084000,0.78000,-0.03360
,,, 0.00013088000,0.78000,-0.03280
,,, 0.00013092000,0.78000,-0.03280
,,, 0.00013096000,0.80000,-0.03360
,,, 0.00013099999,0.80000,-0.03360
,,, 0.00013104000,0.80000,-0.03280
,,, 0.00013108000,0.80000,-0.03280
,,, 0.00013112000,0.80000,-0.03280
,,, 0.00013116001,0.80000,-0.03280
,,, 0.00013119999,0.80000,-0.03280
,,, 0.00013124000,0.80000,-0.03200
,,, 0.00013128000,0.82000,-0.03200
,,, 0.00013132000,0.82000,-0.03200
,,, 0.00013135999,0.82000,-0.03200
,,, 0.00013140000,0.80000,-0.03120
,,, 0.00013144000,0.82000,-0.03120
,,, 0.00013148000,0.82000,-0.03120
,,, 0.00013152001,0.82000,-0.03120
,,, 0.00013155999,0.82000,-0.03120
,,, 0.00013160000,0.82000,-0.03120
,,, 0.00013164000,0.82000,-0.03120
,,, 0.00013168000,0.82000,-0.03040
,,, 0.00013171999,0.84000,-0.03040
,,, 0.00013176000,0.82000,-0.03040
,,, 0.00013180000,0.82000,-0.03040
,,, 0.00013184000,0.84000,-0.03040
,,, 0.00013188001,0.82000,-0.02960
,,, 0.00013191999,0.84000,-0.02960
,,, 0.00013196000,0.84000,-0.02960
,,, 0.00013200000,0.84000,-0.02960
,,, 0.00013204000,0.84000,-0.02960
,,, 0.00013207999,0.84000,-0.02960
,,, 0.00013212000,0.84000,-0.02880
,,, 0.00013216000,0.84000,-0.02880
,,, 0.00013220000,0.84000,-0.02880
,,, 0.00013224001,0.84000,-0.02880
,,, 0.00013227999,0.86000,-0.02880
,,, 0.00013232000,0.84000,-0.02880
,,, 0.00013236000,0.86000,-0.02800
,,, 0.00013240000,0.86000,-0.02880
,,, 0.00013243999,0.84000,-0.02880
,,, 0.00013248000,0.86000,-0.02720
,,, 0.00013252000,0.86000,-0.02720
,,, 0.00013256000,0.86000,-0.02800
,,, 0.00013260001,0.86000,-0.02800
,,, 0.00013263999,0.86000,-0.02720
,,, 0.00013268000,0.86000,-0.02720
,,, 0.00013272000,0.86000,-0.02640
,,, 0.00013276000,0.86000,-0.02640
,,, 0.00013279999,0.86000,-0.02640
,,, 0.00013284000,0.86000,-0.02640
,,, 0.00013288000,0.86000,-0.02640
,,, 0.00013292000,0.86000,-0.02640
,,, 0.00013296001,0.88000,-0.02640
,,, 0.00013299999,0.86000,-0.02560
,,, 0.00013304000,0.86000,-0.02560
,,, 0.00013308000,0.86000,-0.02560
,,, 0.00013312000,0.86000,-0.02560
,,, 0.00013315999,0.86000,-0.02480
,,, 0.00013320000,0.88000,-0.02560
,,, 0.00013324000,0.88000,-0.02560
,,, 0.00013328000,0.88000,-0.02480
,,, 0.00013332001,0.86000,-0.02480
,,, 0.00013335999,0.88000,-0.02480
,,, 0.00013340000,0.88000,-0.02400
,,, 0.00013344000,0.88000,-0.02400
,,, 0.00013348000,0.88000,-0.02400
,,, 0.00013351999,0.88000,-0.02400
,,, 0.00013356000,0.88000,-0.02320
,,, 0.00013360000,0.88000,-0.02320
,,, 0.00013364000,0.88000,-0.02320
,,, 0.00013368001,0.88000,-0.02320
,,, 0.00013371999,0.88000,-0.02320
,,, 0.00013376000,0.88000,-0.02320
,,, 0.00013380000,0.88000,-0.02240
,,, 0.00013384000,0.88000,-0.02240
,,, 0.00013387999,0.88000,-0.02240
,,, 0.00013392000,0.88000,-0.02160
,,, 0.00013396000,0.88000,-0.02160
,,, 0.00013400000,0.88000,-0.02240
,,, 0.00013404000,0.88000,-0.02160
,,, 0.00013407999,0.88000,-0.02160
,,, 0.00013412000,0.88000,-0.02080
,,, 0.00013416000,0.88000,-0.02080
,,, 0.00013420000,0.88000,-0.02080
,,, 0.00013424001,0.88000,-0.02080
,,, 0.00013428000,0.90000,-0.02000
,,, 0.00013432000,0.90000,-0.02080
,,, 0.00013436000,0.90000,-0.02000
,,, 0.00013440000,0.90000,-0.02000
,,, 0.00013443999,0.88000,-0.01920
,,, 0.00013448000,0.90000,-0.02000
,,, 0.00013452000,0.90000,-0.02000
,,, 0.00013456000,0.90000,-0.01920
,,, 0.00013460001,0.90000,-0.01920
,,, 0.00013463999,0.90000,-0.01920
,,, 0.00013468000,0.90000,-0.01920
,,, 0.00013472000,0.90000,-0.01840
,,, 0.00013476000,0.90000,-0.01840
,,, 0.00013479999,0.90000,-0.01840
,,, 0.00013484000,0.90000,-0.01840
,,, 0.00013488000,0.90000,-0.01760
,,, 0.00013492000,0.90000,-0.01760
,,, 0.00013496001,0.90000,-0.01760
,,, 0.00013499999,0.90000,-0.01760
,,, 0.00013504000,0.90000,-0.01680
,,, 0.00013508000,0.90000,-0.01680
,,, 0.00013512000,0.90000,-0.01680
,,, 0.00013515999,0.90000,-0.01680
,,, 0.00013520000,0.90000,-0.01680
,,, 0.00013524000,0.90000,-0.01600
,,, 0.00013528000,0.90000,-0.01600
,,, 0.00013532001,0.90000,-0.01600
,,, 0.00013535999,0.90000,-0.01600
,,, 0.00013540000,0.90000,-0.01600
,,, 0.00013544000,0.90000,-0.01600
,,, 0.00013548000,0.90000,-0.01520
,,, 0.00013551999,0.90000,-0.01520
,,, 0.00013556000,0.90000,-0.01520
,,, 0.00013560000,0.90000,-0.01520
,,, 0.00013564000,0.90000,-0.01520
,,, 0.00013568001,0.90000,-0.01440
,,, 0.00013571999,0.90000,-0.01440
,,, 0.00013576000,0.90000,-0.01440
,,, 0.00013580000,0.90000,-0.01360
,,, 0.00013584000,0.90000,-0.01360
,,, 0.00013587999,0.90000,-0.01360
,,, 0.00013592000,0.90000,-0.01360
,,, 0.00013596000,0.90000,-0.01280
,,, 0.00013600000,0.90000,-0.01280
,,, 0.00013604001,0.90000,-0.01280
,,, 0.00013607999,0.90000,-0.01280
,,, 0.00013612000,0.90000,-0.01280
,,, 0.00013616000,0.90000,-0.01280
,,, 0.00013620000,0.90000,-0.01200
,,, 0.00013623999,0.90000,-0.01200
,,, 0.00013628000,0.90000,-0.01200
,,, 0.00013632000,0.90000,-0.01120
,,, 0.00013636000,0.90000,-0.01120
,,, 0.00013640001,0.90000,-0.01120
,,, 0.00013643999,0.90000,-0.01120
,,, 0.00013648000,0.90000,-0.01120
,,, 0.00013652000,0.90000,-0.01040
,,, 0.00013656000,0.90000,-0.01040
,,, 0.00013659999,0.90000,-0.01040
,,, 0.00013664000,0.90000,-0.00960
,,, 0.00013668000,0.90000,-0.00960
,,, 0.00013672000,0.90000,-0.00960
,,, 0.00013676001,0.90000,-0.00960
,,, 0.00013679999,0.90000,-0.00960
,,, 0.00013684000,0.90000,-0.00880
,,, 0.00013688000,0.90000,-0.00960
,,, 0.00013692000,0.90000,-0.00880
,,, 0.00013695999,0.90000,-0.00880
,,, 0.00013700000,0.90000,-0.00880
,,, 0.00013704000,0.90000,-0.00880
,,, 0.00013708000,0.90000,-0.00800
,,, 0.00013712001,0.90000,-0.00800
,,, 0.00013715999,0.90000,-0.00800
,,, 0.00013720000,0.90000,-0.00800
,,, 0.00013724000,0.90000,-0.00720
,,, 0.00013728000,0.90000,-0.00720
,,, 0.00013731999,0.90000,-0.00720
,,, 0.00013736000,0.90000,-0.00640
,,, 0.00013740000,0.90000,-0.00640
,,, 0.00013744000,0.90000,-0.00640
,,, 0.00013748000,0.90000,-0.00640
,,, 0.00013751999,0.90000,-0.00640
,,, 0.00013756000,0.90000,-0.00560
,,, 0.00013760000,0.90000,-0.00560
,,, 0.00013764000,0.90000,-0.00560
,,, 0.00013767999,0.90000,-0.00560
,,, 0.00013772000,0.90000,-0.00480
,,, 0.00013776000,0.90000,-0.00480
,,, 0.00013780000,0.90000,-0.00480
,,, 0.00013784000,0.90000,-0.00480
,,, 0.00013787999,0.90000,-0.00400
,,, 0.00013792000,0.90000,-0.00400
,,, 0.00013796000,0.90000,-0.00400
,,, 0.00013800000,0.90000,-0.00400
,,, 0.00013804001,0.90000,-0.00320
,,, 0.00013807999,0.90000,-0.00320
,,, 0.00013812000,0.90000,-0.00320
,,, 0.00013816000,0.90000,-0.00320
,,, 0.00013820000,0.88000,-0.00240
,,, 0.00013823999,0.88000,-0.00240
,,, 0.00013828000,0.88000,-0.00240
,,, 0.00013832000,0.88000,-0.00240
,,, 0.00013836000,0.88000,-0.00240
,,, 0.00013840001,0.88000,-0.00160
,,, 0.00013843999,0.88000,-0.00160
,,, 0.00013848000,0.88000,-0.00160
,,, 0.00013852000,0.88000,-0.00160
,,, 0.00013856000,0.88000,-0.00160
,,, 0.00013859999,0.88000,-0.00080
,,, 0.00013864000,0.88000,-0.00080
,,, 0.00013868000,0.88000,-0.00080
,,, 0.00013872000,0.88000,0.00
,,, 0.00013876001,0.88000,0.00
,,, 0.00013879999,0.88000,0.00
,,, 0.00013884000,0.88000,0.00
,,, 0.00013888000,0.88000,0.00
,,, 0.00013892000,0.88000,0.00
,,, 0.00013895999,0.88000,0.00080
,,, 0.00013900000,0.88000,0.00080
,,, 0.00013904000,0.88000,0.00080
,,, 0.00013908000,0.88000,0.00080
,,, 0.00013912001,0.88000,0.00080
,,, 0.00013915999,0.88000,0.00160
,,, 0.00013920000,0.88000,0.00160
,,, 0.00013924000,0.88000,0.00160
,,, 0.00013928000,0.88000,0.00160
,,, 0.00013931999,0.88000,0.00240
,,, 0.00013936000,0.86000,0.00160
,,, 0.00013940000,0.86000,0.00240
,,, 0.00013944000,0.86000,0.00240
,,, 0.00013948001,0.86000,0.00240
,,, 0.00013951999,0.86000,0.00320
,,, 0.00013956000,0.86000,0.00320
,,, 0.00013960000,0.86000,0.00320
,,, 0.00013964000,0.86000,0.00400
,,, 0.00013967999,0.86000,0.00400
,,, 0.00013972000,0.86000,0.00400
,,, 0.00013976000,0.86000,0.00400
,,, 0.00013980000,0.86000,0.00400
,,, 0.00013984001,0.86000,0.00400
,,, 0.00013987999,0.86000,0.00480
,,, 0.00013992000,0.86000,0.00480
,,, 0.00013996000,0.86000,0.00560
,,, 0.00014000000,0.86000,0.00480
,,, 0.00014003999,0.84000,0.00480
,,, 0.00014008000,0.84000,0.00560
,,, 0.00014012000,0.86000,0.00560
,,, 0.00014016000,0.84000,0.00560
,,, 0.00014020001,0.84000,0.00640
,,, 0.00014023999,0.84000,0.00640
,,, 0.00014028000,0.84000,0.00640
,,, 0.00014032000,0.84000,0.00640
,,, 0.00014036000,0.84000,0.00640
,,, 0.00014039999,0.84000,0.00720
,,, 0.00014044000,0.84000,0.00720
,,, 0.00014048000,0.84000,0.00720
,,, 0.00014052000,0.84000,0.00720
,,, 0.00014056001,0.84000,0.00720
,,, 0.00014059999,0.84000,0.00800
,,, 0.00014064000,0.84000,0.00800
,,, 0.00014068000,0.82000,0.00800
,,, 0.00014072000,0.82000,0.00880
,,, 0.00014075999,0.82000,0.00880
,,, 0.00014080000,0.82000,0.00880
,,, 0.00014084000,0.82000,0.00880
,,, 0.00014088000,0.82000,0.00960
,,, 0.00014092000,0.82000,0.00960
,,, 0.00014095999,0.82000,0.00960
,,, 0.00014100000,0.82000,0.00960
,,, 0.00014104000,0.82000,0.00960
,,, 0.00014108000,0.82000,0.01040
,,, 0.00014111999,0.82000,0.01040
,,, 0.00014116000,0.82000,0.01040
,,, 0.00014120000,0.82000,0.01120
,,, 0.00014124000,0.80000,0.01120
,,, 0.00014128000,0.80000,0.01120
,,, 0.00014131999,0.80000,0.01120
,,, 0.00014136000,0.80000,0.01120
,,, 0.00014140000,0.80000,0.01200
,,, 0.00014144000,0.80000,0.01200
,,, 0.00014148001,0.80000,0.01200
,,, 0.00014151999,0.80000,0.01280
,,, 0.00014156000,0.80000,0.01280
,,, 0.00014160000,0.78000,0.01200
,,, 0.00014164000,0.78000,0.01280
,,, 0.00014167999,0.78000,0.01280
,,, 0.00014172000,0.78000,0.01280
,,, 0.00014176000,0.78000,0.01360
,,, 0.00014180000,0.78000,0.01360
,,, 0.00014184001,0.78000,0.01360
,,, 0.00014187999,0.78000,0.01360
,,, 0.00014192000,0.78000,0.01360
,,, 0.00014196000,0.78000,0.01360
,,, 0.00014200000,0.78000,0.01440
,,, 0.00014203999,0.78000,0.01440
,,, 0.00014208000,0.78000,0.01520
,,, 0.00014212000,0.76000,0.01520
,,, 0.00014216000,0.76000,0.01440
,,, 0.00014220001,0.76000,0.01520
,,, 0.00014223999,0.76000,0.01520
,,, 0.00014228000,0.76000,0.01520
,,, 0.00014232000,0.76000,0.01600
,,, 0.00014236000,0.76000,0.01600
,,, 0.00014239999,0.76000,0.01600
,,, 0.00014244000,0.76000,0.01600
,,, 0.00014248000,0.74000,0.01600
,,, 0.00014252000,0.74000,0.01680
,,, 0.00014256001,0.74000,0.01680
,,, 0.00014259999,0.74000,0.01680
,,, 0.00014264000,0.74000,0.01680
,,, 0.00014268000,0.74000,0.01760
,,, 0.00014272000,0.74000,0.01760
,,, 0.00014275999,0.74000,0.01760
,,, 0.00014280000,0.74000,0.01760
,,, 0.00014284000,0.74000,0.01840
,,, 0.00014288000,0.74000,0.01840
,,, 0.00014292001,0.74000,0.01840
,,, 0.00014295999,0.72000,0.01840
,,, 0.00014300000,0.72000,0.01840
,,, 0.00014304000,0.72000,0.01840
,,, 0.00014308000,0.72000,0.01840
,,, 0.00014311999,0.72000,0.01920
,,, 0.00014316000,0.72000,0.01920
,,, 0.00014320000,0.72000,0.01920
,,, 0.00014324000,0.72000,0.01920
,,, 0.00014328001,0.72000,0.01920
,,, 0.00014331999,0.72000,0.02000
,,, 0.00014336000,0.70000,0.02000
,,, 0.00014340000,0.70000,0.02000
,,, 0.00014344000,0.70000,0.02080
,,, 0.00014347999,0.70000,0.02080
,,, 0.00014352000,0.70000,0.02080
,,, 0.00014356000,0.70000,0.02160
,,, 0.00014360000,0.70000,0.02080
,,, 0.00014364001,0.70000,0.02160
,,, 0.00014367999,0.70000,0.02240
,,, 0.00014372000,0.70000,0.02160
,,, 0.00014376000,0.68000,0.02240
,,, 0.00014380000,0.68000,0.02240
,,, 0.00014383999,0.68000,0.02240
,,, 0.00014388000,0.68000,0.02320
,,, 0.00014392000,0.68000,0.02320
,,, 0.00014396000,0.68000,0.02320
,,, 0.00014400001,0.68000,0.02320
,,, 0.00014403999,0.68000,0.02320
,,, 0.00014408000,0.68000,0.02320
,,, 0.00014412000,0.68000,0.02400
,,, 0.00014416000,0.66000,0.02400
,,, 0.00014419999,0.66000,0.02480
,,, 0.00014424000,0.66000,0.02480
,,, 0.00014428000,0.66000,0.02480
,,, 0.00014432000,0.66000,0.02480
,,, 0.00014436000,0.66000,0.02480
,,, 0.00014439999,0.66000,0.02560
,,, 0.00014444000,0.66000,0.02560
,,, 0.00014448000,0.66000,0.02560
,,, 0.00014452000,0.64000,0.02560
,,, 0.00014455999,0.64000,0.02640
,,, 0.00014460000,0.64000,0.02640
,,, 0.00014464000,0.64000,0.02640
,,, 0.00014468000,0.64000,0.02640
,,, 0.00014472000,0.64000,0.02640
,,, 0.00014475999,0.64000,0.02720
,,, 0.00014480000,0.64000,0.02720
,,, 0.00014484000,0.64000,0.02720
,,, 0.00014488000,0.64000,0.02720
,,, 0.00014492001,0.64000,0.02720
,,, 0.00014495999,0.62000,0.02720
,,, 0.00014500000,0.64000,0.02800
,,, 0.00014504000,0.62000,0.02800
,,, 0.00014508000,0.62000,0.02800
,,, 0.00014511999,0.62000,0.02880
,,, 0.00014516000,0.62000,0.02800
,,, 0.00014520000,0.62000,0.02800
,,, 0.00014524000,0.62000,0.02880
,,, 0.00014528001,0.60000,0.02880
,,, 0.00014531999,0.60000,0.02880
,,, 0.00014536000,0.60000,0.02880
,,, 0.00014540000,0.60000,0.02880
,,, 0.00014544000,0.60000,0.02960
,,, 0.00014547999,0.60000,0.02960
,,, 0.00014552000,0.60000,0.02960
,,, 0.00014556000,0.58000,0.03040
,,, 0.00014560000,0.58000,0.03040
,,, 0.00014564001,0.58000,0.02960
,,, 0.00014567999,0.58000,0.03040
,,, 0.00014572000,0.58000,0.03040
,,, 0.00014576000,0.58000,0.03040
,,, 0.00014580000,0.58000,0.03120
,,, 0.00014583999,0.56000,0.03120
,,, 0.00014588000,0.58000,0.03120
,,, 0.00014592000,0.56000,0.03120
,,, 0.00014596000,0.56000,0.03120
,,, 0.00014600001,0.56000,0.03120
,,, 0.00014603999,0.56000,0.03200
,,, 0.00014608000,0.56000,0.03200
,,, 0.00014612000,0.56000,0.03200
,,, 0.00014616000,0.56000,0.03200
,,, 0.00014619999,0.54000,0.03200
,,, 0.00014624000,0.56000,0.03200
,,, 0.00014628000,0.54000,0.03280
,,, 0.00014632000,0.54000,0.03280
,,, 0.00014636001,0.54000,0.03280
,,, 0.00014639999,0.52000,0.03280
,,, 0.00014644000,0.54000,0.03280
,,, 0.00014648000,0.54000,0.03280
,,, 0.00014652000,0.52000,0.03360
,,, 0.00014655999,0.52000,0.03360
,,, 0.00014660000,0.52000,0.03360
,,, 0.00014664000,0.52000,0.03360
,,, 0.00014668000,0.52000,0.03440
,,, 0.00014672001,0.52000,0.03440
,,, 0.00014675999,0.50000,0.03360
,,, 0.00014680000,0.52000,0.03440
,,, 0.00014684000,0.52000,0.03440
,,, 0.00014688000,0.50000,0.03520
,,, 0.00014691999,0.52000,0.03520
,,, 0.00014696000,0.50000,0.03520
,,, 0.00014700000,0.50000,0.03520
,,, 0.00014704000,0.50000,0.03520
,,, 0.00014708001,0.48000,0.03520
,,, 0.00014711999,0.48000,0.03520
,,, 0.00014716000,0.48000,0.03520
,,, 0.00014720000,0.48000,0.03600
,,, 0.00014724000,0.48000,0.03600
,,, 0.00014727999,0.46000,0.03600
,,, 0.00014732000,0.46000,0.03600
,,, 0.00014736000,0.46000,0.03600
,,, 0.00014740000,0.48000,0.03680
,,, 0.00014744001,0.46000,0.03680
,,, 0.00014747999,0.46000,0.03680
,,, 0.00014752000,0.46000,0.03680
,,, 0.00014756000,0.46000,0.03680
,,, 0.00014760000,0.44000,0.03680
,,, 0.00014763999,0.44000,0.03680
,,, 0.00014768000,0.44000,0.03760
,,, 0.00014772000,0.44000,0.03760
,,, 0.00014776000,0.44000,0.03760
,,, 0.00014780000,0.44000,0.03760
,,, 0.00014783999,0.44000,0.03760
,,, 0.00014788000,0.44000,0.03760
,,, 0.00014792000,0.44000,0.03840
,,, 0.00014796000,0.42000,0.03840
,,, 0.00014799999,0.42000,0.03840
,,, 0.00014804000,0.42000,0.03840
,,, 0.00014808000,0.42000,0.03840
,,, 0.00014812000,0.42000,0.03840
,,, 0.00014816000,0.40000,0.03840
,,, 0.00014819999,0.40000,0.03920
,,, 0.00014824000,0.40000,0.03920
,,, 0.00014828000,0.40000,0.03920
,,, 0.00014832000,0.40000,0.03920
,,, 0.00014836001,0.40000,0.03920
,,, 0.00014839999,0.38000,0.03920
,,, 0.00014844000,0.40000,0.03920
,,, 0.00014848000,0.40000,0.03920
,,, 0.00014852000,0.38000,0.03920
,,, 0.00014855999,0.38000,0.04000
,,, 0.00014860000,0.38000,0.04000
,,, 0.00014864000,0.38000,0.03920
,,, 0.00014868000,0.38000,0.04000
,,, 0.00014872001,0.36000,0.04000
,,, 0.00014875999,0.36000,0.04000
,,, 0.00014880000,0.36000,0.04000
,,, 0.00014884000,0.36000,0.04000
,,, 0.00014888000,0.36000,0.04000
,,, 0.00014891999,0.36000,0.04000
,,, 0.00014896000,0.36000,0.04000
,,, 0.00014900000,0.36000,0.04000
,,, 0.00014904000,0.36000,0.04080
,,, 0.00014908001,0.34000,0.04080
,,, 0.00014911999,0.34000,0.04080
,,, 0.00014916000,0.34000,0.04080
,,, 0.00014920000,0.34000,0.04080
,,, 0.00014924000,0.32000,0.04080
,,, 0.00014927999,0.32000,0.04080
,,, 0.00014932000,0.32000,0.04160
,,, 0.00014936000,0.32000,0.04160
,,, 0.00014940000,0.32000,0.04160
,,, 0.00014944001,0.32000,0.04160
,,, 0.00014947999,0.30000,0.04160
,,, 0.00014952000,0.30000,0.04160
,,, 0.00014956000,0.30000,0.04160
,,, 0.00014960000,0.30000,0.04160
,,, 0.00014963999,0.30000,0.04160
,,, 0.00014968000,0.30000,0.04240
,,, 0.00014972000,0.30000,0.04240
,,, 0.00014976000,0.30000,0.04240
,,, 0.00014980001,0.28000,0.04240
,,, 0.00014983999,0.28000,0.04240
,,, 0.00014988000,0.28000,0.04240
,,, 0.00014992000,0.28000,0.04240
,,, 0.00014996000,0.28000,0.04240
,,, 0.00014999999,0.28000,0.04240
,,, 0.00015004000,0.26000,0.04240
,,, 0.00015008000,0.26000,0.04320
,,, 0.00015012000,0.26000,0.04240
,,, 0.00015016001,0.26000,0.04240
,,, 0.00015019999,0.26000,0.04240
,,, 0.00015024000,0.24000,0.04320
,,, 0.00015028000,0.26000,0.04320
,,, 0.00015032000,0.24000,0.04320
,,, 0.00015035999,0.24000,0.04320
,,, 0.00015040000,0.24000,0.04320
,,, 0.00015044000,0.22000,0.04320
,,, 0.00015048000,0.22000,0.04320
,,, 0.00015052001,0.22000,0.04320
,,, 0.00015055999,0.22000,0.04320
,,, 0.00015060000,0.22000,0.04400
,,, 0.00015064000,0.22000,0.04400
,,, 0.00015068000,0.22000,0.04320
,,, 0.00015071999,0.22000,0.04320
,,, 0.00015076000,0.22000,0.04400
,,, 0.00015080000,0.20000,0.04400
,,, 0.00015084000,0.20000,0.04400
,,, 0.00015088001,0.20000,0.04400
,,, 0.00015091999,0.20000,0.04400
,,, 0.00015096000,0.18000,0.04400
,,, 0.00015100000,0.18000,0.04400
,,, 0.00015104000,0.18000,0.04400
,,, 0.00015107999,0.18000,0.04400
,,, 0.00015112000,0.18000,0.04480
,,, 0.00015116000,0.18000,0.04400
,,, 0.00015120000,0.18000,0.04480
,,, 0.00015124000,0.18000,0.04480
,,, 0.00015127999,0.16000,0.04480
,,, 0.00015132000,0.16000,0.04480
,,, 0.00015136000,0.16000,0.04480
,,, 0.00015140000,0.16000,0.04480
,,, 0.00015143999,0.16000,0.04480
,,, 0.00015148000,0.14000,0.04480
,,, 0.00015152000,0.14000,0.04480
,,, 0.00015156000,0.14000,0.04480
,,, 0.00015160000,0.14000,0.04560
,,, 0.00015163999,0.12000,0.04480
,,, 0.00015168000,0.12000,0.04560
,,, 0.00015172000,0.12000,0.04560
,,, 0.00015176000,0.12000,0.04560
,,, 0.00015180001,0.12000,0.04560
,,, 0.00015183999,0.12000,0.04480
,,, 0.00015188000,0.12000,0.04480
,,, 0.00015192000,0.10000,0.04480
,,, 0.00015196000,0.12000,0.04560
,,, 0.00015199999,0.10000,0.04560
,,, 0.00015204000,0.10000,0.04560
,,, 0.00015208000,0.10000,0.04560
,,, 0.00015212000,0.10000,0.04560
,,, 0.00015216001,0.08000,0.04560
,,, 0.00015219999,0.08000,0.04640
,,, 0.00015224000,0.08000,0.04560
,,, 0.00015228000,0.08000,0.04640
,,, 0.00015232000,0.06000,0.04640
,,, 0.00015235999,0.06000,0.04560
,,, 0.00015240000,0.06000,0.04560
,,, 0.00015244000,0.06000,0.04560
,,, 0.00015248000,0.06000,0.04640
,,, 0.00015252001,0.06000,0.04640
,,, 0.00015255999,0.06000,0.04640
,,, 0.00015260000,0.04000,0.04640
,,, 0.00015264000,0.04000,0.04640
,,, 0.00015268000,0.04000,0.04640
,,, 0.00015271999,0.04000,0.04640
,,, 0.00015276000,0.04000,0.04640
,,, 0.00015280000,0.04000,0.04640
,,, 0.00015284000,0.04000,0.04640
,,, 0.00015288001,0.02000,0.04640
,,, 0.00015291999,0.02000,0.04640
,,, 0.00015296000,0.02000,0.04640
,,, 0.00015300000,0.02000,0.04640
,,, 0.00015304000,0.00,0.04640
,,, 0.00015307999,0.00,0.04640
,,, 0.00015312000,0.00,0.04720
,,, 0.00015316000,0.00,0.04640
,,, 0.00015320000,0.00,0.04640
,,, 0.00015324001,-0.02000,0.04720
,,, 0.00015327999,-0.02000,0.04720
,,, 0.00015332000,-0.02000,0.04640
,,, 0.00015336000,-0.02000,0.04720
,,, 0.00015340000,-0.02000,0.04720
,,, 0.00015343999,-0.02000,0.04720
,,, 0.00015348000,-0.04000,0.04720
,,, 0.00015352000,-0.04000,0.04640
,,, 0.00015356000,-0.04000,0.04720
,,, 0.00015360001,-0.04000,0.04720
,,, 0.00015363999,-0.04000,0.04720
,,, 0.00015368000,-0.04000,0.04720
,,, 0.00015372000,-0.06000,0.04720
,,, 0.00015376000,-0.06000,0.04720
,,, 0.00015379999,-0.06000,0.04720
,,, 0.00015384000,-0.06000,0.04720
,,, 0.00015388000,-0.06000,0.04720
,,, 0.00015392000,-0.06000,0.04800
,,, 0.00015396001,-0.08000,0.04720
,,, 0.00015399999,-0.08000,0.04720
,,, 0.00015404000,-0.08000,0.04800
,,, 0.00015408000,-0.10000,0.04720
,,, 0.00015412000,-0.10000,0.04720
,,, 0.00015415999,-0.10000,0.04720
,,, 0.00015420000,-0.10000,0.04720
,,, 0.00015424000,-0.10000,0.04720
,,, 0.00015428000,-0.12000,0.04720
,,, 0.00015432001,-0.12000,0.04720
,,, 0.00015435999,-0.10000,0.04720
,,, 0.00015440000,-0.12000,0.04720
,,, 0.00015444000,-0.12000,0.04720
,,, 0.00015448000,-0.12000,0.04720
,,, 0.00015451999,-0.14000,0.04800
,,, 0.00015456000,-0.14000,0.04800
,,, 0.00015460000,-0.14000,0.04800
,,, 0.00015464000,-0.14000,0.04720
,,, 0.00015468000,-0.14000,0.04720
,,, 0.00015471999,-0.16000,0.04720
,,, 0.00015476000,-0.16000,0.04720
,,, 0.00015480000,-0.14000,0.04720
,,, 0.00015484000,-0.16000,0.04720
,,, 0.00015487999,-0.16000,0.04720
,,, 0.00015492000,-0.16000,0.04720
,,, 0.00015496000,-0.18000,0.04640
,,, 0.00015500000,-0.18000,0.04720
,,, 0.00015504000,-0.18000,0.04720
,,, 0.00015507999,-0.18000,0.04720
,,, 0.00015512000,-0.18000,0.04720
,,, 0.00015516000,-0.18000,0.04800
,,, 0.00015520000,-0.20000,0.04720
,,, 0.00015524001,-0.20000,0.04720
,,, 0.00015527999,-0.20000,0.04720
,,, 0.00015532000,-0.20000,0.04720
,,, 0.00015536000,-0.20000,0.04720
,,, 0.00015540000,-0.22000,0.04720
,,, 0.00015543999,-0.22000,0.04720
,,, 0.00015548000,-0.22000,0.04800
,,, 0.00015552000,-0.22000,0.04720
,,, 0.00015556000,-0.22000,0.04720
,,, 0.00015560001,-0.22000,0.04720
,,, 0.00015563999,-0.24000,0.04720
,,, 0.00015568000,-0.24000,0.04720
,,, 0.00015572000,-0.24000,0.04720
,,, 0.00015576000,-0.26000,0.04720
,,, 0.00015579999,-0.24000,0.04720
,,, 0.00015584000,-0.26000,0.04640
,,, 0.00015588000,-0.26000,0.04640
,,, 0.00015592000,-0.26000,0.04640
,,, 0.00015596001,-0.26000,0.04720
,,, 0.00015599999,-0.26000,0.04640
,,, 0.00015604000,-0.26000,0.04640
,,, 0.00015608000,-0.28000,0.04640
,,, 0.00015612000,-0.28000,0.04720
,,, 0.00015615999,-0.28000,0.04720
,,, 0.00015620000,-0.30000,0.04640
,,, 0.00015624000,-0.30000,0.04640
,,, 0.00015628000,-0.30000,0.04720
,,, 0.00015632001,-0.30000,0.04640
,,, 0.00015635999,-0.30000,0.04640
,,, 0.00015640000,-0.32000,0.04720
,,, 0.00015644000,-0.32000,0.04640
,,, 0.00015648000,-0.32000,0.04640
,,, 0.00015651999,-0.32000,0.04560
,,, 0.00015656000,-0.32000,0.04640
,,, 0.00015660000,-0.32000,0.04640
,,, 0.00015664000,-0.34000,0.04640
,,, 0.00015668001,-0.34000,0.04640
,,, 0.00015671999,-0.34000,0.04640
,,, 0.00015676000,-0.34000,0.04640
,,, 0.00015680000,-0.36000,0.04640
,,, 0.00015684000,-0.34000,0.04640
,,, 0.00015687999,-0.36000,0.04640
,,, 0.00015692000,-0.36000,0.04640
,,, 0.00015696000,-0.36000,0.04640
,,, 0.00015700000,-0.36000,0.04560
,,, 0.00015704001,-0.36000,0.04640
,,, 0.00015707999,-0.38000,0.04640
,,, 0.00015712000,-0.38000,0.04560
,,, 0.00015716000,-0.38000,0.04560
,,, 0.00015720000,-0.38000,0.04560
,,, 0.00015723999,-0.40000,0.04640
,,, 0.00015728000,-0.40000,0.04560
,,, 0.00015732000,-0.40000,0.04480
,,, 0.00015736000,-0.42000,0.04560
,,, 0.00015740001,-0.40000,0.04560
,,, 0.00015743999,-0.42000,0.04480
,,, 0.00015748000,-0.42000,0.04480
,,, 0.00015752000,-0.42000,0.04560
,,, 0.00015756000,-0.42000,0.04560
,,, 0.00015759999,-0.42000,0.04480
,,, 0.00015764000,-0.44000,0.04480
,,, 0.00015768000,-0.44000,0.04480
,,, 0.00015772000,-0.44000,0.04480
,,, 0.00015776001,-0.44000,0.04480
,,, 0.00015779999,-0.44000,0.04480
,,, 0.00015784000,-0.44000,0.04480
,,, 0.00015788000,-0.46000,0.04480
,,, 0.00015792000,-0.46000,0.04400
,,, 0.00015795999,-0.46000,0.04400
,,, 0.00015800000,-0.46000,0.04400
,,, 0.00015804000,-0.46000,0.04480
,,, 0.00015808000,-0.48000,0.04400
,,, 0.00015812000,-0.48000,0.04320
,,, 0.00015815999,-0.48000,0.04400
,,, 0.00015820000,-0.48000,0.04400
,,, 0.00015824000,-0.48000,0.04320
,,, 0.00015828000,-0.50000,0.04320
,,, 0.00015831999,-0.50000,0.04320
,,, 0.00015836000,-0.50000,0.04400
,,, 0.00015840000,-0.50000,0.04320
,,, 0.00015844000,-0.50000,0.04320
,,, 0.00015848000,-0.52000,0.04400
,,, 0.00015851999,-0.50000,0.04320
,,, 0.00015856000,-0.52000,0.04240
,,, 0.00015860000,-0.52000,0.04320
,,, 0.00015864000,-0.52000,0.04320
,,, 0.00015868001,-0.52000,0.04320
,,, 0.00015871999,-0.54000,0.04240
,,, 0.00015876000,-0.54000,0.04240
,,, 0.00015880000,-0.54000,0.04240
,,, 0.00015884000,-0.54000,0.04240
,,, 0.00015887999,-0.54000,0.04240
,,, 0.00015892000,-0.56000,0.04160
,,, 0.00015896000,-0.56000,0.04240
,,, 0.00015900000,-0.56000,0.04240
,,, 0.00015904001,-0.56000,0.04160
,,, 0.00015907999,-0.56000,0.04160
,,, 0.00015912000,-0.56000,0.04240
,,, 0.00015916000,-0.58000,0.04240
,,, 0.00015920000,-0.58000,0.04160
,,, 0.00015923999,-0.58000,0.04160
,,, 0.00015928000,-0.60000,0.04240
,,, 0.00015932000,-0.60000,0.04160
,,, 0.00015936000,-0.60000,0.04080
,,, 0.00015940001,-0.60000,0.04160
,,, 0.00015943999,-0.60000,0.04240
,,, 0.00015948000,-0.62000,0.04080
,,, 0.00015952000,-0.62000,0.04080
,,, 0.00015956000,-0.62000,0.04080
,,, 0.00015959999,-0.62000,0.04080
,,, 0.00015964000,-0.62000,0.04080
,,, 0.00015968000,-0.62000,0.04000
,,, 0.00015972000,-0.62000,0.04080
,,, 0.00015976001,-0.64000,0.04080
,,, 0.00015979999,-0.64000,0.04000
,,, 0.00015984000,-0.64000,0.03920
,,, 0.00015988000,-0.64000,0.04000
,,, 0.00015992000,-0.64000,0.04000
,,, 0.00015995999,-0.66000,0.04000
,,, 0.00016000000,-0.66000,0.04000
,,, 0.00016004000,-0.66000,0.04000
,,, 0.00016008000,-0.66000,0.04000
,,, 0.00016012001,-0.66000,0.03920
,,, 0.00016015999,-0.68000,0.03840
,,, 0.00016020000,-0.68000,0.03920
,,, 0.00016024000,-0.68000,0.04000
,,, 0.00016028000,-0.68000,0.03920
,,, 0.00016031999,-0.68000,0.03840
,,, 0.00016036000,-0.70000,0.03840
,,, 0.00016040000,-0.70000,0.03840
,,, 0.00016044000,-0.70000,0.03840
,,, 0.00016048001,-0.70000,0.03760
,,, 0.00016051999,-0.70000,0.03840
,,, 0.00016056000,-0.70000,0.03840
,,, 0.00016060000,-0.70000,0.03760
,,, 0.00016064000,-0.70000,0.03680
,,, 0.00016067999,-0.72000,0.03760
,,, 0.00016072000,-0.72000,0.03760
,,, 0.00016076000,-0.72000,0.03760
,,, 0.00016080000,-0.72000,0.03760
,,, 0.00016084001,-0.72000,0.03760
,,, 0.00016087999,-0.72000,0.03760
,,, 0.00016092000,-0.74000,0.03760
,,, 0.00016096000,-0.74000,0.03680
,,, 0.00016100000,-0.74000,0.03680
,,, 0.00016103999,-0.74000,0.03680
,,, 0.00016108000,-0.76000,0.03680
,,, 0.00016112000,-0.76000,0.03600
,,, 0.00016116000,-0.76000,0.03680
,,, 0.00016120001,-0.76000,0.03600
,,, 0.00016123999,-0.76000,0.03600
,,, 0.00016128000,-0.78000,0.03520
,,, 0.00016132000,-0.78000,0.03600
,,, 0.00016136000,-0.78000,0.03600
,,, 0.00016139999,-0.78000,0.03520
,,, 0.00016144000,-0.76000,0.03520
,,, 0.00016148000,-0.78000,0.03520
,,, 0.00016152000,-0.78000,0.03520
,,, 0.00016156000,-0.78000,0.03520
,,, 0.00016159999,-0.78000,0.03520
,,, 0.00016164000,-0.80000,0.03520
,,, 0.00016168000,-0.80000,0.03520
,,, 0.00016172000,-0.80000,0.03440
,,, 0.00016175999,-0.80000,0.03360
,,, 0.00016180000,-0.80000,0.03440
,,, 0.00016184000,-0.80000,0.03440
,,, 0.00016188000,-0.80000,0.03360
,,, 0.00016192000,-0.82000,0.03360
,,, 0.00016195999,-0.82000,0.03360
,,, 0.00016200000,-0.82000,0.03360
,,, 0.00016204000,-0.82000,0.03280
,,, 0.00016208000,-0.82000,0.03280
,,, 0.00016212001,-0.82000,0.03360
,,, 0.00016215999,-0.84000,0.03360
,,, 0.00016220000,-0.84000,0.03280
,,, 0.00016224000,-0.84000,0.03280
,,, 0.00016228000,-0.84000,0.03280
,,, 0.00016231999,-0.84000,0.03280
,,, 0.00016236000,-0.84000,0.03280
,,, 0.00016240000,-0.84000,0.03200
,,, 0.00016244000,-0.86000,0.03360
,,, 0.00016248001,-0.86000,0.03280
,,, 0.00016251999,-0.86000,0.03120
,,, 0.00016256000,-0.86000,0.03120
,,, 0.00016260000,-0.86000,0.03200
,,, 0.00016264000,-0.86000,0.03120
,,, 0.00016267999,-0.86000,0.03120
,,, 0.00016272000,-0.86000,0.03120
,,, 0.00016276000,-0.88000,0.03120
,,, 0.00016280000,-0.88000,0.03120
,,, 0.00016284001,-0.88000,0.03040
,,, 0.00016287999,-0.88000,0.03040
,,, 0.00016292000,-0.88000,0.03120
,,, 0.00016296000,-0.88000,0.03040
,,, 0.00016300000,-0.90000,0.03040
,,, 0.00016303999,-0.88000,0.03040
,,, 0.00016308000,-0.90000,0.03040
,,, 0.00016312000,-0.90000,0.03040
,,, 0.00016316000,-0.90000,0.02960
,,, 0.00016320001,-0.90000,0.02960
,,, 0.00016323999,-0.90000,0.03040
,,, 0.00016328000,-0.90000,0.02960
,,, 0.00016332000,-0.90000,0.02880
,,, 0.00016336000,-0.90000,0.02880
,,, 0.00016339999,-0.90000,0.02880
,,, 0.00016344000,-0.90000,0.02880
,,, 0.00016348000,-0.92000,0.02880
,,, 0.00016352000,-0.92000,0.02880
,,, 0.00016356001,-0.92000,0.02880
,,, 0.00016359999,-0.92000,0.02800
,,, 0.00016364000,-0.92000,0.02720
,,, 0.00016368000,-0.92000,0.02720
,,, 0.00016372000,-0.92000,0.02800
,,, 0.00016375999,-0.92000,0.02800
,,, 0.00016380000,-0.92000,0.02720
,,, 0.00016384000,-0.94000,0.02800
,,, 0.00016388000,-0.94000,0.02720
,,, 0.00016392001,-0.94000,0.02720
,,, 0.00016395999,-0.94000,0.02640
,,, 0.00016400000,-0.94000,0.02720
,,, 0.00016404000,-0.94000,0.02720
,,, 0.00016408000,-0.96000,0.02640
,,, 0.00016411999,-0.96000,0.02560
,,, 0.00016416000,-0.96000,0.02560
,,, 0.00016420000,-0.96000,0.02560
,,, 0.00016424000,-0.96000,0.02560
,,, 0.00016428001,-0.96000,0.02560
,,, 0.00016431999,-0.96000,0.02560
,,, 0.00016436000,-0.96000,0.02560
,,, 0.00016440000,-0.96000,0.02480
,,, 0.00016444000,-0.96000,0.02400
,,, 0.00016447999,-0.96000,0.02480
,,, 0.00016452000,-0.96000,0.02480
,,, 0.00016456000,-0.96000,0.02480
,,, 0.00016460000,-0.96000,0.02480
,,, 0.00016464001,-0.98000,0.02400
,,, 0.00016467999,-0.98000,0.02400
,,, 0.00016472000,-0.98000,0.02400
,,, 0.00016476000,-0.98000,0.02320
,,, 0.00016480000,-0.98000,0.02400
,,, 0.00016483999,-0.98000,0.02400
,,, 0.00016488000,-1.00000,0.02320
,,, 0.00016492000,-0.98000,0.02320
,,, 0.00016496000,-1.00000,0.02320
,,, 0.00016500000,-1.00000,0.02240
,,, 0.00016503999,-1.00000,0.02160
,,, 0.00016508000,-1.00000,0.02240
,,, 0.00016512000,-1.00000,0.02320
,,, 0.00016516000,-1.00000,0.02240
,,, 0.00016519999,-1.00000,0.02160
,,, 0.00016524000,-1.00000,0.02160
,,, 0.00016528000,-1.00000,0.02160
,,, 0.00016532000,-1.00000,0.02160
,,, 0.00016536000,-1.00000,0.02080
,,, 0.00016539999,-1.00000,0.02080
,,, 0.00016544000,-1.02000,0.02080
,,, 0.00016548000,-1.00000,0.02160
,,, 0.00016552000,-1.02000,0.02000
,,, 0.00016555999,-1.02000,0.01920
,,, 0.00016559999,-1.02000,0.02000
,,, 0.00016564000,-1.02000,0.02000
,,, 0.00016568000,-1.02000,0.02000
,,, 0.00016572000,-1.02000,0.02000
,,, 0.00016575999,-1.02000,0.01920
,,, 0.00016580000,-1.02000,0.01920
,,, 0.00016584000,-1.02000,0.01840
,,, 0.00016588000,-1.02000,0.01840
,,, 0.00016592001,-1.02000,0.01920
,,, 0.00016595999,-1.02000,0.01920
,,, 0.00016600000,-1.02000,0.01840
,,, 0.00016604000,-1.02000,0.01840
,,, 0.00016608000,-1.02000,0.01840
,,, 0.00016611999,-1.04000,0.01760
,,, 0.00016616000,-1.02000,0.01760
,,, 0.00016620000,-1.04000,0.01760
,,, 0.00016624000,-1.04000,0.01760
,,, 0.00016628001,-1.04000,0.01760
,,, 0.00016631999,-1.04000,0.01680
,,, 0.00016636000,-1.04000,0.01680
,,, 0.00016640000,-1.04000,0.01680
,,, 0.00016644000,-1.04000,0.01600
,,, 0.00016647999,-1.04000,0.01600
,,, 0.00016652000,-1.04000,0.01600
,,, 0.00016656000,-1.04000,0.01600
,,, 0.00016660000,-1.04000,0.01600
,,, 0.00016664001,-1.04000,0.01520
,,, 0.00016667999,-1.04000,0.01440
,,, 0.00016672000,-1.04000,0.01520
,,, 0.00016676000,-1.04000,0.01520
,,, 0.00016680000,-1.04000,0.01440
,,, 0.00016683999,-1.04000,0.01440
,,, 0.00016688000,-1.04000,0.01440
,,, 0.00016692000,-1.04000,0.01440
,,, 0.00016696000,-1.04000,0.01360
,,, 0.00016700001,-1.06000,0.01440
,,, 0.00016703999,-1.04000,0.01440
,,, 0.00016708000,-1.06000,0.01360
,,, 0.00016712000,-1.06000,0.01280
,,, 0.00016716000,-1.04000,0.01280
,,, 0.00016719999,-1.04000,0.01280
,,, 0.00016724000,-1.06000,0.01280
,,, 0.00016728000,-1.04000,0.01280
,,, 0.00016732000,-1.06000,0.01200
,,, 0.00016736001,-1.06000,0.01200
,,, 0.00016739999,-1.06000,0.01200
,,, 0.00016744000,-1.06000,0.01120
,,, 0.00016748000,-1.06000,0.01120
,,, 0.00016752000,-1.04000,0.01200
,,, 0.00016755999,-1.06000,0.01120
,,, 0.00016760000,-1.04000,0.01120
,,, 0.00016764000,-1.06000,0.01040
,,, 0.00016768000,-1.06000,0.01040
,,, 0.00016772001,-1.06000,0.00960
,,, 0.00016775999,-1.06000,0.00960
,,, 0.00016780000,-1.06000,0.00960
,,, 0.00016784000,-1.04000,0.01040
,,, 0.00016788000,-1.06000,0.00960
,,, 0.00016791999,-1.06000,0.00960
,,, 0.00016796000,-1.06000,0.00880
,,, 0.00016800000,-1.06000,0.00880
,,, 0.00016804000,-1.06000,0.00880
,,, 0.00016808001,-1.06000,0.00880
,,, 0.00016811999,-1.06000,0.00880
,,, 0.00016816000,-1.04000,0.00880
,,, 0.00016820000,-1.06000,0.00800
,,, 0.00016824000,-1.06000,0.00720
,,, 0.00016827999,-1.04000,0.00800
,,, 0.00016832000,-1.06000,0.00720
,,, 0.00016836000,-1.06000,0.00720
,,, 0.00016840000,-1.04000,0.00720
,,, 0.00016844000,-1.06000,0.00720
,,, 0.00016847999,-1.04000,0.00640
,,, 0.00016852000,-1.04000,0.00640
,,, 0.00016856000,-1.06000,0.00560
,,, 0.00016860000,-1.04000,0.00640
,,, 0.00016863999,-1.04000,0.00640
,,, 0.00016868000,-1.06000,0.00560
,,, 0.00016872000,-1.04000,0.00560
,,, 0.00016876000,-1.04000,0.00560
,,, 0.00016880000,-1.04000,0.00480
,,, 0.00016883999,-1.04000,0.00480
,,, 0.00016888000,-1.04000,0.00480
,,, 0.00016892000,-1.04000,0.00480
,,, 0.00016896000,-1.04000,0.00480
,,, 0.00016899999,-1.04000,0.00400
,,, 0.00016903999,-1.04000,0.00400
,,, 0.00016908000,-1.04000,0.00400
,,, 0.00016912000,-1.04000,0.00320
,,, 0.00016916000,-1.04000,0.00320
,,, 0.00016919999,-1.04000,0.00320
,,, 0.00016924000,-1.04000,0.00320
,,, 0.00016928000,-1.04000,0.00320
,,, 0.00016932000,-1.04000,0.00240
,,, 0.00016936001,-1.04000,0.00160
,,, 0.00016939999,-1.02000,0.00240
,,, 0.00016944000,-1.02000,0.00240
,,, 0.00016948000,-1.04000,0.00160
,,, 0.00016952000,-1.02000,0.00160
,,, 0.00016955999,-1.04000,0.00160
,,, 0.00016960000,-1.02000,0.00080
,,, 0.00016964000,-1.02000,0.00080
,,, 0.00016968000,-1.02000,0.00080
,,, 0.00016972001,-1.02000,0.00080
,,, 0.00016975999,-1.02000,0.00080
,,, 0.00016980000,-1.02000,0.00
,,, 0.00016984000,-1.02000,0.00
,,, 0.00016988000,-1.02000,0.00
,,, 0.00016991999,-1.02000,-0.00080
,,, 0.00016996000,-1.00000,-0.00080
,,, 0.00017000000,-1.02000,0.00
,,, 0.00017004000,-1.02000,-0.00080
,,, 0.00017008001,-1.00000,-0.00080
,,, 0.00017011999,-1.00000,-0.00160
,,, 0.00017016000,-1.02000,-0.00160
,,, 0.00017020000,-1.00000,-0.00160
,,, 0.00017024000,-1.00000,-0.00160
,,, 0.00017027999,-1.00000,-0.00160
,,, 0.00017032000,-1.00000,-0.00160
,,, 0.00017036000,-1.00000,-0.00240
,,, 0.00017040000,-1.00000,-0.00240
,,, 0.00017044001,-1.00000,-0.00320
,,, 0.00017047999,-1.00000,-0.00320
,,, 0.00017052000,-1.00000,-0.00240
,,, 0.00017056000,-1.00000,-0.00320
,,, 0.00017060000,-0.98000,-0.00400
,,, 0.00017063999,-0.98000,-0.00400
,,, 0.00017068000,-0.98000,-0.00400
,,, 0.00017072000,-0.98000,-0.00480
,,, 0.00017076000,-0.98000,-0.00480
,,, 0.00017080001,-0.98000,-0.00480
,,, 0.00017083999,-0.98000,-0.00400
,,, 0.00017088000,-0.98000,-0.00480
,,, 0.00017092000,-0.98000,-0.00560
,,, 0.00017096000,-0.96000,-0.00560
,,, 0.00017099999,-0.96000,-0.00560
,,, 0.00017104000,-0.96000,-0.00560
,,, 0.00017108000,-0.96000,-0.00560
,,, 0.00017112000,-0.96000,-0.00560
,,, 0.00017116001,-0.96000,-0.00560
,,, 0.00017119999,-0.96000,-0.00640
,,, 0.00017124000,-0.96000,-0.00720
,,, 0.00017128000,-0.96000,-0.00720
,,, 0.00017132000,-0.94000,-0.00640
,,, 0.00017135999,-0.96000,-0.00720
,,, 0.00017140000,-0.96000,-0.00720
,,, 0.00017144000,-0.96000,-0.00720
,,, 0.00017148000,-0.94000,-0.00800
,,, 0.00017152001,-0.94000,-0.00800
,,, 0.00017155999,-0.94000,-0.00800
,,, 0.00017160000,-0.94000,-0.00800
,,, 0.00017164000,-0.94000,-0.00800
,,, 0.00017168000,-0.94000,-0.00800
,,, 0.00017171999,-0.94000,-0.00880
,,, 0.00017176000,-0.92000,-0.00880
,,, 0.00017180000,-0.92000,-0.00880
,,, 0.00017184000,-0.92000,-0.00960
,,, 0.00017188000,-0.92000,-0.00960
,,, 0.00017191999,-0.92000,-0.00960
,,, 0.00017196000,-0.92000,-0.00960
,,, 0.00017200000,-0.92000,-0.00960
,,, 0.00017204000,-0.92000,-0.01040
,,, 0.00017207999,-0.92000,-0.00960
,,, 0.00017212000,-0.90000,-0.00960
,,, 0.00017216000,-0.90000,-0.01040
,,, 0.00017220000,-0.90000,-0.01040
,,, 0.00017224000,-0.90000,-0.01040
,,, 0.00017227999,-0.90000,-0.01120
,,, 0.00017232000,-0.90000,-0.01120
,,, 0.00017236000,-0.90000,-0.01120
,,, 0.00017240000,-0.90000,-0.01120
,,, 0.00017243999,-0.88000,-0.01120
,,, 0.00017247999,-0.88000,-0.01200
,,, 0.00017252000,-0.88000,-0.01200
,,, 0.00017256000,-0.88000,-0.01200
,,, 0.00017260000,-0.88000,-0.01280
,,, 0.00017263999,-0.88000,-0.01280
,,, 0.00017268000,-0.88000,-0.01200
,,, 0.00017272000,-0.86000,-0.01280
,,, 0.00017276000,-0.86000,-0.01280
,,, 0.00017280001,-0.86000,-0.01360
,,, 0.00017283999,-0.86000,-0.01360
,,, 0.00017288000,-0.86000,-0.01360
,,, 0.00017292000,-0.86000,-0.01360
,,, 0.00017296000,-0.86000,-0.01440
,,, 0.00017299999,-0.86000,-0.01360
,,, 0.00017304000,-0.84000,-0.01440
,,, 0.00017308000,-0.84000,-0.01440
,,, 0.00017312000,-0.84000,-0.01520
,,, 0.00017316001,-0.84000,-0.01520
,,, 0.00017319999,-0.84000,-0.01520
,,, 0.00017324000,-0.84000,-0.01520
,,, 0.00017328000,-0.84000,-0.01520
,,, 0.00017332000,-0.84000,-0.01520
,,, 0.00017335999,-0.82000,-0.01520
,,, 0.00017340000,-0.82000,-0.01600
,,, 0.00017344000,-0.82000,-0.01600
,,, 0.00017348000,-0.82000,-0.01680
,,, 0.00017352001,-0.82000,-0.01680
,,, 0.00017355999,-0.82000,-0.01600
,,, 0.00017360000,-0.80000,-0.01680
,,, 0.00017364000,-0.80000,-0.01760
,,, 0.00017368000,-0.80000,-0.01760
,,, 0.00017371999,-0.80000,-0.01760
,,, 0.00017376000,-0.80000,-0.01760
,,, 0.00017380000,-0.80000,-0.01760
,,, 0.00017384000,-0.80000,-0.01760
,,, 0.00017388001,-0.78000,-0.01760
,,, 0.00017391999,-0.78000,-0.01840
,,, 0.00017396000,-0.78000,-0.01840
,,, 0.00017400000,-0.78000,-0.01840
,,, 0.00017404000,-0.78000,-0.01840
,,, 0.00017407999,-0.78000,-0.01840
,,, 0.00017412000,-0.76000,-0.01840
,,, 0.00017416000,-0.76000,-0.01920
,,, 0.00017420000,-0.76000,-0.01920
,,, 0.00017424001,-0.76000,-0.01920
,,, 0.00017427999,-0.76000,-0.02000
,,, 0.00017432000,-0.76000,-0.02000
,,, 0.00017436000,-0.74000,-0.01920
,,, 0.00017440000,-0.74000,-0.02000
,,, 0.00017443999,-0.74000,-0.02080
,,, 0.00017448000,-0.74000,-0.02000
,,, 0.00017452000,-0.74000,-0.02080
,,, 0.00017456000,-0.74000,-0.02080
,,, 0.00017460001,-0.72000,-0.02080
,,, 0.00017463999,-0.74000,-0.02080
,,, 0.00017468000,-0.72000,-0.02160
,,, 0.00017472000,-0.72000,-0.02160
,,, 0.00017476000,-0.72000,-0.02160
,,, 0.00017479999,-0.72000,-0.02160
,,, 0.00017484000,-0.70000,-0.02160
,,, 0.00017488000,-0.70000,-0.02240
,,, 0.00017492000,-0.70000,-0.02160
,,, 0.00017496001,-0.70000,-0.02240
,,, 0.00017499999,-0.70000,-0.02240
,,, 0.00017504000,-0.70000,-0.02320
,,, 0.00017508000,-0.70000,-0.02240
,,, 0.00017512000,-0.68000,-0.02240
,,, 0.00017515999,-0.68000,-0.02240
,,, 0.00017520000,-0.68000,-0.02320
,,, 0.00017524000,-0.68000,-0.02320
,,, 0.00017528000,-0.68000,-0.02320
,,, 0.00017532000,-0.66000,-0.02400
,,, 0.00017535999,-0.66000,-0.02400
,,, 0.00017540000,-0.66000,-0.02400
,,, 0.00017544000,-0.66000,-0.02400
,,, 0.00017548000,-0.64000,-0.02400
,,, 0.00017551999,-0.64000,-0.02480
,,, 0.00017556000,-0.64000,-0.02480
,,, 0.00017560000,-0.64000,-0.02480
,,, 0.00017564000,-0.62000,-0.02480
,,, 0.00017568000,-0.62000,-0.02480
,,, 0.00017571999,-0.62000,-0.02480
,,, 0.00017576000,-0.62000,-0.02480
,,, 0.00017580000,-0.62000,-0.02560
,,, 0.00017584000,-0.62000,-0.02560
,,, 0.00017587999,-0.62000,-0.02560
,,, 0.00017591999,-0.60000,-0.02560
,,, 0.00017596000,-0.60000,-0.02560
,,, 0.00017600000,-0.60000,-0.02560
,,, 0.00017604000,-0.60000,-0.02640
,,, 0.00017607999,-0.60000,-0.02640
,,, 0.00017612000,-0.58000,-0.02720
,,, 0.00017616000,-0.58000,-0.02720
,,, 0.00017620000,-0.58000,-0.02720
,,, 0.00017624001,-0.58000,-0.02640
,,, 0.00017627999,-0.58000,-0.02720
,,, 0.00017632000,-0.58000,-0.02800
,,, 0.00017636000,-0.56000,-0.02800
,,, 0.00017640000,-0.56000,-0.02720
,,, 0.00017643999,-0.56000,-0.02800
,,, 0.00017648000,-0.56000,-0.02800
,,, 0.00017652000,-0.56000,-0.02800
,,, 0.00017656000,-0.54000,-0.02800
,,, 0.00017660001,-0.54000,-0.02880
,,, 0.00017663999,-0.54000,-0.02880
,,, 0.00017668000,-0.54000,-0.02880
,,, 0.00017672000,-0.52000,-0.02880
,,, 0.00017676000,-0.54000,-0.02880
,,, 0.00017679999,-0.52000,-0.02960
,,, 0.00017684000,-0.52000,-0.02960
,,, 0.00017688000,-0.52000,-0.02880
,,, 0.00017692000,-0.52000,-0.02960
,,, 0.00017696001,-0.52000,-0.03040
,,, 0.00017699999,-0.50000,-0.03040
,,, 0.00017704000,-0.50000,-0.02960
,,, 0.00017708000,-0.50000,-0.03040
,,, 0.00017712000,-0.50000,-0.03120
,,, 0.00017715999,-0.48000,-0.03040
,,, 0.00017720000,-0.48000,-0.03040
,,, 0.00017724000,-0.48000,-0.03040
,,, 0.00017728000,-0.48000,-0.03120
,,, 0.00017732001,-0.48000,-0.03120
,,, 0.00017735999,-0.48000,-0.03120
,,, 0.00017740000,-0.46000,-0.03200
,,, 0.00017744000,-0.46000,-0.03200
,,, 0.00017748000,-0.46000,-0.03200
,,, 0.00017751999,-0.46000,-0.03120
,,, 0.00017756000,-0.46000,-0.03200
,,, 0.00017760000,-0.44000,-0.03200
,,, 0.00017764000,-0.44000,-0.03200
,,, 0.00017768001,-0.44000,-0.03280
,,, 0.00017771999,-0.44000,-0.03280
,,, 0.00017776000,-0.44000,-0.03280
,,, 0.00017780000,-0.42000,-0.03280
,,, 0.00017784000,-0.42000,-0.03200
,,, 0.00017787999,-0.42000,-0.03280
,,, 0.00017792000,-0.42000,-0.03360
,,, 0.00017796000,-0.42000,-0.03360
,,, 0.00017800000,-0.42000,-0.03360
,,, 0.00017804001,-0.40000,-0.03360
,,, 0.00017807999,-0.40000,-0.03360
,,, 0.00017812000,-0.40000,-0.03360
,,, 0.00017816000,-0.40000,-0.03360
,,, 0.00017820000,-0.38000,-0.03440
,,, 0.00017823999,-0.38000,-0.03520
,,, 0.00017828000,-0.38000,-0.03440
,,, 0.00017832000,-0.38000,-0.03440
,,, 0.00017836000,-0.36000,-0.03520
,,, 0.00017840001,-0.36000,-0.03440
,,, 0.00017843999,-0.36000,-0.03440
,,, 0.00017848000,-0.36000,-0.03520
,,, 0.00017852000,-0.36000,-0.03520
,,, 0.00017856000,-0.36000,-0.03600
,,, 0.00017859999,-0.36000,-0.03520
,,, 0.00017864000,-0.34000,-0.03520
,,, 0.00017868000,-0.34000,-0.03520
,,, 0.00017872000,-0.34000,-0.03600
,,, 0.00017876000,-0.34000,-0.03600
,,, 0.00017879999,-0.34000,-0.03600
,,, 0.00017884000,-0.32000,-0.03680
,,, 0.00017888000,-0.32000,-0.03680
,,, 0.00017892000,-0.32000,-0.03680
,,, 0.00017895999,-0.32000,-0.03600
,,, 0.00017900000,-0.30000,-0.03680
,,, 0.00017904000,-0.30000,-0.03680
,,, 0.00017908000,-0.30000,-0.03680
,,, 0.00017912000,-0.30000,-0.03680
,,, 0.00017915999,-0.28000,-0.03760
,,, 0.00017920000,-0.28000,-0.03680
,,, 0.00017924000,-0.28000,-0.03760
,,, 0.00017928000,-0.28000,-0.03680
,,, 0.00017931999,-0.26000,-0.03760
,,, 0.00017935999,-0.26000,-0.03840
,,, 0.00017940000,-0.26000,-0.03760
,,, 0.00017944000,-0.26000,-0.03760
,,, 0.00017948000,-0.26000,-0.03840
,,, 0.00017951999,-0.24000,-0.03760
,,, 0.00017956000,-0.24000,-0.03760
,,, 0.00017960000,-0.24000,-0.03840
,,, 0.00017964000,-0.24000,-0.03840
,,, 0.00017968001,-0.24000,-0.03840
,,, 0.00017971999,-0.22000,-0.03840
,,, 0.00017976000,-0.22000,-0.03840
,,, 0.00017980000,-0.22000,-0.03920
,,, 0.00017984000,-0.22000,-0.03920
,,, 0.00017987999,-0.22000,-0.03840
,,, 0.00017992000,-0.22000,-0.03840
,,, 0.00017996000,-0.22000,-0.03920
,,, 0.00018000000,-0.20000,-0.03920
,,, 0.00018004001,-0.20000,-0.03920
,,, 0.00018007999,-0.18000,-0.03920
,,, 0.00018012000,-0.20000,-0.04000
,,, 0.00018016000,-0.18000,-0.04000
,,, 0.00018020000,-0.18000,-0.03920
,,, 0.00018023999,-0.18000,-0.04000
,,, 0.00018028000,-0.18000,-0.04000
,,, 0.00018032000,-0.16000,-0.04000
,,, 0.00018036000,-0.16000,-0.04000
,,, 0.00018040001,-0.16000,-0.04000
,,, 0.00018043999,-0.14000,-0.04000
,,, 0.00018048000,-0.16000,-0.04080
,,, 0.00018052000,-0.14000,-0.04000
,,, 0.00018056000,-0.14000,-0.04000
,,, 0.00018059999,-0.14000,-0.04080
,,, 0.00018064000,-0.14000,-0.04080
,,, 0.00018068000,-0.14000,-0.04080
,,, 0.00018072000,-0.12000,-0.04080
,,, 0.00018076001,-0.12000,-0.04080
,,, 0.00018079999,-0.12000,-0.04080
,,, 0.00018084000,-0.12000,-0.04080
,,, 0.00018088000,-0.10000,-0.04080
,,, 0.00018092000,-0.10000,-0.04080
,,, 0.00018095999,-0.10000,-0.04160
,,, 0.00018100000,-0.10000,-0.04080
,,, 0.00018104000,-0.10000,-0.04080
,,, 0.00018108000,-0.08000,-0.04080
,,, 0.00018112001,-0.08000,-0.04160
,,, 0.00018115999,-0.08000,-0.04160
,,, 0.00018120000,-0.08000,-0.04160
,,, 0.00018124000,-0.08000,-0.04240
,,, 0.00018128000,-0.06000,-0.04160
,,, 0.00018131999,-0.06000,-0.04160
,,, 0.00018136000,-0.06000,-0.04160
,,, 0.00018140000,-0.06000,-0.04240
,,, 0.00018144000,-0.04000,-0.04160
,,, 0.00018148001,-0.04000,-0.04160
,,, 0.00018151999,-0.04000,-0.04160
,,, 0.00018156000,-0.04000,-0.04160
,,, 0.00018160000,-0.04000,-0.04240
,,, 0.00018164000,-0.02000,-0.04240
,,, 0.00018167999,-0.02000,-0.04240
,,, 0.00018172000,-0.02000,-0.04240
,,, 0.00018176000,-0.02000,-0.04240
,,, 0.00018180000,-0.02000,-0.04160
,,, 0.00018184001,0.00,-0.04240
,,, 0.00018187999,0.00,-0.04240
,,, 0.00018192000,0.00,-0.04240
,,, 0.00018196000,0.00,-0.04240
,,, 0.00018200000,0.00,-0.04240
,,, 0.00018203999,0.00,-0.04320
,,, 0.00018208000,0.02000,-0.04320
,,, 0.00018212000,0.02000,-0.04240
,,, 0.00018216000,0.02000,-0.04320
,,, 0.00018220000,0.02000,-0.04320
,,, 0.00018223999,0.04000,-0.04320
,,, 0.00018228000,0.04000,-0.04320
,,, 0.00018232000,0.06000,-0.04320
,,, 0.00018236000,0.04000,-0.04320
,,, 0.00018239999,0.06000,-0.04320
,,, 0.00018244000,0.06000,-0.04240
,,, 0.00018248000,0.06000,-0.04320
,,, 0.00018252000,0.06000,-0.04400
,,, 0.00018256000,0.06000,-0.04320
,,, 0.00018259999,0.06000,-0.04320
,,, 0.00018264000,0.08000,-0.04320
,,, 0.00018268000,0.08000,-0.04320
,,, 0.00018272000,0.08000,-0.04320
,,, 0.00018275999,0.08000,-0.04320
,,, 0.00018279999,0.08000,-0.04320
,,, 0.00018284000,0.08000,-0.04400
,,, 0.00018288000,0.10000,-0.04320
,,, 0.00018292000,0.10000,-0.04320
,,, 0.00018295999,0.10000,-0.04400
,,, 0.00018300000,0.12000,-0.04400
,,, 0.00018304000,0.10000,-0.04400
,,, 0.00018308000,0.12000,-0.04320
,,, 0.00018312001,0.12000,-0.04320
,,, 0.00018315999,0.12000,-0.04400
,,, 0.00018320000,0.14000,-0.04400
,,, 0.00018324000,0.14000,-0.04320
,,, 0.00018328000,0.14000,-0.04400
,,, 0.00018331999,0.14000,-0.04400
,,, 0.00018336000,0.14000,-0.04400
,,, 0.00018340000,0.14000,-0.04400
,,, 0.00018344000,0.16000,-0.04400
,,, 0.00018348001,0.16000,-0.04400
,,, 0.00018351999,0.16000,-0.04400
,,, 0.00018356000,0.16000,-0.04400
,,, 0.00018360000,0.16000,-0.04400
,,, 0.00018364000,0.18000,-0.04480
,,, 0.00018367999,0.18000,-0.04400
,,, 0.00018372000,0.18000,-0.04400
,,, 0.00018376000,0.18000,-0.04400
,,, 0.00018380000,0.18000,-0.04400
,,, 0.00018384001,0.20000,-0.04400
,,, 0.00018387999,0.20000,-0.04400
,,, 0.00018392000,0.20000,-0.04400
,,, 0.00018396000,0.20000,-0.04400
,,, 0.00018400000,0.20000,-0.04400
,,, 0.00018403999,0.20000,-0.04400
,,, 0.00018408000,0.22000,-0.04400
,,, 0.00018412000,0.22000,-0.04400
,,, 0.00018416000,0.22000,-0.04400
,,, 0.00018420001,0.22000,-0.04400
,,, 0.00018423999,0.24000,-0.04400
,,, 0.00018428000,0.24000,-0.04480
,,, 0.00018432000,0.24000,-0.04480
,,, 0.00018436000,0.24000,-0.04400
,,, 0.00018439999,0.24000,-0.04400
,,, 0.00018444000,0.26000,-0.04400
,,, 0.00018448000,0.26000,-0.04400
,,, 0.00018452000,0.26000,-0.04400
,,, 0.00018456001,0.26000,-0.04480
,,, 0.00018459999,0.26000,-0.04400
,,, 0.00018464000,0.26000,-0.04480
,,, 0.00018468000,0.28000,-0.04400
,,, 0.00018472000,0.28000,-0.04400
,,, 0.00018475999,0.28000,-0.04400
,,, 0.00018480000,0.28000,-0.04400
,,, 0.00018484000,0.28000,-0.04400
,,, 0.00018488000,0.30000,-0.04480
,,, 0.00018492001,0.30000,-0.04480
,,, 0.00018495999,0.30000,-0.04400
,,, 0.00018500000,0.30000,-0.04400
,,, 0.00018504000,0.30000,-0.04480
,,, 0.00018508000,0.32000,-0.04480
,,, 0.00018511999,0.32000,-0.04400
,,, 0.00018516000,0.32000,-0.04480
,,, 0.00018520000,0.32000,-0.04480
,,, 0.00018524000,0.32000,-0.04400
,,, 0.00018528001,0.34000,-0.04400
,,, 0.00018531999,0.34000,-0.04400
,,, 0.00018536000,0.34000,-0.04400
,,, 0.00018540000,0.34000,-0.04480
,,, 0.00018544000,0.34000,-0.04480
,,, 0.00018547999,0.34000,-0.04400
,,, 0.00018552000,0.34000,-0.04400
,,, 0.00018556000,0.36000,-0.04400
,,, 0.00018560000,0.36000,-0.04400
,,, 0.00018564000,0.36000,-0.04400
,,, 0.00018567999,0.36000,-0.04400
,,, 0.00018572000,0.36000,-0.04400
,,, 0.00018576000,0.36000,-0.04400
,,, 0.00018580000,0.38000,-0.04400
,,, 0.00018583999,0.38000,-0.04400
,,, 0.00018588000,0.38000,-0.04400
,,, 0.00018592000,0.38000,-0.04400
,,, 0.00018596000,0.38000,-0.04480
,,, 0.00018600000,0.40000,-0.04400
,,, 0.00018603999,0.40000,-0.04400
,,, 0.00018608000,0.40000,-0.04400
,,, 0.00018612000,0.40000,-0.04400
,,, 0.00018616000,0.40000,-0.04400
,,, 0.00018619999,0.42000,-0.04400
,,, 0.00018623999,0.42000,-0.04400
,,, 0.00018628000,0.42000,-0.04400
,,, 0.00018632000,0.42000,-0.04400
,,, 0.00018636000,0.42000,-0.04320
,,, 0.00018639999,0.42000,-0.04400
,,, 0.00018644000,0.44000,-0.04400
,,, 0.00018648000,0.44000,-0.04400
,,, 0.00018652000,0.44000,-0.04400
,,, 0.00018656001,0.44000,-0.04320
,,, 0.00018659999,0.44000,-0.04320
,,, 0.00018664000,0.44000,-0.04400
,,, 0.00018668000,0.44000,-0.04320
,,, 0.00018672000,0.46000,-0.04320
,,, 0.00018675999,0.46000,-0.04400
,,, 0.00018680000,0.46000,-0.04320
,,, 0.00018684000,0.46000,-0.04320
,,, 0.00018688000,0.46000,-0.04320
,,, 0.00018692001,0.46000,-0.04320
,,, 0.00018695999,0.46000,-0.04320
,,, 0.00018700000,0.48000,-0.04320
,,, 0.00018704000,0.48000,-0.04320
,,, 0.00018708000,0.48000,-0.04320
,,, 0.00018711999,0.48000,-0.04320
,,, 0.00018716000,0.50000,-0.04320
,,, 0.00018720000,0.50000,-0.04320
,,, 0.00018724000,0.50000,-0.04320
,,, 0.00018728001,0.50000,-0.04320
,,, 0.00018731999,0.50000,-0.04320
,,, 0.00018736000,0.50000,-0.04320
,,, 0.00018740000,0.50000,-0.04240
,,, 0.00018744000,0.52000,-0.04240
,,, 0.00018747999,0.52000,-0.04240
,,, 0.00018752000,0.52000,-0.04240
,,, 0.00018756000,0.52000,-0.04320
,,, 0.00018760000,0.52000,-0.04240
,,, 0.00018764001,0.52000,-0.04240
,,, 0.00018767999,0.54000,-0.04240
,,, 0.00018772000,0.54000,-0.04240
,,, 0.00018776000,0.54000,-0.04240
,,, 0.00018780000,0.54000,-0.04240
,,, 0.00018783999,0.54000,-0.04240
,,, 0.00018788000,0.54000,-0.04240
,,, 0.00018792000,0.56000,-0.04160
,,, 0.00018796000,0.54000,-0.04160
,,, 0.00018800001,0.56000,-0.04240
,,, 0.00018803999,0.56000,-0.04240
,,, 0.00018808000,0.56000,-0.04240
,,, 0.00018812000,0.56000,-0.04240
,,, 0.00018816000,0.56000,-0.04160
,,, 0.00018819999,0.56000,-0.04160
,,, 0.00018824000,0.58000,-0.04160
,,, 0.00018828000,0.58000,-0.04160
,,, 0.00018832000,0.58000,-0.04160
,,, 0.00018836001,0.58000,-0.04240
,,, 0.00018839999,0.58000,-0.04160
,,, 0.00018844000,0.60000,-0.04160
,,, 0.00018848000,0.60000,-0.04160
,,, 0.00018852000,0.60000,-0.04080
,,, 0.00018855999,0.60000,-0.04160
,,, 0.00018860000,0.60000,-0.04160
,,, 0.00018864000,0.60000,-0.04080
,,, 0.00018868000,0.60000,-0.04080
,,, 0.00018872001,0.60000,-0.04080
,,, 0.00018875999,0.60000,-0.04080
,,, 0.00018880000,0.60000,-0.04080
,,, 0.00018884000,0.62000,-0.04080
,,, 0.00018888000,0.62000,-0.04080
,,, 0.00018891999,0.62000,-0.04080
,,, 0.00018896000,0.62000,-0.04080
,,, 0.00018900000,0.62000,-0.04080
,,, 0.00018904000,0.62000,-0.04000
,,, 0.00018908000,0.64000,-0.04080
,,, 0.00018911999,0.64000,-0.04080
,,, 0.00018916000,0.64000,-0.04080
,,, 0.00018920000,0.64000,-0.04000
,,, 0.00018924000,0.64000,-0.04000
,,, 0.00018927999,0.64000,-0.04000
,,, 0.00018932000,0.64000,-0.04000
,,, 0.00018936000,0.66000,-0.03920
,,, 0.00018940000,0.66000,-0.04000
,,, 0.00018944000,0.64000,-0.04000
,,, 0.00018947999,0.66000,-0.04000
,,, 0.00018952000,0.66000,-0.03920
,,, 0.00018956000,0.66000,-0.03920
,,, 0.00018960000,0.66000,-0.03920
,,, 0.00018963999,0.66000,-0.03920
,,, 0.00018967999,0.68000,-0.03920
,,, 0.00018972000,0.68000,-0.03920
,,, 0.00018976000,0.68000,-0.03920
,,, 0.00018980000,0.68000,-0.03920
,,, 0.00018983999,0.68000,-0.03840
,,, 0.00018988000,0.68000,-0.03840
,,, 0.00018992000,0.68000,-0.03840
,,, 0.00018996000,0.68000,-0.03840
,,, 0.00019000001,0.70000,-0.03840
,,, 0.00019003999,0.70000,-0.03840
,,, 0.00019008000,0.70000,-0.03840
,,, 0.00019012000,0.70000,-0.03840
,,, 0.00019016000,0.70000,-0.03840
,,, 0.00019019999,0.70000,-0.03760
,,, 0.00019024000,0.70000,-0.03760
,,, 0.00019028000,0.70000,-0.03760
,,, 0.00019032000,0.72000,-0.03760
,,, 0.00019036001,0.72000,-0.03760
,,, 0.00019039999,0.72000,-0.03760
,,, 0.00019044000,0.72000,-0.03680
,,, 0.00019048000,0.72000,-0.03680
,,, 0.00019052000,0.72000,-0.03680
,,, 0.00019055999,0.72000,-0.03760
,,, 0.00019060000,0.72000,-0.03680
,,, 0.00019064000,0.72000,-0.03600
,,, 0.00019068000,0.72000,-0.03680
,,, 0.00019072001,0.72000,-0.03680
,,, 0.00019075999,0.74000,-0.03600
,,, 0.00019080000,0.74000,-0.03680
,,, 0.00019084000,0.74000,-0.03680
,,, 0.00019088000,0.74000,-0.03600
,,, 0.00019091999,0.74000,-0.03600
,,, 0.00019096000,0.74000,-0.03600
,,, 0.00019100000,0.74000,-0.03600
,,, 0.00019104000,0.74000,-0.03600
,,, 0.00019108001,0.76000,-0.03600
,,, 0.00019111999,0.76000,-0.03520
,,, 0.00019116000,0.74000,-0.03520
,,, 0.00019120000,0.76000,-0.03520
,,, 0.00019124000,0.76000,-0.03520
,,, 0.00019127999,0.76000,-0.03520
,,, 0.00019132000,0.76000,-0.03520
,,, 0.00019136000,0.76000,-0.03520
,,, 0.00019140000,0.76000,-0.03440
,,, 0.00019144001,0.76000,-0.03440
,,, 0.00019147999,0.78000,-0.03440
,,, 0.00019152000,0.76000,-0.03440
,,, 0.00019156000,0.78000,-0.03440
,,, 0.00019160000,0.78000,-0.03360
,,, 0.00019163999,0.78000,-0.03360
,,, 0.00019168000,0.78000,-0.03360
,,, 0.00019172000,0.78000,-0.03360
,,, 0.00019176000,0.78000,-0.03280
,,, 0.00019180001,0.78000,-0.03360
,,, 0.00019183999,0.78000,-0.03360
,,, 0.00019188000,0.78000,-0.03280
,,, 0.00019192000,0.80000,-0.03280
,,, 0.00019196000,0.80000,-0.03280
,,, 0.00019199999,0.80000,-0.03280
,,, 0.00019204000,0.80000,-0.03280
,,, 0.00019208000,0.80000,-0.03280
,,, 0.00019212000,0.80000,-0.03280
,,, 0.00019216001,0.80000,-0.03280
,,, 0.00019219999,0.80000,-0.03200
,,, 0.00019224000,0.80000,-0.03200
,,, 0.00019228000,0.80000,-0.03200
,,, 0.00019232000,0.80000,-0.03200
,,, 0.00019235999,0.80000,-0.03120
,,, 0.00019240000,0.82000,-0.03120
,,, 0.00019244000,0.82000,-0.03200
,,, 0.00019248000,0.82000,-0.03120
,,, 0.00019252000,0.82000,-0.03040
,,, 0.00019255999,0.82000,-0.03040
,,, 0.00019260000,0.82000,-0.03040
,,, 0.00019264000,0.82000,-0.03040
,,, 0.00019268000,0.82000,-0.02960
,,, 0.00019271999,0.82000,-0.02960
,,, 0.00019276000,0.82000,-0.02960
,,, 0.00019280000,0.82000,-0.02960
,,, 0.00019284000,0.84000,-0.02960
,,, 0.00019288000,0.84000,-0.02960
,,, 0.00019291999,0.84000,-0.02960
,,, 0.00019296000,0.84000,-0.02960
,,, 0.00019300000,0.84000,-0.02880
,,, 0.00019304000,0.84000,-0.02880
,,, 0.00019307999,0.84000,-0.02880
,,, 0.00019311999,0.84000,-0.02880
,,, 0.00019316000,0.84000,-0.02800
,,, 0.00019320000,0.84000,-0.02800
,,, 0.00019324000,0.84000,-0.02800
,,, 0.00019327999,0.84000,-0.02800
,,, 0.00019332000,0.84000,-0.02720
,,, 0.00019336000,0.84000,-0.02720
,,, 0.00019340000,0.84000,-0.02720
,,, 0.00019343999,0.86000,-0.02720
,,, 0.00019347999,0.84000,-0.02720
,,, 0.00019352000,0.86000,-0.02720
,,, 0.00019356000,0.86000,-0.02720
,,, 0.00019360000,0.86000,-0.02640
,,, 0.00019363999,0.86000,-0.02560
,,, 0.00019368000,0.86000,-0.02640
,,, 0.00019372000,0.86000,-0.02640
,,, 0.00019376000,0.86000,-0.02640
,,, 0.00019380001,0.86000,-0.02560
,,, 0.00019383999,0.86000,-0.02560
,,, 0.00019388000,0.86000,-0.02560
,,, 0.00019392000,0.86000,-0.02480
,,, 0.00019396000,0.86000,-0.02480
,,, 0.00019399999,0.86000,-0.02480
,,, 0.00019404000,0.86000,-0.02560
,,, 0.00019408000,0.86000,-0.02480
,,, 0.00019412000,0.88000,-0.02400
,,, 0.00019416001,0.88000,-0.02400
,,, 0.00019419999,0.86000,-0.02400
,,, 0.00019424000,0.88000,-0.02400
,,, 0.00019428000,0.88000,-0.02400
,,, 0.00019432000,0.88000,-0.02400
,,, 0.00019435999,0.88000,-0.02400
,,, 0.00019440000,0.88000,-0.02320
,,, 0.00019444000,0.88000,-0.02320
,,, 0.00019448000,0.88000,-0.02240
,,, 0.00019452001,0.88000,-0.02320
,,, 0.00019455999,0.88000,-0.02320
,,, 0.00019460000,0.88000,-0.02240
,,, 0.00019464000,0.88000,-0.02320
,,, 0.00019468000,0.88000,-0.02240
,,, 0.00019471999,0.88000,-0.02240
,,, 0.00019476000,0.88000,-0.02160
,,, 0.00019480000,0.88000,-0.02160
,,, 0.00019484000,0.88000,-0.02160
,,, 0.00019488001,0.88000,-0.02240
,,, 0.00019491999,0.88000,-0.02160
,,, 0.00019496000,0.90000,-0.02160
,,, 0.00019500000,0.88000,-0.02160
,,, 0.00019504000,0.90000,-0.02080
,,, 0.00019507999,0.88000,-0.02080
,,, 0.00019512000,0.88000,-0.02080
,,, 0.00019516000,0.90000,-0.02080
,,, 0.00019520000,0.90000,-0.02080
,,, 0.00019524001,0.90000,-0.02080
,,, 0.00019527999,0.90000,-0.02000
,,, 0.00019532000,0.90000,-0.02000
,,, 0.00019536000,0.90000,-0.02000
,,, 0.00019540000,0.90000,-0.01920
,,, 0.00019543999,0.90000,-0.02000
,,, 0.00019548000,0.90000,-0.01920
,,, 0.00019552000,0.90000,-0.01920
,,, 0.00019556000,0.90000,-0.01840
,,, 0.00019560001,0.90000,-0.01920
,,, 0.00019563999,0.90000,-0.01840
,,, 0.00019568000,0.90000,-0.01840
,,, 0.00019572000,0.90000,-0.01760
,,, 0.00019576000,0.90000,-0.01840
,,, 0.00019579999,0.90000,-0.01760
,,, 0.00019584000,0.90000,-0.01760
,,, 0.00019588000,0.90000,-0.01760
,,, 0.00019592000,0.90000,-0.01760
,,, 0.00019596000,0.90000,-0.01760
,,, 0.00019599999,0.90000,-0.01680
,,, 0.00019604000,0.90000,-0.01680
,,, 0.00019608000,0.90000,-0.01680
,,, 0.00019612000,0.90000,-0.01680
,,, 0.00019615999,0.90000,-0.01600
,,, 0.00019620000,0.90000,-0.01600
,,, 0.00019624000,0.90000,-0.01600
,,, 0.00019628000,0.90000,-0.01520
,,, 0.00019632000,0.90000,-0.01520
,,, 0.00019635999,0.90000,-0.01520
,,, 0.00019640000,0.90000,-0.01520
,,, 0.00019644000,0.90000,-0.01520
,,, 0.00019648000,0.90000,-0.01520
,,, 0.00019651999,0.90000,-0.01440
,,, 0.00019655999,0.90000,-0.01440
,,, 0.00019660000,0.90000,-0.01360
,,, 0.00019664000,0.90000,-0.01360
,,, 0.00019668000,0.90000,-0.01360
,,, 0.00019671999,0.90000,-0.01360
,,, 0.00019676000,0.90000,-0.01360
,,, 0.00019680000,0.90000,-0.01360
,,, 0.00019684000,0.92000,-0.01280
,,, 0.00019687999,0.90000,-0.01280
,,, 0.00019691999,0.90000,-0.01280
,,, 0.00019696000,0.90000,-0.01280
,,, 0.00019700000,0.90000,-0.01280
,,, 0.00019704000,0.90000,-0.01280
,,, 0.00019707999,0.92000,-0.01200
,,, 0.00019712000,0.92000,-0.01200
,,, 0.00019716000,0.92000,-0.01120
,,, 0.00019720000,0.90000,-0.01120
,,, 0.00019724001,0.90000,-0.01200
,,, 0.00019727999,0.92000,-0.01120
,,, 0.00019732000,0.92000,-0.01120
,,, 0.00019736000,0.90000,-0.01120
,,, 0.00019740000,0.90000,-0.01040
,,, 0.00019743999,0.90000,-0.01040
,,, 0.00019748000,0.90000,-0.01040
,,, 0.00019752000,0.92000,-0.01040
,,, 0.00019756000,0.90000,-0.01040
,,, 0.00019760001,0.92000,-0.00960
,,, 0.00019763999,0.90000,-0.00960
,,, 0.00019768000,0.90000,-0.00960
,,, 0.00019772000,0.90000,-0.00880
,,, 0.00019776000,0.90000,-0.00880
,,, 0.00019779999,0.90000,-0.00960
,,, 0.00019784000,0.92000,-0.00880
,,, 0.00019788000,0.92000,-0.00880
,,, 0.00019792000,0.90000,-0.00880
,,, 0.00019796001,0.92000,-0.00800
,,, 0.00019799999,0.90000,-0.00800
,,, 0.00019804000,0.90000,-0.00800
,,, 0.00019808000,0.92000,-0.00800
,,, 0.00019812000,0.90000,-0.00800
,,, 0.00019815999,0.92000,-0.00720
,,, 0.00019820000,0.92000,-0.00720
,,, 0.00019824000,0.90000,-0.00720
,,, 0.00019828000,0.90000,-0.00720
,,, 0.00019832001,0.90000,-0.00720
,,, 0.00019835999,0.90000,-0.00720
,,, 0.00019840000,0.90000,-0.00640
,,, 0.00019844000,0.90000,-0.00640
,,, 0.00019848000,0.90000,-0.00560
,,, 0.00019851999,0.92000,-0.00560
,,, 0.00019856000,0.90000,-0.00560
,,, 0.00019860000,0.90000,-0.00640
,,, 0.00019864000,0.90000,-0.00560
,,, 0.00019868001,0.90000,-0.00480
,,, 0.00019871999,0.90000,-0.00480
,,, 0.00019876000,0.90000,-0.00480
,,, 0.00019880000,0.90000,-0.00480
,,, 0.00019884000,0.92000,-0.00400
,,, 0.00019887999,0.90000,-0.00480
,,, 0.00019892000,0.90000,-0.00480
,,, 0.00019896000,0.92000,-0.00400
,,, 0.00019900000,0.90000,-0.00400
,,, 0.00019904001,0.90000,-0.00320
,,, 0.00019907999,0.90000,-0.00320
,,, 0.00019912000,0.90000,-0.00320
,,, 0.00019916000,0.90000,-0.00320
,,, 0.00019920000,0.90000,-0.00320
,,, 0.00019923999,0.90000,-0.00320
,,, 0.00019928000,0.90000,-0.00240
,,, 0.00019932000,0.90000,-0.00160
,,, 0.00019936000,0.88000,-0.00160
,,, 0.00019940000,0.90000,-0.00160
,,, 0.00019943999,0.90000,-0.00160
,,, 0.00019948000,0.88000,-0.00160
,,, 0.00019952000,0.90000,-0.00160
,,, 0.00019956000,0.90000,-0.00080
,,, 0.00019959999,0.88000,-0.00080
,,, 0.00019964000,0.88000,0.00
,,, 0.00019968000,0.88000,-0.00080
,,, 0.00019972000,0.90000,-0.00080
,,, 0.00019976000,0.90000,0.00
,,, 0.00019979999,0.88000,0.00
,,, 0.00019984000,0.90000,0.00
,,, 0.00019988000,0.88000,0.00080
,,, 0.00019992000,0.88000,0.00
,,, 0.00019995999,0.88000,0.00080
,,, 0.00019999999,0.88000,0.00080
,,, 0.00020004000,0.90000,0.00080
,,, 0.00020008000,0.88000,0.00160
,,, 0.00020012000,0.88000,0.00160
,,, 0.00020015999,0.88000,0.00160
,,, 0.00020020000,0.88000,0.00160
,,, 0.00020024000,0.88000,0.00240
,,, 0.00020028000,0.88000,0.00240
,,, 0.00020031999,0.88000,0.00240
,,, 0.00020035999,0.88000,0.00240
,,, 0.00020040000,0.88000,0.00320
,,, 0.00020044000,0.88000,0.00320
,,, 0.00020048000,0.88000,0.00320
,,, 0.00020051999,0.88000,0.00320
,,, 0.00020056000,0.88000,0.00320
,,, 0.00020060000,0.88000,0.00400
,,, 0.00020064000,0.88000,0.00400
,,, 0.00020068001,0.88000,0.00400
,,, 0.00020071999,0.88000,0.00400
,,, 0.00020076000,0.88000,0.00480
,,, 0.00020080000,0.86000,0.00400
,,, 0.00020084000,0.88000,0.00480
,,, 0.00020087999,0.88000,0.00480
,,, 0.00020092000,0.88000,0.00480
,,, 0.00020096000,0.86000,0.00560
,,, 0.00020100000,0.86000,0.00560
,,, 0.00020104001,0.86000,0.00560
,,, 0.00020107999,0.86000,0.00560
,,, 0.00020112000,0.86000,0.00560
,,, 0.00020116000,0.86000,0.00640
,,, 0.00020120000,0.86000,0.00640
,,, 0.00020123999,0.86000,0.00720
,,, 0.00020128000,0.86000,0.00640
,,, 0.00020132000,0.86000,0.00640
,,, 0.00020136000,0.86000,0.00720
,,, 0.00020140001,0.84000,0.00720
,,, 0.00020143999,0.86000,0.00800
,,, 0.00020148000,0.84000,0.00800
,,, 0.00020152000,0.86000,0.00800
,,, 0.00020156000,0.84000,0.00800
,,, 0.00020159999,0.84000,0.00800
,,, 0.00020164000,0.84000,0.00880
,,, 0.00020168000,0.84000,0.00880
,,, 0.00020172000,0.86000,0.00880
,,, 0.00020176001,0.84000,0.00960
,,, 0.00020179999,0.84000,0.00880
,,, 0.00020184000,0.84000,0.00960
,,, 0.00020188000,0.84000,0.00960
,,, 0.00020192000,0.84000,0.00960
,,, 0.00020195999,0.84000,0.00960
,,, 0.00020200000,0.84000,0.01040
,,, 0.00020204000,0.82000,0.01040
,,, 0.00020208000,0.82000,0.01040
,,, 0.00020212001,0.82000,0.01120
,,, 0.00020215999,0.82000,0.01120
,,, 0.00020220000,0.82000,0.01120
,,, 0.00020224000,0.82000,0.01120
,,, 0.00020228000,0.82000,0.01120
,,, 0.00020231999,0.82000,0.01200
,,, 0.00020236000,0.82000,0.01200
,,, 0.00020240000,0.82000,0.01200
,,, 0.00020244000,0.82000,0.01200
,,, 0.00020248001,0.82000,0.01280
,,, 0.00020251999,0.82000,0.01280
,,, 0.00020256000,0.82000,0.01280
,,, 0.00020260000,0.80000,0.01280
,,, 0.00020264000,0.80000,0.01360
,,, 0.00020267999,0.80000,0.01360
,,, 0.00020272000,0.80000,0.01360
,,, 0.00020276000,0.80000,0.01440
,,, 0.00020280000,0.80000,0.01440
,,, 0.00020284000,0.80000,0.01440
,,, 0.00020287999,0.80000,0.01440
,,, 0.00020292000,0.80000,0.01440
,,, 0.00020296000,0.80000,0.01440
,,, 0.00020300000,0.80000,0.01520
,,, 0.00020303999,0.80000,0.01520
,,, 0.00020308000,0.78000,0.01520
,,, 0.00020312000,0.78000,0.01600
,,, 0.00020316000,0.78000,0.01520
,,, 0.00020320000,0.78000,0.01520
,,, 0.00020323999,0.78000,0.01600
,,, 0.00020328000,0.78000,0.01680
,,, 0.00020332000,0.78000,0.01680
,,, 0.00020336000,0.76000,0.01680
,,, 0.00020339999,0.78000,0.01680
,,, 0.00020343999,0.78000,0.01680
,,, 0.00020348000,0.76000,0.01680
,,, 0.00020352000,0.76000,0.01680
,,, 0.00020356000,0.76000,0.01760
,,, 0.00020359999,0.76000,0.01840
,,, 0.00020364000,0.76000,0.01840
,,, 0.00020368000,0.76000,0.01840
,,, 0.00020372000,0.76000,0.01840
,,, 0.00020375999,0.76000,0.01840
,,, 0.00020379999,0.76000,0.01840
,,, 0.00020384000,0.74000,0.01840
,,, 0.00020388000,0.74000,0.01920
,,, 0.00020392000,0.74000,0.01920
,,, 0.00020395999,0.74000,0.02000
,,, 0.00020400000,0.74000,0.01920
,,, 0.00020404000,0.74000,0.01920
,,, 0.00020408000,0.74000,0.02000
,,, 0.00020412001,0.74000,0.02000
,,, 0.00020415999,0.74000,0.02000
,,, 0.00020420000,0.74000,0.02080
,,, 0.00020424000,0.74000,0.02160
,,, 0.00020428000,0.72000,0.02080
,,, 0.00020431999,0.72000,0.02080
,,, 0.00020436000,0.72000,0.02080
,,, 0.00020440000,0.72000,0.02160
,,, 0.00020444000,0.72000,0.02160
,,, 0.00020448001,0.72000,0.02160
,,, 0.00020451999,0.72000,0.02240
,,, 0.00020456000,0.72000,0.02240
,,, 0.00020460000,0.72000,0.02160
,,, 0.00020464000,0.72000,0.02240
,,, 0.00020467999,0.72000,0.02240
,,, 0.00020472000,0.72000,0.02240
,,, 0.00020476000,0.70000,0.02320
,,, 0.00020480000,0.70000,0.02320
,,, 0.00020484001,0.70000,0.02320
,,, 0.00020487999,0.70000,0.02400
,,, 0.00020492000,0.70000,0.02400
,,, 0.00020496000,0.70000,0.02320
,,, 0.00020500000,0.70000,0.02400
,,, 0.00020503999,0.70000,0.02400
,,, 0.00020508000,0.70000,0.02480
,,, 0.00020512000,0.68000,0.02480
,,, 0.00020516000,0.68000,0.02480
,,, 0.00020520001,0.68000,0.02560
,,, 0.00020523999,0.68000,0.02480
,,, 0.00020528000,0.68000,0.02480
,,, 0.00020532000,0.68000,0.02560
,,, 0.00020536000,0.68000,0.02560
,,, 0.00020539999,0.68000,0.02560
,,, 0.00020544000,0.68000,0.02640
,,, 0.00020548000,0.66000,0.02640
,,, 0.00020552000,0.66000,0.02640
,,, 0.00020556001,0.66000,0.02640
,,, 0.00020559999,0.66000,0.02640
,,, 0.00020564000,0.66000,0.02720
,,, 0.00020568000,0.66000,0.02720
,,, 0.00020572000,0.66000,0.02720
,,, 0.00020575999,0.66000,0.02720
,,, 0.00020580000,0.66000,0.02800
,,, 0.00020584000,0.64000,0.02800
,,, 0.00020588000,0.64000,0.02720
,,, 0.00020592001,0.64000,0.02800
,,, 0.00020595999,0.64000,0.02800
,,, 0.00020600000,0.64000,0.02880
,,, 0.00020604000,0.64000,0.02880
,,, 0.00020608000,0.62000,0.02880
,,, 0.00020611999,0.64000,0.02880
,,, 0.00020616000,0.62000,0.02880
,,, 0.00020620000,0.62000,0.02880
,,, 0.00020624000,0.62000,0.02880
,,, 0.00020628000,0.62000,0.02960
,,, 0.00020631999,0.62000,0.02960
,,, 0.00020636000,0.60000,0.02960
,,, 0.00020640000,0.60000,0.02960
,,, 0.00020644000,0.60000,0.03040
,,, 0.00020647999,0.60000,0.02960
,,, 0.00020652000,0.60000,0.02960
,,, 0.00020656000,0.60000,0.03040
,,, 0.00020660000,0.60000,0.03040
,,, 0.00020664000,0.60000,0.03040
,,, 0.00020667999,0.60000,0.03120
,,, 0.00020672000,0.60000,0.03040
,,, 0.00020676000,0.60000,0.03040
,,, 0.00020680000,0.58000,0.03120
,,, 0.00020683999,0.58000,0.03120
,,, 0.00020687999,0.58000,0.03120
,,, 0.00020692000,0.58000,0.03200
,,, 0.00020696000,0.58000,0.03200
,,, 0.00020700000,0.58000,0.03200
,,, 0.00020703999,0.56000,0.03200
,,, 0.00020708000,0.56000,0.03200
,,, 0.00020712000,0.56000,0.03200
,,, 0.00020716000,0.56000,0.03200
,,, 0.00020719999,0.56000,0.03280
,,, 0.00020723999,0.56000,0.03280
,,, 0.00020728000,0.54000,0.03280
,,, 0.00020732000,0.54000,0.03280
,,, 0.00020736000,0.54000,0.03280
,,, 0.00020739999,0.54000,0.03280
,,, 0.00020744000,0.54000,0.03360
,,, 0.00020748000,0.54000,0.03280
,,, 0.00020752000,0.54000,0.03280
,,, 0.00020756001,0.54000,0.03440
,,, 0.00020759999,0.54000,0.03440
,,, 0.00020764000,0.52000,0.03360
,,, 0.00020768000,0.54000,0.03440
,,, 0.00020772000,0.52000,0.03440
,,, 0.00020775999,0.52000,0.03440
,,, 0.00020780000,0.52000,0.03440
,,, 0.00020784000,0.50000,0.03440
,,, 0.00020788000,0.50000,0.03440
,,, 0.00020792001,0.52000,0.03520
,,, 0.00020795999,0.50000,0.03440
,,, 0.00020800000,0.50000,0.03520
,,, 0.00020804000,0.50000,0.03520
,,, 0.00020808000,0.50000,0.03520
,,, 0.00020811999,0.50000,0.03520
,,, 0.00020816000,0.48000,0.03520
,,, 0.00020820000,0.48000,0.03600
,,, 0.00020824000,0.48000,0.03600
,,, 0.00020828001,0.48000,0.03600
,,, 0.00020831999,0.48000,0.03600
,,, 0.00020836000,0.48000,0.03600
,,, 0.00020840000,0.48000,0.03600
,,, 0.00020844000,0.48000,0.03600
,,, 0.00020847999,0.46000,0.03680
,,, 0.00020852000,0.46000,0.03680
,,, 0.00020856000,0.46000,0.03680
,,, 0.00020860000,0.46000,0.03680
,,, 0.00020864001,0.46000,0.03680
,,, 0.00020867999,0.44000,0.03680
,,, 0.00020872000,0.44000,0.03680
,,, 0.00020876000,0.44000,0.03680
,,, 0.00020880000,0.44000,0.03760
,,, 0.00020883999,0.44000,0.03760
,,, 0.00020888000,0.44000,0.03760
,,, 0.00020892000,0.44000,0.03760
,,, 0.00020896000,0.42000,0.03760
,,, 0.00020900001,0.44000,0.03840
,,, 0.00020903999,0.42000,0.03840
,,, 0.00020908000,0.42000,0.03840
,,, 0.00020912000,0.42000,0.03840
,,, 0.00020916000,0.42000,0.03920
,,, 0.00020919999,0.40000,0.03840
,,, 0.00020924000,0.42000,0.03840
,,, 0.00020928000,0.40000,0.03920
,,, 0.00020932000,0.40000,0.03920
,,, 0.00020936001,0.40000,0.03920
,,, 0.00020939999,0.40000,0.03920
,,, 0.00020944000,0.40000,0.03920
,,, 0.00020948000,0.38000,0.03920
,,, 0.00020952000,0.38000,0.03840
,,, 0.00020955999,0.38000,0.03920
,,, 0.00020960000,0.38000,0.04000
,,, 0.00020964000,0.38000,0.04000
,,, 0.00020968000,0.38000,0.04000
,,, 0.00020972000,0.38000,0.04000
,,, 0.00020975999,0.38000,0.04000
,,, 0.00020980000,0.38000,0.04000
,,, 0.00020984000,0.36000,0.04000
,,, 0.00020988000,0.36000,0.04000
,,, 0.00020991999,0.36000,0.04000
,,, 0.00020996000,0.36000,0.04080
,,, 0.00021000000,0.36000,0.04080
,,, 0.00021004000,0.36000,0.04080
,,, 0.00021008000,0.34000,0.04080
,,, 0.00021011999,0.34000,0.04080
,,, 0.00021016000,0.34000,0.04080
,,, 0.00021020000,0.34000,0.04080
,,, 0.00021024000,0.32000,0.04160
,,, 0.00021027999,0.32000,0.04160
,,, 0.00021031999,0.32000,0.04080
,,, 0.00021036000,0.32000,0.04080
,,, 0.00021040000,0.32000,0.04080
,,, 0.00021044000,0.32000,0.04160
,,, 0.00021047999,0.32000,0.04160
,,, 0.00021052000,0.30000,0.04160
,,, 0.00021056000,0.30000,0.04160
,,, 0.00021060000,0.30000,0.04160
,,, 0.00021063999,0.30000,0.04160
,,, 0.00021067999,0.30000,0.04160
,,, 0.00021072000,0.30000,0.04160
,,, 0.00021076000,0.30000,0.04160
,,, 0.00021080000,0.28000,0.04160
,,, 0.00021083999,0.28000,0.04240
,,, 0.00021088000,0.28000,0.04240
,,, 0.00021092000,0.28000,0.04240
,,, 0.00021096000,0.28000,0.04240
,,, 0.00021100001,0.26000,0.04240
,,, 0.00021103999,0.26000,0.04240
,,, 0.00021108000,0.26000,0.04240
,,, 0.00021112000,0.26000,0.04240
,,, 0.00021116000,0.26000,0.04240
,,, 0.00021119999,0.26000,0.04320
,,, 0.00021124000,0.24000,0.04320
,,, 0.00021128000,0.24000,0.04240
,,, 0.00021132000,0.24000,0.04320
,,, 0.00021136001,0.24000,0.04320
,,, 0.00021139999,0.24000,0.04320
,,, 0.00021144000,0.24000,0.04320
,,, 0.00021148000,0.24000,0.04400
,,, 0.00021152000,0.22000,0.04400
,,, 0.00021155999,0.22000,0.04400
,,, 0.00021160000,0.22000,0.04400
,,, 0.00021164000,0.22000,0.04400
,,, 0.00021168000,0.20000,0.04400
,,, 0.00021172001,0.20000,0.04400
,,, 0.00021175999,0.20000,0.04400
,,, 0.00021180000,0.20000,0.04400
,,, 0.00021184000,0.20000,0.04400
,,, 0.00021188000,0.20000,0.04400
,,, 0.00021191999,0.18000,0.04400
,,, 0.00021196000,0.20000,0.04400
,,, 0.00021200000,0.18000,0.04480
,,, 0.00021204000,0.18000,0.04480
,,, 0.00021208001,0.18000,0.04400
,,, 0.00021211999,0.18000,0.04480
,,, 0.00021216000,0.16000,0.04480
,,, 0.00021220000,0.16000,0.04480
,,, 0.00021224000,0.16000,0.04480
,,, 0.00021227999,0.16000,0.04480
,,, 0.00021232000,0.16000,0.04560
,,, 0.00021236000,0.14000,0.04560
,,, 0.00021240000,0.14000,0.04480
,,, 0.00021244001,0.14000,0.04560
,,, 0.00021247999,0.14000,0.04560
,,, 0.00021252000,0.14000,0.04560
,,, 0.00021256000,0.14000,0.04480
,,, 0.00021260000,0.12000,0.04560
,,, 0.00021263999,0.12000,0.04560
,,, 0.00021268000,0.12000,0.04560
,,, 0.00021272000,0.12000,0.04560
,,, 0.00021276000,0.12000,0.04560
,,, 0.00021280001,0.12000,0.04640
,,, 0.00021283999,0.10000,0.04640
,,, 0.00021288000,0.10000,0.04560
,,, 0.00021292000,0.10000,0.04560
,,, 0.00021296000,0.10000,0.04640
,,, 0.00021299999,0.10000,0.04640
,,, 0.00021304000,0.08000,0.04640
,,, 0.00021308000,0.08000,0.04640
,,, 0.00021312000,0.08000,0.04640
,,, 0.00021316000,0.08000,0.04640
,,, 0.00021319999,0.08000,0.04640
,,, 0.00021324000,0.06000,0.04640
,,, 0.00021328000,0.06000,0.04640
,,, 0.00021332000,0.06000,0.04640
,,, 0.00021335999,0.06000,0.04640
,,, 0.00021340000,0.06000,0.04640
,,, 0.00021344000,0.06000,0.04640
,,, 0.00021348000,0.06000,0.04640
,,, 0.00021352000,0.04000,0.04640
,,, 0.00021355999,0.04000,0.04640
,,, 0.00021360000,0.04000,0.04640
,,, 0.00021364000,0.04000,0.04640
,,, 0.00021368000,0.04000,0.04640
,,, 0.00021371999,0.04000,0.04640
,,, 0.00021375999,0.02000,0.04640
,,, 0.00021380000,0.02000,0.04640
,,, 0.00021384000,0.02000,0.04640
,,, 0.00021388000,0.02000,0.04720
,,, 0.00021391999,0.00,0.04720
,,, 0.00021396000,0.00,0.04720
,,, 0.00021400000,0.00,0.04720
,,, 0.00021404000,0.00,0.04720
,,, 0.00021407999,0.00,0.04720
,,, 0.00021411999,-0.02000,0.04720
,,, 0.00021416000,-0.02000,0.04640
,,, 0.00021420000,-0.02000,0.04720
,,, 0.00021424000,-0.02000,0.04720
,,, 0.00021427999,-0.02000,0.04720
,,, 0.00021432000,-0.02000,0.04720
,,, 0.00021436000,-0.04000,0.04720
,,, 0.00021440000,-0.04000,0.04720
,,, 0.00021444001,-0.04000,0.04720
,,, 0.00021447999,-0.04000,0.04720
,,, 0.00021452000,-0.04000,0.04720
,,, 0.00021456000,-0.06000,0.04800
,,, 0.00021460000,-0.06000,0.04720
,,, 0.00021463999,-0.06000,0.04720
,,, 0.00021468000,-0.06000,0.04720
,,, 0.00021472000,-0.06000,0.04720
,,, 0.00021476000,-0.08000,0.04720
,,, 0.00021480001,-0.08000,0.04720
,,, 0.00021483999,-0.08000,0.04720
,,, 0.00021488000,-0.08000,0.04720
,,, 0.00021492000,-0.08000,0.04720
,,, 0.00021496000,-0.10000,0.04720
,,, 0.00021499999,-0.10000,0.04720
,,, 0.00021504000,-0.10000,0.04720
,,, 0.00021508000,-0.10000,0.04800
,,, 0.00021512000,-0.10000,0.04800
,,, 0.00021516001,-0.12000,0.04800
,,, 0.00021519999,-0.12000,0.04800
,,, 0.00021524000,-0.12000,0.04800
,,, 0.00021528000,-0.12000,0.04720
,,, 0.00021532000,-0.12000,0.04800
,,, 0.00021535999,-0.12000,0.04800
,,, 0.00021540000,-0.14000,0.04800
,,, 0.00021544000,-0.14000,0.04800
,,, 0.00021548000,-0.14000,0.04800
,,, 0.00021552001,-0.14000,0.04720
,,, 0.00021555999,-0.14000,0.04720
,,, 0.00021560000,-0.14000,0.04800
,,, 0.00021564000,-0.16000,0.04800
,,, 0.00021568000,-0.16000,0.04800
,,, 0.00021571999,-0.16000,0.04720
,,, 0.00021576000,-0.18000,0.04720
,,, 0.00021580000,-0.18000,0.04720
,,, 0.00021584000,-0.18000,0.04720
,,, 0.00021588001,-0.18000,0.04720
,,, 0.00021591999,-0.18000,0.04800
,,, 0.00021596000,-0.18000,0.04720
,,, 0.00021600000,-0.20000,0.04720
,,, 0.00021604000,-0.20000,0.04800
,,, 0.00021607999,-0.20000,0.04720
,,, 0.00021612000,-0.20000,0.04720
,,, 0.00021616000,-0.20000,0.04720
,,, 0.00021620000,-0.22000,0.04720
,,, 0.00021624001,-0.22000,0.04720
,,, 0.00021627999,-0.22000,0.04720
,,, 0.00021632000,-0.22000,0.04720
,,, 0.00021636000,-0.22000,0.04720
,,, 0.00021640000,-0.24000,0.04720
,,, 0.00021643999,-0.24000,0.04720
,,, 0.00021648000,-0.24000,0.04720
,,, 0.00021652000,-0.24000,0.04640
,,, 0.00021656000,-0.24000,0.04720
,,, 0.00021660000,-0.26000,0.04720
,,, 0.00021663999,-0.26000,0.04640
,,, 0.00021668000,-0.26000,0.04720
,,, 0.00021672000,-0.26000,0.04720
,,, 0.00021676000,-0.26000,0.04720
,,, 0.00021679999,-0.26000,0.04720
,,, 0.00021684000,-0.28000,0.04720
,,, 0.00021688000,-0.28000,0.04720
,,, 0.00021692000,-0.28000,0.04720
,,, 0.00021696000,-0.28000,0.04640
,,, 0.00021699999,-0.30000,0.04720
,,, 0.00021704000,-0.30000,0.04720
,,, 0.00021708000,-0.30000,0.04640
,,, 0.00021712000,-0.30000,0.04640
,,, 0.00021715999,-0.32000,0.04640
,,, 0.00021719999,-0.32000,0.04640
,,, 0.00021724000,-0.32000,0.04640
,,, 0.00021728000,-0.32000,0.04640
,,, 0.00021732000,-0.34000,0.04640
,,, 0.00021735999,-0.34000,0.04640
,,, 0.00021740000,-0.34000,0.04640
,,, 0.00021744000,-0.34000,0.04560
,,, 0.00021748000,-0.34000,0.04560
,,, 0.00021751999,-0.34000,0.04640
,,, 0.00021755999,-0.34000,0.04640
,,, 0.00021760000,-0.36000,0.04560
,,, 0.00021764000,-0.36000,0.04560
,,, 0.00021768000,-0.36000,0.04640
,,, 0.00021771999,-0.36000,0.04560
,,, 0.00021776000,-0.36000,0.04560
,,, 0.00021780000,-0.38000,0.04560
,,, 0.00021784000,-0.38000,0.04560
,,, 0.00021788001,-0.38000,0.04560
,,, 0.00021791999,-0.38000,0.04560
,,, 0.00021796000,-0.40000,0.04560
,,, 0.00021800000,-0.40000,0.04560
,,, 0.00021804000,-0.40000,0.04560
,,, 0.00021807999,-0.40000,0.04560
,,, 0.00021812000,-0.40000,0.04560
,,, 0.00021816000,-0.40000,0.04560
,,, 0.00021820000,-0.42000,0.04560
,,, 0.00021824001,-0.42000,0.04480
,,, 0.00021827999,-0.42000,0.04480
,,, 0.00021832000,-0.42000,0.04480
,,, 0.00021836000,-0.42000,0.04560
,,, 0.00021840000,-0.44000,0.04480
,,, 0.00021843999,-0.44000,0.04480
,,, 0.00021848000,-0.44000,0.04560
,,, 0.00021852000,-0.44000,0.04560
,,, 0.00021856000,-0.44000,0.04480
,,, 0.00021860001,-0.44000,0.04480
,,, 0.00021863999,-0.44000,0.04480
,,, 0.00021868000,-0.46000,0.04400
,,, 0.00021872000,-0.46000,0.04400
,,, 0.00021876000,-0.46000,0.04400
,,, 0.00021879999,-0.48000,0.04400
,,, 0.00021884000,-0.46000,0.04400
,,, 0.00021888000,-0.48000,0.04400
,,, 0.00021892000,-0.48000,0.04400
,,, 0.00021896001,-0.48000,0.04400
,,, 0.00021899999,-0.48000,0.04400
,,, 0.00021904000,-0.48000,0.04400
,,, 0.00021908000,-0.50000,0.04400
,,, 0.00021912000,-0.50000,0.04400
,,, 0.00021915999,-0.50000,0.04400
,,, 0.00021920000,-0.50000,0.04400
,,, 0.00021924000,-0.52000,0.04320
,,, 0.00021928000,-0.52000,0.04320
,,, 0.00021932001,-0.52000,0.04320
,,, 0.00021935999,-0.52000,0.04320
,,, 0.00021940000,-0.52000,0.04320
,,, 0.00021944000,-0.52000,0.04320
,,, 0.00021948000,-0.54000,0.04240
,,, 0.00021951999,-0.54000,0.04240
,,, 0.00021956000,-0.54000,0.04240
,,, 0.00021960000,-0.54000,0.04240
,,, 0.00021964000,-0.54000,0.04240
,,, 0.00021968001,-0.54000,0.04240
,,, 0.00021971999,-0.56000,0.04240
,,, 0.00021976000,-0.56000,0.04240
,,, 0.00021980000,-0.58000,0.04240
,,, 0.00021984000,-0.58000,0.04160
,,, 0.00021987999,-0.58000,0.04160
,,, 0.00021992000,-0.58000,0.04240
,,, 0.00021996000,-0.58000,0.04240
,,, 0.00022000000,-0.58000,0.04160
,,, 0.00022004000,-0.60000,0.04160
,,, 0.00022007999,-0.60000,0.04160
,,, 0.00022012000,-0.60000,0.04160
,,, 0.00022016000,-0.60000,0.04080
,,, 0.00022020000,-0.60000,0.04080
,,, 0.00022023999,-0.62000,0.04160
,,, 0.00022028000,-0.62000,0.04160
,,, 0.00022032000,-0.62000,0.04080
,,, 0.00022036000,-0.62000,0.04080
,,, 0.00022040000,-0.62000,0.04080
,,, 0.00022043999,-0.62000,0.04080
,,, 0.00022048000,-0.64000,0.04080
,,, 0.00022052000,-0.64000,0.04080
,,, 0.00022056000,-0.64000,0.04080
,,, 0.00022059999,-0.64000,0.04080
,,, 0.00022063999,-0.64000,0.04000
,,, 0.00022068000,-0.64000,0.04000
,,, 0.00022072000,-0.64000,0.04000
,,, 0.00022076000,-0.66000,0.04000
,,, 0.00022079999,-0.66000,0.04000
,,, 0.00022084000,-0.66000,0.04000
,,, 0.00022088000,-0.66000,0.04000
,,, 0.00022092000,-0.68000,0.04000
,,, 0.00022095999,-0.68000,0.03920
,,, 0.00022099999,-0.68000,0.03920
,,, 0.00022104000,-0.68000,0.03920
,,, 0.00022108000,-0.68000,0.03920
,,, 0.00022112000,-0.70000,0.03920
,,, 0.00022115999,-0.70000,0.03920
,,, 0.00022120000,-0.70000,0.03920
,,, 0.00022124000,-0.70000,0.03920
,,, 0.00022128000,-0.70000,0.03920
,,, 0.00022131999,-0.70000,0.03920
,,, 0.00022135999,-0.70000,0.03840
,,, 0.00022140000,-0.72000,0.03840
,,, 0.00022144000,-0.72000,0.03840
,,, 0.00022148000,-0.72000,0.03840
,,, 0.00022151999,-0.72000,0.03840
,,, 0.00022156000,-0.72000,0.03840
,,, 0.00022160000,-0.72000,0.03760
,,, 0.00022164000,-0.74000,0.03760
,,, 0.00022168001,-0.74000,0.03760
,,, 0.00022171999,-0.74000,0.03760
,,, 0.00022176000,-0.74000,0.03680
,,, 0.00022180000,-0.74000,0.03760
,,, 0.00022184000,-0.74000,0.03760
,,, 0.00022187999,-0.76000,0.03760
,,, 0.00022192000,-0.76000,0.03680
,,, 0.00022196000,-0.76000,0.03680
,,, 0.00022200000,-0.76000,0.03680
,,, 0.00022204001,-0.76000,0.03680
,,, 0.00022207999,-0.76000,0.03680
,,, 0.00022212000,-0.76000,0.03680
,,, 0.00022216000,-0.78000,0.03680
,,, 0.00022220000,-0.78000,0.03680
,,, 0.00022223999,-0.78000,0.03600
,,, 0.00022228000,-0.78000,0.03600
,,, 0.00022232000,-0.78000,0.03600
,,, 0.00022236000,-0.78000,0.03600
,,, 0.00022240001,-0.80000,0.03600
,,, 0.00022243999,-0.80000,0.03520
,,, 0.00022248000,-0.80000,0.03520
,,, 0.00022252000,-0.80000,0.03520
,,, 0.00022256000,-0.80000,0.03440
,,, 0.00022259999,-0.80000,0.03440
,,, 0.00022264000,-0.82000,0.03440
,,, 0.00022268000,-0.80000,0.03440
,,, 0.00022272000,-0.82000,0.03440
,,, 0.00022276001,-0.82000,0.03440
,,, 0.00022279999,-0.82000,0.03440
,,, 0.00022284000,-0.82000,0.03440
,,, 0.00022288000,-0.82000,0.03360
,,, 0.00022292000,-0.82000,0.03360
,,, 0.00022295999,-0.84000,0.03440
,,, 0.00022300000,-0.84000,0.03360
,,, 0.00022304000,-0.84000,0.03360
,,, 0.00022308000,-0.84000,0.03280
,,, 0.00022312001,-0.84000,0.03280
,,, 0.00022315999,-0.84000,0.03360
,,, 0.00022320000,-0.86000,0.03280
,,, 0.00022324000,-0.86000,0.03280
,,, 0.00022328000,-0.86000,0.03280
,,, 0.00022331999,-0.86000,0.03280
,,, 0.00022336000,-0.86000,0.03200
,,, 0.00022340000,-0.86000,0.03200
,,, 0.00022344000,-0.86000,0.03280
,,, 0.00022348000,-0.86000,0.03200
,,, 0.00022351999,-0.86000,0.03120
,,, 0.00022356000,-0.86000,0.03200
,,, 0.00022360000,-0.88000,0.03200
,,, 0.00022364000,-0.88000,0.03120
,,, 0.00022367999,-0.88000,0.03120
,,, 0.00022372000,-0.88000,0.03120
,,, 0.00022376000,-0.88000,0.03120
,,, 0.00022380000,-0.88000,0.03120
,,, 0.00022384000,-0.88000,0.03040
,,, 0.00022387999,-0.90000,0.03040
,,, 0.00022392000,-0.88000,0.03120
,,, 0.00022396000,-0.90000,0.03040
,,, 0.00022400000,-0.90000,0.03040
,,, 0.00022403999,-0.90000,0.02960
,,, 0.00022407999,-0.90000,0.03040
,,, 0.00022412000,-0.90000,0.02960
,,, 0.00022416000,-0.90000,0.02960
,,, 0.00022420000,-0.92000,0.02960
,,, 0.00022423999,-0.90000,0.02960
,,, 0.00022428000,-0.92000,0.02960
,,, 0.00022432000,-0.92000,0.02880
,,, 0.00022436000,-0.92000,0.02880
,,, 0.00022439999,-0.92000,0.02880
,,, 0.00022443999,-0.92000,0.02880
,,, 0.00022448000,-0.92000,0.02800
,,, 0.00022452000,-0.92000,0.02880
,,, 0.00022456000,-0.92000,0.02880
,,, 0.00022459999,-0.92000,0.02800
,,, 0.00022464000,-0.94000,0.02720
,,, 0.00022468000,-0.94000,0.02800
,,, 0.00022472000,-0.94000,0.02800
,,, 0.00022475999,-0.94000,0.02720
,,, 0.00022479999,-0.94000,0.02720
,,, 0.00022484000,-0.94000,0.02720
,,, 0.00022488000,-0.94000,0.02720
,,, 0.00022492000,-0.94000,0.02720
,,, 0.00022495999,-0.96000,0.02640
,,, 0.00022500000,-0.96000,0.02640
,,, 0.00022504000,-0.96000,0.02640
,,, 0.00022508000,-0.96000,0.02640
,,, 0.00022512001,-0.96000,0.02640
,,, 0.00022515999,-0.96000,0.02640
,,, 0.00022520000,-0.96000,0.02640
,,, 0.00022524000,-0.96000,0.02560
,,, 0.00022528000,-0.96000,0.02480
,,, 0.00022531999,-0.96000,0.02560
,,, 0.00022536000,-0.98000,0.02560
,,, 0.00022540000,-0.96000,0.02480
,,, 0.00022544000,-0.98000,0.02480
,,, 0.00022548001,-0.98000,0.02480
,,, 0.00022551999,-0.98000,0.02400
,,, 0.00022556000,-0.98000,0.02400
,,, 0.00022560000,-0.98000,0.02400
,,, 0.00022564000,-0.98000,0.02400
,,, 0.00022567999,-0.98000,0.02400
,,, 0.00022572000,-0.98000,0.02400
,,, 0.00022576000,-0.98000,0.02320
,,, 0.00022580000,-0.98000,0.02320
,,, 0.00022584001,-1.00000,0.02320
,,, 0.00022587999,-1.00000,0.02240
,,, 0.00022592000,-1.00000,0.02240
,,, 0.00022596000,-1.02000,0.02240
,,, 0.00022600000,-1.00000,0.02240
,,, 0.00022603999,-1.00000,0.02240
,,, 0.00022608000,-1.00000,0.02160
,,, 0.00022612000,-1.02000,0.02160
,,, 0.00022616000,-1.00000,0.02160
,,, 0.00022620001,-1.02000,0.02080
,,, 0.00022623999,-1.02000,0.02080
,,, 0.00022628000,-1.02000,0.02160
,,, 0.00022632000,-1.02000,0.02080
,,, 0.00022636000,-1.00000,0.02080
,,, 0.00022639999,-1.00000,0.02000
,,, 0.00022644000,-1.02000,0.02000
,,, 0.00022648000,-1.02000,0.02000
,,, 0.00022652000,-1.02000,0.02000
,,, 0.00022656001,-1.02000,0.01920
,,, 0.00022659999,-1.02000,0.01920
,,, 0.00022664000,-1.02000,0.02000
,,, 0.00022668000,-1.02000,0.01840
,,, 0.00022672000,-1.02000,0.01920
,,, 0.00022675999,-1.02000,0.01920
,,, 0.00022680000,-1.04000,0.01840
,,, 0.00022684000,-1.04000,0.01840
,,, 0.00022688000,-1.04000,0.01760
,,, 0.00022692000,-1.02000,0.01840
,,, 0.00022695999,-1.02000,0.01760
,,, 0.00022700000,-1.04000,0.01760
,,, 0.00022704000,-1.04000,0.01680
,,, 0.00022708000,-1.04000,0.01760
,,, 0.00022711999,-1.04000,0.01680
,,, 0.00022716000,-1.04000,0.01680
,,, 0.00022720000,-1.04000,0.01600
,,, 0.00022724000,-1.04000,0.01680
,,, 0.00022728000,-1.04000,0.01680
,,, 0.00022731999,-1.04000,0.01600
,,, 0.00022736000,-1.04000,0.01600
,,, 0.00022740000,-1.04000,0.01600
,,, 0.00022744000,-1.06000,0.01520
,,, 0.00022747999,-1.04000,0.01520
,,, 0.00022751999,-1.04000,0.01520
,,, 0.00022756000,-1.04000,0.01520
,,, 0.00022760000,-1.04000,0.01520
,,, 0.00022764000,-1.06000,0.01440
,,, 0.00022767999,-1.06000,0.01440
,,, 0.00022772000,-1.04000,0.01440
,,, 0.00022776000,-1.04000,0.01440
,,, 0.00022780000,-1.04000,0.01360
,,, 0.00022783999,-1.06000,0.01360
,,, 0.00022787999,-1.06000,0.01440
,,, 0.00022792000,-1.06000,0.01360
,,, 0.00022796000,-1.04000,0.01360
,,, 0.00022800000,-1.06000,0.01280
,,, 0.00022803999,-1.06000,0.01280
,,, 0.00022808000,-1.04000,0.01360
,,, 0.00022812000,-1.06000,0.01280
,,, 0.00022816000,-1.06000,0.01280
,,, 0.00022819999,-1.04000,0.01280
,,, 0.00022823999,-1.06000,0.01200
,,, 0.00022828000,-1.06000,0.01120
,,, 0.00022832000,-1.04000,0.01120
,,, 0.00022836000,-1.04000,0.01120
,,, 0.00022839999,-1.04000,0.01120
,,, 0.00022844000,-1.04000,0.01040
,,, 0.00022848000,-1.06000,0.01040
,,, 0.00022852000,-1.06000,0.01120
,,, 0.00022856001,-1.06000,0.01040
,,, 0.00022859999,-1.06000,0.00960
,,, 0.00022864000,-1.06000,0.01040
,,, 0.00022868000,-1.06000,0.01040
,,, 0.00022872000,-1.06000,0.00960
,,, 0.00022875999,-1.06000,0.00960
,,, 0.00022880000,-1.06000,0.00880
,,, 0.00022884000,-1.06000,0.00960
,,, 0.00022888000,-1.06000,0.00880
,,, 0.00022892001,-1.06000,0.00800
,,, 0.00022895999,-1.06000,0.00880
,,, 0.00022900000,-1.06000,0.00880
,,, 0.00022904000,-1.06000,0.00800
,,, 0.00022908000,-1.06000,0.00800
,,, 0.00022911999,-1.06000,0.00720
,,, 0.00022916000,-1.06000,0.00800
,,, 0.00022920000,-1.04000,0.00720
,,, 0.00022924000,-1.06000,0.00640
,,, 0.00022928001,-1.04000,0.00720
,,, 0.00022931999,-1.04000,0.00720
,,, 0.00022936000,-1.04000,0.00640
,,, 0.00022940000,-1.04000,0.00640
,,, 0.00022944000,-1.04000,0.00640
,,, 0.00022947999,-1.06000,0.00640
,,, 0.00022952000,-1.04000,0.00560
,,, 0.00022956000,-1.04000,0.00480
,,, 0.00022960000,-1.04000,0.00560
,,, 0.00022964001,-1.04000,0.00560
,,, 0.00022967999,-1.04000,0.00480
,,, 0.00022972000,-1.04000,0.00480
,,, 0.00022976000,-1.04000,0.00480
,,, 0.00022980000,-1.06000,0.00480
,,, 0.00022983999,-1.04000,0.00400
,,, 0.00022988000,-1.04000,0.00400
,,, 0.00022992000,-1.06000,0.00400
,,, 0.00022996000,-1.04000,0.00400
,,, 0.00023000001,-1.04000,0.00320
,,, 0.00023003999,-1.04000,0.00320
,,, 0.00023008000,-1.04000,0.00320
,,, 0.00023012000,-1.04000,0.00320
,,, 0.00023016000,-1.04000,0.00240
,,, 0.00023019999,-1.04000,0.00240
,,, 0.00023024000,-1.02000,0.00240
,,, 0.00023028000,-1.04000,0.00240
,,, 0.00023032000,-1.02000,0.00160
,,, 0.00023036000,-1.02000,0.00160
,,, 0.00023039999,-1.02000,0.00160
,,, 0.00023044000,-1.02000,0.00160
,,, 0.00023048000,-1.02000,0.00080
,,, 0.00023052000,-1.02000,0.00080
,,, 0.00023055999,-1.02000,0.00160
,,, 0.00023060000,-1.04000,0.00080
,,, 0.00023064000,-1.02000,0.00080
,,, 0.00023068000,-1.02000,0.00080
,,, 0.00023072000,-1.02000,0.00
,,, 0.00023075999,-1.02000,0.00
,,, 0.00023080000,-1.02000,0.00
,,, 0.00023084000,-1.02000,-0.00080
,,, 0.00023088000,-1.02000,0.00
,,, 0.00023091999,-1.02000,0.00
,,, 0.00023095999,-1.00000,-0.00080
,,, 0.00023100000,-1.02000,-0.00160
,,, 0.00023104000,-1.02000,-0.00080
,,, 0.00023108000,-1.00000,-0.00080
,,, 0.00023111999,-1.00000,-0.00160
,,, 0.00023116000,-1.02000,-0.00160
,,, 0.00023120000,-1.00000,-0.00160
,,, 0.00023124000,-1.00000,-0.00160
,,, 0.00023127999,-1.00000,-0.00240
,,, 0.00023131999,-1.00000,-0.00240
,,, 0.00023136000,-1.00000,-0.00240
,,, 0.00023140000,-0.98000,-0.00320
,,, 0.00023144000,-0.98000,-0.00320
,,, 0.00023147999,-1.00000,-0.00320
,,, 0.00023152000,-0.98000,-0.00320
,,, 0.00023156000,-0.98000,-0.00320
,,, 0.00023160000,-0.98000,-0.00400
,,, 0.00023163999,-0.98000,-0.00400
,,, 0.00023167999,-0.98000,-0.00400
,,, 0.00023172000,-0.98000,-0.00480
,,, 0.00023176000,-0.98000,-0.00480
,,, 0.00023180000,-0.98000,-0.00480
,,, 0.00023183999,-0.98000,-0.00480
,,, 0.00023188000,-0.98000,-0.00480
,,, 0.00023192000,-0.96000,-0.00560
,,, 0.00023196000,-0.98000,-0.00560
,,, 0.00023200001,-0.96000,-0.00560
,,, 0.00023203999,-0.96000,-0.00560
,,, 0.00023208000,-0.96000,-0.00640
,,, 0.00023212000,-0.96000,-0.00640
,,, 0.00023216000,-0.96000,-0.00640
,,, 0.00023219999,-0.96000,-0.00640
,,, 0.00023224000,-0.96000,-0.00720
,,, 0.00023228000,-0.94000,-0.00720
,,, 0.00023232000,-0.94000,-0.00720
,,, 0.00023236001,-0.94000,-0.00800
,,, 0.00023239999,-0.94000,-0.00800
,,, 0.00023244000,-0.94000,-0.00800
,,, 0.00023248000,-0.94000,-0.00800
,,, 0.00023252000,-0.94000,-0.00800
,,, 0.00023255999,-0.94000,-0.00880
,,, 0.00023260000,-0.94000,-0.00880
,,, 0.00023264000,-0.94000,-0.00880
,,, 0.00023268000,-0.92000,-0.00880
,,, 0.00023272001,-0.92000,-0.00880
,,, 0.00023275999,-0.92000,-0.00880
,,, 0.00023280000,-0.92000,-0.00880
,,, 0.00023284000,-0.92000,-0.00960
,,, 0.00023288000,-0.92000,-0.01040
,,, 0.00023291999,-0.92000,-0.01040
,,, 0.00023296000,-0.92000,-0.00960
,,, 0.00023300000,-0.92000,-0.01040
,,, 0.00023304000,-0.90000,-0.01040
,,, 0.00023308001,-0.90000,-0.01040
,,, 0.00023311999,-0.90000,-0.01040
,,, 0.00023316000,-0.90000,-0.01120
,,, 0.00023320000,-0.90000,-0.01200
,,, 0.00023324000,-0.90000,-0.01120
,,, 0.00023327999,-0.88000,-0.01120
,,, 0.00023332000,-0.88000,-0.01120
,,, 0.00023336000,-0.88000,-0.01200
,,, 0.00023340000,-0.88000,-0.01200
,,, 0.00023344001,-0.88000,-0.01200
,,, 0.00023347999,-0.88000,-0.01200
,,, 0.00023352000,-0.88000,-0.01280
,,, 0.00023356000,-0.88000,-0.01200
,,, 0.00023360000,-0.88000,-0.01200
,,, 0.00023363999,-0.88000,-0.01280
,,, 0.00023368000,-0.86000,-0.01280
,,, 0.00023372000,-0.86000,-0.01280
,,, 0.00023376000,-0.86000,-0.01360
,,, 0.00023380000,-0.86000,-0.01360
,,, 0.00023383999,-0.86000,-0.01440
,,, 0.00023388000,-0.86000,-0.01440
,,, 0.00023392000,-0.86000,-0.01360
,,, 0.00023396000,-0.84000,-0.01440
,,, 0.00023399999,-0.84000,-0.01440
,,, 0.00023404000,-0.84000,-0.01440
,,, 0.00023408000,-0.84000,-0.01440
,,, 0.00023412000,-0.84000,-0.01520
,,, 0.00023416000,-0.82000,-0.01520
,,, 0.00023419999,-0.84000,-0.01520
,,, 0.00023424000,-0.82000,-0.01520
,,, 0.00023428000,-0.82000,-0.01600
,,, 0.00023432000,-0.82000,-0.01600
,,, 0.00023435999,-0.82000,-0.01600
,,, 0.00023439999,-0.82000,-0.01600
,,, 0.00023444000,-0.80000,-0.01680
,,, 0.00023448000,-0.82000,-0.01680
,,, 0.00023452000,-0.80000,-0.01680
,,, 0.00023455999,-0.80000,-0.01680
,,, 0.00023460000,-0.80000,-0.01760
,,, 0.00023464000,-0.80000,-0.01760
,,, 0.00023468000,-0.80000,-0.01760
,,, 0.00023471999,-0.80000,-0.01760
,,, 0.00023475999,-0.80000,-0.01840
,,, 0.00023480000,-0.80000,-0.01840
,,, 0.00023484000,-0.78000,-0.01760
,,, 0.00023488000,-0.78000,-0.01760
,,, 0.00023491999,-0.78000,-0.01840
,,, 0.00023496000,-0.78000,-0.01840
,,, 0.00023500000,-0.76000,-0.01840
,,, 0.00023504000,-0.78000,-0.01840
,,, 0.00023507999,-0.76000,-0.01920
,,, 0.00023511999,-0.76000,-0.01920
,,, 0.00023516000,-0.76000,-0.01920
,,, 0.00023520000,-0.76000,-0.01920
,,, 0.00023524000,-0.76000,-0.02000
,,, 0.00023527999,-0.74000,-0.02000
,,, 0.00023532000,-0.74000,-0.02000
,,, 0.00023536000,-0.74000,-0.02080
,,, 0.00023540000,-0.74000,-0.02080
,,, 0.00023544001,-0.74000,-0.02080
,,, 0.00023547999,-0.74000,-0.02080
,,, 0.00023552000,-0.72000,-0.02080
,,, 0.00023556000,-0.72000,-0.02160
,,, 0.00023560000,-0.72000,-0.02160
,,, 0.00023563999,-0.72000,-0.02160
,,, 0.00023568000,-0.72000,-0.02240
,,, 0.00023572000,-0.72000,-0.02160
,,, 0.00023576000,-0.72000,-0.02160
,,, 0.00023580001,-0.70000,-0.02160
,,, 0.00023583999,-0.70000,-0.02160
,,, 0.00023588000,-0.70000,-0.02240
,,, 0.00023592000,-0.70000,-0.02320
,,, 0.00023596000,-0.68000,-0.02320
,,, 0.00023599999,-0.70000,-0.02320
,,, 0.00023604000,-0.70000,-0.02320
,,, 0.00023608000,-0.68000,-0.02320
,,, 0.00023612000,-0.68000,-0.02320
,,, 0.00023616001,-0.68000,-0.02400
,,, 0.00023619999,-0.66000,-0.02400
,,, 0.00023624000,-0.66000,-0.02480
,,, 0.00023628000,-0.66000,-0.02400
,,, 0.00023632000,-0.66000,-0.02400
,,, 0.00023635999,-0.66000,-0.02480
,,, 0.00023640000,-0.64000,-0.02400
,,, 0.00023644000,-0.66000,-0.02480
,,, 0.00023648000,-0.64000,-0.02480
,,, 0.00023652001,-0.64000,-0.02480
,,, 0.00023655999,-0.64000,-0.02560
,,, 0.00023660000,-0.62000,-0.02480
,,, 0.00023664000,-0.64000,-0.02480
,,, 0.00023668000,-0.64000,-0.02560
,,, 0.00023671999,-0.62000,-0.02560
,,, 0.00023676000,-0.62000,-0.02560
,,, 0.00023680000,-0.62000,-0.02560
,,, 0.00023684000,-0.62000,-0.02640
,,, 0.00023688001,-0.60000,-0.02640
,,, 0.00023691999,-0.60000,-0.02640
,,, 0.00023696000,-0.60000,-0.02640
,,, 0.00023700000,-0.60000,-0.02640
,,, 0.00023704000,-0.60000,-0.02720
,,, 0.00023707999,-0.60000,-0.02720
,,, 0.00023712000,-0.58000,-0.02720
,,, 0.00023716000,-0.58000,-0.02800
,,, 0.00023720000,-0.58000,-0.02720
,,, 0.00023724000,-0.58000,-0.02720
,,, 0.00023727999,-0.56000,-0.02800
,,, 0.00023732000,-0.56000,-0.02800
,,, 0.00023736000,-0.56000,-0.02800
,,, 0.00023740000,-0.56000,-0.02800
,,, 0.00023743999,-0.56000,-0.02880
,,, 0.00023748000,-0.56000,-0.02880
,,, 0.00023752000,-0.54000,-0.02880
,,, 0.00023756000,-0.54000,-0.02880
,,, 0.00023760000,-0.54000,-0.02880
,,, 0.00023763999,-0.54000,-0.02880
,,, 0.00023768000,-0.54000,-0.02960
,,, 0.00023772000,-0.54000,-0.02960
,,, 0.00023776000,-0.52000,-0.02960
,,, 0.00023779999,-0.52000,-0.03040
,,, 0.00023783999,-0.52000,-0.03040
,,, 0.00023788000,-0.50000,-0.02960
,,, 0.00023792000,-0.50000,-0.02960
,,, 0.00023796000,-0.50000,-0.03040
,,, 0.00023799999,-0.50000,-0.03040
,,, 0.00023804000,-0.50000,-0.03120
,,, 0.00023808000,-0.48000,-0.03120
,,, 0.00023812000,-0.48000,-0.03120
,,, 0.00023815999,-0.48000,-0.03120
,,, 0.00023819999,-0.48000,-0.03040
,,, 0.00023824000,-0.48000,-0.03120
,,, 0.00023828000,-0.48000,-0.03200
,,, 0.00023832000,-0.46000,-0.03200
,,, 0.00023835999,-0.46000,-0.03200
,,, 0.00023840000,-0.46000,-0.03200
,,, 0.00023844000,-0.46000,-0.03200
,,, 0.00023848000,-0.46000,-0.03200
,,, 0.00023851999,-0.44000,-0.03200
,,, 0.00023855999,-0.44000,-0.03280
,,, 0.00023860000,-0.44000,-0.03360
,,, 0.00023864000,-0.44000,-0.03280
,,, 0.00023868000,-0.44000,-0.03280
,,, 0.00023871999,-0.42000,-0.03360
,,, 0.00023876000,-0.42000,-0.03360
,,, 0.00023880000,-0.42000,-0.03360
,,, 0.00023884000,-0.42000,-0.03280
,,, 0.00023888001,-0.42000,-0.03360
,,, 0.00023891999,-0.42000,-0.03440
,,, 0.00023896000,-0.40000,-0.03440
,,, 0.00023900000,-0.40000,-0.03360
,,, 0.00023904000,-0.40000,-0.03440
,,, 0.00023907999,-0.38000,-0.03440
,,, 0.00023912000,-0.38000,-0.03440
,,, 0.00023916000,-0.38000,-0.03440
,,, 0.00023920000,-0.38000,-0.03520
,,, 0.00023924001,-0.38000,-0.03520
,,, 0.00023927999,-0.38000,-0.03520
,,, 0.00023932000,-0.36000,-0.03520
,,, 0.00023936000,-0.36000,-0.03520
,,, 0.00023940000,-0.36000,-0.03600
,,, 0.00023943999,-0.36000,-0.03520
,,, 0.00023948000,-0.36000,-0.03600
,,, 0.00023952000,-0.34000,-0.03600
,,, 0.00023956000,-0.34000,-0.03600
,,, 0.00023960001,-0.34000,-0.03600
,,, 0.00023963999,-0.34000,-0.03600
,,, 0.00023968000,-0.34000,-0.03600
,,, 0.00023972000,-0.32000,-0.03680
,,, 0.00023976000,-0.32000,-0.03600
,,, 0.00023979999,-0.32000,-0.03600
,,, 0.00023984000,-0.32000,-0.03680
,,, 0.00023988000,-0.30000,-0.03680
,,, 0.00023992000,-0.30000,-0.03680
,,, 0.00023996001,-0.30000,-0.03680
,,, 0.00023999999,-0.30000,-0.03680
,,, 0.00024004000,-0.30000,-0.03760
,,, 0.00024008000,-0.28000,-0.03680
,,, 0.00024012000,-0.28000,-0.03680
,,, 0.00024015999,-0.28000,-0.03760
,,, 0.00024020000,-0.28000,-0.03760
,,, 0.00024024000,-0.26000,-0.03760
,,, 0.00024028000,-0.26000,-0.03760
,,, 0.00024032001,-0.26000,-0.03760
,,, 0.00024035999,-0.26000,-0.03760
,,, 0.00024040000,-0.26000,-0.03760
,,, 0.00024044000,-0.24000,-0.03760
,,, 0.00024048000,-0.24000,-0.03840
,,, 0.00024051999,-0.24000,-0.03840
,,, 0.00024056000,-0.24000,-0.03840
,,, 0.00024060000,-0.24000,-0.03840
,,, 0.00024064000,-0.22000,-0.03840
,,, 0.00024068000,-0.22000,-0.03840
,,, 0.00024071999,-0.22000,-0.03920
,,, 0.00024076000,-0.22000,-0.03840
,,, 0.00024080000,-0.22000,-0.03920
,,, 0.00024084000,-0.20000,-0.04000
,,, 0.00024087999,-0.20000,-0.03920
,,, 0.00024092000,-0.20000,-0.03920
,,, 0.00024096000,-0.20000,-0.03920
,,, 0.00024100000,-0.18000,-0.03920
,,, 0.00024104000,-0.18000,-0.03920
,,, 0.00024107999,-0.18000,-0.04000
,,, 0.00024112000,-0.18000,-0.04000
,,, 0.00024116000,-0.18000,-0.04000
,,, 0.00024120000,-0.16000,-0.03920
,,, 0.00024123999,-0.16000,-0.04000
,,, 0.00024127999,-0.16000,-0.04000
,,, 0.00024132000,-0.16000,-0.04000
,,, 0.00024136000,-0.16000,-0.04000
,,, 0.00024140000,-0.14000,-0.04000
,,, 0.00024143999,-0.14000,-0.04000
,,, 0.00024148000,-0.14000,-0.04080
,,, 0.00024152000,-0.14000,-0.04080
,,, 0.00024156000,-0.14000,-0.04000
,,, 0.00024159999,-0.14000,-0.04080
,,, 0.00024163999,-0.12000,-0.04080
,,, 0.00024168000,-0.12000,-0.04080
,,, 0.00024172000,-0.12000,-0.04080
,,, 0.00024176000,-0.12000,-0.04080
,,, 0.00024179999,-0.10000,-0.04080
,,, 0.00024184000,-0.10000,-0.04080
,,, 0.00024188000,-0.10000,-0.04080
,,, 0.00024192000,-0.10000,-0.04080
,,, 0.00024195999,-0.10000,-0.04160
,,, 0.00024199999,-0.08000,-0.04160
,,, 0.00024204000,-0.08000,-0.04160
,,, 0.00024208000,-0.08000,-0.04160
,,, 0.00024212000,-0.08000,-0.04160
,,, 0.00024215999,-0.06000,-0.04160
,,, 0.00024220000,-0.06000,-0.04160
,,, 0.00024224000,-0.06000,-0.04160
,,, 0.00024228000,-0.06000,-0.04240
,,, 0.00024232001,-0.06000,-0.04160
,,, 0.00024235999,-0.06000,-0.04160
,,, 0.00024240000,-0.04000,-0.04240
,,, 0.00024244000,-0.04000,-0.04240
,,, 0.00024248000,-0.04000,-0.04160
,,, 0.00024251999,-0.02000,-0.04240
,,, 0.00024256000,-0.04000,-0.04240
,,, 0.00024260000,-0.02000,-0.04240
,,, 0.00024264000,-0.02000,-0.04240
,,, 0.00024268001,0.00,-0.04160
,,, 0.00024271999,-0.02000,-0.04240
,,, 0.00024276000,0.00,-0.04240
,,, 0.00024280000,0.00,-0.04240
,,, 0.00024284000,0.00,-0.04240
,,, 0.00024287999,0.00,-0.04320
,,, 0.00024292000,0.02000,-0.04240
,,, 0.00024296000,0.02000,-0.04240
,,, 0.00024300000,0.02000,-0.04240
,,, 0.00024304001,0.02000,-0.04240
,,, 0.00024307999,0.02000,-0.04320
,,, 0.00024312000,0.04000,-0.04320
,,, 0.00024316000,0.04000,-0.04320
,,, 0.00024320000,0.04000,-0.04320
,,, 0.00024323999,0.04000,-0.04320
,,, 0.00024328000,0.04000,-0.04320
,,, 0.00024332000,0.06000,-0.04320
,,, 0.00024336000,0.06000,-0.04320
,,, 0.00024340001,0.06000,-0.04320
,,, 0.00024343999,0.06000,-0.04320
,,, 0.00024348000,0.06000,-0.04320
,,, 0.00024352000,0.08000,-0.04320
,,, 0.00024356000,0.08000,-0.04320
,,, 0.00024359999,0.08000,-0.04320
,,, 0.00024364000,0.08000,-0.04400
,,, 0.00024368000,0.10000,-0.04400
,,, 0.00024372000,0.10000,-0.04320
,,, 0.00024376001,0.10000,-0.04320
,,, 0.00024379999,0.10000,-0.04320
,,, 0.00024384000,0.10000,-0.04400
,,, 0.00024388000,0.12000,-0.04400
,,, 0.00024392000,0.12000,-0.04320
,,, 0.00024395999,0.12000,-0.04400
,,, 0.00024400000,0.12000,-0.04400
,,, 0.00024404000,0.12000,-0.04400
,,, 0.00024408000,0.12000,-0.04400
,,, 0.00024412000,0.14000,-0.04400
,,, 0.00024416001,0.14000,-0.04400
,,, 0.00024420000,0.14000,-0.04400
,,, 0.00024423999,0.14000,-0.04400
,,, 0.00024428000,0.14000,-0.04400
,,, 0.00024431999,0.16000,-0.04400
,,, 0.00024436001,0.16000,-0.04400
,,, 0.00024440000,0.16000,-0.04400
,,, 0.00024443999,0.16000,-0.04400
,,, 0.00024448000,0.18000,-0.04400
,,, 0.00024451999,0.18000,-0.04400
,,, 0.00024456001,0.18000,-0.04400
,,, 0.00024460000,0.18000,-0.04400
,,, 0.00024463999,0.18000,-0.04400
,,, 0.00024468001,0.20000,-0.04400
,,, 0.00024471999,0.20000,-0.04400
,,, 0.00024476001,0.20000,-0.04400
,,, 0.00024480000,0.20000,-0.04480
,,, 0.00024483999,0.20000,-0.04400
,,, 0.00024488001,0.22000,-0.04400
,,, 0.00024492000,0.22000,-0.04400
,,, 0.00024495999,0.22000,-0.04480
,,, 0.00024500000,0.22000,-0.04480
,,, 0.00024503999,0.22000,-0.04400
,,, 0.00024508001,0.22000,-0.04480
,,, 0.00024512000,0.24000,-0.04480
,,, 0.00024515999,0.24000,-0.04480
,,, 0.00024520000,0.24000,-0.04400
,,, 0.00024523999,0.24000,-0.04480
,,, 0.00024528001,0.26000,-0.04480
,,, 0.00024532000,0.26000,-0.04480
,,, 0.00024535999,0.26000,-0.04400
,,, 0.00024540001,0.26000,-0.04400
,,, 0.00024543999,0.26000,-0.04480
,,, 0.00024548001,0.26000,-0.04480
,,, 0.00024552000,0.28000,-0.04400
,,, 0.00024555999,0.28000,-0.04480
,,, 0.00024560001,0.28000,-0.04400
,,, 0.00024564000,0.28000,-0.04400
,,, 0.00024567998,0.28000,-0.04400
,,, 0.00024572000,0.28000,-0.04400
,,, 0.00024575999,0.30000,-0.04480
,,, 0.00024580001,0.30000,-0.04480
,,, 0.00024584000,0.30000,-0.04400
,,, 0.00024587999,0.30000,-0.04480
,,, 0.00024592000,0.32000,-0.04480
,,, 0.00024595999,0.30000,-0.04400
,,, 0.00024600001,0.32000,-0.04400
,,, 0.00024604000,0.32000,-0.04400
,,, 0.00024607999,0.32000,-0.04480
,,, 0.00024612001,0.32000,-0.04480
,,, 0.00024615999,0.34000,-0.04400
,,, 0.00024620001,0.34000,-0.04480
,,, 0.00024624000,0.34000,-0.04480
,,, 0.00024627999,0.34000,-0.04400
,,, 0.00024632001,0.34000,-0.04480
,,, 0.00024636000,0.34000,-0.04480
,,, 0.00024639998,0.34000,-0.04480
,,, 0.00024644000,0.36000,-0.04480
,,, 0.00024647999,0.36000,-0.04400
,,, 0.00024652001,0.36000,-0.04400
,,, 0.00024656000,0.36000,-0.04480
,,, 0.00024659999,0.36000,-0.04400
,,, 0.00024664000,0.38000,-0.04400
,,, 0.00024667999,0.38000,-0.04400
,,, 0.00024672001,0.38000,-0.04400
,,, 0.00024676000,0.38000,-0.04400
,,, 0.00024679999,0.38000,-0.04400
,,, 0.00024684001,0.40000,-0.04400
,,, 0.00024687999,0.40000,-0.04480
,,, 0.00024692001,0.40000,-0.04480
,,, 0.00024696000,0.40000,-0.04400
,,, 0.00024699999,0.40000,-0.04400
,,, 0.00024704001,0.42000,-0.04400
,,, 0.00024708000,0.42000,-0.04400
,,, 0.00024711998,0.42000,-0.04400
,,, 0.00024716000,0.42000,-0.04400
,,, 0.00024719999,0.42000,-0.04480
,,, 0.00024724001,0.42000,-0.04400
,,, 0.00024728000,0.42000,-0.04320
,,, 0.00024731999,0.42000,-0.04400
,,, 0.00024736000,0.44000,-0.04400
,,, 0.00024739999,0.44000,-0.04400
,,, 0.00024744001,0.44000,-0.04400
,,, 0.00024748000,0.44000,-0.04400
,,, 0.00024751999,0.44000,-0.04400
,,, 0.00024756000,0.46000,-0.04400
,,, 0.00024759999,0.46000,-0.04320
,,, 0.00024764001,0.46000,-0.04400
,,, 0.00024768000,0.46000,-0.04400
,,, 0.00024771999,0.46000,-0.04400
,,, 0.00024776001,0.46000,-0.04400
,,, 0.00024780000,0.48000,-0.04400
,,, 0.00024784001,0.48000,-0.04320
,,, 0.00024788000,0.48000,-0.04320
,,, 0.00024791999,0.48000,-0.04320
,,, 0.00024796001,0.48000,-0.04320
,,, 0.00024800000,0.48000,-0.04400
,,, 0.00024803999,0.50000,-0.04320
,,, 0.00024808000,0.50000,-0.04320
,,, 0.00024811999,0.50000,-0.04320
,,, 0.00024816001,0.50000,-0.04400
,,, 0.00024820000,0.50000,-0.04320
,,, 0.00024823999,0.52000,-0.04320
,,, 0.00024828000,0.52000,-0.04320
,,, 0.00024831999,0.52000,-0.04320
,,, 0.00024836001,0.52000,-0.04320
,,, 0.00024840000,0.52000,-0.04240
,,, 0.00024843999,0.52000,-0.04320
,,, 0.00024848001,0.54000,-0.04320
,,, 0.00024851999,0.54000,-0.04240
,,, 0.00024856001,0.54000,-0.04240
,,, 0.00024860000,0.54000,-0.04240
,,, 0.00024863999,0.54000,-0.04240
,,, 0.00024868001,0.54000,-0.04240
,,, 0.00024872000,0.54000,-0.04240
,,, 0.00024875998,0.56000,-0.04240
,,, 0.00024880000,0.56000,-0.04240
,,, 0.00024883999,0.56000,-0.04240
,,, 0.00024888001,0.56000,-0.04240
,,, 0.00024892000,0.56000,-0.04240
,,, 0.00024895999,0.56000,-0.04240
,,, 0.00024900000,0.56000,-0.04240
,,, 0.00024903999,0.58000,-0.04240
,,, 0.00024908001,0.58000,-0.04240
,,, 0.00024912000,0.58000,-0.04240
,,, 0.00024915999,0.58000,-0.04160
,,, 0.00024920001,0.58000,-0.04160
,,, 0.00024923999,0.58000,-0.04160
,,, 0.00024928001,0.58000,-0.04160
,,, 0.00024932000,0.60000,-0.04160
,,, 0.00024935999,0.60000,-0.04160
,,, 0.00024940001,0.60000,-0.04160
,,, 0.00024944000,0.60000,-0.04160
,,, 0.00024947998,0.60000,-0.04080
,,, 0.00024952000,0.60000,-0.04080
,,, 0.00024955999,0.62000,-0.04160
,,, 0.00024960001,0.62000,-0.04080
,,, 0.00024964000,0.62000,-0.04080
,,, 0.00024967999,0.62000,-0.04080
,,, 0.00024972000,0.62000,-0.04080
,,, 0.00024975999,0.62000,-0.04080
,,, 0.00024980001,0.62000,-0.04080
,,, 0.00024984000,0.62000,-0.04080
,,, 0.00024987999,0.64000,-0.04080
,,, 0.00024992001,0.64000,-0.04080
,,, 0.00024995999,0.64000,-0.04000
,,, 0.00025000001,0.64000,-0.04080
,,, 0.00025004000,0.64000,-0.04000
,,, 0.00025007999,0.64000,-0.04000
,,, 0.00025012001,0.64000,-0.04000
,,, 0.00025016000,0.66000,-0.04000
,,, 0.00025019998,0.66000,-0.04000
,,, 0.00025024000,0.66000,-0.04000
,,, 0.00025027999,0.66000,-0.03920
,,, 0.00025032001,0.66000,-0.03920
,,, 0.00025036000,0.66000,-0.04000
,,, 0.00025039999,0.66000,-0.03920
,,, 0.00025044000,0.66000,-0.03920
,,, 0.00025047999,0.68000,-0.04000
,,, 0.00025052001,0.68000,-0.03920
,,, 0.00025056000,0.68000,-0.03920
,,, 0.00025059999,0.68000,-0.03920
,,, 0.00025064001,0.68000,-0.03920
,,, 0.00025067999,0.68000,-0.03920
,,, 0.00025072001,0.68000,-0.03840
,,, 0.00025076000,0.70000,-0.03840
,,, 0.00025079999,0.70000,-0.03840
,,, 0.00025084001,0.70000,-0.03840
,,, 0.00025088000,0.70000,-0.03840
,,, 0.00025091998,0.70000,-0.03840
,,, 0.00025096000,0.70000,-0.03760
,,, 0.00025099999,0.70000,-0.03840
,,, 0.00025104001,0.70000,-0.03840
,,, 0.00025108000,0.72000,-0.03760
,,, 0.00025111999,0.72000,-0.03760
,,, 0.00025116000,0.72000,-0.03760
,,, 0.00025119999,0.72000,-0.03760
,,, 0.00025124001,0.72000,-0.03760
,,, 0.00025128000,0.72000,-0.03760
,,, 0.00025131999,0.74000,-0.03680
,,, 0.00025136000,0.72000,-0.03760
,,, 0.00025139999,0.72000,-0.03680
,,, 0.00025144001,0.72000,-0.03680
,,, 0.00025148000,0.72000,-0.03680
,,, 0.00025151999,0.74000,-0.03680
,,, 0.00025156001,0.74000,-0.03600
,,, 0.00025159999,0.74000,-0.03600
,,, 0.00025164001,0.74000,-0.03600
,,, 0.00025168000,0.74000,-0.03600
,,, 0.00025171999,0.74000,-0.03680
,,, 0.00025176001,0.76000,-0.03600
,,, 0.00025180000,0.76000,-0.03600
,,, 0.00025183999,0.74000,-0.03520
,,, 0.00025188000,0.76000,-0.03520
,,, 0.00025191999,0.76000,-0.03520
,,, 0.00025196001,0.76000,-0.03520
,,, 0.00025200000,0.76000,-0.03520
,,, 0.00025203999,0.76000,-0.03520
,,, 0.00025208000,0.76000,-0.03520
,,, 0.00025211999,0.76000,-0.03440
,,, 0.00025216001,0.76000,-0.03520
,,, 0.00025220000,0.78000,-0.03440
,,, 0.00025223999,0.78000,-0.03440
,,, 0.00025228001,0.76000,-0.03440
,,, 0.00025231999,0.78000,-0.03440
,,, 0.00025236001,0.78000,-0.03440
,,, 0.00025240000,0.78000,-0.03440
,,, 0.00025243999,0.78000,-0.03360
,,, 0.00025248001,0.78000,-0.03360
,,, 0.00025252000,0.78000,-0.03360
,,, 0.00025255998,0.78000,-0.03360
,,, 0.00025260000,0.78000,-0.03360
,,, 0.00025263999,0.80000,-0.03280
,,, 0.00025268001,0.80000,-0.03280
,,, 0.00025272000,0.80000,-0.03280
,,, 0.00025275999,0.80000,-0.03280
,,, 0.00025280000,0.80000,-0.03280
,,, 0.00025283999,0.82000,-0.03280
,,, 0.00025288001,0.80000,-0.03280
,,, 0.00025292000,0.80000,-0.03280
,,, 0.00025295999,0.80000,-0.03200
,,, 0.00025300001,0.82000,-0.03200
,,, 0.00025303999,0.82000,-0.03200
,,, 0.00025308001,0.82000,-0.03200
,,, 0.00025312000,0.82000,-0.03120
,,, 0.00025315999,0.82000,-0.03120
,,, 0.00025320001,0.82000,-0.03120
,,, 0.00025324000,0.82000,-0.03120
,,, 0.00025327998,0.82000,-0.03120
,,, 0.00025332000,0.82000,-0.03040
,,, 0.00025335999,0.84000,-0.03040
,,, 0.00025340001,0.84000,-0.03040
,,, 0.00025344000,0.82000,-0.03040
,,, 0.00025347999,0.82000,-0.03040
,,, 0.00025352000,0.84000,-0.03040
,,, 0.00025355999,0.84000,-0.03040
,,, 0.00025360001,0.84000,-0.02960
,,, 0.00025364000,0.84000,-0.02960
,,, 0.00025367999,0.84000,-0.02960
,,, 0.00025372001,0.84000,-0.02960
,,, 0.00025375999,0.84000,-0.02960
,,, 0.00025380001,0.84000,-0.02960
,,, 0.00025384000,0.84000,-0.02960
,,, 0.00025387999,0.86000,-0.02880
,,, 0.00025392001,0.84000,-0.02880
,,, 0.00025396000,0.86000,-0.02880
,,, 0.00025399998,0.86000,-0.02800
,,, 0.00025404000,0.86000,-0.02800
,,, 0.00025407999,0.86000,-0.02800
,,, 0.00025412001,0.86000,-0.02800
,,, 0.00025416000,0.86000,-0.02800
,,, 0.00025419999,0.86000,-0.02800
,,, 0.00025424000,0.86000,-0.02720
,,, 0.00025427999,0.86000,-0.02720
,,, 0.00025432001,0.86000,-0.02720
,,, 0.00025436000,0.86000,-0.02720
,,, 0.00025439999,0.86000,-0.02720
,,, 0.00025444000,0.86000,-0.02720
,,, 0.00025447999,0.86000,-0.02720
,,, 0.00025452001,0.88000,-0.02640
,,, 0.00025456000,0.86000,-0.02640
,,, 0.00025459999,0.86000,-0.02560
,,, 0.00025464001,0.88000,-0.02640
,,, 0.00025468000,0.86000,-0.02560
,,, 0.00025472001,0.86000,-0.02640
,,, 0.00025476000,0.88000,-0.02640
,,, 0.00025479999,0.88000,-0.02560
,,, 0.00025484001,0.88000,-0.02560
,,, 0.00025488000,0.88000,-0.02560
,,, 0.00025491999,0.88000,-0.02480
,,, 0.00025496000,0.88000,-0.02480
,,, 0.00025499999,0.88000,-0.02480
,,, 0.00025504001,0.88000,-0.02480
,,, 0.00025508000,0.88000,-0.02480
,,, 0.00025511999,0.90000,-0.02400
,,, 0.00025516000,0.88000,-0.02400
,,, 0.00025519999,0.88000,-0.02400
,,, 0.00025524001,0.88000,-0.02400
,,, 0.00025528000,0.88000,-0.02320
,,, 0.00025531999,0.88000,-0.02400
,,, 0.00025536001,0.88000,-0.02320
,,, 0.00025539999,0.88000,-0.02320
,,, 0.00025544001,0.88000,-0.02240
,,, 0.00025548000,0.88000,-0.02240
,,, 0.00025551999,0.88000,-0.02240
,,, 0.00025556001,0.90000,-0.02320
,,, 0.00025560000,0.90000,-0.02240
,,, 0.00025563998,0.90000,-0.02160
,,, 0.00025568000,0.88000,-0.02240
,,, 0.00025571999,0.90000,-0.02160
,,, 0.00025576001,0.90000,-0.02160
,,, 0.00025580000,0.90000,-0.02160
,,, 0.00025583999,0.90000,-0.02160
,,, 0.00025588000,0.90000,-0.02160
,,, 0.00025591999,0.90000,-0.02080
,,, 0.00025596001,0.90000,-0.02160
,,, 0.00025600000,0.90000,-0.02080
,,, 0.00025603999,0.90000,-0.02080
,,, 0.00025608001,0.90000,-0.02000
,,, 0.00025611999,0.90000,-0.02080
,,, 0.00025616001,0.90000,-0.02000
,,, 0.00025620000,0.90000,-0.02000
,,, 0.00025623999,0.90000,-0.02000
,,, 0.00025628001,0.90000,-0.02000
,,, 0.00025632000,0.90000,-0.01920
,,, 0.00025635998,0.90000,-0.01920
,,, 0.00025640000,0.90000,-0.01920
,,, 0.00025643999,0.90000,-0.01920
,,, 0.00025648001,0.90000,-0.01920
,,, 0.00025652000,0.90000,-0.01920
,,, 0.00025655999,0.90000,-0.01840
,,, 0.00025660000,0.90000,-0.01840
,,, 0.00025663999,0.92000,-0.01840
,,, 0.00025668001,0.90000,-0.01760
,,, 0.00025672000,0.90000,-0.01760
,,, 0.00025675999,0.92000,-0.01760
,,, 0.00025680001,0.92000,-0.01760
,,, 0.00025683999,0.92000,-0.01760
,,, 0.00025688001,0.90000,-0.01760
,,, 0.00025692000,0.92000,-0.01760
,,, 0.00025695999,0.90000,-0.01680
,,, 0.00025700001,0.92000,-0.01680
,,, 0.00025704000,0.90000,-0.01600
,,, 0.00025707998,0.92000,-0.01680
,,, 0.00025712000,0.92000,-0.01680
,,, 0.00025715999,0.92000,-0.01600
,,, 0.00025720001,0.92000,-0.01520
,,, 0.00025724000,0.92000,-0.01600
,,, 0.00025727999,0.92000,-0.01520
,,, 0.00025732000,0.92000,-0.01520
,,, 0.00025735999,0.92000,-0.01520
,,, 0.00025740001,0.92000,-0.01520
,,, 0.00025744000,0.92000,-0.01440
,,, 0.00025747999,0.92000,-0.01520
,,, 0.00025752001,0.92000,-0.01440
,,, 0.00025755999,0.92000,-0.01360
,,, 0.00025760001,0.92000,-0.01440
,,, 0.00025764000,0.92000,-0.01440
,,, 0.00025767999,0.90000,-0.01360
,,, 0.00025772001,0.92000,-0.01360
,,, 0.00025776000,0.92000,-0.01360
,,, 0.00025779998,0.92000,-0.01280
,,, 0.00025784000,0.92000,-0.01280
,,, 0.00025787999,0.92000,-0.01280
,,, 0.00025792001,0.92000,-0.01280
,,, 0.00025796000,0.92000,-0.01200
,,, 0.00025799999,0.92000,-0.01200
,,, 0.00025804000,0.92000,-0.01200
,,, 0.00025807999,0.92000,-0.01200
,,, 0.00025812001,0.92000,-0.01200
,,, 0.00025816000,0.92000,-0.01200
,,, 0.00025819999,0.92000,-0.01120
,,, 0.00025824000,0.92000,-0.01120
,,, 0.00025827999,0.92000,-0.01120
,,, 0.00025832001,0.92000,-0.01040
,,, 0.00025836000,0.90000,-0.01040
,,, 0.00025839999,0.92000,-0.01040
,,, 0.00025844001,0.92000,-0.01040
,,, 0.00025847999,0.92000,-0.01040
,,, 0.00025852001,0.92000,-0.00960
,,, 0.00025856000,0.92000,-0.00960
,,, 0.00025859999,0.92000,-0.00960
,,, 0.00025864001,0.92000,-0.00960
,,, 0.00025868000,0.92000,-0.00960
,,, 0.00025871999,0.92000,-0.00960
,,, 0.00025876000,0.92000,-0.00880
,,, 0.00025879999,0.92000,-0.00880
,,, 0.00025884001,0.92000,-0.00880
,,, 0.00025888000,0.92000,-0.00800
,,, 0.00025891999,0.92000,-0.00800
,,, 0.00025896000,0.92000,-0.00800
,,, 0.00025899999,0.92000,-0.00800
,,, 0.00025904001,0.92000,-0.00800
,,, 0.00025908000,0.92000,-0.00720
,,, 0.00025911999,0.92000,-0.00720
,,, 0.00025916001,0.92000,-0.00720
,,, 0.00025919999,0.92000,-0.00640
,,, 0.00025924001,0.92000,-0.00640
,,, 0.00025928000,0.92000,-0.00720
,,, 0.00025931999,0.90000,-0.00640
,,, 0.00025936001,0.92000,-0.00640
,,, 0.00025940000,0.90000,-0.00560
,,, 0.00025943998,0.92000,-0.00560
,,, 0.00025948000,0.92000,-0.00560
,,, 0.00025951999,0.92000,-0.00560
,,, 0.00025956001,0.92000,-0.00560
,,, 0.00025960000,0.92000,-0.00560
,,, 0.00025963999,0.92000,-0.00480
,,, 0.00025968000,0.90000,-0.00400
,,, 0.00025971999,0.92000,-0.00400
,,, 0.00025976001,0.92000,-0.00400
,,, 0.00025980000,0.92000,-0.00400
,,, 0.00025983999,0.90000,-0.00400
,,, 0.00025988001,0.92000,-0.00400
,,, 0.00025991999,0.92000,-0.00400
,,, 0.00025996001,0.90000,-0.00400
,,, 0.00026000000,0.90000,-0.00240
,,, 0.00026003999,0.90000,-0.00320
,,, 0.00026008001,0.92000,-0.00320
,,, 0.00026012000,0.90000,-0.00240
,,, 0.00026015998,0.90000,-0.00240
,,, 0.00026020000,0.90000,-0.00160
,,, 0.00026023999,0.90000,-0.00240
,,, 0.00026028001,0.90000,-0.00240
,,, 0.00026032000,0.90000,-0.00160
,,, 0.00026035999,0.90000,-0.00080
,,, 0.00026040000,0.90000,-0.00160
,,, 0.00026043999,0.90000,-0.00080
,,, 0.00026048001,0.90000,-0.00080
,,, 0.00026052000,0.90000,-0.00080
,,, 0.00026055999,0.90000,-0.00080
,,, 0.00026060001,0.90000,-0.00080
,,, 0.00026063999,0.90000,0.00
,,, 0.00026068001,0.90000,0.00
,,, 0.00026072000,0.90000,0.00
,,, 0.00026075999,0.90000,0.00080
,,, 0.00026080001,0.90000,0.00080
,,, 0.00026084000,0.90000,0.00080
,,, 0.00026087998,0.90000,0.00080
,,, 0.00026092000,0.88000,0.00160
,,, 0.00026095999,0.88000,0.00160
,,, 0.00026100001,0.90000,0.00160
,,, 0.00026104000,0.88000,0.00160
,,, 0.00026107999,0.88000,0.00160
,,, 0.00026112000,0.90000,0.00240
,,, 0.00026115999,0.88000,0.00240
,,, 0.00026120001,0.88000,0.00240
,,, 0.00026124000,0.88000,0.00320
,,, 0.00026127999,0.88000,0.00320
,,, 0.00026132000,0.88000,0.00320
,,, 0.00026135999,0.88000,0.00320
,,, 0.00026140001,0.88000,0.00320
,,, 0.00026144000,0.88000,0.00400
,,, 0.00026147999,0.88000,0.00400
,,, 0.00026152001,0.86000,0.00400
,,, 0.00026156000,0.88000,0.00480
,,, 0.00026160001,0.88000,0.00480
,,, 0.00026164000,0.88000,0.00480
,,, 0.00026167999,0.88000,0.00480
,,, 0.00026172001,0.88000,0.00480
,,, 0.00026176000,0.86000,0.00560
,,, 0.00026179999,0.88000,0.00560
,,, 0.00026184000,0.86000,0.00480
,,, 0.00026187999,0.86000,0.00560
,,, 0.00026192001,0.86000,0.00640
,,, 0.00026196000,0.86000,0.00560
,,, 0.00026199999,0.86000,0.00640
,,, 0.00026204000,0.86000,0.00720
,,, 0.00026207999,0.86000,0.00720
,,, 0.00026212001,0.86000,0.00720
,,, 0.00026216000,0.86000,0.00720
,,, 0.00026219999,0.84000,0.00720
,,, 0.00026224001,0.86000,0.00800
,,, 0.00026227999,0.86000,0.00720
,,, 0.00026232001,0.86000,0.00720
,,, 0.00026236000,0.86000,0.00800
,,, 0.00026239999,0.84000,0.00800
,,, 0.00026244001,0.84000,0.00800
,,, 0.00026248000,0.84000,0.00880
,,, 0.00026251998,0.84000,0.00880
,,, 0.00026256000,0.84000,0.00880
,,, 0.00026259999,0.84000,0.00880
,,, 0.00026264001,0.84000,0.00880
,,, 0.00026268000,0.84000,0.00960
,,, 0.00026271999,0.84000,0.00960
,,, 0.00026276000,0.84000,0.00960
,,, 0.00026279999,0.84000,0.01040
,,, 0.00026284001,0.84000,0.01040
,,, 0.00026288000,0.84000,0.01040
,,, 0.00026291999,0.84000,0.01040
,,, 0.00026296001,0.82000,0.01040
,,, 0.00026299999,0.84000,0.01120
,,, 0.00026304001,0.82000,0.01120
,,, 0.00026308000,0.82000,0.01120
,,, 0.00026311999,0.82000,0.01200
,,, 0.00026316001,0.82000,0.01280
,,, 0.00026320000,0.82000,0.01200
,,, 0.00026323998,0.82000,0.01200
,,, 0.00026328000,0.82000,0.01200
,,, 0.00026331999,0.80000,0.01200
,,, 0.00026336001,0.82000,0.01280
,,, 0.00026340000,0.80000,0.01280
,,, 0.00026343999,0.80000,0.01280
,,, 0.00026348000,0.80000,0.01360
,,, 0.00026351999,0.80000,0.01280
,,, 0.00026356001,0.80000,0.01280
,,, 0.00026360000,0.80000,0.01360
,,, 0.00026363999,0.80000,0.01440
,,, 0.00026368001,0.80000,0.01440
,,, 0.00026371999,0.80000,0.01440
,,, 0.00026376001,0.78000,0.01440
,,, 0.00026380000,0.80000,0.01520
,,, 0.00026383999,0.78000,0.01520
,,, 0.00026388001,0.78000,0.01440
,,, 0.00026392000,0.78000,0.01520
,,, 0.00026395998,0.78000,0.01600
,,, 0.00026400000,0.78000,0.01600
,,, 0.00026403999,0.78000,0.01520
,,, 0.00026408001,0.78000,0.01520
,,, 0.00026412000,0.78000,0.01600
,,, 0.00026415999,0.78000,0.01680
,,, 0.00026420000,0.76000,0.01600
,,, 0.00026423999,0.76000,0.01680
,,, 0.00026428001,0.76000,0.01760
,,, 0.00026432000,0.76000,0.01680
,,, 0.00026435999,0.76000,0.01680
,,, 0.00026440001,0.76000,0.01760
,,, 0.00026443999,0.74000,0.01760
,,, 0.00026448001,0.76000,0.01760
,,, 0.00026452000,0.74000,0.01840
,,, 0.00026455999,0.76000,0.01840
,,, 0.00026460001,0.76000,0.01840
,,, 0.00026464000,0.74000,0.01840
,,, 0.00026467998,0.74000,0.01840
,,, 0.00026472000,0.74000,0.01840
,,, 0.00026475999,0.74000,0.01920
,,, 0.00026480001,0.74000,0.01920
,,, 0.00026484000,0.74000,0.01920
,,, 0.00026487999,0.74000,0.01920
,,, 0.00026492000,0.74000,0.02000
,,, 0.00026495999,0.72000,0.02000
,,, 0.00026500001,0.72000,0.01920
,,, 0.00026504000,0.72000,0.02000
,,, 0.00026507999,0.72000,0.02080
,,, 0.00026512000,0.72000,0.02080
,,, 0.00026515999,0.72000,0.02080
,,, 0.00026520001,0.72000,0.02080
,,, 0.00026524000,0.72000,0.02160
,,, 0.00026527999,0.72000,0.02160
,,, 0.00026532001,0.72000,0.02160
,,, 0.00026535999,0.70000,0.02160
,,, 0.00026540001,0.72000,0.02160
,,, 0.00026544000,0.72000,0.02160
,,, 0.00026547999,0.70000,0.02240
,,, 0.00026552001,0.70000,0.02240
,,, 0.00026556000,0.70000,0.02320
,,, 0.00026559999,0.70000,0.02320
,,, 0.00026564000,0.70000,0.02240
,,, 0.00026567999,0.70000,0.02320
,,, 0.00026572001,0.70000,0.02320
,,, 0.00026576000,0.70000,0.02320
,,, 0.00026579999,0.70000,0.02400
,,, 0.00026584000,0.68000,0.02400
,,, 0.00026587999,0.68000,0.02400
,,, 0.00026592001,0.68000,0.02400
,,, 0.00026596000,0.68000,0.02400
,,, 0.00026599999,0.68000,0.02400
,,, 0.00026604001,0.68000,0.02560
,,, 0.00026607999,0.68000,0.02480
,,, 0.00026612001,0.66000,0.02480
,,, 0.00026616000,0.66000,0.02560
,,, 0.00026619999,0.66000,0.02560
,,, 0.00026624001,0.66000,0.02480
,,, 0.00026628000,0.66000,0.02560
,,, 0.00026631998,0.64000,0.02560
,,, 0.00026636000,0.66000,0.02640
,,, 0.00026639999,0.66000,0.02560
,,, 0.00026644001,0.64000,0.02560
,,, 0.00026648000,0.66000,0.02640
,,, 0.00026651999,0.64000,0.02640
,,, 0.00026656000,0.64000,0.02640
,,, 0.00026659999,0.64000,0.02640
,,, 0.00026664001,0.64000,0.02720
,,, 0.00026668000,0.64000,0.02720
,,, 0.00026671999,0.64000,0.02720
,,, 0.00026676001,0.64000,0.02720
,,, 0.00026679999,0.62000,0.02720
,,, 0.00026684001,0.64000,0.02800
,,, 0.00026688000,0.62000,0.02800
,,, 0.00026691999,0.62000,0.02800
,,, 0.00026696001,0.62000,0.02880
,,, 0.00026700000,0.62000,0.02880
,,, 0.00026703998,0.62000,0.02800
,,, 0.00026708000,0.62000,0.02880
,,, 0.00026711999,0.60000,0.02880
,,, 0.00026716001,0.60000,0.02880
,,, 0.00026720000,0.60000,0.02880
,,, 0.00026723999,0.60000,0.02880
,,, 0.00026728000,0.60000,0.02960
,,, 0.00026731999,0.60000,0.02960
,,, 0.00026736001,0.58000,0.02960
,,, 0.00026740000,0.60000,0.02960
,,, 0.00026743999,0.58000,0.03040
,,, 0.00026748001,0.58000,0.03040
,,, 0.00026751999,0.58000,0.02960
,,, 0.00026756001,0.58000,0.02960
,,, 0.00026760000,0.58000,0.03040
,,, 0.00026763999,0.58000,0.03120
,,, 0.00026768001,0.58000,0.03040
,,, 0.00026772000,0.58000,0.03120
,,, 0.00026775998,0.56000,0.03120
,,, 0.00026780000,0.56000,0.03120
,,, 0.00026783999,0.56000,0.03120
,,, 0.00026788001,0.56000,0.03120
,,, 0.00026792000,0.56000,0.03200
,,, 0.00026795999,0.56000,0.03280
,,, 0.00026800000,0.56000,0.03200
,,, 0.00026803999,0.54000,0.03200
,,, 0.00026808001,0.54000,0.03280
,,, 0.00026812000,0.54000,0.03200
,,, 0.00026815999,0.54000,0.03200
,,, 0.00026820000,0.54000,0.03280
,,, 0.00026823999,0.54000,0.03280
,,, 0.00026828001,0.54000,0.03360
,,, 0.00026832000,0.54000,0.03280
,,, 0.00026835999,0.52000,0.03280
,,, 0.00026840001,0.54000,0.03360
,,, 0.00026844000,0.52000,0.03360
,,, 0.00026848001,0.52000,0.03360
,,, 0.00026852000,0.52000,0.03440
,,, 0.00026855999,0.52000,0.03440
,,, 0.00026860001,0.52000,0.03440
,,, 0.00026864000,0.52000,0.03360
,,, 0.00026867999,0.50000,0.03360
,,, 0.00026872000,0.50000,0.03440
,,, 0.00026875999,0.50000,0.03520
,,, 0.00026880001,0.50000,0.03440
,,, 0.00026884000,0.50000,0.03520
,,, 0.00026887999,0.48000,0.03520
,,, 0.00026892000,0.48000,0.03520
,,, 0.00026895999,0.48000,0.03520
,,, 0.00026900001,0.48000,0.03520
,,, 0.00026904000,0.48000,0.03600
,,, 0.00026907999,0.48000,0.03600
,,, 0.00026912001,0.48000,0.03600
,,, 0.00026915999,0.48000,0.03520
,,, 0.00026920001,0.46000,0.03600
,,, 0.00026924000,0.46000,0.03600
,,, 0.00026927999,0.46000,0.03600
,,, 0.00026932001,0.46000,0.03600
,,, 0.00026936000,0.46000,0.03680
,,, 0.00026939998,0.46000,0.03680
,,, 0.00026944000,0.44000,0.03600
,,, 0.00026947999,0.46000,0.03600
,,, 0.00026952001,0.46000,0.03680
,,, 0.00026956000,0.44000,0.03680
,,, 0.00026959999,0.44000,0.03680
,,, 0.00026964000,0.44000,0.03760
,,, 0.00026967999,0.44000,0.03760
,,, 0.00026972001,0.44000,0.03760
,,, 0.00026976000,0.42000,0.03760
,,, 0.00026979999,0.42000,0.03760
,,, 0.00026984001,0.42000,0.03840
,,, 0.00026987999,0.42000,0.03840
,,, 0.00026992001,0.42000,0.03760
,,, 0.00026996000,0.42000,0.03840
,,, 0.00026999999,0.40000,0.03840
,,, 0.00027004001,0.40000,0.03840
,,, 0.00027008000,0.40000,0.03840
,,, 0.00027011998,0.40000,0.03840
,,, 0.00027016000,0.40000,0.03920
,,, 0.00027019999,0.40000,0.03920
,,, 0.00027024001,0.40000,0.03840
,,, 0.00027028000,0.40000,0.03920
,,, 0.00027031999,0.40000,0.03920
,,, 0.00027036000,0.38000,0.03920
,,, 0.00027039999,0.38000,0.03920
,,, 0.00027044001,0.38000,0.03920
,,, 0.00027048000,0.38000,0.04000
,,, 0.00027051999,0.38000,0.04000
,,, 0.00027056001,0.38000,0.04000
,,, 0.00027059999,0.38000,0.04000
,,, 0.00027064001,0.38000,0.04000
,,, 0.00027068000,0.36000,0.04000
,,, 0.00027071999,0.36000,0.04000
,,, 0.00027076001,0.36000,0.04080
,,, 0.00027080000,0.36000,0.04080
,,, 0.00027083998,0.36000,0.04080
,,, 0.00027088000,0.34000,0.04080
,,, 0.00027091999,0.34000,0.04080
,,, 0.00027096001,0.34000,0.04160
,,, 0.00027100000,0.34000,0.04160
,,, 0.00027103999,0.32000,0.04080
,,, 0.00027108000,0.34000,0.04080
,,, 0.00027111999,0.32000,0.04160
,,, 0.00027116001,0.32000,0.04160
,,, 0.00027120000,0.32000,0.04160
,,, 0.00027123999,0.32000,0.04160
,,, 0.00027128001,0.32000,0.04240
,,, 0.00027131999,0.32000,0.04160
,,, 0.00027136001,0.30000,0.04160
,,, 0.00027140000,0.30000,0.04160
,,, 0.00027143999,0.30000,0.04240
,,, 0.00027148001,0.30000,0.04240
,,, 0.00027152000,0.30000,0.04240
,,, 0.00027155998,0.28000,0.04240
,,, 0.00027160000,0.28000,0.04240
,,, 0.00027163999,0.30000,0.04240
,,, 0.00027168001,0.28000,0.04240
,,, 0.00027172000,0.28000,0.04240
,,, 0.00027175999,0.28000,0.04320
,,, 0.00027180000,0.26000,0.04320
,,, 0.00027183999,0.26000,0.04240
,,, 0.00027188001,0.26000,0.04240
,,, 0.00027192000,0.26000,0.04320
,,, 0.00027195999,0.26000,0.04320
,,, 0.00027200000,0.26000,0.04320
,,, 0.00027203999,0.26000,0.04320
,,, 0.00027208001,0.24000,0.04400
,,, 0.00027212000,0.24000,0.04320
,,, 0.00027215999,0.24000,0.04320
,,, 0.00027220001,0.24000,0.04400
,,, 0.00027223999,0.24000,0.04400
,,, 0.00027228001,0.24000,0.04400
,,, 0.00027232000,0.22000,0.04400
,,, 0.00027235999,0.22000,0.04400
,,, 0.00027240001,0.22000,0.04400
,,, 0.00027244000,0.22000,0.04400
,,, 0.00027247999,0.22000,0.04400
,,, 0.00027252000,0.22000,0.04480
,,, 0.00027255999,0.22000,0.04480
,,, 0.00027260001,0.20000,0.04400
,,, 0.00027264000,0.20000,0.04400
,,, 0.00027267999,0.20000,0.04400
,,, 0.00027272000,0.20000,0.04480
,,, 0.00027275999,0.20000,0.04480
,,, 0.00027280001,0.18000,0.04480
,,, 0.00027284000,0.18000,0.04480
,,, 0.00027287999,0.18000,0.04480
,,, 0.00027292001,0.18000,0.04480
,,, 0.00027295999,0.16000,0.04480
,,, 0.00027300001,0.18000,0.04560
,,, 0.00027304000,0.16000,0.04560
,,, 0.00027307999,0.16000,0.04560
,,, 0.00027312001,0.16000,0.04560
,,, 0.00027316000,0.16000,0.04560
,,, 0.00027319998,0.16000,0.04560
,,, 0.00027324000,0.14000,0.04560
,,, 0.00027327999,0.14000,0.04560
,,, 0.00027332001,0.14000,0.04560
,,, 0.00027336000,0.14000,0.04560
,,, 0.00027339999,0.14000,0.04560
,,, 0.00027344000,0.14000,0.04560
,,, 0.00027347999,0.12000,0.04560
,,, 0.00027352001,0.12000,0.04560
,,, 0.00027356000,0.12000,0.04560
,,, 0.00027359999,0.12000,0.04560
,,, 0.00027364001,0.12000,0.04640
,,, 0.00027367999,0.12000,0.04640
,,, 0.00027372001,0.10000,0.04640
,,, 0.00027376000,0.10000,0.04560
,,, 0.00027379999,0.10000,0.04560
,,, 0.00027384001,0.10000,0.04640
,,, 0.00027388000,0.10000,0.04640
,,, 0.00027391998,0.08000,0.04640
,,, 0.00027396000,0.08000,0.04720
,,, 0.00027399999,0.08000,0.04640
,,, 0.00027404001,0.08000,0.04640
,,, 0.00027408000,0.08000,0.04640
,,, 0.00027411999,0.06000,0.04640
,,, 0.00027416000,0.06000,0.04640
,,, 0.00027419999,0.06000,0.04640
,,, 0.00027424001,0.06000,0.04640
,,, 0.00027428000,0.06000,0.04640
,,, 0.00027431999,0.06000,0.04640
,,, 0.00027436001,0.06000,0.04640
,,, 0.00027439999,0.04000,0.04640
,,, 0.00027444001,0.04000,0.04640
,,, 0.00027448000,0.04000,0.04640
,,, 0.00027451999,0.04000,0.04720
,,, 0.00027456001,0.04000,0.04720
,,, 0.00027460000,0.02000,0.04720
,,, 0.00027463998,0.02000,0.04720
,,, 0.00027468000,0.02000,0.04640
,,, 0.00027471999,0.02000,0.04640
,,, 0.00027476001,0.00,0.04640
,,, 0.00027480000,0.00,0.04720
,,, 0.00027483999,0.00,0.04720
,,, 0.00027488000,0.00,0.04720
,,, 0.00027491999,0.00,0.04720
,,, 0.00027496001,-0.02000,0.04720
,,, 0.00027500000,-0.02000,0.04720
,,, 0.00027503999,-0.02000,0.04720
,,, 0.00027508000,-0.02000,0.04720
,,, 0.00027511999,-0.02000,0.04720
,,, 0.00027516001,-0.02000,0.04720
,,, 0.00027520000,-0.04000,0.04720
,,, 0.00027523999,-0.04000,0.04720
,,, 0.00027528001,-0.04000,0.04720
,,, 0.00027532000,-0.04000,0.04720
,,, 0.00027535998,-0.04000,0.04720
,,, 0.00027540000,-0.04000,0.04720
,,, 0.00027543999,-0.06000,0.04720
,,, 0.00027548001,-0.06000,0.04720
,,, 0.00027552000,-0.06000,0.04720
,,, 0.00027555999,-0.06000,0.04720
,,, 0.00027560000,-0.08000,0.04720
,,, 0.00027563999,-0.08000,0.04720
,,, 0.00027568001,-0.08000,0.04720
,,, 0.00027572000,-0.08000,0.04720
,,, 0.00027575999,-0.08000,0.04720
,,, 0.00027580000,-0.08000,0.04720
,,, 0.00027583999,-0.10000,0.04720
,,, 0.00027588001,-0.10000,0.04720
,,, 0.00027592000,-0.10000,0.04720
,,, 0.00027595999,-0.10000,0.04720
,,, 0.00027600001,-0.10000,0.04720
,,, 0.00027603999,-0.10000,0.04720
,,, 0.00027608001,-0.12000,0.04800
,,, 0.00027612000,-0.12000,0.04720
,,, 0.00027615999,-0.12000,0.04800
,,, 0.00027620001,-0.14000,0.04720
,,, 0.00027624000,-0.14000,0.04720
,,, 0.00027627998,-0.14000,0.04800
,,, 0.00027632000,-0.14000,0.04720
,,, 0.00027635999,-0.14000,0.04720
,,, 0.00027640001,-0.14000,0.04800
,,, 0.00027644000,-0.14000,0.04720
,,, 0.00027647999,-0.14000,0.04720
,,, 0.00027652000,-0.16000,0.04720
,,, 0.00027655999,-0.16000,0.04720
,,, 0.00027660001,-0.16000,0.04720
,,, 0.00027664000,-0.16000,0.04720
,,, 0.00027667999,-0.18000,0.04720
,,, 0.00027672001,-0.18000,0.04800
,,, 0.00027675999,-0.18000,0.04720
,,, 0.00027680001,-0.18000,0.04720
,,, 0.00027684000,-0.18000,0.04720
,,, 0.00027687999,-0.18000,0.04720
,,, 0.00027692001,-0.20000,0.04720
,,, 0.00027696000,-0.20000,0.04720
,,, 0.00027699998,-0.20000,0.04720
,,, 0.00027704000,-0.20000,0.04720
,,, 0.00027707999,-0.22000,0.04720
,,, 0.00027712001,-0.22000,0.04720
,,, 0.00027716000,-0.22000,0.04720
,,, 0.00027719999,-0.22000,0.04640
,,, 0.00027724000,-0.22000,0.04720
,,, 0.00027727999,-0.22000,0.04720
,,, 0.00027732001,-0.24000,0.04720
,,, 0.00027736000,-0.24000,0.04720
,,, 0.00027739999,-0.24000,0.04720
,,, 0.00027744001,-0.24000,0.04640
,,, 0.00027747999,-0.24000,0.04640
,,, 0.00027752001,-0.24000,0.04640
,,, 0.00027756000,-0.26000,0.04640
,,, 0.00027759999,-0.26000,0.04720
,,, 0.00027764001,-0.26000,0.04720
,,, 0.00027768000,-0.26000,0.04720
,,, 0.00027771998,-0.26000,0.04640
,,, 0.00027776000,-0.28000,0.04640
,,, 0.00027779999,-0.28000,0.04640
,,, 0.00027784001,-0.28000,0.04640
,,, 0.00027788000,-0.30000,0.04640
,,, 0.00027791999,-0.30000,0.04720
,,, 0.00027796000,-0.30000,0.04640
,,, 0.00027799999,-0.30000,0.04640
,,, 0.00027804001,-0.30000,0.04640
,,, 0.00027808000,-0.30000,0.04640
,,, 0.00027811999,-0.32000,0.04640
,,, 0.00027816001,-0.32000,0.04640
,,, 0.00027819999,-0.32000,0.04640
,,, 0.00027824001,-0.32000,0.04640
,,, 0.00027828000,-0.32000,0.04640
,,, 0.00027831999,-0.34000,0.04640
,,, 0.00027836001,-0.34000,0.04560
,,, 0.00027840000,-0.34000,0.04640
,,, 0.00027843998,-0.34000,0.04640
,,, 0.00027848000,-0.34000,0.04640
,,, 0.00027851999,-0.34000,0.04640
,,, 0.00027856001,-0.36000,0.04560
,,, 0.00027860000,-0.36000,0.04560
,,, 0.00027863999,-0.36000,0.04560
,,, 0.00027868000,-0.38000,0.04560
,,, 0.00027871999,-0.38000,0.04560
,,, 0.00027876001,-0.38000,0.04560
,,, 0.00027880000,-0.38000,0.04560
,,, 0.00027883999,-0.38000,0.04560
,,, 0.00027888000,-0.38000,0.04560
,,, 0.00027891999,-0.40000,0.04560
,,, 0.00027896001,-0.40000,0.04480
,,, 0.00027900000,-0.40000,0.04560
,,, 0.00027903999,-0.40000,0.04560
,,, 0.00027908001,-0.40000,0.04560
,,, 0.00027911999,-0.42000,0.04480
,,, 0.00027916001,-0.42000,0.04480
,,, 0.00027920000,-0.42000,0.04480
,,, 0.00027923999,-0.42000,0.04480
,,, 0.00027928001,-0.42000,0.04480
,,, 0.00027932000,-0.42000,0.04480
,,, 0.00027935999,-0.42000,0.04480
,,, 0.00027940000,-0.42000,0.04480
,,, 0.00027943999,-0.44000,0.04480
,,, 0.00027948001,-0.44000,0.04400
,,, 0.00027952000,-0.44000,0.04480
,,, 0.00027955999,-0.44000,0.04480
,,, 0.00027960000,-0.46000,0.04400
,,, 0.00027963999,-0.46000,0.04480
,,, 0.00027968001,-0.46000,0.04400
,,, 0.00027972000,-0.46000,0.04480
,,, 0.00027975999,-0.46000,0.04480
,,, 0.00027980001,-0.48000,0.04400
,,, 0.00027983999,-0.48000,0.04400
,,, 0.00027988001,-0.48000,0.04400
,,, 0.00027992000,-0.48000,0.04400
,,, 0.00027995999,-0.48000,0.04400
,,, 0.00028000001,-0.50000,0.04400
,,, 0.00028004000,-0.50000,0.04400
,,, 0.00028007998,-0.50000,0.04400
,,, 0.00028012000,-0.50000,0.04400
,,, 0.00028015999,-0.50000,0.04320
,,, 0.00028020001,-0.50000,0.04320
,,, 0.00028024000,-0.52000,0.04320
,,, 0.00028027999,-0.52000,0.04320
,,, 0.00028032000,-0.52000,0.04320
,,, 0.00028035999,-0.52000,0.04320
,,, 0.00028040001,-0.52000,0.04320
,,, 0.00028044000,-0.52000,0.04320
,,, 0.00028047999,-0.54000,0.04240
,,, 0.00028052001,-0.54000,0.04240
,,, 0.00028055999,-0.54000,0.04320
,,, 0.00028060001,-0.54000,0.04240
,,, 0.00028064000,-0.56000,0.04320
,,, 0.00028067999,-0.56000,0.04320
,,, 0.00028072001,-0.56000,0.04240
,,, 0.00028076000,-0.56000,0.04240
,,, 0.00028079998,-0.56000,0.04240
,,, 0.00028084000,-0.58000,0.04240
,,, 0.00028087999,-0.58000,0.04160
,,, 0.00028092001,-0.58000,0.04240
,,, 0.00028096000,-0.58000,0.04240
,,, 0.00028099999,-0.58000,0.04160
,,, 0.00028104000,-0.60000,0.04160
,,, 0.00028107999,-0.60000,0.04160
,,, 0.00028112001,-0.60000,0.04160
,,, 0.00028116000,-0.60000,0.04160
,,, 0.00028119999,-0.60000,0.04160
,,, 0.00028124001,-0.60000,0.04160
,,, 0.00028127999,-0.62000,0.04080
,,, 0.00028132001,-0.62000,0.04160
,,, 0.00028136000,-0.62000,0.04080
,,, 0.00028139999,-0.62000,0.04080
,,, 0.00028144001,-0.62000,0.04080
,,, 0.00028148000,-0.64000,0.04080
,,, 0.00028151998,-0.64000,0.04080
,,, 0.00028156000,-0.64000,0.04080
,,, 0.00028159999,-0.64000,0.04080
,,, 0.00028164001,-0.64000,0.04000
,,, 0.00028168000,-0.66000,0.04000
,,, 0.00028171999,-0.66000,0.04000
,,, 0.00028176000,-0.66000,0.04000
,,, 0.00028179999,-0.66000,0.04000
,,, 0.00028184001,-0.66000,0.04000
,,, 0.00028188000,-0.66000,0.04000
,,, 0.00028191999,-0.68000,0.04000
,,, 0.00028196000,-0.68000,0.04000
,,, 0.00028199999,-0.68000,0.03920
,,, 0.00028204001,-0.68000,0.03920
,,, 0.00028208000,-0.68000,0.03920
,,, 0.00028211999,-0.68000,0.03920
,,, 0.00028216001,-0.70000,0.03920
,,, 0.00028220000,-0.70000,0.03920
,,, 0.00028223998,-0.70000,0.03840
,,, 0.00028228000,-0.70000,0.03840
,,, 0.00028231999,-0.70000,0.03840
,,, 0.00028236001,-0.72000,0.03840
,,, 0.00028240000,-0.72000,0.03840
,,, 0.00028243999,-0.72000,0.03840
,,, 0.00028248000,-0.72000,0.03840
,,, 0.00028251999,-0.72000,0.03840
,,, 0.00028256001,-0.72000,0.03760
,,, 0.00028260000,-0.74000,0.03760
,,, 0.00028263999,-0.74000,0.03680
,,, 0.00028268000,-0.74000,0.03760
,,, 0.00028271999,-0.74000,0.03760
,,, 0.00028276001,-0.74000,0.03760
,,, 0.00028280000,-0.74000,0.03680
,,, 0.00028283999,-0.76000,0.03680
,,, 0.00028288001,-0.76000,0.03680
,,, 0.00028291999,-0.76000,0.03680
,,, 0.00028296001,-0.76000,0.03680
,,, 0.00028300000,-0.76000,0.03680
,,, 0.00028303999,-0.76000,0.03680
,,, 0.00028308001,-0.76000,0.03680
,,, 0.00028312000,-0.76000,0.03680
,,, 0.00028315998,-0.78000,0.03600
,,, 0.00028320000,-0.78000,0.03600
,,, 0.00028323999,-0.78000,0.03600
,,, 0.00028328001,-0.78000,0.03520
,,, 0.00028332000,-0.78000,0.03520
,,, 0.00028335999,-0.78000,0.03520
,,, 0.00028340000,-0.80000,0.03520
,,, 0.00028343999,-0.80000,0.03520
,,, 0.00028348001,-0.80000,0.03440
,,, 0.00028352000,-0.80000,0.03440
,,, 0.00028355999,-0.80000,0.03520
,,, 0.00028360001,-0.82000,0.03520
,,, 0.00028363999,-0.82000,0.03440
,,, 0.00028368001,-0.82000,0.03520
,,, 0.00028372000,-0.82000,0.03440
,,, 0.00028375999,-0.82000,0.03360
,,, 0.00028380001,-0.82000,0.03440
,,, 0.00028384000,-0.84000,0.03440
,,, 0.00028387998,-0.84000,0.03360
,,, 0.00028392000,-0.84000,0.03360
,,, 0.00028395999,-0.84000,0.03360
,,, 0.00028400001,-0.84000,0.03360
,,, 0.00028404000,-0.84000,0.03280
,,, 0.00028407999,-0.86000,0.03280
,,, 0.00028412000,-0.84000,0.03360
,,, 0.00028415999,-0.86000,0.03280
,,, 0.00028420001,-0.86000,0.03280
,,, 0.00028424000,-0.86000,0.03280
,,, 0.00028427999,-0.86000,0.03200
,,, 0.00028432001,-0.86000,0.03200
,,, 0.00028435999,-0.86000,0.03200
,,, 0.00028440001,-0.86000,0.03120
,,, 0.00028444000,-0.86000,0.03200
,,, 0.00028447999,-0.88000,0.03200
,,, 0.00028452001,-0.88000,0.03120
,,, 0.00028456000,-0.86000,0.03120
,,, 0.00028459998,-0.88000,0.03120
,,, 0.00028464000,-0.88000,0.03120
,,, 0.00028467999,-0.88000,0.03120
,,, 0.00028472001,-0.90000,0.03040
,,, 0.00028476000,-0.88000,0.03040
,,, 0.00028479999,-0.90000,0.03120
,,, 0.00028484000,-0.90000,0.03040
,,, 0.00028487999,-0.90000,0.03040
,,, 0.00028492001,-0.90000,0.03040
,,, 0.00028496000,-0.90000,0.02960
,,, 0.00028499999,-0.90000,0.02960
,,, 0.00028504001,-0.90000,0.02960
,,, 0.00028507999,-0.90000,0.02960
,,, 0.00028512001,-0.90000,0.02960
,,, 0.00028516000,-0.90000,0.02880
,,, 0.00028519999,-0.92000,0.02880
,,, 0.00028524001,-0.92000,0.02880
,,, 0.00028528000,-0.92000,0.02880
,,, 0.00028531998,-0.92000,0.02880
,,, 0.00028536000,-0.92000,0.02880
,,, 0.00028539999,-0.92000,0.02800
,,, 0.00028544001,-0.94000,0.02800
,,, 0.00028548000,-0.94000,0.02800
,,, 0.00028551999,-0.94000,0.02800
,,, 0.00028556000,-0.94000,0.02720
,,, 0.00028559999,-0.94000,0.02720
,,, 0.00028564001,-0.94000,0.02720
,,, 0.00028568000,-0.94000,0.02720
,,, 0.00028571999,-0.96000,0.02720
,,, 0.00028576000,-0.94000,0.02640
,,, 0.00028579999,-0.94000,0.02640
,,, 0.00028584001,-0.94000,0.02640
,,, 0.00028588000,-0.94000,0.02640
,,, 0.00028591999,-0.96000,0.02640
,,, 0.00028596001,-0.96000,0.02560
,,, 0.00028599999,-0.96000,0.02640
,,, 0.00028604001,-0.96000,0.02560
,,, 0.00028608000,-0.96000,0.02560
,,, 0.00028611999,-0.96000,0.02480
,,, 0.00028616001,-0.98000,0.02480
,,, 0.00028620000,-0.96000,0.02560
,,, 0.00028623999,-0.98000,0.02480
,,, 0.00028628000,-0.98000,0.02480
,,, 0.00028631999,-0.98000,0.02400
,,, 0.00028636001,-0.98000,0.02400
,,, 0.00028640000,-0.98000,0.02400
,,, 0.00028643999,-0.98000,0.02400
,,, 0.00028648000,-1.00000,0.02400
,,, 0.00028651999,-0.98000,0.02320
,,, 0.00028656001,-0.98000,0.02320
,,, 0.00028660000,-1.00000,0.02320
,,, 0.00028663999,-1.00000,0.02320
,,, 0.00028668001,-1.00000,0.02320
,,, 0.00028671999,-1.00000,0.02320
,,, 0.00028676001,-1.00000,0.02240
,,, 0.00028680000,-1.00000,0.02240
,,, 0.00028683999,-1.00000,0.02240
,,, 0.00028688001,-1.00000,0.02160
,,, 0.00028692000,-1.00000,0.02160
,,, 0.00028695998,-1.00000,0.02160
,,, 0.00028700000,-1.02000,0.02160
,,, 0.00028703999,-1.00000,0.02160
,,, 0.00028708001,-1.02000,0.02080
,,, 0.00028712000,-1.00000,0.02080
,,, 0.00028715999,-1.02000,0.02080
,,, 0.00028720000,-1.02000,0.02000
,,, 0.00028723999,-1.02000,0.02080
,,, 0.00028728001,-1.02000,0.02080
,,, 0.00028732000,-1.02000,0.02000
,,, 0.00028735999,-1.02000,0.02000
,,, 0.00028740001,-1.02000,0.01920
,,, 0.00028743999,-1.02000,0.01920
,,, 0.00028748001,-1.02000,0.01920
,,, 0.00028752000,-1.04000,0.01920
,,, 0.00028755999,-1.02000,0.01920
,,, 0.00028760001,-1.04000,0.01920
,,, 0.00028764000,-1.04000,0.01840
,,, 0.00028767998,-1.02000,0.01840
,,, 0.00028772000,-1.04000,0.01840
,,, 0.00028775999,-1.04000,0.01760
,,, 0.00028780001,-1.04000,0.01840
,,, 0.00028784000,-1.04000,0.01840
,,, 0.00028787999,-1.04000,0.01760
,,, 0.00028792000,-1.04000,0.01760
,,, 0.00028795999,-1.04000,0.01680
,,, 0.00028800001,-1.04000,0.01680
,,, 0.00028804000,-1.04000,0.01680
,,, 0.00028807999,-1.04000,0.01680
,,, 0.00028812001,-1.04000,0.01680
,,, 0.00028815999,-1.04000,0.01600
,,, 0.00028820001,-1.04000,0.01600
,,, 0.00028824000,-1.04000,0.01600
,,, 0.00028827999,-1.04000,0.01600
,,, 0.00028832001,-1.04000,0.01520
,,, 0.00028836000,-1.06000,0.01520
,,, 0.00028839998,-1.06000,0.01520
,,, 0.00028844000,-1.06000,0.01520
,,, 0.00028847999,-1.04000,0.01520
,,, 0.00028852001,-1.06000,0.01440
,,, 0.00028856000,-1.06000,0.01440
,,, 0.00028859999,-1.06000,0.01440
,,, 0.00028864000,-1.06000,0.01440
,,, 0.00028867999,-1.06000,0.01360
,,, 0.00028872001,-1.06000,0.01360
,,, 0.00028876000,-1.06000,0.01360
,,, 0.00028879999,-1.06000,0.01360
,,, 0.00028884000,-1.06000,0.01280
,,, 0.00028887999,-1.06000,0.01280
,,, 0.00028892001,-1.06000,0.01280
,,, 0.00028896000,-1.06000,0.01280
,,, 0.00028899999,-1.06000,0.01200
,,, 0.00028904001,-1.06000,0.01280
,,, 0.00028908000,-1.06000,0.01280
,,, 0.00028911998,-1.06000,0.01200
,,, 0.00028916000,-1.06000,0.01200
,,, 0.00028919999,-1.06000,0.01120
,,, 0.00028924001,-1.06000,0.01120
,,, 0.00028928000,-1.06000,0.01120
,,, 0.00028931999,-1.06000,0.01120
,,, 0.00028936000,-1.06000,0.01120
,,, 0.00028939999,-1.06000,0.01040
,,, 0.00028944001,-1.06000,0.01040
,,, 0.00028948000,-1.06000,0.00960
,,, 0.00028951999,-1.06000,0.00960
,,, 0.00028956000,-1.06000,0.00960
,,, 0.00028959999,-1.06000,0.00960
,,, 0.00028964001,-1.06000,0.00960
,,, 0.00028968000,-1.06000,0.00960
,,, 0.00028971999,-1.06000,0.00960
,,, 0.00028976001,-1.06000,0.00880
,,, 0.00028979999,-1.06000,0.00880
,,, 0.00028984001,-1.06000,0.00880
,,, 0.00028988000,-1.06000,0.00800
,,, 0.00028991999,-1.06000,0.00800
,,, 0.00028996001,-1.06000,0.00800
,,, 0.00029000000,-1.06000,0.00800
,,, 0.00029003998,-1.06000,0.00800
,,, 0.00029008000,-1.06000,0.00720
,,, 0.00029011999,-1.06000,0.00720
,,, 0.00029016001,-1.06000,0.00720
,,, 0.00029020000,-1.06000,0.00720
,,, 0.00029023999,-1.06000,0.00640
,,, 0.00029028000,-1.06000,0.00640
,,, 0.00029031999,-1.06000,0.00640
,,, 0.00029036001,-1.06000,0.00560
,,, 0.00029040000,-1.06000,0.00640
,,, 0.00029043999,-1.06000,0.00560
,,, 0.00029048001,-1.06000,0.00560
,,, 0.00029051999,-1.06000,0.00560
,,, 0.00029056001,-1.06000,0.00480
,,, 0.00029060000,-1.06000,0.00480
,,, 0.00029063999,-1.06000,0.00480
,,, 0.00029068001,-1.06000,0.00480
,,, 0.00029072000,-1.06000,0.00480
,,, 0.00029075998,-1.06000,0.00480
,,, 0.00029080000,-1.04000,0.00400
,,, 0.00029083999,-1.04000,0.00400
,,, 0.00029088001,-1.04000,0.00320
,,, 0.00029092000,-1.04000,0.00320
,,, 0.00029095999,-1.04000,0.00320
,,, 0.00029100000,-1.04000,0.00320
,,, 0.00029103999,-1.04000,0.00240
,,, 0.00029108001,-1.04000,0.00240
,,, 0.00029112000,-1.04000,0.00240
,,, 0.00029115999,-1.04000,0.00240
,,, 0.00029120001,-1.04000,0.00160
,,, 0.00029123999,-1.04000,0.00160
,,, 0.00029128001,-1.04000,0.00160
,,, 0.00029132000,-1.04000,0.00160
,,, 0.00029135999,-1.04000,0.00160
,,, 0.00029140001,-1.04000,0.00160
,,, 0.00029144000,-1.04000,0.00080
,,, 0.00029147998,-1.04000,0.00080
,,, 0.00029152000,-1.02000,0.00080
,,, 0.00029155999,-1.02000,0.00080
,,, 0.00029160001,-1.02000,0.00
,,, 0.00029164000,-1.02000,0.00
,,, 0.00029167999,-1.02000,0.00
,,, 0.00029172000,-1.02000,0.00
,,, 0.00029175999,-1.02000,0.00
,,, 0.00029180001,-1.02000,0.00
,,, 0.00029184000,-1.02000,-0.00080
,,, 0.00029187999,-1.02000,-0.00080
,,, 0.00029192001,-1.02000,-0.00160
,,, 0.00029195999,-1.02000,-0.00160
,,, 0.00029200001,-1.02000,-0.00160
,,, 0.00029204000,-1.02000,-0.00160
,,, 0.00029207999,-1.00000,-0.00160
,,, 0.00029212001,-1.00000,-0.00240
,,, 0.00029216000,-1.00000,-0.00240
,,, 0.00029219998,-1.00000,-0.00240
,,, 0.00029224000,-1.00000,-0.00240
,,, 0.00029227999,-1.00000,-0.00240
,,, 0.00029232001,-1.00000,-0.00240
,,, 0.00029236000,-1.00000,-0.00320
,,, 0.00029239999,-1.00000,-0.00320
,,, 0.00029244000,-1.00000,-0.00320
,,, 0.00029247999,-1.00000,-0.00320
,,, 0.00029252001,-1.00000,-0.00400
,,, 0.00029256000,-1.00000,-0.00400
,,, 0.00029259999,-1.00000,-0.00400
,,, 0.00029264000,-0.98000,-0.00480
,,, 0.00029267999,-0.98000,-0.00480
,,, 0.00029272001,-0.98000,-0.00480
,,, 0.00029276000,-0.98000,-0.00480
,,, 0.00029279999,-0.98000,-0.00560
,,, 0.00029284001,-0.98000,-0.00560
,,, 0.00029287999,-0.96000,-0.00560
,,, 0.00029292001,-0.98000,-0.00560
,,, 0.00029296000,-0.96000,-0.00640
,,, 0.00029299999,-0.96000,-0.00560
,,, 0.00029304001,-0.96000,-0.00640
,,, 0.00029308000,-0.96000,-0.00640
,,, 0.00029311999,-0.96000,-0.00640
,,, 0.00029316000,-0.96000,-0.00640
,,, 0.00029319999,-0.96000,-0.00640
,,, 0.00029324001,-0.96000,-0.00720
,,, 0.00029328000,-0.96000,-0.00720
,,, 0.00029331999,-0.94000,-0.00720
,,, 0.00029336000,-0.94000,-0.00720
,,, 0.00029339999,-0.94000,-0.00800
,,, 0.00029344001,-0.94000,-0.00800
,,, 0.00029348000,-0.96000,-0.00880
,,, 0.00029351999,-0.94000,-0.00880
,,, 0.00029356001,-0.94000,-0.00880
,,, 0.00029359999,-0.94000,-0.00880
,,, 0.00029364001,-0.92000,-0.00880
,,, 0.00029368000,-0.94000,-0.00880
,,, 0.00029371999,-0.94000,-0.00880
,,, 0.00029376001,-0.92000,-0.00960
,,, 0.00029380000,-0.92000,-0.00960
,,, 0.00029383998,-0.92000,-0.00960
,,, 0.00029388000,-0.92000,-0.01040
,,, 0.00029391999,-0.92000,-0.01040
,,, 0.00029396001,-0.92000,-0.01040
,,, 0.00029400000,-0.90000,-0.01040
,,, 0.00029403999,-0.90000,-0.01120
,,, 0.00029408000,-0.90000,-0.01120
,,, 0.00029411999,-0.90000,-0.01120
,,, 0.00029416001,-0.90000,-0.01120
,,, 0.00029420000,-0.90000,-0.01200
,,, 0.00029423999,-0.90000,-0.01200
,,, 0.00029428001,-0.90000,-0.01200
,,, 0.00029431999,-0.90000,-0.01280
,,, 0.00029436001,-0.88000,-0.01280
,,, 0.00029440000,-0.88000,-0.01280
,,, 0.00029443999,-0.88000,-0.01280
,,, 0.00029448001,-0.88000,-0.01280
,,, 0.00029452000,-0.88000,-0.01280
,,, 0.00029455998,-0.88000,-0.01360
,,, 0.00029460000,-0.88000,-0.01280
,,, 0.00029463999,-0.88000,-0.01360
,,, 0.00029468001,-0.88000,-0.01440
,,, 0.00029472000,-0.86000,-0.01440
,,, 0.00029475999,-0.86000,-0.01360
,,, 0.00029480000,-0.86000,-0.01440
,,, 0.00029483999,-0.86000,-0.01440
,,, 0.00029488001,-0.86000,-0.01440
,,, 0.00029492000,-0.84000,-0.01440
,,, 0.00029495999,-0.86000,-0.01520
,,, 0.00029500001,-0.84000,-0.01600
,,, 0.00029503999,-0.84000,-0.01520
,,, 0.00029508001,-0.84000,-0.01600
,,, 0.00029512000,-0.84000,-0.01600
,,, 0.00029515999,-0.84000,-0.01600
,,, 0.00029520001,-0.84000,-0.01600
,,, 0.00029524000,-0.82000,-0.01600
,,, 0.00029527998,-0.82000,-0.01600
,,, 0.00029532000,-0.82000,-0.01680
,,, 0.00029535999,-0.82000,-0.01680
,,, 0.00029540001,-0.82000,-0.01680
,,, 0.00029544000,-0.82000,-0.01760
,,, 0.00029547999,-0.82000,-0.01680
,,, 0.00029552000,-0.82000,-0.01680
,,, 0.00029555999,-0.80000,-0.01760
,,, 0.00029560001,-0.80000,-0.01760
,,, 0.00029564000,-0.80000,-0.01840
,,, 0.00029567999,-0.80000,-0.01840
,,, 0.00029572000,-0.80000,-0.01840
,,, 0.00029575999,-0.78000,-0.01840
,,, 0.00029580001,-0.78000,-0.01920
,,, 0.00029584000,-0.78000,-0.01920
,,, 0.00029587999,-0.78000,-0.01920
,,, 0.00029592001,-0.78000,-0.01920
,,, 0.00029596000,-0.78000,-0.02000
,,, 0.00029599998,-0.76000,-0.01920
,,, 0.00029604000,-0.76000,-0.01920
,,, 0.00029607999,-0.76000,-0.02000
,,, 0.00029612001,-0.76000,-0.02000
,,, 0.00029616000,-0.76000,-0.02000
,,, 0.00029619999,-0.76000,-0.02000
,,, 0.00029624000,-0.74000,-0.02080
,,, 0.00029627999,-0.76000,-0.02080
,,, 0.00029632001,-0.74000,-0.02080
,,, 0.00029636000,-0.74000,-0.02080
,,, 0.00029639999,-0.74000,-0.02080
,,, 0.00029644000,-0.74000,-0.02160
,,, 0.00029647999,-0.74000,-0.02160
,,, 0.00029652001,-0.74000,-0.02160
,,, 0.00029656000,-0.72000,-0.02160
,,, 0.00029659999,-0.72000,-0.02240
,,, 0.00029664001,-0.72000,-0.02160
,,, 0.00029667999,-0.72000,-0.02240
,,, 0.00029672001,-0.72000,-0.02240
,,, 0.00029676000,-0.72000,-0.02240
,,, 0.00029679999,-0.70000,-0.02320
,,, 0.00029684001,-0.70000,-0.02240
,,, 0.00029688000,-0.70000,-0.02320
,,, 0.00029691998,-0.68000,-0.02320
,,, 0.00029696000,-0.70000,-0.02320
,,, 0.00029699999,-0.68000,-0.02320
,,, 0.00029704001,-0.68000,-0.02400
,,, 0.00029708000,-0.68000,-0.02400
,,, 0.00029711999,-0.68000,-0.02400
,,, 0.00029716000,-0.66000,-0.02400
,,, 0.00029719999,-0.66000,-0.02400
,,, 0.00029724001,-0.66000,-0.02480
,,, 0.00029728000,-0.66000,-0.02480
,,, 0.00029731999,-0.66000,-0.02480
,,, 0.00029736001,-0.66000,-0.02560
,,, 0.00029739999,-0.64000,-0.02480
,,, 0.00029744001,-0.64000,-0.02480
,,, 0.00029748000,-0.64000,-0.02560
,,, 0.00029751999,-0.64000,-0.02560
,,, 0.00029756001,-0.64000,-0.02560
,,, 0.00029760000,-0.62000,-0.02560
,,, 0.00029763998,-0.62000,-0.02560
,,, 0.00029768000,-0.62000,-0.02640
,,, 0.00029771999,-0.62000,-0.02640
,,, 0.00029776001,-0.62000,-0.02640
,,, 0.00029780000,-0.60000,-0.02640
,,, 0.00029783999,-0.60000,-0.02720
,,, 0.00029788000,-0.60000,-0.02720
,,, 0.00029791999,-0.60000,-0.02640
,,, 0.00029796001,-0.60000,-0.02640
,,, 0.00029800000,-0.60000,-0.02720
,,, 0.00029803999,-0.58000,-0.02720
,,, 0.00029808001,-0.58000,-0.02800
,,, 0.00029811999,-0.58000,-0.02800
,,, 0.00029816001,-0.58000,-0.02880
,,, 0.00029820000,-0.58000,-0.02800
,,, 0.00029823999,-0.56000,-0.02800
,,, 0.00029828001,-0.56000,-0.02800
,,, 0.00029832000,-0.56000,-0.02880
,,, 0.00029835998,-0.56000,-0.02880
,,, 0.00029840000,-0.54000,-0.02880
,,, 0.00029843999,-0.54000,-0.02880
,,, 0.00029848001,-0.54000,-0.02960
,,, 0.00029852000,-0.54000,-0.02880
,,, 0.00029855999,-0.54000,-0.02880
,,, 0.00029860000,-0.54000,-0.02960
,,, 0.00029863999,-0.52000,-0.02960
,,, 0.00029868001,-0.52000,-0.02960
,,, 0.00029872000,-0.52000,-0.02960
,,, 0.00029875999,-0.52000,-0.03040
,,, 0.00029880001,-0.52000,-0.03040
,,, 0.00029883999,-0.50000,-0.03040
,,, 0.00029888001,-0.50000,-0.03040
,,, 0.00029892000,-0.50000,-0.03040
,,, 0.00029895999,-0.50000,-0.03120
,,, 0.00029900001,-0.50000,-0.03120
,,, 0.00029904000,-0.48000,-0.03120
,,, 0.00029907998,-0.48000,-0.03120
,,, 0.00029912000,-0.48000,-0.03200
,,, 0.00029915999,-0.48000,-0.03120
,,, 0.00029920001,-0.46000,-0.03120
,,, 0.00029924000,-0.46000,-0.03200
,,, 0.00029927999,-0.46000,-0.03200
,,, 0.00029932000,-0.46000,-0.03200
,,, 0.00029935999,-0.46000,-0.03200
,,, 0.00029940001,-0.46000,-0.03200
,,, 0.00029944000,-0.44000,-0.03200
,,, 0.00029947999,-0.44000,-0.03280
,,, 0.00029952000,-0.44000,-0.03280
,,, 0.00029955999,-0.44000,-0.03280
,,, 0.00029960001,-0.44000,-0.03360
,,, 0.00029964000,-0.42000,-0.03280
,,, 0.00029967999,-0.42000,-0.03280
,,, 0.00029972001,-0.42000,-0.03360
,,, 0.00029975999,-0.42000,-0.03360
,,, 0.00029980001,-0.40000,-0.03360
,,, 0.00029984000,-0.40000,-0.03360
,,, 0.00029987999,-0.40000,-0.03440
,,, 0.00029992001,-0.40000,-0.03440
,,, 0.00029996000,-0.40000,-0.03360
,,, 0.00029999999,-0.40000,-0.03440
,,, 0.00030004000,-0.38000,-0.03440
,,, 0.00030007999,-0.38000,-0.03440
,,, 0.00030012001,-0.38000,-0.03440
,,, 0.00030016000,-0.38000,-0.03440
,,, 0.00030019999,-0.36000,-0.03520
,,, 0.00030024000,-0.36000,-0.03520
,,, 0.00030027999,-0.36000,-0.03440
,,, 0.00030032001,-0.36000,-0.03440
,,, 0.00030036000,-0.36000,-0.03520
,,, 0.00030039999,-0.36000,-0.03520
,,, 0.00030044001,-0.34000,-0.03520
,,, 0.00030047999,-0.34000,-0.03600
,,, 0.00030052001,-0.34000,-0.03600
,,, 0.00030056000,-0.34000,-0.03600
,,, 0.00030059999,-0.34000,-0.03600
,,, 0.00030064001,-0.32000,-0.03600
,,, 0.00030068000,-0.32000,-0.03600
,,, 0.00030071998,-0.32000,-0.03680
,,, 0.00030076000,-0.30000,-0.03600
,,, 0.00030079999,-0.30000,-0.03600
,,, 0.00030084001,-0.30000,-0.03680
,,, 0.00030088000,-0.30000,-0.03680
,,, 0.00030091999,-0.28000,-0.03680
,,, 0.00030096000,-0.28000,-0.03680
,,, 0.00030099999,-0.28000,-0.03680
,,, 0.00030104001,-0.28000,-0.03760
,,, 0.00030108000,-0.26000,-0.03680
,,, 0.00030111999,-0.28000,-0.03760
,,, 0.00030116001,-0.26000,-0.03840
,,, 0.00030119999,-0.26000,-0.03760
,,, 0.00030124001,-0.26000,-0.03760
,,, 0.00030128000,-0.26000,-0.03760
,,, 0.00030131999,-0.24000,-0.03840
,,, 0.00030136001,-0.24000,-0.03840
,,, 0.00030140000,-0.24000,-0.03840
,,, 0.00030143998,-0.24000,-0.03760
,,, 0.00030148000,-0.24000,-0.03840
,,, 0.00030151999,-0.22000,-0.03840
,,, 0.00030156001,-0.22000,-0.03760
,,, 0.00030160000,-0.22000,-0.03840
,,, 0.00030163999,-0.22000,-0.03920
,,, 0.00030168000,-0.22000,-0.03920
,,, 0.00030171999,-0.20000,-0.03840
,,, 0.00030176001,-0.20000,-0.03840
,,, 0.00030180000,-0.20000,-0.03920
,,, 0.00030183999,-0.20000,-0.03920
,,, 0.00030188001,-0.18000,-0.03840
,,, 0.00030191999,-0.18000,-0.03920
,,, 0.00030196001,-0.18000,-0.04000
,,, 0.00030200000,-0.18000,-0.03920
,,, 0.00030203999,-0.18000,-0.03920
,,, 0.00030208001,-0.16000,-0.03920
,,, 0.00030212000,-0.16000,-0.04000
,,, 0.00030215998,-0.16000,-0.04000
,,, 0.00030220000,-0.16000,-0.03920
,,, 0.00030223999,-0.16000,-0.04000
,,, 0.00030228001,-0.14000,-0.04000
,,, 0.00030232000,-0.14000,-0.04000
,,, 0.00030235999,-0.14000,-0.04000
,,, 0.00030240000,-0.14000,-0.04000
,,, 0.00030243999,-0.12000,-0.04080
,,, 0.00030248001,-0.12000,-0.04000
,,, 0.00030252000,-0.12000,-0.04000
,,, 0.00030255999,-0.12000,-0.04080
,,, 0.00030260000,-0.12000,-0.04080
,,, 0.00030263999,-0.10000,-0.04000
,,, 0.00030268001,-0.10000,-0.04080
,,, 0.00030272000,-0.10000,-0.04080
,,, 0.00030275999,-0.10000,-0.04160
,,, 0.00030280001,-0.10000,-0.04080
,,, 0.00030284000,-0.08000,-0.04080
,,, 0.00030287998,-0.08000,-0.04080
,,, 0.00030292000,-0.08000,-0.04160
,,, 0.00030295999,-0.06000,-0.04160
,,, 0.00030300001,-0.06000,-0.04080
,,, 0.00030304000,-0.06000,-0.04160
,,, 0.00030307999,-0.06000,-0.04240
,,, 0.00030312000,-0.06000,-0.04080
,,, 0.00030315999,-0.06000,-0.04160
,,, 0.00030320001,-0.04000,-0.04160
,,, 0.00030324000,-0.04000,-0.04240
,,, 0.00030327999,-0.04000,-0.04160
,,, 0.00030332000,-0.04000,-0.04160
,,, 0.00030335999,-0.04000,-0.04160
,,, 0.00030340001,-0.04000,-0.04240
,,, 0.00030344000,-0.02000,-0.04160
,,, 0.00030347999,-0.02000,-0.04160
,,, 0.00030352001,-0.02000,-0.04240
,,, 0.00030355999,0.00,-0.04240
,,, 0.00030360001,0.00,-0.04240
,,, 0.00030364000,0.00,-0.04240
,,, 0.00030367999,0.00,-0.04240
,,, 0.00030372001,0.00,-0.04320
,,, 0.00030376000,0.02000,-0.04240
,,, 0.00030379998,0.02000,-0.04240
,,, 0.00030384000,0.02000,-0.04320
,,, 0.00030387999,0.02000,-0.04320
,,, 0.00030392001,0.04000,-0.04240
,,, 0.00030396000,0.04000,-0.04240
,,, 0.00030399999,0.04000,-0.04320
,,, 0.00030404000,0.04000,-0.04320
,,, 0.00030407999,0.04000,-0.04320
,,, 0.00030412001,0.04000,-0.04240
,,, 0.00030416000,0.06000,-0.04320
,,, 0.00030419999,0.06000,-0.04400
,,, 0.00030424001,0.06000,-0.04320
,,, 0.00030427999,0.06000,-0.04240
,,, 0.00030432001,0.06000,-0.04320
,,, 0.00030436000,0.08000,-0.04400
,,, 0.00030439999,0.08000,-0.04320
,,, 0.00030444001,0.08000,-0.04320
,,, 0.00030448000,0.08000,-0.04400
,,, 0.00030451998,0.08000,-0.04400
,,, 0.00030456000,0.10000,-0.04320
,,, 0.00030459999,0.10000,-0.04320
,,, 0.00030464001,0.10000,-0.04400
,,, 0.00030468000,0.10000,-0.04400
,,, 0.00030471999,0.10000,-0.04400
,,, 0.00030476000,0.12000,-0.04400
,,, 0.00030479999,0.12000,-0.04400
,,, 0.00030484001,0.12000,-0.04400
,,, 0.00030488000,0.12000,-0.04400
,,, 0.00030491999,0.14000,-0.04320
,,, 0.00030496001,0.14000,-0.04400
,,, 0.00030499999,0.14000,-0.04480
,,, 0.00030504001,0.14000,-0.04400
,,, 0.00030508000,0.14000,-0.04400
,,, 0.00030511999,0.16000,-0.04400
,,, 0.00030516001,0.16000,-0.04480
,,, 0.00030520000,0.16000,-0.04400
,,, 0.00030523998,0.16000,-0.04400
,,, 0.00030528000,0.18000,-0.04480
,,, 0.00030531999,0.16000,-0.04480
,,, 0.00030536001,0.18000,-0.04400
,,, 0.00030540000,0.18000,-0.04400
,,, 0.00030543999,0.18000,-0.04480
,,, 0.00030548000,0.18000,-0.04400
,,, 0.00030551999,0.20000,-0.04400
,,, 0.00030556001,0.20000,-0.04400
,,, 0.00030560000,0.20000,-0.04480
,,, 0.00030563999,0.20000,-0.04480
,,, 0.00030568001,0.20000,-0.04400
,,, 0.00030571999,0.22000,-0.04400
,,, 0.00030576001,0.22000,-0.04480
,,, 0.00030580000,0.22000,-0.04480
,,, 0.00030583999,0.22000,-0.04400
,,, 0.00030588001,0.22000,-0.04400
,,, 0.00030592000,0.24000,-0.04480
,,, 0.00030595998,0.24000,-0.04480
,,, 0.00030600000,0.24000,-0.04480
,,, 0.00030603999,0.24000,-0.04400
,,, 0.00030608001,0.24000,-0.04480
,,, 0.00030612000,0.26000,-0.04480
,,, 0.00030615999,0.26000,-0.04400
,,, 0.00030620000,0.26000,-0.04480
,,, 0.00030623999,0.26000,-0.04480
,,, 0.00030628001,0.26000,-0.04480
,,, 0.00030632000,0.26000,-0.04480
,,, 0.00030635999,0.28000,-0.04400
,,, 0.00030640000,0.28000,-0.04480
,,, 0.00030643999,0.28000,-0.04480
,,, 0.00030648001,0.30000,-0.04400
,,, 0.00030652000,0.28000,-0.04480
,,, 0.00030655999,0.28000,-0.04480
,,, 0.00030660001,0.30000,-0.04480
,,, 0.00030663999,0.30000,-0.04480
,,, 0.00030667998,0.30000,-0.04400
,,, 0.00030672000,0.30000,-0.04480
,,, 0.00030675999,0.32000,-0.04480
,,, 0.00030680001,0.32000,-0.04480
,,, 0.00030684000,0.34000,-0.04480
,,, 0.00030687999,0.34000,-0.04480
,,, 0.00030692000,0.34000,-0.04480
,,, 0.00030695999,0.34000,-0.04400
,,, 0.00030700001,0.34000,-0.04400
,,, 0.00030704000,0.36000,-0.04480
,,, 0.00030707999,0.34000,-0.04480
,,, 0.00030712000,0.36000,-0.04400
,,, 0.00030715999,0.36000,-0.04400
,,, 0.00030720001,0.36000,-0.04480
,,, 0.00030724000,0.36000,-0.04480
,,, 0.00030727999,0.36000,-0.04400
,,, 0.00030732001,0.36000,-0.04400
,,, 0.00030735999,0.36000,-0.04480
,,, 0.00030740001,0.38000,-0.04480
,,, 0.00030744000,0.38000,-0.04400
,,, 0.00030747999,0.38000,-0.04400
,,, 0.00030752001,0.38000,-0.04480
,,, 0.00030756000,0.38000,-0.04400
,,, 0.00030759998,0.38000,-0.04400
,,, 0.00030764000,0.40000,-0.04480
,,, 0.00030767999,0.40000,-0.04480
,,, 0.00030772001,0.40000,-0.04480
,,, 0.00030776000,0.40000,-0.04400
,,, 0.00030779999,0.42000,-0.04400
,,, 0.00030784000,0.40000,-0.04480
,,, 0.00030787999,0.42000,-0.04400
,,, 0.00030792001,0.42000,-0.04400
,,, 0.00030796000,0.42000,-0.04400
,,, 0.00030799999,0.42000,-0.04400
,,, 0.00030804001,0.42000,-0.04400
,,, 0.00030807999,0.44000,-0.04400
,,, 0.00030812001,0.44000,-0.04400
,,, 0.00030816000,0.44000,-0.04400
,,, 0.00030819999,0.44000,-0.04480
,,, 0.00030824001,0.44000,-0.04400
,,, 0.00030828000,0.46000,-0.04400
,,, 0.00030831998,0.44000,-0.04400
,,, 0.00030836000,0.46000,-0.04400
,,, 0.00030839999,0.46000,-0.04400
,,, 0.00030844001,0.46000,-0.04400
,,, 0.00030848000,0.46000,-0.04480
,,, 0.00030851999,0.48000,-0.04400
,,, 0.00030856000,0.48000,-0.04320
,,, 0.00030859999,0.48000,-0.04320
,,, 0.00030864001,0.48000,-0.04400
,,, 0.00030868000,0.48000,-0.04400
,,, 0.00030871999,0.50000,-0.04320
,,, 0.00030876001,0.50000,-0.04400
,,, 0.00030879999,0.50000,-0.04400
,,, 0.00030884001,0.50000,-0.04320
,,, 0.00030888000,0.50000,-0.04240
,,, 0.00030891999,0.50000,-0.04320
,,, 0.00030896001,0.50000,-0.04400
,,, 0.00030900000,0.52000,-0.04400
,,, 0.00030903998,0.52000,-0.04320
,,, 0.00030908000,0.52000,-0.04320
,,, 0.00030911999,0.52000,-0.04320
,,, 0.00030916001,0.54000,-0.04320
,,, 0.00030920000,0.54000,-0.04240
,,, 0.00030923999,0.54000,-0.04320
,,, 0.00030928000,0.54000,-0.04400
,,, 0.00030931999,0.54000,-0.04320
,,, 0.00030936001,0.54000,-0.04240
,,, 0.00030940000,0.56000,-0.04240
,,, 0.00030943999,0.56000,-0.04240
,,, 0.00030948000,0.54000,-0.04240
,,, 0.00030951999,0.56000,-0.04240
,,, 0.00030956001,0.56000,-0.04240
,,, 0.00030960000,0.56000,-0.04240
,,, 0.00030963999,0.58000,-0.04240
,,, 0.00030968001,0.56000,-0.04160
,,, 0.00030972000,0.56000,-0.04160
,,, 0.00030975998,0.56000,-0.04240
,,, 0.00030980000,0.58000,-0.04240
,,, 0.00030983999,0.58000,-0.04240
,,, 0.00030988001,0.58000,-0.04240
,,, 0.00030992000,0.58000,-0.04240
,,, 0.00030995999,0.58000,-0.04160
,,, 0.00031000000,0.60000,-0.04160
,,, 0.00031003999,0.60000,-0.04160
,,, 0.00031008001,0.60000,-0.04160
,,, 0.00031012000,0.60000,-0.04160
,,, 0.00031015999,0.60000,-0.04160
,,, 0.00031020000,0.60000,-0.04160
,,, 0.00031023999,0.62000,-0.04160
,,, 0.00031028001,0.60000,-0.04080
,,, 0.00031032000,0.62000,-0.04080
,,, 0.00031035999,0.62000,-0.04080
,,, 0.00031040001,0.62000,-0.04080
,,, 0.00031043999,0.64000,-0.04080
,,, 0.00031048001,0.64000,-0.04080
,,, 0.00031052000,0.62000,-0.04080
,,, 0.00031055999,0.62000,-0.04160
,,, 0.00031060001,0.64000,-0.04080
,,, 0.00031064000,0.64000,-0.04080
,,, 0.00031067998,0.64000,-0.04080
,,, 0.00031072000,0.64000,-0.04080
,,, 0.00031075999,0.64000,-0.04080
,,, 0.00031080001,0.66000,-0.04000
,,, 0.00031084000,0.66000,-0.04000
,,, 0.00031087999,0.66000,-0.04080
,,, 0.00031092000,0.66000,-0.04000
,,, 0.00031095999,0.66000,-0.04000
,,, 0.00031100001,0.66000,-0.04000
,,, 0.00031104000,0.66000,-0.04000
,,, 0.00031107999,0.68000,-0.04000
,,, 0.00031112001,0.66000,-0.03920
,,, 0.00031115999,0.68000,-0.04000
,,, 0.00031120001,0.66000,-0.03920
,,, 0.00031124000,0.68000,-0.03920
,,, 0.00031127999,0.66000,-0.03920
,,, 0.00031132001,0.68000,-0.03920
,,, 0.00031136000,0.68000,-0.03920
,,, 0.00031139998,0.68000,-0.03920
,,, 0.00031144000,0.70000,-0.03920
,,, 0.00031147999,0.70000,-0.03920
,,, 0.00031152001,0.68000,-0.03920
,,, 0.00031156000,0.70000,-0.03840
,,, 0.00031159999,0.70000,-0.03840
,,, 0.00031164000,0.70000,-0.03920
,,, 0.00031167999,0.72000,-0.03920
,,, 0.00031172001,0.72000,-0.03840
,,, 0.00031176000,0.70000,-0.03840
,,, 0.00031179999,0.72000,-0.03760
,,, 0.00031184001,0.72000,-0.03840
,,, 0.00031187999,0.72000,-0.03760
,,, 0.00031192001,0.72000,-0.03760
,,, 0.00031196000,0.72000,-0.03840
,,, 0.00031199999,0.72000,-0.03840
,,, 0.00031204001,0.74000,-0.03760
,,, 0.00031208000,0.72000,-0.03760
,,, 0.00031211998,0.74000,-0.03760
,,, 0.00031216000,0.74000,-0.03760
,,, 0.00031219999,0.72000,-0.03680
,,, 0.00031224001,0.74000,-0.03760
,,, 0.00031228000,0.74000,-0.03760
,,, 0.00031231999,0.74000,-0.03760
,,, 0.00031236000,0.74000,-0.03680
,,, 0.00031239999,0.74000,-0.03600
,,, 0.00031244001,0.74000,-0.03680
,,, 0.00031248000,0.76000,-0.03600
,,, 0.00031251999,0.74000,-0.03680
,,, 0.00031256001,0.74000,-0.03600
,,, 0.00031259999,0.76000,-0.03600
,,, 0.00031264001,0.76000,-0.03600
,,, 0.00031268000,0.76000,-0.03600
,,, 0.00031271999,0.76000,-0.03520
,,, 0.00031276001,0.76000,-0.03600
,,, 0.00031280000,0.78000,-0.03600
,,, 0.00031283998,0.76000,-0.03520
,,, 0.00031288000,0.76000,-0.03520
,,, 0.00031291999,0.78000,-0.03520
,,, 0.00031296001,0.78000,-0.03520
,,, 0.00031300000,0.78000,-0.03520
,,, 0.00031303999,0.78000,-0.03440
,,, 0.00031308000,0.78000,-0.03520
,,, 0.00031311999,0.78000,-0.03440
,,, 0.00031316001,0.78000,-0.03440
,,, 0.00031320000,0.78000,-0.03440
,,, 0.00031323999,0.78000,-0.03440
,,, 0.00031328000,0.80000,-0.03440
,,, 0.00031331999,0.78000,-0.03360
,,, 0.00031336001,0.80000,-0.03360
,,, 0.00031340000,0.80000,-0.03360
,,, 0.00031343999,0.80000,-0.03360
,,, 0.00031348001,0.80000,-0.03280
,,, 0.00031351999,0.80000,-0.03280
,,, 0.00031355998,0.80000,-0.03360
,,, 0.00031360000,0.80000,-0.03360
,,, 0.00031363999,0.80000,-0.03280
,,, 0.00031368001,0.80000,-0.03280
,,, 0.00031372000,0.82000,-0.03280
,,, 0.00031375999,0.82000,-0.03280
,,, 0.00031380000,0.80000,-0.03280
,,, 0.00031383999,0.82000,-0.03200
,,, 0.00031388001,0.82000,-0.03280
,,, 0.00031392000,0.82000,-0.03200
,,, 0.00031395999,0.82000,-0.03120
,,, 0.00031400000,0.82000,-0.03120
,,, 0.00031403999,0.82000,-0.03120
,,, 0.00031408001,0.82000,-0.03120
,,, 0.00031412000,0.82000,-0.03120
,,, 0.00031415999,0.84000,-0.03120
,,, 0.00031420001,0.82000,-0.03120
,,, 0.00031423999,0.82000,-0.03040
,,, 0.00031428001,0.84000,-0.03040
,,, 0.00031432000,0.84000,-0.03040
,,, 0.00031435999,0.84000,-0.03040
,,, 0.00031440001,0.84000,-0.03040
,,, 0.00031444000,0.84000,-0.03040
,,, 0.00031447998,0.84000,-0.03040
,,, 0.00031452000,0.84000,-0.03040
,,, 0.00031455999,0.84000,-0.02960
,,, 0.00031460001,0.86000,-0.02960
,,, 0.00031464000,0.84000,-0.02960
,,, 0.00031467999,0.84000,-0.02960
,,, 0.00031472000,0.86000,-0.02960
,,, 0.00031475999,0.86000,-0.02880
,,, 0.00031480001,0.86000,-0.02880
,,, 0.00031484000,0.86000,-0.02880
,,, 0.00031487999,0.84000,-0.02800
,,, 0.00031492001,0.86000,-0.02800
,,, 0.00031495999,0.86000,-0.02800
,,, 0.00031500001,0.86000,-0.02880
,,, 0.00031504000,0.86000,-0.02800
,,, 0.00031507999,0.86000,-0.02720
,,, 0.00031512001,0.86000,-0.02800
,,, 0.00031516000,0.86000,-0.02720
,,, 0.00031519998,0.86000,-0.02720
,,, 0.00031524000,0.86000,-0.02720
,,, 0.00031527999,0.86000,-0.02720
,,, 0.00031532001,0.86000,-0.02720
,,, 0.00031536000,0.88000,-0.02720
,,, 0.00031539999,0.88000,-0.02640
,,, 0.00031544000,0.88000,-0.02640
,,, 0.00031547999,0.88000,-0.02640
,,, 0.00031552001,0.88000,-0.02640
,,, 0.00031556000,0.88000,-0.02640
,,, 0.00031559999,0.88000,-0.02560
,,, 0.00031564001,0.88000,-0.02560
,,, 0.00031567999,0.88000,-0.02560
,,, 0.00031572001,0.88000,-0.02560
,,, 0.00031576000,0.88000,-0.02480
,,, 0.00031579999,0.88000,-0.02560
,,, 0.00031584001,0.88000,-0.02480
,,, 0.00031588000,0.88000,-0.02480
,,, 0.00031591998,0.88000,-0.02480
,,, 0.00031596000,0.88000,-0.02480
,,, 0.00031599999,0.88000,-0.02480
,,, 0.00031604001,0.88000,-0.02400
,,, 0.00031608000,0.90000,-0.02400
,,, 0.00031611999,0.90000,-0.02400
,,, 0.00031616000,0.88000,-0.02400
,,, 0.00031619999,0.90000,-0.02400
,,, 0.00031624001,0.88000,-0.02320
,,, 0.00031628000,0.90000,-0.02400
,,, 0.00031631999,0.90000,-0.02320
,,, 0.00031636000,0.88000,-0.02320
,,, 0.00031639999,0.90000,-0.02240
,,, 0.00031644001,0.90000,-0.02320
,,, 0.00031648000,0.90000,-0.02240
,,, 0.00031651999,0.90000,-0.02240
,,, 0.00031656001,0.90000,-0.02240
,,, 0.00031660000,0.90000,-0.02240
,,, 0.00031663998,0.90000,-0.02160
,,, 0.00031668000,0.90000,-0.02160
,,, 0.00031671999,0.90000,-0.02160
,,, 0.00031676001,0.90000,-0.02160
,,, 0.00031680000,0.90000,-0.02160
,,, 0.00031683999,0.90000,-0.02160
,,, 0.00031688000,0.90000,-0.02080
,,, 0.00031691999,0.90000,-0.02080
,,, 0.00031696001,0.90000,-0.02080
,,, 0.00031700000,0.90000,-0.02000
,,, 0.00031703999,0.90000,-0.02080
,,, 0.00031708000,0.90000,-0.02000
,,, 0.00031711999,0.90000,-0.02000
,,, 0.00031716001,0.90000,-0.02000
,,, 0.00031720000,0.92000,-0.02000
,,, 0.00031723999,0.90000,-0.01920
,,, 0.00031728001,0.90000,-0.01920
,,, 0.00031731999,0.92000,-0.01920
,,, 0.00031736001,0.90000,-0.01920
,,, 0.00031740000,0.92000,-0.01840
,,, 0.00031743999,0.90000,-0.01840
,,, 0.00031748001,0.90000,-0.01840
,,, 0.00031752000,0.92000,-0.01840
,,, 0.00031755998,0.90000,-0.01840
,,, 0.00031760000,0.92000,-0.01840
,,, 0.00031763999,0.92000,-0.01760
,,, 0.00031768001,0.92000,-0.01760
,,, 0.00031772000,0.92000,-0.01760
,,, 0.00031775999,0.92000,-0.01680
,,, 0.00031780000,0.90000,-0.01680
,,, 0.00031783999,0.92000,-0.01760
,,, 0.00031788001,0.92000,-0.01680
,,, 0.00031792000,0.92000,-0.01600
,,, 0.00031795999,0.92000,-0.01600
,,, 0.00031800001,0.90000,-0.01600
,,, 0.00031803999,0.90000,-0.01600
,,, 0.00031808001,0.92000,-0.01520
,,, 0.00031812000,0.92000,-0.01600
,,, 0.00031815999,0.90000,-0.01520
,,, 0.00031820001,0.90000,-0.01520
,,, 0.00031824000,0.90000,-0.01440
,,, 0.00031827998,0.92000,-0.01520
,,, 0.00031832000,0.92000,-0.01440
,,, 0.00031835999,0.90000,-0.01440
,,, 0.00031840001,0.92000,-0.01440
,,, 0.00031844000,0.92000,-0.01440
,,, 0.00031847999,0.92000,-0.01360
,,, 0.00031852000,0.92000,-0.01360
,,, 0.00031855999,0.92000,-0.01360
,,, 0.00031860001,0.92000,-0.01360
,,, 0.00031864000,0.92000,-0.01360
,,, 0.00031867999,0.92000,-0.01280
,,, 0.00031872001,0.92000,-0.01280
,,, 0.00031875999,0.92000,-0.01280
,,, 0.00031880001,0.92000,-0.01280
,,, 0.00031884000,0.92000,-0.01200
,,, 0.00031887999,0.92000,-0.01200
,,, 0.00031892001,0.92000,-0.01200
,,, 0.00031896000,0.92000,-0.01200
,,, 0.00031899998,0.92000,-0.01200
,,, 0.00031904000,0.92000,-0.01200
,,, 0.00031907999,0.92000,-0.01120
,,, 0.00031912001,0.92000,-0.01120
,,, 0.00031916000,0.90000,-0.01120
,,, 0.00031919999,0.92000,-0.01120
,,, 0.00031924000,0.92000,-0.01120
,,, 0.00031927999,0.90000,-0.01040
,,, 0.00031932001,0.92000,-0.01040
,,, 0.00031936000,0.92000,-0.01040
,,, 0.00031939999,0.92000,-0.00960
,,, 0.00031944001,0.92000,-0.00960
,,, 0.00031947999,0.92000,-0.00960
,,, 0.00031952001,0.92000,-0.00960
,,, 0.00031956000,0.92000,-0.00960
,,, 0.00031959999,0.90000,-0.00960
,,, 0.00031964001,0.92000,-0.00880
,,, 0.00031968000,0.92000,-0.00880
,,, 0.00031971998,0.92000,-0.00880
,,, 0.00031976000,0.92000,-0.00800
,,, 0.00031979999,0.90000,-0.00800
,,, 0.00031984001,0.92000,-0.00800
,,, 0.00031988000,0.92000,-0.00800
,,, 0.00031991999,0.92000,-0.00800
,,, 0.00031996000,0.92000,-0.00720
,,, 0.00031999999,0.92000,-0.00720
,,, 0.00032004001,0.90000,-0.00720
,,, 0.00032008000,0.92000,-0.00720
,,, 0.00032011999,0.92000,-0.00640
,,, 0.00032016000,0.92000,-0.00640
,,, 0.00032019999,0.92000,-0.00640
,,, 0.00032024001,0.90000,-0.00560
,,, 0.00032028000,0.92000,-0.00560
,,, 0.00032031999,0.92000,-0.00560
,,, 0.00032036001,0.90000,-0.00560
,,, 0.00032039999,0.92000,-0.00560
,,, 0.00032043998,0.92000,-0.00480
,,, 0.00032048000,0.90000,-0.00480
,,, 0.00032051999,0.90000,-0.00480
,,, 0.00032056001,0.90000,-0.00480
,,, 0.00032060000,0.90000,-0.00400
,,, 0.00032063999,0.90000,-0.00400
,,, 0.00032068000,0.90000,-0.00400
,,, 0.00032071999,0.90000,-0.00400
,,, 0.00032076001,0.90000,-0.00320
,,, 0.00032080000,0.90000,-0.00320
,,, 0.00032083999,0.90000,-0.00320
,,, 0.00032088000,0.90000,-0.00320
,,, 0.00032091999,0.90000,-0.00240
,,, 0.00032096001,0.90000,-0.00240
,,, 0.00032100000,0.90000,-0.00240
,,, 0.00032103999,0.90000,-0.00160
,,, 0.00032108001,0.90000,-0.00160
,,, 0.00032111999,0.90000,-0.00160
,,, 0.00032116001,0.90000,-0.00160
,,, 0.00032120000,0.90000,-0.00160
,,, 0.00032123999,0.90000,-0.00080
,,, 0.00032128001,0.90000,-0.00080
,,, 0.00032132000,0.90000,-0.00080
,,, 0.00032135998,0.90000,-0.00080
,,, 0.00032140000,0.90000,0.00
,,, 0.00032143999,0.90000,-0.00080
,,, 0.00032148001,0.90000,-0.00080
,,, 0.00032152000,0.88000,0.00
,,, 0.00032155999,0.90000,0.00080
,,, 0.00032160000,0.88000,0.00080
,,, 0.00032163999,0.90000,0.00080
,,, 0.00032168001,0.90000,0.00080
,,, 0.00032172000,0.88000,0.00080
,,, 0.00032175999,0.90000,0.00080
,,, 0.00032180001,0.88000,0.00080
,,, 0.00032183999,0.88000,0.00160
,,, 0.00032188001,0.88000,0.00160
,,, 0.00032192000,0.88000,0.00240
,,, 0.00032195999,0.88000,0.00160
,,, 0.00032200001,0.88000,0.00240
,,, 0.00032204000,0.88000,0.00240
,,, 0.00032207998,0.88000,0.00240
,,, 0.00032212000,0.88000,0.00240
,,, 0.00032215999,0.88000,0.00320
,,, 0.00032220001,0.88000,0.00320
,,, 0.00032224000,0.88000,0.00320
,,, 0.00032227999,0.88000,0.00320
,,, 0.00032232000,0.86000,0.00320
,,, 0.00032235999,0.88000,0.00400
,,, 0.00032240001,0.88000,0.00400
,,, 0.00032244000,0.88000,0.00400
,,, 0.00032247999,0.88000,0.00480
,,, 0.00032252001,0.88000,0.00480
,,, 0.00032255999,0.88000,0.00480
,,, 0.00032260001,0.86000,0.00480
,,, 0.00032264000,0.86000,0.00560
,,, 0.00032267999,0.86000,0.00560
,,, 0.00032272001,0.86000,0.00560
,,, 0.00032276000,0.86000,0.00560
,,, 0.00032279998,0.86000,0.00640
,,, 0.00032284000,0.86000,0.00640
,,, 0.00032287999,0.86000,0.00640
,,, 0.00032292001,0.86000,0.00640
,,, 0.00032296000,0.86000,0.00640
,,, 0.00032299999,0.86000,0.00640
,,, 0.00032304000,0.86000,0.00640
,,, 0.00032307999,0.84000,0.00720
,,, 0.00032312001,0.86000,0.00800
,,, 0.00032316000,0.86000,0.00800
,,, 0.00032319999,0.84000,0.00800
,,, 0.00032324000,0.84000,0.00800
,,, 0.00032327999,0.84000,0.00800
,,, 0.00032332001,0.84000,0.00880
,,, 0.00032336000,0.84000,0.00880
,,, 0.00032339999,0.84000,0.00880
,,, 0.00032344001,0.84000,0.00880
,,, 0.00032348000,0.82000,0.00880
,,, 0.00032351998,0.84000,0.00880
,,, 0.00032356000,0.84000,0.00880
,,, 0.00032359999,0.82000,0.00960
,,, 0.00032364001,0.84000,0.01040
,,, 0.00032368000,0.82000,0.00960
,,, 0.00032371999,0.84000,0.01040
,,, 0.00032376000,0.82000,0.01040
,,, 0.00032379999,0.82000,0.01040
,,, 0.00032384001,0.82000,0.01120
,,, 0.00032388000,0.82000,0.01120
,,, 0.00032391999,0.82000,0.01200
,,, 0.00032396000,0.82000,0.01200
,,, 0.00032399999,0.82000,0.01200
,,, 0.00032404001,0.82000,0.01200
,,, 0.00032408000,0.80000,0.01200
,,, 0.00032411999,0.80000,0.01200
,,, 0.00032416001,0.80000,0.01200
,,, 0.00032419999,0.80000,0.01280
,,, 0.00032424001,0.80000,0.01280
,,, 0.00032428000,0.80000,0.01280
,,, 0.00032431999,0.80000,0.01280
,,, 0.00032436001,0.80000,0.01360
,,, 0.00032440000,0.80000,0.01360
,,, 0.00032443998,0.80000,0.01360
,,, 0.00032448000,0.78000,0.01360
,,, 0.00032451999,0.80000,0.01440
,,, 0.00032456001,0.80000,0.01440
,,, 0.00032460000,0.78000,0.01440
,,, 0.00032463999,0.78000,0.01440
,,, 0.00032468000,0.78000,0.01440
,,, 0.00032471999,0.78000,0.01440
,,, 0.00032476001,0.78000,0.01520
,,, 0.00032480000,0.78000,0.01520
,,, 0.00032483999,0.76000,0.01520
,,, 0.00032488001,0.78000,0.01600
,,, 0.00032491999,0.76000,0.01520
,,, 0.00032496001,0.78000,0.01600
,,, 0.00032500000,0.78000,0.01600
,,, 0.00032503999,0.76000,0.01600
,,, 0.00032508001,0.76000,0.01680
,,, 0.00032512000,0.76000,0.01680
,,, 0.00032515998,0.76000,0.01680
,,, 0.00032520000,0.76000,0.01760
,,, 0.00032523999,0.76000,0.01680
,,, 0.00032528001,0.76000,0.01680
,,, 0.00032532000,0.76000,0.01760
,,, 0.00032535999,0.76000,0.01760
,,, 0.00032540000,0.74000,0.01760
,,, 0.00032543999,0.76000,0.01760
,,, 0.00032548001,0.74000,0.01840
,,, 0.00032552000,0.74000,0.01840
,,, 0.00032555999,0.74000,0.01920
,,, 0.00032560001,0.74000,0.01840
,,, 0.00032563999,0.74000,0.01920
,,, 0.00032568001,0.74000,0.01920
,,, 0.00032572000,0.74000,0.01920
,,, 0.00032575999,0.72000,0.01920
,,, 0.00032580001,0.72000,0.01920
,,, 0.00032584000,0.72000,0.02000
,,, 0.00032587998,0.72000,0.02000
,,, 0.00032592000,0.72000,0.02000
,,, 0.00032595999,0.72000,0.02000
,,, 0.00032600001,0.72000,0.02080
,,, 0.00032604000,0.72000,0.02080
,,, 0.00032607999,0.72000,0.02080
,,, 0.00032612000,0.72000,0.02080
,,, 0.00032615999,0.72000,0.02080
,,, 0.00032620001,0.72000,0.02160
,,, 0.00032624000,0.70000,0.02160
,,, 0.00032627999,0.70000,0.02160
,,, 0.00032632001,0.70000,0.02240
,,, 0.00032635999,0.70000,0.02240
,,, 0.00032640001,0.70000,0.02240
,,, 0.00032644000,0.70000,0.02320
,,, 0.00032647999,0.70000,0.02240
,,, 0.00032652001,0.70000,0.02240
,,, 0.00032656000,0.70000,0.02320
,,, 0.00032659998,0.68000,0.02240
,,, 0.00032664000,0.70000,0.02320
,,, 0.00032667999,0.68000,0.02400
,,, 0.00032672001,0.68000,0.02400
,,, 0.00032676000,0.68000,0.02400
,,, 0.00032679999,0.68000,0.02400
,,, 0.00032684000,0.68000,0.02400
,,, 0.00032687999,0.68000,0.02400
,,, 0.00032692001,0.68000,0.02480
,,, 0.00032696000,0.68000,0.02480
,,, 0.00032699999,0.66000,0.02480
,,, 0.00032704000,0.66000,0.02480
,,, 0.00032707999,0.66000,0.02560
,,, 0.00032712001,0.66000,0.02560
,,, 0.00032716000,0.66000,0.02560
,,, 0.00032719999,0.66000,0.02560
,,, 0.00032724001,0.66000,0.02560
,,, 0.00032727999,0.64000,0.02560
,,, 0.00032731998,0.64000,0.02640
,,, 0.00032736000,0.64000,0.02640
,,, 0.00032739999,0.64000,0.02640
,,, 0.00032744001,0.64000,0.02640
,,, 0.00032748000,0.64000,0.02640
,,, 0.00032751999,0.64000,0.02640
,,, 0.00032756000,0.64000,0.02720
,,, 0.00032759999,0.64000,0.02720
,,, 0.00032764001,0.64000,0.02720
,,, 0.00032768000,0.62000,0.02720
,,, 0.00032771999,0.62000,0.02720
,,, 0.00032776000,0.62000,0.02800
,,, 0.00032779999,0.62000,0.02800
,,, 0.00032784001,0.62000,0.02800
,,, 0.00032788000,0.62000,0.02880
,,, 0.00032791999,0.62000,0.02880
,,, 0.00032796001,0.60000,0.02880
,,, 0.00032799999,0.60000,0.02880
,,, 0.00032804001,0.60000,0.02880
,,, 0.00032808000,0.60000,0.02880
,,, 0.00032811999,0.60000,0.02960
,,, 0.00032816001,0.60000,0.02880
,,, 0.00032820000,0.60000,0.02960
,,, 0.00032823998,0.60000,0.02960
,,, 0.00032828000,0.58000,0.02960
,,, 0.00032831999,0.58000,0.03040
,,, 0.00032836001,0.58000,0.03040
,,, 0.00032840000,0.58000,0.02960
,,, 0.00032843999,0.58000,0.03040
,,, 0.00032848000,0.58000,0.03120
,,, 0.00032851999,0.58000,0.03120
,,, 0.00032856001,0.58000,0.03120
,,, 0.00032860000,0.56000,0.03120
,,, 0.00032863999,0.56000,0.03120
,,, 0.00032868001,0.56000,0.03120
,,, 0.00032871999,0.56000,0.03120
,,, 0.00032876001,0.56000,0.03200
,,, 0.00032880000,0.56000,0.03200
,,, 0.00032883999,0.56000,0.03200
,,, 0.00032888001,0.54000,0.03200
,,, 0.00032892000,0.54000,0.03200
,,, 0.00032895998,0.54000,0.03200
,,, 0.00032900000,0.54000,0.03280
,,, 0.00032903999,0.54000,0.03280
,,, 0.00032908001,0.54000,0.03280
,,, 0.00032912000,0.54000,0.03360
,,, 0.00032915999,0.54000,0.03280
,,, 0.00032920000,0.54000,0.03280
,,, 0.00032923999,0.52000,0.03360
,,, 0.00032928001,0.52000,0.03280
,,, 0.00032932000,0.52000,0.03360
,,, 0.00032935999,0.52000,0.03360
,,, 0.00032940001,0.52000,0.03360
,,, 0.00032943999,0.52000,0.03440
,,, 0.00032948001,0.52000,0.03440
,,, 0.00032952000,0.52000,0.03440
,,, 0.00032955999,0.52000,0.03440
,,, 0.00032960001,0.50000,0.03440
,,, 0.00032964000,0.50000,0.03440
,,, 0.00032967998,0.50000,0.03520
,,, 0.00032972000,0.50000,0.03520
,,, 0.00032975999,0.48000,0.03520
,,, 0.00032980001,0.48000,0.03520
,,, 0.00032984000,0.48000,0.03520
,,, 0.00032987999,0.48000,0.03600
,,, 0.00032992000,0.48000,0.03600
,,, 0.00032995999,0.48000,0.03520
,,, 0.00033000001,0.48000,0.03600
,,, 0.00033004000,0.46000,0.03600
,,, 0.00033007999,0.46000,0.03600
,,, 0.00033012000,0.46000,0.03680
,,, 0.00033015999,0.46000,0.03600
,,, 0.00033020001,0.46000,0.03600
,,, 0.00033024000,0.46000,0.03680
,,, 0.00033027999,0.46000,0.03600
,,, 0.00033032001,0.46000,0.03680
,,, 0.00033036000,0.44000,0.03680
,,, 0.00033039998,0.44000,0.03680
,,, 0.00033044000,0.44000,0.03760
,,, 0.00033047999,0.44000,0.03680
,,, 0.00033052001,0.44000,0.03760
,,, 0.00033056000,0.44000,0.03760
,,, 0.00033059999,0.42000,0.03760
,,, 0.00033064000,0.42000,0.03760
,,, 0.00033067999,0.42000,0.03840
,,, 0.00033072001,0.42000,0.03760
,,, 0.00033076000,0.42000,0.03760
,,, 0.00033079999,0.42000,0.03840
,,, 0.00033084000,0.40000,0.03840
,,, 0.00033087999,0.40000,0.03840
,,, 0.00033092001,0.40000,0.03840
,,, 0.00033096000,0.40000,0.03920
,,, 0.00033099999,0.40000,0.03920
,,, 0.00033104001,0.40000,0.03920
,,, 0.00033107999,0.40000,0.03920
,,, 0.00033111998,0.40000,0.03920
,,, 0.00033116000,0.40000,0.03920
,,, 0.00033119999,0.38000,0.03920
,,, 0.00033124001,0.38000,0.04000
,,, 0.00033128000,0.38000,0.04000
,,, 0.00033131998,0.38000,0.04000
,,, 0.00033136000,0.38000,0.04000
,,, 0.00033139999,0.38000,0.04000
,,, 0.00033144001,0.38000,0.04000
,,, 0.00033148000,0.36000,0.04000
,,, 0.00033151999,0.36000,0.04080
,,, 0.00033156000,0.36000,0.04080
,,, 0.00033159999,0.36000,0.04080
,,, 0.00033164001,0.36000,0.04080
,,, 0.00033168000,0.34000,0.04080
,,, 0.00033171999,0.34000,0.04000
,,, 0.00033176001,0.34000,0.04080
,,, 0.00033179999,0.34000,0.04160
,,, 0.00033184001,0.34000,0.04160
,,, 0.00033188000,0.34000,0.04080
,,, 0.00033191999,0.34000,0.04160
,,, 0.00033196001,0.32000,0.04160
,,, 0.00033200000,0.32000,0.04160
,,, 0.00033203998,0.32000,0.04160
,,, 0.00033208000,0.32000,0.04160
,,, 0.00033211999,0.32000,0.04160
,,, 0.00033216001,0.32000,0.04160
,,, 0.00033220000,0.32000,0.04160
,,, 0.00033223999,0.30000,0.04160
,,, 0.00033228000,0.30000,0.04240
,,, 0.00033231999,0.30000,0.04160
,,, 0.00033236001,0.30000,0.04160
,,, 0.00033240000,0.28000,0.04240
,,, 0.00033243999,0.30000,0.04240
,,, 0.00033248001,0.30000,0.04320
,,, 0.00033251999,0.28000,0.04240
,,, 0.00033256001,0.28000,0.04240
,,, 0.00033260000,0.28000,0.04240
,,, 0.00033263999,0.28000,0.04240
,,, 0.00033268001,0.26000,0.04320
,,, 0.00033272000,0.26000,0.04320
,,, 0.00033275998,0.26000,0.04320
,,, 0.00033280000,0.26000,0.04320
,,, 0.00033283999,0.26000,0.04320
,,, 0.00033288001,0.26000,0.04320
,,, 0.00033292000,0.24000,0.04320
,,, 0.00033295999,0.24000,0.04320
,,, 0.00033300000,0.24000,0.04320
,,, 0.00033303999,0.24000,0.04400
,,, 0.00033308001,0.24000,0.04320
,,, 0.00033312000,0.24000,0.04400
,,, 0.00033315999,0.24000,0.04320
,,, 0.00033320001,0.22000,0.04320
,,, 0.00033323999,0.22000,0.04400
,,, 0.00033328001,0.22000,0.04400
,,, 0.00033332000,0.22000,0.04400
,,, 0.00033335999,0.22000,0.04400
,,, 0.00033340001,0.20000,0.04480
,,, 0.00033344000,0.22000,0.04400
,,, 0.00033347998,0.20000,0.04400
,,, 0.00033352000,0.20000,0.04400
,,, 0.00033355999,0.20000,0.04480
,,, 0.00033360001,0.20000,0.04480
,,, 0.00033364000,0.18000,0.04480
,,, 0.00033367999,0.18000,0.04480
,,, 0.00033372000,0.18000,0.04480
,,, 0.00033375999,0.18000,0.04400
,,, 0.00033380001,0.18000,0.04480
,,, 0.00033384000,0.16000,0.04480
,,, 0.00033387999,0.16000,0.04560
,,, 0.00033392000,0.16000,0.04560
,,, 0.00033395999,0.16000,0.04560
,,, 0.00033400001,0.16000,0.04480
,,, 0.00033404000,0.16000,0.04560
,,, 0.00033407999,0.14000,0.04480
,,, 0.00033412001,0.14000,0.04480
,,, 0.00033415999,0.14000,0.04560
,,, 0.00033419998,0.14000,0.04560
,,, 0.00033424000,0.14000,0.04560
,,, 0.00033427999,0.12000,0.04560
,,, 0.00033432001,0.12000,0.04560
,,, 0.00033436000,0.12000,0.04560
,,, 0.00033439999,0.12000,0.04560
,,, 0.00033444000,0.12000,0.04560
,,, 0.00033447999,0.10000,0.04560
,,, 0.00033452001,0.12000,0.04560
,,, 0.00033456000,0.10000,0.04560
,,, 0.00033459999,0.10000,0.04640
,,, 0.00033464000,0.10000,0.04560
,,, 0.00033467999,0.10000,0.04640
,,, 0.00033472001,0.10000,0.04640
,,, 0.00033476000,0.08000,0.04560
,,, 0.00033479999,0.08000,0.04640
,,, 0.00033484001,0.08000,0.04640
,,, 0.00033487999,0.08000,0.04640
,,, 0.00033492001,0.08000,0.04640
,,, 0.00033496000,0.08000,0.04640
,,, 0.00033499999,0.06000,0.04640
,,, 0.00033504001,0.06000,0.04640
,,, 0.00033508000,0.06000,0.04640
,,, 0.00033511998,0.06000,0.04640
,,, 0.00033516000,0.06000,0.04640
,,, 0.00033519999,0.04000,0.04640
,,, 0.00033524001,0.06000,0.04640
,,, 0.00033528000,0.04000,0.04640
,,, 0.00033531999,0.04000,0.04720
,,, 0.00033536000,0.04000,0.04640
,,, 0.00033539999,0.04000,0.04640
,,, 0.00033544001,0.02000,0.04640
,,, 0.00033548000,0.02000,0.04720
,,, 0.00033551999,0.02000,0.04640
,,, 0.00033556001,0.02000,0.04640
,,, 0.00033559999,0.02000,0.04720
,,, 0.00033564001,0.00,0.04640
,,, 0.00033568000,0.00,0.04640
,,, 0.00033571999,0.00,0.04720
,,, 0.00033576001,0.00,0.04640
,,, 0.00033580000,0.00,0.04720
,,, 0.00033583998,-0.02000,0.04640
,,, 0.00033588000,-0.02000,0.04640
,,, 0.00033591999,-0.02000,0.04720
,,, 0.00033596001,-0.02000,0.04720
,,, 0.00033600000,-0.02000,0.04640
,,, 0.00033603999,-0.04000,0.04720
,,, 0.00033608000,-0.04000,0.04720
,,, 0.00033611999,-0.04000,0.04720
,,, 0.00033616001,-0.04000,0.04720
,,, 0.00033620000,-0.04000,0.04720
,,, 0.00033623999,-0.04000,0.04720
,,, 0.00033628001,-0.06000,0.04720
,,, 0.00033631999,-0.06000,0.04720
,,, 0.00033636001,-0.06000,0.04720
,,, 0.00033640000,-0.06000,0.04720
,,, 0.00033643999,-0.08000,0.04720
,,, 0.00033648001,-0.08000,0.04720
,,, 0.00033652000,-0.08000,0.04720
,,, 0.00033655998,-0.08000,0.04720
,,, 0.00033660000,-0.08000,0.04720
,,, 0.00033663999,-0.10000,0.04720
,,, 0.00033668001,-0.10000,0.04720
,,, 0.00033672000,-0.08000,0.04800
,,, 0.00033675999,-0.10000,0.04800
,,, 0.00033680000,-0.10000,0.04720
,,, 0.00033683999,-0.10000,0.04720
,,, 0.00033688001,-0.12000,0.04720
,,, 0.00033692000,-0.10000,0.04720
,,, 0.00033695999,-0.12000,0.04800
,,, 0.00033700000,-0.12000,0.04720
,,, 0.00033703999,-0.12000,0.04720
,,, 0.00033708001,-0.12000,0.04720
,,, 0.00033712000,-0.14000,0.04720
,,, 0.00033715999,-0.14000,0.04720
,,, 0.00033720001,-0.14000,0.04720
,,, 0.00033724000,-0.14000,0.04720
,,, 0.00033727998,-0.14000,0.04720
,,, 0.00033732000,-0.16000,0.04720
,,, 0.00033735999,-0.16000,0.04720
,,, 0.00033740001,-0.16000,0.04720
,,, 0.00033744000,-0.16000,0.04720
,,, 0.00033747999,-0.16000,0.04720
,,, 0.00033752000,-0.18000,0.04720
,,, 0.00033755999,-0.18000,0.04720
,,, 0.00033760001,-0.18000,0.04720
,,, 0.00033764000,-0.18000,0.04720
,,, 0.00033767999,-0.18000,0.04720
,,, 0.00033772000,-0.18000,0.04720
,,, 0.00033775999,-0.20000,0.04720
,,, 0.00033780001,-0.20000,0.04720
,,, 0.00033784000,-0.20000,0.04720
,,, 0.00033787999,-0.20000,0.04720
,,, 0.00033792001,-0.20000,0.04720
,,, 0.00033795999,-0.20000,0.04720
,,, 0.00033799998,-0.22000,0.04720
,,, 0.00033804000,-0.22000,0.04720
,,, 0.00033807999,-0.22000,0.04720
,,, 0.00033812001,-0.22000,0.04640
,,, 0.00033816000,-0.22000,0.04720
,,, 0.00033819998,-0.24000,0.04720
,,, 0.00033824000,-0.24000,0.04640
,,, 0.00033827999,-0.24000,0.04720
,,, 0.00033832001,-0.24000,0.04720
,,, 0.00033836000,-0.24000,0.04720
,,, 0.00033839999,-0.26000,0.04720
,,, 0.00033844000,-0.26000,0.04640
,,, 0.00033847999,-0.26000,0.04720
,,, 0.00033852001,-0.26000,0.04720
,,, 0.00033856000,-0.26000,0.04640
,,, 0.00033859999,-0.28000,0.04640
,,, 0.00033864001,-0.28000,0.04720
,,, 0.00033867999,-0.28000,0.04640
,,, 0.00033872001,-0.28000,0.04720
,,, 0.00033876000,-0.30000,0.04720
,,, 0.00033879999,-0.30000,0.04640
,,, 0.00033884001,-0.30000,0.04720
,,, 0.00033888000,-0.30000,0.04640
,,, 0.00033891998,-0.30000,0.04640
,,, 0.00033896000,-0.30000,0.04640
,,, 0.00033899999,-0.32000,0.04640
,,, 0.00033904001,-0.32000,0.04640
,,, 0.00033908000,-0.32000,0.04640
,,, 0.00033911999,-0.32000,0.04640
,,, 0.00033916000,-0.32000,0.04640
,,, 0.00033919999,-0.34000,0.04640
,,, 0.00033924001,-0.34000,0.04640
,,, 0.00033928000,-0.34000,0.04640
,,, 0.00033931999,-0.34000,0.04560
,,, 0.00033936001,-0.34000,0.04560
,,, 0.00033939999,-0.36000,0.04640
,,, 0.00033944001,-0.36000,0.04640
,,, 0.00033948000,-0.36000,0.04640
,,, 0.00033951999,-0.36000,0.04560
,,, 0.00033956001,-0.38000,0.04560
,,, 0.00033960000,-0.38000,0.04560
,,, 0.00033963998,-0.38000,0.04560
,,, 0.00033968000,-0.38000,0.04560
,,, 0.00033971999,-0.38000,0.04560
,,, 0.00033976001,-0.38000,0.04560
,,, 0.00033980000,-0.40000,0.04560
,,, 0.00033983999,-0.40000,0.04560
,,, 0.00033988000,-0.40000,0.04480
,,, 0.00033991999,-0.40000,0.04480
,,, 0.00033996001,-0.40000,0.04560
,,, 0.00034000000,-0.40000,0.04480
,,, 0.00034003999,-0.42000,0.04480
,,, 0.00034008001,-0.42000,0.04560
,,, 0.00034011999,-0.42000,0.04480
,,, 0.00034016001,-0.42000,0.04480
,,, 0.00034020000,-0.42000,0.04480
,,, 0.00034023999,-0.44000,0.04480
,,, 0.00034028001,-0.42000,0.04480
,,, 0.00034032000,-0.44000,0.04480
,,, 0.00034035998,-0.44000,0.04480
,,, 0.00034040000,-0.44000,0.04480
,,, 0.00034043999,-0.44000,0.04480
,,, 0.00034048001,-0.46000,0.04480
,,, 0.00034052000,-0.46000,0.04480
,,, 0.00034055999,-0.46000,0.04400
,,, 0.00034060000,-0.48000,0.04480
,,, 0.00034063999,-0.48000,0.04480
,,, 0.00034068001,-0.48000,0.04400
,,, 0.00034072000,-0.48000,0.04400
,,, 0.00034075999,-0.48000,0.04480
,,, 0.00034080000,-0.48000,0.04400
,,, 0.00034083999,-0.50000,0.04400
,,, 0.00034088001,-0.50000,0.04400
,,, 0.00034092000,-0.50000,0.04400
,,, 0.00034095999,-0.50000,0.04400
,,, 0.00034100001,-0.52000,0.04400
,,, 0.00034103999,-0.50000,0.04320
,,, 0.00034107998,-0.52000,0.04400
,,, 0.00034112000,-0.52000,0.04320
,,, 0.00034115999,-0.52000,0.04320
,,, 0.00034120001,-0.52000,0.04320
,,, 0.00034124000,-0.54000,0.04320
,,, 0.00034127999,-0.54000,0.04320
,,, 0.00034132000,-0.54000,0.04320
,,, 0.00034135999,-0.54000,0.04320
,,, 0.00034140001,-0.54000,0.04320
,,, 0.00034144000,-0.56000,0.04240
,,, 0.00034147999,-0.56000,0.04240
,,, 0.00034152000,-0.56000,0.04320
,,, 0.00034155999,-0.58000,0.04320
,,, 0.00034160001,-0.56000,0.04240
,,, 0.00034164000,-0.56000,0.04240
,,, 0.00034167999,-0.58000,0.04240
,,, 0.00034172001,-0.58000,0.04240
,,, 0.00034175999,-0.58000,0.04240
,,, 0.00034180001,-0.58000,0.04240
,,, 0.00034184000,-0.58000,0.04240
,,, 0.00034187999,-0.60000,0.04240
,,, 0.00034192001,-0.60000,0.04240
,,, 0.00034196000,-0.60000,0.04160
,,, 0.00034199998,-0.60000,0.04160
,,, 0.00034204000,-0.62000,0.04160
,,, 0.00034207999,-0.62000,0.04160
,,, 0.00034212001,-0.62000,0.04160
,,, 0.00034216000,-0.62000,0.04160
,,, 0.00034219999,-0.62000,0.04160
,,, 0.00034224000,-0.64000,0.04080
,,, 0.00034227999,-0.64000,0.04080
,,, 0.00034232001,-0.64000,0.04080
,,, 0.00034236000,-0.64000,0.04080
,,, 0.00034239999,-0.64000,0.04080
,,, 0.00034244001,-0.64000,0.04080
,,, 0.00034247999,-0.66000,0.04080
,,, 0.00034252001,-0.64000,0.04080
,,, 0.00034256000,-0.66000,0.04000
,,, 0.00034259999,-0.66000,0.04000
,,, 0.00034264001,-0.66000,0.04000
,,, 0.00034268000,-0.68000,0.04000
,,, 0.00034271998,-0.68000,0.04000
,,, 0.00034276000,-0.68000,0.04000
,,, 0.00034279999,-0.70000,0.03920
,,, 0.00034284001,-0.68000,0.04000
,,, 0.00034288000,-0.70000,0.03920
,,, 0.00034291999,-0.70000,0.03840
,,, 0.00034296000,-0.70000,0.03920
,,, 0.00034299999,-0.70000,0.03920
,,, 0.00034304001,-0.70000,0.03840
,,, 0.00034308000,-0.70000,0.03920
,,, 0.00034311999,-0.72000,0.03920
,,, 0.00034316001,-0.72000,0.03840
,,, 0.00034319999,-0.70000,0.03840
,,, 0.00034324001,-0.72000,0.03840
,,, 0.00034328000,-0.72000,0.03840
,,, 0.00034331999,-0.74000,0.03840
,,, 0.00034336001,-0.74000,0.03840
,,, 0.00034340000,-0.74000,0.03840
,,, 0.00034343998,-0.74000,0.03840
,,, 0.00034348000,-0.74000,0.03760
,,, 0.00034351999,-0.74000,0.03760
,,, 0.00034356001,-0.76000,0.03760
,,, 0.00034360000,-0.76000,0.03680
,,, 0.00034363999,-0.76000,0.03760
,,, 0.00034368000,-0.76000,0.03760
,,, 0.00034371999,-0.76000,0.03680
,,, 0.00034376001,-0.76000,0.03680
,,, 0.00034380000,-0.78000,0.03680
,,, 0.00034383999,-0.78000,0.03680
,,, 0.00034388000,-0.78000,0.03600
,,, 0.00034391999,-0.78000,0.03600
,,, 0.00034396001,-0.78000,0.03680
,,, 0.00034400000,-0.78000,0.03600
,,, 0.00034403999,-0.78000,0.03600
,,, 0.00034408001,-0.78000,0.03600
,,, 0.00034412000,-0.80000,0.03600
,,, 0.00034415998,-0.80000,0.03520
,,, 0.00034420000,-0.80000,0.03520
,,, 0.00034423999,-0.80000,0.03520
,,, 0.00034428001,-0.80000,0.03520
,,, 0.00034432000,-0.80000,0.03520
,,, 0.00034435999,-0.82000,0.03440
,,, 0.00034440000,-0.82000,0.03440
,,, 0.00034443999,-0.82000,0.03520
,,, 0.00034448001,-0.82000,0.03440
,,, 0.00034452000,-0.84000,0.03440
,,, 0.00034455999,-0.82000,0.03440
,,, 0.00034460000,-0.84000,0.03440
,,, 0.00034463999,-0.84000,0.03440
,,, 0.00034468001,-0.84000,0.03360
,,, 0.00034472000,-0.84000,0.03360
,,, 0.00034475999,-0.84000,0.03360
,,, 0.00034480001,-0.84000,0.03360
,,, 0.00034483999,-0.84000,0.03360
,,, 0.00034487998,-0.84000,0.03360
,,, 0.00034492000,-0.86000,0.03360
,,, 0.00034495999,-0.86000,0.03280
,,, 0.00034500001,-0.86000,0.03280
,,, 0.00034504000,-0.86000,0.03280
,,, 0.00034507998,-0.86000,0.03280
,,, 0.00034512000,-0.86000,0.03200
,,, 0.00034515999,-0.88000,0.03200
,,, 0.00034520001,-0.86000,0.03200
,,, 0.00034524000,-0.88000,0.03200
,,, 0.00034527999,-0.88000,0.03200
,,, 0.00034532000,-0.88000,0.03120
,,, 0.00034535999,-0.88000,0.03120
,,, 0.00034540001,-0.88000,0.03120
,,, 0.00034544000,-0.88000,0.03120
,,, 0.00034547999,-0.90000,0.03120
,,, 0.00034552001,-0.90000,0.03120
,,, 0.00034555999,-0.90000,0.03120
,,, 0.00034560001,-0.90000,0.03120
,,, 0.00034564000,-0.90000,0.03040
,,, 0.00034567999,-0.90000,0.03040
,,, 0.00034572001,-0.92000,0.03040
,,, 0.00034576000,-0.90000,0.02960
,,, 0.00034579998,-0.90000,0.02960
,,, 0.00034584000,-0.90000,0.02960
,,, 0.00034587999,-0.90000,0.02960
,,, 0.00034592001,-0.92000,0.02960
,,, 0.00034596000,-0.92000,0.02880
,,, 0.00034599999,-0.92000,0.02880
,,, 0.00034604000,-0.92000,0.02880
,,, 0.00034607999,-0.92000,0.02880
,,, 0.00034612001,-0.92000,0.02880
,,, 0.00034616000,-0.92000,0.02880
,,, 0.00034619999,-0.92000,0.02880
,,, 0.00034624001,-0.94000,0.02800
,,, 0.00034627999,-0.94000,0.02800
,,, 0.00034632001,-0.94000,0.02800
,,, 0.00034636000,-0.94000,0.02800
,,, 0.00034639999,-0.94000,0.02800
,,, 0.00034644001,-0.94000,0.02800
,,, 0.00034648000,-0.94000,0.02800
,,, 0.00034651998,-0.94000,0.02720
,,, 0.00034656000,-0.94000,0.02720
,,, 0.00034659999,-0.96000,0.02640
,,, 0.00034664001,-0.96000,0.02640
,,, 0.00034668000,-0.96000,0.02640
,,, 0.00034671999,-0.96000,0.02640
,,, 0.00034676000,-0.96000,0.02640
,,, 0.00034679999,-0.96000,0.02640
,,, 0.00034684001,-0.96000,0.02560
,,, 0.00034688000,-0.96000,0.02560
,,, 0.00034691999,-0.98000,0.02560
,,, 0.00034696001,-0.98000,0.02560
,,, 0.00034699999,-0.98000,0.02560
,,, 0.00034704001,-0.98000,0.02480
,,, 0.00034708000,-0.98000,0.02480
,,, 0.00034711999,-0.98000,0.02480
,,, 0.00034716001,-0.98000,0.02480
,,, 0.00034720000,-0.98000,0.02480
,,, 0.00034723998,-0.98000,0.02480
,,, 0.00034728000,-1.00000,0.02480
,,, 0.00034731999,-0.98000,0.02480
,,, 0.00034736001,-0.98000,0.02400
,,, 0.00034740000,-1.00000,0.02320
,,, 0.00034743999,-1.00000,0.02400
,,, 0.00034748000,-1.00000,0.02320
,,, 0.00034751999,-1.00000,0.02320
,,, 0.00034756001,-1.00000,0.02320
,,, 0.00034760000,-1.00000,0.02320
,,, 0.00034763999,-1.00000,0.02320
,,, 0.00034768000,-1.00000,0.02240
,,, 0.00034771999,-1.00000,0.02240
,,, 0.00034776001,-1.00000,0.02240
,,, 0.00034780000,-1.00000,0.02240
,,, 0.00034783999,-1.02000,0.02160
,,, 0.00034788001,-1.02000,0.02160
,,, 0.00034791999,-1.02000,0.02160
,,, 0.00034795998,-1.02000,0.02160
,,, 0.00034800000,-1.02000,0.02160
,,, 0.00034803999,-1.02000,0.02080
,,, 0.00034808001,-1.02000,0.02080
,,, 0.00034812000,-1.02000,0.02080
,,, 0.00034815999,-1.02000,0.02000
,,, 0.00034820000,-1.02000,0.02000
,,, 0.00034823999,-1.02000,0.02000
,,, 0.00034828001,-1.02000,0.01920
,,, 0.00034832000,-1.02000,0.01920
,,, 0.00034835999,-1.04000,0.01920
,,, 0.00034840000,-1.04000,0.01920
,,, 0.00034843999,-1.04000,0.01920
,,, 0.00034848001,-1.04000,0.01840
,,, 0.00034852000,-1.04000,0.01840
,,, 0.00034855999,-1.04000,0.01840
,,, 0.00034860001,-1.04000,0.01840
,,, 0.00034863999,-1.04000,0.01840
,,, 0.00034868001,-1.04000,0.01760
,,, 0.00034872000,-1.04000,0.01760
,,, 0.00034875999,-1.04000,0.01760
,,, 0.00034880001,-1.04000,0.01760
,,, 0.00034884000,-1.04000,0.01680
,,, 0.00034887998,-1.04000,0.01760
,,, 0.00034892000,-1.04000,0.01760
,,, 0.00034895999,-1.04000,0.01600
,,, 0.00034900001,-1.04000,0.01600
,,, 0.00034904000,-1.04000,0.01600
,,, 0.00034907999,-1.04000,0.01600
,,, 0.00034912000,-1.04000,0.01600
,,, 0.00034915999,-1.06000,0.01600
,,, 0.00034920001,-1.04000,0.01600
,,, 0.00034924000,-1.04000,0.01600
,,, 0.00034927999,-1.06000,0.01520
,,, 0.00034932001,-1.06000,0.01520
,,, 0.00034935999,-1.06000,0.01520
,,, 0.00034940001,-1.06000,0.01520
,,, 0.00034944000,-1.06000,0.01440
,,, 0.00034947999,-1.06000,0.01440
,,, 0.00034952001,-1.06000,0.01440
,,, 0.00034956000,-1.06000,0.01440
,,, 0.00034959998,-1.06000,0.01360
,,, 0.00034964000,-1.06000,0.01360
,,, 0.00034967999,-1.06000,0.01360
,,, 0.00034972001,-1.06000,0.01360
,,, 0.00034976000,-1.06000,0.01280
,,, 0.00034979999,-1.06000,0.01280
,,, 0.00034984000,-1.06000,0.01280
,,, 0.00034987999,-1.06000,0.01280
,,, 0.00034992001,-1.06000,0.01200
,,, 0.00034996000,-1.06000,0.01200
,,, 0.00034999999,-1.06000,0.01280
,,, 0.00035004001,-1.06000,0.01200
,,, 0.00035007999,-1.06000,0.01120
,,, 0.00035012001,-1.06000,0.01200
,,, 0.00035016000,-1.06000,0.01120
,,, 0.00035019999,-1.06000,0.01120
,,, 0.00035024001,-1.06000,0.01120
,,, 0.00035028000,-1.06000,0.01120
,,, 0.00035031998,-1.06000,0.01120
,,, 0.00035036000,-1.06000,0.01040
,,, 0.00035039999,-1.06000,0.01040
,,, 0.00035044001,-1.06000,0.01040
,,, 0.00035048000,-1.06000,0.01040
,,, 0.00035051999,-1.06000,0.00960
,,, 0.00035056000,-1.06000,0.00960
,,, 0.00035059999,-1.06000,0.00880
,,, 0.00035064001,-1.06000,0.00880
,,, 0.00035068000,-1.06000,0.00880
,,, 0.00035071999,-1.06000,0.00880
,,, 0.00035076000,-1.06000,0.00880
,,, 0.00035079999,-1.06000,0.00880
,,, 0.00035084001,-1.06000,0.00800
,,, 0.00035088000,-1.06000,0.00800
,,, 0.00035091999,-1.06000,0.00800
,,, 0.00035096001,-1.06000,0.00800
,,, 0.00035100000,-1.06000,0.00720
,,, 0.00035103998,-1.06000,0.00720
,,, 0.00035108000,-1.06000,0.00720
,,, 0.00035111999,-1.06000,0.00720
,,, 0.00035116001,-1.06000,0.00640
,,, 0.00035120000,-1.06000,0.00640
,,, 0.00035123999,-1.06000,0.00640
,,, 0.00035128000,-1.06000,0.00560
,,, 0.00035131999,-1.06000,0.00560
,,, 0.00035136001,-1.06000,0.00560
,,, 0.00035140000,-1.06000,0.00560
,,, 0.00035143999,-1.06000,0.00480
,,, 0.00035148000,-1.06000,0.00480
,,, 0.00035151999,-1.04000,0.00480
,,, 0.00035156001,-1.04000,0.00480
,,, 0.00035160000,-1.04000,0.00480
,,, 0.00035163999,-1.04000,0.00400
,,, 0.00035168001,-1.04000,0.00400
,,, 0.00035171999,-1.04000,0.00400
,,, 0.00035175998,-1.04000,0.00400
,,, 0.00035180000,-1.04000,0.00320
,,, 0.00035183999,-1.04000,0.00320
,,, 0.00035188001,-1.04000,0.00320
,,, 0.00035192000,-1.04000,0.00320
,,, 0.00035195998,-1.04000,0.00320
,,, 0.00035200000,-1.04000,0.00240
,,, 0.00035203999,-1.04000,0.00240
,,, 0.00035208001,-1.04000,0.00160
,,, 0.00035212000,-1.04000,0.00240
,,, 0.00035215999,-1.04000,0.00160
,,, 0.00035220000,-1.04000,0.00160
,,, 0.00035223999,-1.04000,0.00160
,,, 0.00035228001,-1.04000,0.00080
,,, 0.00035232000,-1.02000,0.00080
,,, 0.00035235999,-1.02000,0.00080
,,, 0.00035240001,-1.02000,0.00080
,,, 0.00035243999,-1.02000,0.00080
,,, 0.00035248001,-1.02000,0.00080
,,, 0.00035252000,-1.02000,0.00
,,, 0.00035255999,-1.02000,0.00
,,, 0.00035260001,-1.02000,0.00
,,, 0.00035264000,-1.02000,-0.00080
,,, 0.00035267998,-1.02000,-0.00080
,,, 0.00035272000,-1.02000,-0.00080
,,, 0.00035275999,-1.02000,-0.00080
,,, 0.00035280001,-1.02000,-0.00080
,,, 0.00035284000,-1.02000,-0.00080
,,, 0.00035287999,-1.00000,-0.00160
,,, 0.00035292000,-1.00000,-0.00160
,,, 0.00035295999,-1.00000,-0.00240
,,, 0.00035300001,-1.00000,-0.00240
,,, 0.00035304000,-1.00000,-0.00240
,,, 0.00035307999,-1.00000,-0.00240
,,, 0.00035312001,-1.00000,-0.00240
,,, 0.00035315999,-1.00000,-0.00240
,,, 0.00035320001,-1.00000,-0.00240
,,, 0.00035324000,-1.00000,-0.00320
,,, 0.00035327999,-1.00000,-0.00320
,,, 0.00035332001,-1.00000,-0.00320
,,, 0.00035336000,-1.00000,-0.00320
,,, 0.00035339998,-0.98000,-0.00320
,,, 0.00035344000,-0.98000,-0.00400
,,, 0.00035347999,-0.98000,-0.00400
,,, 0.00035352001,-0.98000,-0.00400
,,, 0.00035356000,-0.98000,-0.00480
,,, 0.00035359999,-0.98000,-0.00480
,,, 0.00035364000,-0.98000,-0.00480
,,, 0.00035367999,-0.98000,-0.00480
,,, 0.00035372001,-0.98000,-0.00560
,,, 0.00035376000,-0.98000,-0.00560
,,, 0.00035379999,-0.96000,-0.00560
,,, 0.00035384001,-0.96000,-0.00560
,,, 0.00035387999,-0.96000,-0.00640
,,, 0.00035392001,-0.96000,-0.00640
,,, 0.00035396000,-0.96000,-0.00640
,,, 0.00035399999,-0.96000,-0.00640
,,, 0.00035404001,-0.96000,-0.00720
,,, 0.00035408000,-0.96000,-0.00720
,,, 0.00035411998,-0.96000,-0.00720
,,, 0.00035416000,-0.94000,-0.00720
,,, 0.00035419999,-0.94000,-0.00800
,,, 0.00035424001,-0.94000,-0.00800
,,, 0.00035428000,-0.94000,-0.00720
,,, 0.00035431999,-0.94000,-0.00800
,,, 0.00035436000,-0.94000,-0.00880
,,, 0.00035439999,-0.94000,-0.00880
,,, 0.00035444001,-0.94000,-0.00880
,,, 0.00035448000,-0.94000,-0.00880
,,, 0.00035451999,-0.92000,-0.00880
,,, 0.00035456000,-0.92000,-0.00960
,,, 0.00035459999,-0.92000,-0.00960
,,, 0.00035464001,-0.92000,-0.00960
,,, 0.00035468000,-0.92000,-0.01040
,,, 0.00035471999,-0.92000,-0.00960
,,, 0.00035476001,-0.92000,-0.01040
,,, 0.00035479999,-0.92000,-0.01040
,,, 0.00035483998,-0.90000,-0.01040
,,, 0.00035488000,-0.90000,-0.01120
,,, 0.00035491999,-0.90000,-0.01040
,,, 0.00035496001,-0.90000,-0.01120
,,, 0.00035500000,-0.90000,-0.01200
,,, 0.00035503999,-0.90000,-0.01120
,,, 0.00035508000,-0.90000,-0.01120
,,, 0.00035511999,-0.90000,-0.01200
,,, 0.00035516001,-0.90000,-0.01200
,,, 0.00035520000,-0.88000,-0.01200
,,, 0.00035523999,-0.88000,-0.01280
,,, 0.00035528000,-0.88000,-0.01280
,,, 0.00035531999,-0.88000,-0.01280
,,, 0.00035536001,-0.88000,-0.01280
,,, 0.00035540000,-0.88000,-0.01280
,,, 0.00035543999,-0.88000,-0.01360
,,, 0.00035548001,-0.88000,-0.01360
,,, 0.00035551999,-0.86000,-0.01360
,,, 0.00035555998,-0.86000,-0.01360
,,, 0.00035560000,-0.86000,-0.01360
,,, 0.00035563999,-0.86000,-0.01440
,,, 0.00035568001,-0.86000,-0.01440
,,, 0.00035572000,-0.86000,-0.01440
,,, 0.00035575998,-0.84000,-0.01440
,,, 0.00035580000,-0.84000,-0.01520
,,, 0.00035583999,-0.84000,-0.01520
,,, 0.00035588001,-0.84000,-0.01520
,,, 0.00035592000,-0.84000,-0.01520
,,, 0.00035595999,-0.84000,-0.01520
,,, 0.00035600000,-0.84000,-0.01600
,,, 0.00035603999,-0.82000,-0.01600
,,, 0.00035608001,-0.82000,-0.01600
,,, 0.00035612000,-0.82000,-0.01680
,,, 0.00035615999,-0.82000,-0.01600
,,, 0.00035620001,-0.82000,-0.01680
,,, 0.00035623999,-0.82000,-0.01680
,,, 0.00035628001,-0.82000,-0.01680
,,, 0.00035632000,-0.80000,-0.01680
,,, 0.00035635999,-0.80000,-0.01680
,,, 0.00035640001,-0.80000,-0.01680
,,, 0.00035644000,-0.80000,-0.01760
,,, 0.00035647998,-0.80000,-0.01760
,,, 0.00035652000,-0.80000,-0.01760
,,, 0.00035655999,-0.80000,-0.01760
,,, 0.00035660001,-0.78000,-0.01840
,,, 0.00035664000,-0.78000,-0.01840
,,, 0.00035667999,-0.78000,-0.01840
,,, 0.00035672000,-0.78000,-0.01840
,,, 0.00035675999,-0.78000,-0.01920
,,, 0.00035680001,-0.78000,-0.01920
,,, 0.00035684000,-0.76000,-0.01920
,,, 0.00035687999,-0.76000,-0.02000
,,, 0.00035692001,-0.76000,-0.02000
,,, 0.00035695999,-0.76000,-0.01920
,,, 0.00035700001,-0.76000,-0.02000
,,, 0.00035704000,-0.76000,-0.02000
,,, 0.00035707999,-0.74000,-0.02000
,,, 0.00035712001,-0.74000,-0.02000
,,, 0.00035716000,-0.74000,-0.02000
,,, 0.00035719998,-0.74000,-0.02080
,,, 0.00035724000,-0.74000,-0.02080
,,, 0.00035727999,-0.74000,-0.02080
,,, 0.00035732001,-0.74000,-0.02080
,,, 0.00035736000,-0.72000,-0.02160
,,, 0.00035739999,-0.72000,-0.02160
,,, 0.00035744000,-0.72000,-0.02160
,,, 0.00035747999,-0.72000,-0.02160
,,, 0.00035752001,-0.70000,-0.02240
,,, 0.00035756000,-0.70000,-0.02240
,,, 0.00035759999,-0.70000,-0.02240
,,, 0.00035764000,-0.70000,-0.02240
,,, 0.00035767999,-0.70000,-0.02240
,,, 0.00035772001,-0.70000,-0.02320
,,, 0.00035776000,-0.68000,-0.02240
,,, 0.00035779999,-0.68000,-0.02320
,,, 0.00035784001,-0.68000,-0.02400
,,, 0.00035788000,-0.68000,-0.02400
,,, 0.00035791998,-0.68000,-0.02400
,,, 0.00035796000,-0.66000,-0.02320
,,, 0.00035799999,-0.66000,-0.02400
,,, 0.00035804001,-0.66000,-0.02400
,,, 0.00035808000,-0.66000,-0.02400
,,, 0.00035811999,-0.66000,-0.02480
,,, 0.00035816000,-0.66000,-0.02480
,,, 0.00035819999,-0.64000,-0.02480
,,, 0.00035824001,-0.64000,-0.02480
,,, 0.00035828000,-0.64000,-0.02480
,,, 0.00035831999,-0.64000,-0.02480
,,, 0.00035836000,-0.64000,-0.02560
,,, 0.00035839999,-0.62000,-0.02560
,,, 0.00035844001,-0.62000,-0.02560
,,, 0.00035848000,-0.62000,-0.02560
,,, 0.00035851999,-0.62000,-0.02640
,,, 0.00035856001,-0.62000,-0.02640
,,, 0.00035859999,-0.60000,-0.02640
,,, 0.00035863998,-0.60000,-0.02640
,,, 0.00035868000,-0.60000,-0.02640
,,, 0.00035871999,-0.60000,-0.02640
,,, 0.00035876001,-0.60000,-0.02640
,,, 0.00035880000,-0.58000,-0.02720
,,, 0.00035883998,-0.58000,-0.02720
,,, 0.00035888000,-0.58000,-0.02720
,,, 0.00035891999,-0.58000,-0.02720
,,, 0.00035896001,-0.58000,-0.02800
,,, 0.00035900000,-0.58000,-0.02800
,,, 0.00035903999,-0.56000,-0.02720
,,, 0.00035908000,-0.56000,-0.02800
,,, 0.00035911999,-0.56000,-0.02800
,,, 0.00035916001,-0.56000,-0.02880
,,, 0.00035920000,-0.54000,-0.02800
,,, 0.00035923999,-0.54000,-0.02880
,,, 0.00035928001,-0.54000,-0.02880
,,, 0.00035931999,-0.54000,-0.02880
,,, 0.00035936001,-0.54000,-0.02800
,,, 0.00035940000,-0.54000,-0.02880
,,, 0.00035943999,-0.52000,-0.02960
,,, 0.00035948001,-0.52000,-0.02960
,,, 0.00035952000,-0.52000,-0.02960
,,, 0.00035955998,-0.52000,-0.02960
,,, 0.00035960000,-0.52000,-0.03040
,,, 0.00035963999,-0.50000,-0.03040
,,, 0.00035968001,-0.50000,-0.03040
,,, 0.00035972000,-0.50000,-0.03040
,,, 0.00035975999,-0.48000,-0.03040
,,, 0.00035980000,-0.50000,-0.03120
,,, 0.00035983999,-0.48000,-0.03040
,,, 0.00035988001,-0.48000,-0.03120
,,, 0.00035992000,-0.48000,-0.03120
,,, 0.00035995999,-0.48000,-0.03120
,,, 0.00036000001,-0.46000,-0.03040
,,, 0.00036003999,-0.46000,-0.03120
,,, 0.00036008001,-0.46000,-0.03200
,,, 0.00036012000,-0.46000,-0.03120
,,, 0.00036015999,-0.46000,-0.03120
,,, 0.00036020001,-0.46000,-0.03200
,,, 0.00036024000,-0.44000,-0.03200
,,, 0.00036027998,-0.44000,-0.03200
,,, 0.00036032000,-0.44000,-0.03200
,,, 0.00036035999,-0.44000,-0.03200
,,, 0.00036040001,-0.44000,-0.03280
,,, 0.00036044000,-0.42000,-0.03200
,,, 0.00036047999,-0.42000,-0.03280
,,, 0.00036052000,-0.42000,-0.03280
,,, 0.00036055999,-0.42000,-0.03360
,,, 0.00036060001,-0.42000,-0.03360
,,, 0.00036064000,-0.40000,-0.03280
,,, 0.00036067999,-0.40000,-0.03280
,,, 0.00036072001,-0.40000,-0.03440
,,, 0.00036075999,-0.40000,-0.03440
,,, 0.00036080001,-0.38000,-0.03360
,,, 0.00036084000,-0.38000,-0.03440
,,, 0.00036087999,-0.38000,-0.03440
,,, 0.00036092001,-0.38000,-0.03360
,,, 0.00036096000,-0.38000,-0.03440
,,, 0.00036099998,-0.36000,-0.03520
,,, 0.00036104000,-0.36000,-0.03520
,,, 0.00036107999,-0.36000,-0.03520
,,, 0.00036112001,-0.36000,-0.03440
,,, 0.00036116000,-0.36000,-0.03520
,,, 0.00036119999,-0.36000,-0.03520
,,, 0.00036124000,-0.34000,-0.03520
,,, 0.00036127999,-0.34000,-0.03520
,,, 0.00036132001,-0.34000,-0.03600
,,, 0.00036136000,-0.34000,-0.03600
,,, 0.00036139999,-0.32000,-0.03600
,,, 0.00036144000,-0.32000,-0.03600
,,, 0.00036147999,-0.32000,-0.03600
,,, 0.00036152001,-0.32000,-0.03600
,,, 0.00036156000,-0.32000,-0.03600
,,, 0.00036159999,-0.30000,-0.03600
,,, 0.00036164001,-0.30000,-0.03680
,,, 0.00036167999,-0.30000,-0.03680
,,, 0.00036171998,-0.28000,-0.03680
,,, 0.00036176000,-0.28000,-0.03680
,,, 0.00036179999,-0.28000,-0.03680
,,, 0.00036184001,-0.28000,-0.03760
,,, 0.00036188000,-0.28000,-0.03760
,,, 0.00036191999,-0.26000,-0.03680
,,, 0.00036196000,-0.26000,-0.03760
,,, 0.00036199999,-0.26000,-0.03760
,,, 0.00036204001,-0.26000,-0.03760
,,, 0.00036208000,-0.26000,-0.03680
,,, 0.00036211999,-0.24000,-0.03760
,,, 0.00036216000,-0.24000,-0.03840
,,, 0.00036219999,-0.24000,-0.03840
,,, 0.00036224001,-0.24000,-0.03760
,,, 0.00036228000,-0.24000,-0.03840
,,, 0.00036231999,-0.22000,-0.03840
,,, 0.00036236001,-0.22000,-0.03840
,,, 0.00036239999,-0.22000,-0.03840
,,, 0.00036243998,-0.22000,-0.03920
,,, 0.00036248000,-0.22000,-0.03920
,,, 0.00036251999,-0.20000,-0.03840
,,, 0.00036256001,-0.20000,-0.03840
,,, 0.00036260000,-0.20000,-0.03920
,,, 0.00036263998,-0.20000,-0.03920
,,, 0.00036268000,-0.18000,-0.03920
,,, 0.00036271999,-0.18000,-0.03920
,,, 0.00036276001,-0.18000,-0.04000
,,, 0.00036280000,-0.18000,-0.04000
,,, 0.00036283999,-0.18000,-0.03920
,,, 0.00036288000,-0.18000,-0.03920
,,, 0.00036291999,-0.16000,-0.04000
,,, 0.00036296001,-0.16000,-0.04000
,,, 0.00036300000,-0.16000,-0.04000
,,, 0.00036303999,-0.14000,-0.03920
,,, 0.00036308001,-0.14000,-0.04000
,,, 0.00036311999,-0.14000,-0.04000
,,, 0.00036316001,-0.14000,-0.04000
,,, 0.00036320000,-0.14000,-0.04000
,,, 0.00036323999,-0.14000,-0.04080
,,, 0.00036328001,-0.12000,-0.04080
,,, 0.00036332000,-0.12000,-0.04000
,,, 0.00036335998,-0.12000,-0.04000
,,, 0.00036340000,-0.12000,-0.04080
,,, 0.00036343999,-0.12000,-0.04080
,,, 0.00036348001,-0.12000,-0.04080
,,, 0.00036352000,-0.10000,-0.04080
,,, 0.00036355999,-0.10000,-0.04160
,,, 0.00036360000,-0.10000,-0.04160
,,, 0.00036363999,-0.08000,-0.04080
,,, 0.00036368001,-0.08000,-0.04080
,,, 0.00036372000,-0.08000,-0.04160
,,, 0.00036375999,-0.08000,-0.04160
,,, 0.00036380001,-0.06000,-0.04160
,,, 0.00036383999,-0.06000,-0.04160
,,, 0.00036388001,-0.06000,-0.04160
,,, 0.00036392000,-0.06000,-0.04160
,,, 0.00036395999,-0.04000,-0.04080
,,, 0.00036400001,-0.06000,-0.04160
,,, 0.00036404000,-0.04000,-0.04240
,,, 0.00036407998,-0.04000,-0.04240
,,, 0.00036412000,-0.04000,-0.04160
,,, 0.00036415999,-0.04000,-0.04160
,,, 0.00036420001,-0.04000,-0.04240
,,, 0.00036424000,-0.04000,-0.04240
,,, 0.00036427999,-0.02000,-0.04160
,,, 0.00036432000,-0.02000,-0.04240
,,, 0.00036435999,-0.02000,-0.04320
,,, 0.00036440001,0.00,-0.04240
,,, 0.00036444000,0.00,-0.04160
,,, 0.00036447999,0.00,-0.04240
,,, 0.00036452000,0.00,-0.04240
,,, 0.00036455999,0.00,-0.04240
,,, 0.00036460001,0.02000,-0.04240
,,, 0.00036464000,0.02000,-0.04240
,,, 0.00036467999,0.02000,-0.04320
,,, 0.00036472001,0.04000,-0.04240
,,, 0.00036476000,0.04000,-0.04240
,,, 0.00036479998,0.04000,-0.04320
,,, 0.00036484000,0.04000,-0.04320
,,, 0.00036487999,0.04000,-0.04320
,,, 0.00036492001,0.04000,-0.04320
,,, 0.00036496000,0.06000,-0.04240
,,, 0.00036499999,0.06000,-0.04320
,,, 0.00036504000,0.06000,-0.04320
,,, 0.00036507999,0.06000,-0.04240
,,, 0.00036512001,0.06000,-0.04320
,,, 0.00036516000,0.08000,-0.04400
,,, 0.00036519999,0.08000,-0.04320
,,, 0.00036524000,0.08000,-0.04320
,,, 0.00036527999,0.08000,-0.04320
,,, 0.00036532001,0.10000,-0.04400
,,, 0.00036536000,0.08000,-0.04400
,,, 0.00036539999,0.10000,-0.04320
,,, 0.00036544001,0.10000,-0.04400
,,, 0.00036547999,0.10000,-0.04400
,,, 0.00036551998,0.12000,-0.04400
,,, 0.00036556000,0.10000,-0.04320
,,, 0.00036559999,0.12000,-0.04400
,,, 0.00036564001,0.12000,-0.04400
,,, 0.00036568000,0.12000,-0.04400
,,, 0.00036571998,0.12000,-0.04400
,,, 0.00036576000,0.14000,-0.04400
,,, 0.00036579999,0.14000,-0.04480
,,, 0.00036584001,0.14000,-0.04400
,,, 0.00036588000,0.14000,-0.04320
,,, 0.00036591999,0.14000,-0.04480
,,, 0.00036596000,0.16000,-0.04480
,,, 0.00036599999,0.16000,-0.04400
,,, 0.00036604001,0.16000,-0.04400
,,, 0.00036608000,0.16000,-0.04400
,,, 0.00036611999,0.18000,-0.04400
,,, 0.00036616001,0.18000,-0.04400
,,, 0.00036619999,0.18000,-0.04400
,,, 0.00036624001,0.18000,-0.04400
,,, 0.00036628000,0.18000,-0.04480
,,, 0.00036631999,0.20000,-0.04400
,,, 0.00036636001,0.20000,-0.04400
,,, 0.00036640000,0.20000,-0.04480
,,, 0.00036643998,0.20000,-0.04480
,,, 0.00036648000,0.20000,-0.04480
,,, 0.00036651999,0.22000,-0.04400
,,, 0.00036656001,0.22000,-0.04480
,,, 0.00036660000,0.22000,-0.04480
,,, 0.00036663999,0.24000,-0.04400
,,, 0.00036668000,0.24000,-0.04400
,,, 0.00036671999,0.24000,-0.04480
,,, 0.00036676001,0.24000,-0.04480
,,, 0.00036680000,0.24000,-0.04480
,,, 0.00036683999,0.24000,-0.04400
,,, 0.00036688001,0.24000,-0.04400
,,, 0.00036691999,0.24000,-0.04480
,,, 0.00036696001,0.26000,-0.04480
,,, 0.00036700000,0.26000,-0.04400
,,, 0.00036703999,0.26000,-0.04480
,,, 0.00036708001,0.26000,-0.04560
,,, 0.00036712000,0.28000,-0.04400
,,, 0.00036715998,0.26000,-0.04400
,,, 0.00036720000,0.28000,-0.04400
,,, 0.00036723999,0.28000,-0.04480
,,, 0.00036728001,0.28000,-0.04480
,,, 0.00036732000,0.30000,-0.04400
,,, 0.00036735999,0.28000,-0.04480
,,, 0.00036740000,0.30000,-0.04480
,,, 0.00036743999,0.30000,-0.04400
,,, 0.00036748001,0.30000,-0.04400
,,, 0.00036752000,0.32000,-0.04480
,,, 0.00036755999,0.32000,-0.04480
,,, 0.00036760001,0.32000,-0.04480
,,, 0.00036763999,0.32000,-0.04400
,,, 0.00036768001,0.34000,-0.04480
,,, 0.00036772000,0.32000,-0.04480
,,, 0.00036775999,0.34000,-0.04400
,,, 0.00036780001,0.34000,-0.04400
,,, 0.00036784000,0.34000,-0.04480
,,, 0.00036787998,0.34000,-0.04480
,,, 0.00036792000,0.34000,-0.04400
,,, 0.00036795999,0.34000,-0.04400
,,, 0.00036800001,0.36000,-0.04400
,,, 0.00036804000,0.34000,-0.04480
,,, 0.00036807999,0.36000,-0.04480
,,, 0.00036812000,0.36000,-0.04400
,,, 0.00036815999,0.36000,-0.04480
,,, 0.00036820001,0.38000,-0.04480
,,, 0.00036824000,0.38000,-0.04400
,,, 0.00036827999,0.38000,-0.04400
,,, 0.00036832000,0.38000,-0.04480
,,, 0.00036835999,0.38000,-0.04480
,,, 0.00036840001,0.38000,-0.04400
,,, 0.00036844000,0.40000,-0.04400
,,, 0.00036847999,0.40000,-0.04480
,,, 0.00036852001,0.40000,-0.04400
,,, 0.00036855999,0.40000,-0.04400
,,, 0.00036859998,0.40000,-0.04400
,,, 0.00036864000,0.40000,-0.04480
,,, 0.00036867999,0.42000,-0.04480
,,, 0.00036872001,0.40000,-0.04400
,,, 0.00036876000,0.42000,-0.04400
,,, 0.00036879999,0.42000,-0.04480
,,, 0.00036884000,0.42000,-0.04400
,,, 0.00036887999,0.42000,-0.04400
,,, 0.00036892001,0.44000,-0.04400
,,, 0.00036896000,0.42000,-0.04480
,,, 0.00036899999,0.44000,-0.04400
,,, 0.00036904000,0.44000,-0.04320
,,, 0.00036907999,0.44000,-0.04320
,,, 0.00036912001,0.46000,-0.04400
,,, 0.00036916000,0.44000,-0.04480
,,, 0.00036919999,0.46000,-0.04400
,,, 0.00036924001,0.46000,-0.04400
,,, 0.00036927999,0.46000,-0.04400
,,, 0.00036931998,0.46000,-0.04400
,,, 0.00036936000,0.48000,-0.04320
,,, 0.00036939999,0.46000,-0.04400
,,, 0.00036944001,0.48000,-0.04400
,,, 0.00036948000,0.48000,-0.04400
,,, 0.00036951998,0.48000,-0.04320
,,, 0.00036956000,0.48000,-0.04320
,,, 0.00036959999,0.48000,-0.04400
,,, 0.00036964001,0.50000,-0.04320
,,, 0.00036968000,0.50000,-0.04320
,,, 0.00036971999,0.50000,-0.04320
,,, 0.00036976000,0.50000,-0.04400
,,, 0.00036979999,0.50000,-0.04320
,,, 0.00036984001,0.52000,-0.04320
,,, 0.00036988000,0.52000,-0.04320
,,, 0.00036991999,0.52000,-0.04320
,,, 0.00036996001,0.52000,-0.04320
,,, 0.00036999999,0.52000,-0.04240
,,, 0.00037004001,0.52000,-0.04240
,,, 0.00037008000,0.52000,-0.04320
,,, 0.00037011999,0.54000,-0.04240
,,, 0.00037016001,0.54000,-0.04240
,,, 0.00037020000,0.54000,-0.04240
,,, 0.00037023998,0.54000,-0.04320
,,, 0.00037028000,0.54000,-0.04320
,,, 0.00037031999,0.54000,-0.04240
,,, 0.00037036001,0.56000,-0.04240
,,, 0.00037040000,0.54000,-0.04320
,,, 0.00037043999,0.56000,-0.04240
,,, 0.00037048000,0.56000,-0.04240
,,, 0.00037051999,0.56000,-0.04240
,,, 0.00037056001,0.58000,-0.04320
,,, 0.00037060000,0.58000,-0.04240
,,, 0.00037063999,0.58000,-0.04160
,,, 0.00037068001,0.58000,-0.04160
,,, 0.00037071999,0.58000,-0.04160
,,, 0.00037076001,0.58000,-0.04160
,,, 0.00037080000,0.58000,-0.04160
,,, 0.00037083999,0.60000,-0.04160
,,, 0.00037088001,0.60000,-0.04160
,,, 0.00037092000,0.60000,-0.04160
,,, 0.00037095998,0.60000,-0.04080
,,, 0.00037100000,0.60000,-0.04160
,,, 0.00037103999,0.60000,-0.04160
,,, 0.00037108001,0.60000,-0.04160
,,, 0.00037112000,0.60000,-0.04080
,,, 0.00037115999,0.60000,-0.04160
,,, 0.00037120000,0.60000,-0.04160
,,, 0.00037123999,0.62000,-0.04080
,,, 0.00037128001,0.62000,-0.04080
,,, 0.00037132000,0.62000,-0.04160
,,, 0.00037135999,0.62000,-0.04160
,,, 0.00037140000,0.64000,-0.04080
,,, 0.00037143999,0.62000,-0.04080
,,, 0.00037148001,0.64000,-0.04080
,,, 0.00037152000,0.64000,-0.04080
,,, 0.00037155999,0.64000,-0.04080
,,, 0.00037160001,0.64000,-0.04080
,,, 0.00037164000,0.64000,-0.04080
,,, 0.00037167998,0.64000,-0.04080
,,, 0.00037172000,0.66000,-0.04000
,,, 0.00037175999,0.66000,-0.04000
,,, 0.00037180001,0.66000,-0.04000
,,, 0.00037184000,0.66000,-0.04000
,,, 0.00037187999,0.66000,-0.04000
,,, 0.00037192000,0.66000,-0.04000
,,, 0.00037195999,0.66000,-0.04000
,,, 0.00037200001,0.68000,-0.04000
,,, 0.00037204000,0.68000,-0.04000
,,, 0.00037207999,0.66000,-0.03920
,,, 0.00037212000,0.68000,-0.04000
,,, 0.00037215999,0.68000,-0.04000
,,, 0.00037220001,0.68000,-0.03920
,,, 0.00037224000,0.68000,-0.03920
,,, 0.00037227999,0.68000,-0.03920
,,, 0.00037232001,0.68000,-0.03920
,,, 0.00037235999,0.68000,-0.03840
,,, 0.00037239998,0.70000,-0.03920
,,, 0.00037244000,0.70000,-0.03920
,,, 0.00037247999,0.70000,-0.03920
,,, 0.00037252001,0.70000,-0.03840
,,, 0.00037256000,0.70000,-0.03840
,,, 0.00037259998,0.70000,-0.03840
,,, 0.00037264000,0.72000,-0.03840
,,, 0.00037267999,0.70000,-0.03840
,,, 0.00037272001,0.72000,-0.03840
,,, 0.00037276000,0.72000,-0.03840
,,, 0.00037279999,0.72000,-0.03840
,,, 0.00037284000,0.72000,-0.03760
,,, 0.00037287999,0.72000,-0.03760
,,, 0.00037292001,0.72000,-0.03760
,,, 0.00037296000,0.72000,-0.03760
,,, 0.00037299999,0.72000,-0.03760
,,, 0.00037304001,0.74000,-0.03680
,,, 0.00037307999,0.74000,-0.03680
,,, 0.00037312001,0.74000,-0.03680
,,, 0.00037316000,0.72000,-0.03680
,,, 0.00037319999,0.74000,-0.03680
,,, 0.00037324001,0.74000,-0.03680
,,, 0.00037328000,0.74000,-0.03680
,,, 0.00037331998,0.74000,-0.03680
,,, 0.00037336000,0.74000,-0.03600
,,, 0.00037339999,0.76000,-0.03680
,,, 0.00037344001,0.74000,-0.03600
,,, 0.00037348000,0.74000,-0.03600
,,, 0.00037351999,0.76000,-0.03600
,,, 0.00037356000,0.76000,-0.03680
,,, 0.00037359999,0.76000,-0.03600
,,, 0.00037364001,0.76000,-0.03520
,,, 0.00037368000,0.76000,-0.03520
,,, 0.00037371999,0.76000,-0.03600
,,, 0.00037376001,0.78000,-0.03520
,,, 0.00037379999,0.76000,-0.03520
,,, 0.00037384001,0.78000,-0.03520
,,, 0.00037388000,0.78000,-0.03520
,,, 0.00037391999,0.78000,-0.03520
,,, 0.00037396001,0.78000,-0.03440
,,, 0.00037400000,0.78000,-0.03440
,,, 0.00037403998,0.78000,-0.03520
,,, 0.00037408000,0.78000,-0.03440
,,, 0.00037411999,0.78000,-0.03440
,,, 0.00037416001,0.78000,-0.03360
,,, 0.00037420000,0.78000,-0.03440
,,, 0.00037423999,0.78000,-0.03440
,,, 0.00037428000,0.78000,-0.03360
,,, 0.00037431999,0.80000,-0.03360
,,, 0.00037436001,0.80000,-0.03360
,,, 0.00037440000,0.80000,-0.03360
,,, 0.00037443999,0.80000,-0.03280
,,, 0.00037448001,0.80000,-0.03360
,,, 0.00037451999,0.82000,-0.03360
,,, 0.00037456001,0.82000,-0.03280
,,, 0.00037460000,0.80000,-0.03280
,,, 0.00037463999,0.82000,-0.03280
,,, 0.00037468001,0.82000,-0.03280
,,, 0.00037472000,0.80000,-0.03200
,,, 0.00037475998,0.82000,-0.03200
,,, 0.00037480000,0.82000,-0.03200
,,, 0.00037483999,0.82000,-0.03200
,,, 0.00037488001,0.82000,-0.03200
,,, 0.00037492000,0.82000,-0.03120
,,, 0.00037495999,0.82000,-0.03120
,,, 0.00037500000,0.82000,-0.03200
,,, 0.00037503999,0.82000,-0.03120
,,, 0.00037508001,0.84000,-0.03120
,,, 0.00037512000,0.84000,-0.03120
,,, 0.00037515999,0.84000,-0.03120
,,, 0.00037520000,0.84000,-0.03040
,,, 0.00037523999,0.84000,-0.03040
,,, 0.00037528001,0.84000,-0.02960
,,, 0.00037532000,0.84000,-0.03040
,,, 0.00037535999,0.84000,-0.03040
,,, 0.00037540001,0.84000,-0.02960
,,, 0.00037543999,0.84000,-0.02960
,,, 0.00037547998,0.84000,-0.02960
,,, 0.00037552000,0.84000,-0.02880
,,, 0.00037555999,0.86000,-0.02880
,,, 0.00037560001,0.84000,-0.02960
,,, 0.00037564000,0.86000,-0.02880
,,, 0.00037567999,0.84000,-0.02880
,,, 0.00037572000,0.86000,-0.02880
,,, 0.00037575999,0.86000,-0.02880
,,, 0.00037580001,0.86000,-0.02880
,,, 0.00037584000,0.86000,-0.02800
,,, 0.00037587999,0.86000,-0.02800
,,, 0.00037592000,0.86000,-0.02720
,,, 0.00037595999,0.86000,-0.02800
,,, 0.00037600001,0.86000,-0.02720
,,, 0.00037604000,0.86000,-0.02720
,,, 0.00037607999,0.86000,-0.02720
,,, 0.00037612001,0.86000,-0.02720
,,, 0.00037615999,0.86000,-0.02720
,,, 0.00037619998,0.88000,-0.02640
,,, 0.00037624000,0.88000,-0.02640
,,, 0.00037627999,0.88000,-0.02720
,,, 0.00037632001,0.88000,-0.02640
,,, 0.00037636000,0.88000,-0.02640
,,, 0.00037639998,0.88000,-0.02640
,,, 0.00037644000,0.88000,-0.02640
,,, 0.00037647999,0.88000,-0.02560
,,, 0.00037652001,0.88000,-0.02560
,,, 0.00037656000,0.88000,-0.02560
,,, 0.00037659999,0.88000,-0.02560
,,, 0.00037664000,0.88000,-0.02560
,,, 0.00037667999,0.88000,-0.02480
,,, 0.00037672001,0.88000,-0.02560
,,, 0.00037676000,0.88000,-0.02480
,,, 0.00037679999,0.88000,-0.02480
,,, 0.00037684001,0.88000,-0.02480
,,, 0.00037687999,0.88000,-0.02480
,,, 0.00037692001,0.88000,-0.02400
,,, 0.00037696000,0.88000,-0.02400
,,, 0.00037699999,0.88000,-0.02400
,,, 0.00037704001,0.88000,-0.02400
,,, 0.00037708000,0.90000,-0.02400
,,, 0.00037711998,0.90000,-0.02320
,,, 0.00037716000,0.88000,-0.02400
,,, 0.00037719999,0.90000,-0.02320
,,, 0.00037724001,0.90000,-0.02320
,,, 0.00037728000,0.90000,-0.02320
,,, 0.00037731999,0.90000,-0.02240
,,, 0.00037736000,0.90000,-0.02320
,,, 0.00037739999,0.90000,-0.02240
,,, 0.00037744001,0.90000,-0.02240
,,, 0.00037748000,0.90000,-0.02240
,,, 0.00037751999,0.90000,-0.02240
,,, 0.00037756001,0.90000,-0.02160
,,, 0.00037759999,0.90000,-0.02160
,,, 0.00037764001,0.90000,-0.02160
,,, 0.00037768000,0.90000,-0.02080
,,, 0.00037771999,0.90000,-0.02080
,,, 0.00037776001,0.88000,-0.02080
,,, 0.00037780000,0.90000,-0.02080
,,, 0.00037783998,0.90000,-0.02080
,,, 0.00037788000,0.90000,-0.02000
,,, 0.00037791999,0.90000,-0.02000
,,, 0.00037796001,0.90000,-0.02000
,,, 0.00037800000,0.90000,-0.02000
,,, 0.00037803999,0.90000,-0.02000
,,, 0.00037808000,0.90000,-0.02000
,,, 0.00037811999,0.90000,-0.01920
,,, 0.00037816001,0.90000,-0.01920
,,, 0.00037820000,0.90000,-0.01920
,,, 0.00037823999,0.92000,-0.01840
,,, 0.00037828000,0.90000,-0.01840
,,, 0.00037831999,0.92000,-0.01840
,,, 0.00037836001,0.92000,-0.01840
,,, 0.00037840000,0.90000,-0.01840
,,, 0.00037843999,0.92000,-0.01840
,,, 0.00037848001,0.92000,-0.01840
,,, 0.00037852000,0.90000,-0.01760
,,, 0.00037855998,0.92000,-0.01760
,,, 0.00037860000,0.92000,-0.01680
,,, 0.00037863999,0.92000,-0.01760
,,, 0.00037868001,0.92000,-0.01680
,,, 0.00037872000,0.90000,-0.01680
,,, 0.00037875999,0.90000,-0.01680
,,, 0.00037880000,0.92000,-0.01600
,,, 0.00037883999,0.92000,-0.01600
,,, 0.00037888001,0.92000,-0.01600
,,, 0.00037892000,0.92000,-0.01600
,,, 0.00037895999,0.90000,-0.01520
,,, 0.00037900000,0.92000,-0.01520
,,, 0.00037903999,0.92000,-0.01520
,,, 0.00037908001,0.92000,-0.01520
,,, 0.00037912000,0.92000,-0.01520
,,, 0.00037915999,0.92000,-0.01520
,,, 0.00037920001,0.90000,-0.01440
,,, 0.00037923999,0.92000,-0.01360
,,, 0.00037927998,0.92000,-0.01440
,,, 0.00037932000,0.92000,-0.01440
,,, 0.00037935999,0.92000,-0.01360
,,, 0.00037940001,0.92000,-0.01440
,,, 0.00037944000,0.92000,-0.01360
,,, 0.00037947998,0.92000,-0.01360
,,, 0.00037952000,0.92000,-0.01280
,,, 0.00037955999,0.92000,-0.01280
,,, 0.00037960001,0.92000,-0.01280
,,, 0.00037964000,0.92000,-0.01280
,,, 0.00037967999,0.92000,-0.01200
,,, 0.00037972000,0.92000,-0.01200
,,, 0.00037975999,0.92000,-0.01280
,,, 0.00037980001,0.92000,-0.01200
,,, 0.00037984000,0.92000,-0.01120
,,, 0.00037987999,0.92000,-0.01200
,,, 0.00037992001,0.92000,-0.01120
,,, 0.00037995999,0.90000,-0.01120
,,, 0.00038000001,0.92000,-0.01040
,,, 0.00038004000,0.92000,-0.01040
,,, 0.00038007999,0.90000,-0.01120
,,, 0.00038012001,0.92000,-0.01040
,,, 0.00038016000,0.92000,-0.01040
,,, 0.00038019998,0.92000,-0.01040
,,, 0.00038024000,0.92000,-0.01040
,,, 0.00038027999,0.92000,-0.01040
,,, 0.00038032001,0.90000,-0.00960
,,, 0.00038036000,0.92000,-0.00880
,,, 0.00038039999,0.92000,-0.00960
,,, 0.00038044000,0.92000,-0.00880
,,, 0.00038047999,0.92000,-0.00880
,,, 0.00038052001,0.92000,-0.00880
,,, 0.00038056000,0.92000,-0.00880
,,, 0.00038059999,0.92000,-0.00880
,,, 0.00038064001,0.90000,-0.00800
,,, 0.00038067999,0.92000,-0.00800
,,, 0.00038072001,0.90000,-0.00800
,,, 0.00038076000,0.92000,-0.00800
,,, 0.00038079999,0.92000,-0.00720
,,, 0.00038084001,0.92000,-0.00720
,,, 0.00038088000,0.90000,-0.00720
,,, 0.00038091998,0.92000,-0.00720
,,, 0.00038096000,0.90000,-0.00640
,,, 0.00038099999,0.92000,-0.00640
,,, 0.00038104001,0.92000,-0.00640
,,, 0.00038108000,0.90000,-0.00640
,,, 0.00038111999,0.92000,-0.00560
,,, 0.00038116000,0.92000,-0.00640
,,, 0.00038119999,0.90000,-0.00640
,,, 0.00038124001,0.90000,-0.00560
,,, 0.00038128000,0.90000,-0.00480
,,, 0.00038131999,0.90000,-0.00480
,,, 0.00038136001,0.92000,-0.00480
,,, 0.00038139999,0.90000,-0.00480
,,, 0.00038144001,0.90000,-0.00480
,,, 0.00038148000,0.90000,-0.00480
,,, 0.00038151999,0.90000,-0.00400
,,, 0.00038156001,0.90000,-0.00400
,,, 0.00038160000,0.90000,-0.00320
,,, 0.00038163998,0.90000,-0.00320
,,, 0.00038168000,0.90000,-0.00320
,,, 0.00038171999,0.90000,-0.00320
,,, 0.00038176001,0.90000,-0.00320
,,, 0.00038180000,0.90000,-0.00320
,,, 0.00038183999,0.90000,-0.00240
,,, 0.00038188000,0.88000,-0.00240
,,, 0.00038191999,0.90000,-0.00160
,,, 0.00038196001,0.90000,-0.00240
,,, 0.00038200000,0.90000,-0.00240
,,, 0.00038203999,0.90000,-0.00160
,,, 0.00038208000,0.90000,-0.00160
,,, 0.00038211999,0.90000,-0.00160
,,, 0.00038216001,0.90000,-0.00080
,,, 0.00038220000,0.90000,-0.00080
,,, 0.00038223999,0.90000,-0.00080
,,, 0.00038228001,0.90000,-0.00080
,,, 0.00038231999,0.88000,-0.00080
,,, 0.00038235998,0.90000,0.00
,,, 0.00038240000,0.90000,0.00080
,,, 0.00038243999,0.88000,0.00
,,, 0.00038248001,0.90000,0.00
,,, 0.00038252000,0.90000,0.00080
,,, 0.00038255999,0.88000,0.00
,,, 0.00038260000,0.88000,0.00080
,,, 0.00038263999,0.88000,0.00080
,,, 0.00038268001,0.88000,0.00160
,,, 0.00038272000,0.88000,0.00160
,,, 0.00038275999,0.88000,0.00160
,,, 0.00038280000,0.88000,0.00160
,,, 0.00038283999,0.88000,0.00240
,,, 0.00038288001,0.88000,0.00240
,,, 0.00038292000,0.88000,0.00240
,,, 0.00038295999,0.88000,0.00240
,,, 0.00038300001,0.88000,0.00240
,,, 0.00038303999,0.88000,0.00320
,,, 0.00038307998,0.88000,0.00320
,,, 0.00038312000,0.88000,0.00320
,,, 0.00038315999,0.88000,0.00400
,,, 0.00038320001,0.88000,0.00400
,,, 0.00038324000,0.86000,0.00400
,,, 0.00038327998,0.88000,0.00400
,,, 0.00038332000,0.86000,0.00400
,,, 0.00038335999,0.86000,0.00480
,,, 0.00038340001,0.86000,0.00480
,,, 0.00038344000,0.86000,0.00400
,,, 0.00038347999,0.86000,0.00480
,,, 0.00038352000,0.86000,0.00560
,,, 0.00038355999,0.86000,0.00560
,,, 0.00038360001,0.86000,0.00480
,,, 0.00038364000,0.86000,0.00560
,,, 0.00038367999,0.86000,0.00640
,,, 0.00038372001,0.86000,0.00640
,,, 0.00038375999,0.86000,0.00640
,,, 0.00038380001,0.86000,0.00640
,,, 0.00038384000,0.86000,0.00720
,,, 0.00038387999,0.84000,0.00640
,,, 0.00038392001,0.86000,0.00640
,,, 0.00038396000,0.86000,0.00720
,,, 0.00038399998,0.84000,0.00720
,,, 0.00038404000,0.84000,0.00720
,,, 0.00038407999,0.84000,0.00800
,,, 0.00038412001,0.84000,0.00800
,,, 0.00038416000,0.84000,0.00880
,,, 0.00038419999,0.84000,0.00800
,,, 0.00038424000,0.84000,0.00800
,,, 0.00038427999,0.84000,0.00880
,,, 0.00038432001,0.84000,0.00880
,,, 0.00038436000,0.84000,0.00880
,,, 0.00038439999,0.84000,0.00880
,,, 0.00038444001,0.82000,0.00960
,,, 0.00038447999,0.84000,0.00960
,,, 0.00038452001,0.84000,0.00960
,,, 0.00038456000,0.82000,0.00960
,,, 0.00038459999,0.82000,0.01040
,,, 0.00038464001,0.82000,0.01040
,,, 0.00038468000,0.82000,0.01040
,,, 0.00038471998,0.82000,0.01040
,,, 0.00038476000,0.82000,0.01120
,,, 0.00038479999,0.80000,0.01120
,,, 0.00038484001,0.82000,0.01120
,,, 0.00038488000,0.82000,0.01120
,,, 0.00038491999,0.80000,0.01200
,,, 0.00038496000,0.80000,0.01200
,,, 0.00038499999,0.80000,0.01200
,,, 0.00038504001,0.80000,0.01200
,,, 0.00038508000,0.80000,0.01280
,,, 0.00038511999,0.80000,0.01280
,,, 0.00038516000,0.80000,0.01280
,,, 0.00038519999,0.80000,0.01280
,,, 0.00038524001,0.78000,0.01280
,,, 0.00038528000,0.80000,0.01360
,,, 0.00038531999,0.80000,0.01360
,,, 0.00038536001,0.78000,0.01360
,,, 0.00038540000,0.80000,0.01440
,,, 0.00038543998,0.78000,0.01440
,,, 0.00038548000,0.78000,0.01360
,,, 0.00038551999,0.78000,0.01360
,,, 0.00038556001,0.78000,0.01520
,,, 0.00038560000,0.78000,0.01520
,,, 0.00038563999,0.78000,0.01520
,,, 0.00038568000,0.78000,0.01520
,,, 0.00038571999,0.76000,0.01600
,,, 0.00038576001,0.78000,0.01520
,,, 0.00038580000,0.76000,0.01520
,,, 0.00038583999,0.76000,0.01520
,,, 0.00038588000,0.76000,0.01600
,,, 0.00038591999,0.76000,0.01680
,,, 0.00038596001,0.76000,0.01680
,,, 0.00038600000,0.76000,0.01600
,,, 0.00038603999,0.76000,0.01680
,,, 0.00038608001,0.76000,0.01680
,,, 0.00038611999,0.76000,0.01680
,,, 0.00038615998,0.76000,0.01760
,,, 0.00038620000,0.74000,0.01760
,,, 0.00038623999,0.74000,0.01760
,,, 0.00038628001,0.74000,0.01760
,,, 0.00038632000,0.74000,0.01760
,,, 0.00038635998,0.74000,0.01760
,,, 0.00038640000,0.74000,0.01840
,,, 0.00038643999,0.74000,0.01840
,,, 0.00038648001,0.74000,0.01840
,,, 0.00038652000,0.72000,0.01920
,,, 0.00038655999,0.72000,0.01920
,,, 0.00038660000,0.72000,0.01840
,,, 0.00038663999,0.72000,0.01920
,,, 0.00038668001,0.72000,0.02000
,,, 0.00038672000,0.72000,0.02000
,,, 0.00038675999,0.72000,0.02000
,,, 0.00038680001,0.72000,0.02000
,,, 0.00038683999,0.72000,0.02080
,,, 0.00038687998,0.72000,0.02000
,,, 0.00038692000,0.70000,0.02000
,,, 0.00038695999,0.72000,0.02080
,,, 0.00038700001,0.70000,0.02160
,,, 0.00038704000,0.70000,0.02160
,,, 0.00038707998,0.70000,0.02160
,,, 0.00038712000,0.70000,0.02160
,,, 0.00038715999,0.70000,0.02160
,,, 0.00038720001,0.70000,0.02160
,,, 0.00038724000,0.70000,0.02240
,,, 0.00038727999,0.70000,0.02240
,,, 0.00038732000,0.70000,0.02320
,,, 0.00038735999,0.70000,0.02240
,,, 0.00038740001,0.68000,0.02240
,,, 0.00038744000,0.70000,0.02240
,,, 0.00038747999,0.68000,0.02320
,,, 0.00038752001,0.68000,0.02400
,,, 0.00038755999,0.68000,0.02400
,,, 0.00038760001,0.68000,0.02400
,,, 0.00038764000,0.68000,0.02400
,,, 0.00038767999,0.68000,0.02400
,,, 0.00038772001,0.68000,0.02400
,,, 0.00038776000,0.68000,0.02400
,,, 0.00038779998,0.66000,0.02480
,,, 0.00038784000,0.66000,0.02480
,,, 0.00038787999,0.66000,0.02480
,,, 0.00038792001,0.66000,0.02480
,,, 0.00038796000,0.66000,0.02480
,,, 0.00038799999,0.66000,0.02560
,,, 0.00038804000,0.64000,0.02560
,,, 0.00038807999,0.66000,0.02560
,,, 0.00038812001,0.64000,0.02560
,,, 0.00038816000,0.64000,0.02640
,,, 0.00038819999,0.64000,0.02560
,,, 0.00038824001,0.64000,0.02560
,,, 0.00038827999,0.64000,0.02640
,,, 0.00038832001,0.64000,0.02720
,,, 0.00038836000,0.64000,0.02720
,,, 0.00038839999,0.64000,0.02720
,,, 0.00038844001,0.62000,0.02720
,,, 0.00038848000,0.62000,0.02720
,,, 0.00038851998,0.62000,0.02720
,,, 0.00038856000,0.62000,0.02720
,,, 0.00038859999,0.62000,0.02800
,,, 0.00038864001,0.62000,0.02800
,,, 0.00038868000,0.60000,0.02800
,,, 0.00038871999,0.62000,0.02880
,,, 0.00038876000,0.60000,0.02800
,,, 0.00038879999,0.60000,0.02800
,,, 0.00038884001,0.60000,0.02880
,,, 0.00038888000,0.60000,0.02960
,,, 0.00038891999,0.60000,0.02960
,,, 0.00038896000,0.60000,0.02960
,,, 0.00038899999,0.60000,0.02960
,,, 0.00038904001,0.60000,0.02960
,,, 0.00038908000,0.60000,0.02960
,,, 0.00038911999,0.58000,0.02960
,,, 0.00038916001,0.58000,0.03040
,,, 0.00038919999,0.58000,0.03040
,,, 0.00038923998,0.58000,0.03040
,,, 0.00038928000,0.58000,0.03120
,,, 0.00038931999,0.58000,0.03040
,,, 0.00038936001,0.58000,0.03040
,,, 0.00038940000,0.56000,0.03120
,,, 0.00038943999,0.56000,0.03120
,,, 0.00038948000,0.56000,0.03120
,,, 0.00038951999,0.56000,0.03200
,,, 0.00038956001,0.56000,0.03120
,,, 0.00038960000,0.56000,0.03120
,,, 0.00038963999,0.56000,0.03120
,,, 0.00038968000,0.54000,0.03200
,,, 0.00038971999,0.54000,0.03200
,,, 0.00038976001,0.54000,0.03200
,,, 0.00038980000,0.54000,0.03200
,,, 0.00038983999,0.54000,0.03280
,,, 0.00038988001,0.54000,0.03280
,,, 0.00038991999,0.54000,0.03280
,,, 0.00038995998,0.52000,0.03280
,,, 0.00039000000,0.52000,0.03360
,,, 0.00039003999,0.52000,0.03360
,,, 0.00039008001,0.52000,0.03360
,,, 0.00039012000,0.52000,0.03360
,,, 0.00039015998,0.52000,0.03360
,,, 0.00039020000,0.52000,0.03360
,,, 0.00039023999,0.52000,0.03360
,,, 0.00039028001,0.50000,0.03360
,,, 0.00039032000,0.50000,0.03360
,,, 0.00039035999,0.50000,0.03360
,,, 0.00039040000,0.50000,0.03440
,,, 0.00039043999,0.50000,0.03440
,,, 0.00039048001,0.50000,0.03440
,,, 0.00039052000,0.50000,0.03520
,,, 0.00039055999,0.48000,0.03520
,,, 0.00039060001,0.48000,0.03520
,,, 0.00039063999,0.48000,0.03520
,,, 0.00039068001,0.48000,0.03520
,,, 0.00039072000,0.46000,0.03600
,,, 0.00039075999,0.48000,0.03600
,,, 0.00039080001,0.46000,0.03600
,,, 0.00039084000,0.46000,0.03600
,,, 0.00039087998,0.46000,0.03520
,,, 0.00039092000,0.46000,0.03600
,,, 0.00039095999,0.46000,0.03600
,,, 0.00039100001,0.46000,0.03600
,,, 0.00039104000,0.46000,0.03680
,,, 0.00039107999,0.44000,0.03680
,,, 0.00039112000,0.44000,0.03600
,,, 0.00039115999,0.44000,0.03600
,,, 0.00039120001,0.44000,0.03680
,,, 0.00039124000,0.44000,0.03680
,,, 0.00039127999,0.44000,0.03680
,,, 0.00039132001,0.44000,0.03760
,,, 0.00039135999,0.42000,0.03760
,,, 0.00039140001,0.42000,0.03760
,,, 0.00039144000,0.42000,0.03760
,,, 0.00039147999,0.42000,0.03760
,,, 0.00039152001,0.42000,0.03760
,,, 0.00039156000,0.42000,0.03760
,,, 0.00039159998,0.40000,0.03840
,,, 0.00039164000,0.40000,0.03840
,,, 0.00039167999,0.40000,0.03840
,,, 0.00039172001,0.40000,0.03840
,,, 0.00039176000,0.40000,0.03760
,,, 0.00039179999,0.38000,0.03840
,,, 0.00039184000,0.40000,0.03920
,,, 0.00039187999,0.40000,0.03920
,,, 0.00039192001,0.38000,0.03920
,,, 0.00039196000,0.38000,0.03920
,,, 0.00039199999,0.38000,0.03840
,,, 0.00039204000,0.38000,0.03920
,,, 0.00039207999,0.38000,0.03920
,,, 0.00039212001,0.38000,0.03920
,,, 0.00039216000,0.38000,0.04000
,,, 0.00039219999,0.38000,0.04000
,,, 0.00039224001,0.36000,0.03920
,,, 0.00039228000,0.36000,0.03920
,,, 0.00039231998,0.36000,0.04000
,,, 0.00039236000,0.36000,0.04000
,,, 0.00039239999,0.36000,0.04000
,,, 0.00039244001,0.36000,0.04080
,,, 0.00039248000,0.34000,0.04080
,,, 0.00039251999,0.34000,0.04080
,,, 0.00039256000,0.34000,0.04000
,,, 0.00039259999,0.34000,0.04000
,,, 0.00039264001,0.34000,0.04080
,,, 0.00039268000,0.32000,0.04080
,,, 0.00039271999,0.32000,0.04080
,,, 0.00039276000,0.32000,0.04160
,,, 0.00039279999,0.32000,0.04160
,,, 0.00039284001,0.32000,0.04080
,,, 0.00039288000,0.32000,0.04160
,,, 0.00039291999,0.32000,0.04160
,,, 0.00039296001,0.32000,0.04160
,,, 0.00039299999,0.30000,0.04240
,,, 0.00039303998,0.30000,0.04160
,,, 0.00039308000,0.30000,0.04160
,,, 0.00039311999,0.30000,0.04240
,,, 0.00039316001,0.30000,0.04160
,,, 0.00039320000,0.30000,0.04160
,,, 0.00039323998,0.28000,0.04240
,,, 0.00039328000,0.28000,0.04240
,,, 0.00039331999,0.28000,0.04240
,,, 0.00039336001,0.28000,0.04160
,,, 0.00039340000,0.26000,0.04240
,,, 0.00039343999,0.28000,0.04320
,,, 0.00039348000,0.26000,0.04240
,,, 0.00039351999,0.26000,0.04240
,,, 0.00039356001,0.26000,0.04320
,,, 0.00039360000,0.26000,0.04240
,,, 0.00039363999,0.26000,0.04240
,,, 0.00039368001,0.24000,0.04320
,,, 0.00039371999,0.24000,0.04320
,,, 0.00039375998,0.26000,0.04320
,,, 0.00039380000,0.24000,0.04320
,,, 0.00039383999,0.24000,0.04320
,,, 0.00039388001,0.24000,0.04320
,,, 0.00039392000,0.22000,0.04320
,,, 0.00039395998,0.22000,0.04320
,,, 0.00039400000,0.22000,0.04320
,,, 0.00039403999,0.22000,0.04400
,,, 0.00039408001,0.22000,0.04400
,,, 0.00039412000,0.22000,0.04400
,,, 0.00039415999,0.20000,0.04320
,,, 0.00039420000,0.22000,0.04400
,,, 0.00039423999,0.20000,0.04400
,,, 0.00039428001,0.20000,0.04320
,,, 0.00039432000,0.20000,0.04400
,,, 0.00039435999,0.18000,0.04480
,,, 0.00039440001,0.20000,0.04480
,,, 0.00039443999,0.20000,0.04400
,,, 0.00039448001,0.18000,0.04400
,,, 0.00039452000,0.18000,0.04480
,,, 0.00039455999,0.18000,0.04480
,,, 0.00039460001,0.16000,0.04480
,,, 0.00039464000,0.16000,0.04480
,,, 0.00039467998,0.16000,0.04480
,,, 0.00039472000,0.16000,0.04480
,,, 0.00039475999,0.16000,0.04480
,,, 0.00039480001,0.16000,0.04480
,,, 0.00039484000,0.14000,0.04480
,,, 0.00039487999,0.14000,0.04560
,,, 0.00039492000,0.14000,0.04480
,,, 0.00039495999,0.14000,0.04480
,,, 0.00039500001,0.14000,0.04480
,,, 0.00039504000,0.14000,0.04480
,,, 0.00039507999,0.14000,0.04480
,,, 0.00039512001,0.14000,0.04560
,,, 0.00039515999,0.12000,0.04560
,,, 0.00039520001,0.12000,0.04560
,,, 0.00039524000,0.12000,0.04560
,,, 0.00039527999,0.10000,0.04560
,,, 0.00039532001,0.10000,0.04560
,,, 0.00039536000,0.10000,0.04560
,,, 0.00039539998,0.10000,0.04560
,,, 0.00039544000,0.10000,0.04560
,,, 0.00039547999,0.08000,0.04560
,,, 0.00039552001,0.08000,0.04560
,,, 0.00039556000,0.08000,0.04560
,,, 0.00039559999,0.08000,0.04560
,,, 0.00039564000,0.08000,0.04560
,,, 0.00039567999,0.08000,0.04640
,,, 0.00039572001,0.06000,0.04560
,,, 0.00039576000,0.08000,0.04560
,,, 0.00039579999,0.08000,0.04640
,,, 0.00039584000,0.06000,0.04640
,,, 0.00039587999,0.06000,0.04640
,,, 0.00039592001,0.06000,0.04640
,,, 0.00039596000,0.06000,0.04640
,,, 0.00039599999,0.06000,0.04640
,,, 0.00039604001,0.04000,0.04640
,,, 0.00039607999,0.04000,0.04560
,,, 0.00039611998,0.06000,0.04640
,,, 0.00039616000,0.04000,0.04720
,,, 0.00039619999,0.02000,0.04640
,,, 0.00039624001,0.02000,0.04720
,,, 0.00039628000,0.02000,0.04720
,,, 0.00039631999,0.02000,0.04640
,,, 0.00039636000,0.02000,0.04640
,,, 0.00039639999,0.02000,0.04640
,,, 0.00039644001,0.00,0.04800
,,, 0.00039648000,0.00,0.04720
,,, 0.00039651999,0.00,0.04720
,,, 0.00039656000,0.00,0.04720
,,, 0.00039659999,-0.02000,0.04720
,,, 0.00039664001,-0.02000,0.04720
,,, 0.00039668000,-0.02000,0.04720
,,, 0.00039671999,-0.02000,0.04720
,,, 0.00039676001,-0.02000,0.04720
,,, 0.00039679999,-0.02000,0.04800
,,, 0.00039683998,-0.04000,0.04640
,,, 0.00039688000,-0.04000,0.04640
,,, 0.00039691999,-0.04000,0.04720
,,, 0.00039696001,-0.04000,0.04720
,,, 0.00039700000,-0.04000,0.04720
,,, 0.00039703998,-0.04000,0.04720
,,, 0.00039708000,-0.06000,0.04720
,,, 0.00039711999,-0.04000,0.04720
,,, 0.00039716001,-0.06000,0.04640
,,, 0.00039720000,-0.06000,0.04720
,,, 0.00039723999,-0.06000,0.04720
,,, 0.00039728000,-0.08000,0.04720
,,, 0.00039731999,-0.06000,0.04720
,,, 0.00039736001,-0.08000,0.04720
,,, 0.00039740000,-0.08000,0.04720
,,, 0.00039743999,-0.08000,0.04720
,,, 0.00039748001,-0.08000,0.04720
,,, 0.00039751999,-0.10000,0.04720
,,, 0.00039756001,-0.10000,0.04800
,,, 0.00039760000,-0.10000,0.04800
,,, 0.00039763999,-0.10000,0.04800
,,, 0.00039768001,-0.10000,0.04720
,,, 0.00039772000,-0.10000,0.04720
,,, 0.00039775998,-0.12000,0.04720
,,, 0.00039780000,-0.12000,0.04720
,,, 0.00039783999,-0.12000,0.04720
,,, 0.00039788001,-0.12000,0.04800
,,, 0.00039792000,-0.12000,0.04720
,,, 0.00039795999,-0.14000,0.04720
,,, 0.00039800000,-0.14000,0.04720
,,, 0.00039803999,-0.14000,0.04720
,,, 0.00039808001,-0.14000,0.04720
,,, 0.00039812000,-0.16000,0.04720
,,, 0.00039815999,-0.16000,0.04800
,,, 0.00039820001,-0.16000,0.04800
,,, 0.00039823999,-0.16000,0.04720
,,, 0.00039828001,-0.16000,0.04720
,,, 0.00039832000,-0.16000,0.04800
,,, 0.00039835999,-0.18000,0.04800
,,, 0.00039840001,-0.18000,0.04720
,,, 0.00039844000,-0.18000,0.04720
,,, 0.00039847998,-0.18000,0.04720
,,, 0.00039852000,-0.18000,0.04720
,,, 0.00039855999,-0.18000,0.04720
,,, 0.00039860001,-0.18000,0.04720
,,, 0.00039864000,-0.20000,0.04720
,,, 0.00039867999,-0.20000,0.04800
,,, 0.00039872000,-0.20000,0.04720
,,, 0.00039875999,-0.22000,0.04720
,,, 0.00039880001,-0.22000,0.04720
,,, 0.00039884000,-0.22000,0.04720
,,, 0.00039887999,-0.22000,0.04720
,,, 0.00039892000,-0.22000,0.04720
,,, 0.00039895999,-0.22000,0.04720
,,, 0.00039900001,-0.22000,0.04720
,,, 0.00039904000,-0.22000,0.04720
,,, 0.00039907999,-0.24000,0.04640
,,, 0.00039912001,-0.24000,0.04720
,,, 0.00039916000,-0.24000,0.04720
,,, 0.00039919998,-0.26000,0.04720
,,, 0.00039924000,-0.26000,0.04720
,,, 0.00039927999,-0.26000,0.04720
,,, 0.00039932001,-0.26000,0.04720
,,, 0.00039936000,-0.26000,0.04640
,,, 0.00039939999,-0.28000,0.04640
,,, 0.00039944000,-0.28000,0.04720
,,, 0.00039947999,-0.28000,0.04720
,,, 0.00039952001,-0.28000,0.04720
,,, 0.00039956000,-0.30000,0.04720
,,, 0.00039959999,-0.30000,0.04640
,,, 0.00039964000,-0.30000,0.04640
,,, 0.00039967999,-0.30000,0.04720
,,, 0.00039972001,-0.30000,0.04720
,,, 0.00039976000,-0.30000,0.04640
,,, 0.00039979999,-0.32000,0.04720
,,, 0.00039984001,-0.32000,0.04640
,,, 0.00039987999,-0.32000,0.04640
,,, 0.00039991998,-0.32000,0.04640
,,, 0.00039996000,-0.34000,0.04640
,,, 0.00039999999,-0.32000,0.04640
,,, 0.00040004001,-0.34000,0.04640
,,, 0.00040008000,-0.34000,0.04640
,,, 0.00040011998,-0.34000,0.04640
,,, 0.00040016000,-0.36000,0.04640
,,, 0.00040019999,-0.36000,0.04560
,,, 0.00040024001,-0.36000,0.04560
,,, 0.00040028000,-0.36000,0.04640
,,, 0.00040031999,-0.36000,0.04640
,,, 0.00040036000,-0.36000,0.04640
,,, 0.00040039999,-0.38000,0.04640
,,, 0.00040044001,-0.38000,0.04640
,,, 0.00040048000,-0.38000,0.04560
,,, 0.00040051999,-0.38000,0.04560
,,, 0.00040056001,-0.38000,0.04640
,,, 0.00040059999,-0.38000,0.04560
,,, 0.00040063998,-0.40000,0.04560
,,, 0.00040068000,-0.40000,0.04560
,,, 0.00040071999,-0.40000,0.04560
,,, 0.00040076001,-0.40000,0.04560
,,, 0.00040080000,-0.42000,0.04560
,,, 0.00040083998,-0.40000,0.04560
,,, 0.00040088000,-0.42000,0.04480
,,, 0.00040091999,-0.42000,0.04560
,,, 0.00040096001,-0.42000,0.04480
,,, 0.00040100000,-0.42000,0.04480
,,, 0.00040103999,-0.44000,0.04480
,,, 0.00040108000,-0.44000,0.04560
,,, 0.00040111999,-0.44000,0.04480
,,, 0.00040116001,-0.44000,0.04480
,,, 0.00040120000,-0.44000,0.04480
,,, 0.00040123999,-0.44000,0.04480
,,, 0.00040128001,-0.46000,0.04400
,,, 0.00040131999,-0.46000,0.04480
,,, 0.00040136001,-0.46000,0.04480
,,, 0.00040140000,-0.46000,0.04480
,,, 0.00040143999,-0.48000,0.04400
,,, 0.00040148001,-0.48000,0.04400
,,, 0.00040152000,-0.48000,0.04400
,,, 0.00040155998,-0.48000,0.04480
,,, 0.00040160000,-0.48000,0.04400
,,, 0.00040163999,-0.48000,0.04400
,,, 0.00040168001,-0.48000,0.04400
,,, 0.00040172000,-0.50000,0.04400
,,, 0.00040175999,-0.50000,0.04320
,,, 0.00040180000,-0.50000,0.04320
,,, 0.00040183999,-0.50000,0.04400
,,, 0.00040188001,-0.52000,0.04400
,,, 0.00040192000,-0.52000,0.04400
,,, 0.00040195999,-0.52000,0.04320
,,, 0.00040200001,-0.52000,0.04320
,,, 0.00040203999,-0.52000,0.04320
,,, 0.00040208001,-0.54000,0.04320
,,, 0.00040212000,-0.54000,0.04320
,,, 0.00040215999,-0.54000,0.04320
,,, 0.00040220001,-0.54000,0.04320
,,, 0.00040224000,-0.54000,0.04320
,,, 0.00040227998,-0.54000,0.04240
,,, 0.00040232000,-0.56000,0.04240
,,, 0.00040235999,-0.56000,0.04320
,,, 0.00040240001,-0.56000,0.04240
,,, 0.00040244000,-0.56000,0.04240
,,, 0.00040247999,-0.58000,0.04320
,,, 0.00040252000,-0.58000,0.04240
,,, 0.00040255999,-0.56000,0.04240
,,, 0.00040260001,-0.58000,0.04160
,,, 0.00040264000,-0.58000,0.04160
,,, 0.00040267999,-0.58000,0.04160
,,, 0.00040272000,-0.58000,0.04160
,,, 0.00040275999,-0.60000,0.04160
,,, 0.00040280001,-0.60000,0.04240
,,, 0.00040284000,-0.60000,0.04160
,,, 0.00040287999,-0.60000,0.04080
,,, 0.00040292001,-0.60000,0.04080
,,, 0.00040295999,-0.62000,0.04080
,,, 0.00040299998,-0.62000,0.04080
,,, 0.00040304000,-0.62000,0.04080
,,, 0.00040307999,-0.62000,0.04080
,,, 0.00040312001,-0.62000,0.04080
,,, 0.00040316000,-0.62000,0.04080
,,, 0.00040319999,-0.64000,0.04000
,,, 0.00040324000,-0.62000,0.04080
,,, 0.00040327999,-0.64000,0.04080
,,, 0.00040332001,-0.64000,0.04080
,,, 0.00040336000,-0.64000,0.04080
,,, 0.00040339999,-0.66000,0.04000
,,, 0.00040344000,-0.66000,0.04000
,,, 0.00040347999,-0.66000,0.04000
,,, 0.00040352001,-0.66000,0.04000
,,, 0.00040356000,-0.66000,0.04000
,,, 0.00040359999,-0.66000,0.04000
,,, 0.00040364001,-0.68000,0.04000
,,, 0.00040367999,-0.68000,0.03920
,,, 0.00040371998,-0.68000,0.03920
,,, 0.00040376000,-0.68000,0.03920
,,, 0.00040379999,-0.68000,0.03920
,,, 0.00040384001,-0.68000,0.03920
,,, 0.00040388000,-0.70000,0.03920
,,, 0.00040391998,-0.70000,0.03920
,,, 0.00040396000,-0.70000,0.03840
,,, 0.00040399999,-0.70000,0.03840
,,, 0.00040404001,-0.70000,0.03840
,,, 0.00040408000,-0.70000,0.03840
,,, 0.00040411999,-0.72000,0.03840
,,, 0.00040416000,-0.72000,0.03840
,,, 0.00040419999,-0.72000,0.03760
,,, 0.00040424001,-0.72000,0.03840
,,, 0.00040428000,-0.72000,0.03760
,,, 0.00040431999,-0.74000,0.03760
,,, 0.00040436001,-0.72000,0.03760
,,, 0.00040439999,-0.74000,0.03760
,,, 0.00040444001,-0.74000,0.03760
,,, 0.00040448000,-0.74000,0.03680
,,, 0.00040451999,-0.74000,0.03680
,,, 0.00040456001,-0.74000,0.03680
,,, 0.00040460000,-0.74000,0.03680
,,, 0.00040463998,-0.76000,0.03680
,,, 0.00040468000,-0.76000,0.03680
,,, 0.00040471999,-0.76000,0.03680
,,, 0.00040476001,-0.76000,0.03600
,,, 0.00040480000,-0.76000,0.03600
,,, 0.00040483999,-0.76000,0.03600
,,, 0.00040488000,-0.76000,0.03600
,,, 0.00040491999,-0.78000,0.03600
,,, 0.00040496001,-0.78000,0.03600
,,, 0.00040500000,-0.78000,0.03600
,,, 0.00040503999,-0.78000,0.03600
,,, 0.00040508001,-0.78000,0.03520
,,, 0.00040511999,-0.78000,0.03520
,,, 0.00040516001,-0.80000,0.03520
,,, 0.00040520000,-0.80000,0.03520
,,, 0.00040523999,-0.80000,0.03520
,,, 0.00040528001,-0.80000,0.03440
,,, 0.00040532000,-0.82000,0.03440
,,, 0.00040535998,-0.82000,0.03520
,,, 0.00040540000,-0.80000,0.03440
,,, 0.00040543999,-0.82000,0.03360
,,, 0.00040548001,-0.82000,0.03440
,,, 0.00040552000,-0.82000,0.03440
,,, 0.00040555999,-0.82000,0.03440
,,, 0.00040560000,-0.82000,0.03440
,,, 0.00040563999,-0.82000,0.03360
,,, 0.00040568001,-0.84000,0.03360
,,, 0.00040572000,-0.82000,0.03360
,,, 0.00040575999,-0.84000,0.03280
,,, 0.00040580000,-0.84000,0.03280
,,, 0.00040583999,-0.84000,0.03280
,,, 0.00040588001,-0.84000,0.03280
,,, 0.00040592000,-0.84000,0.03280
,,, 0.00040595999,-0.86000,0.03200
,,, 0.00040600001,-0.86000,0.03200
,,, 0.00040604000,-0.86000,0.03280
,,, 0.00040607998,-0.86000,0.03200
,,, 0.00040612000,-0.86000,0.03200
,,, 0.00040615999,-0.86000,0.03200
,,, 0.00040620001,-0.86000,0.03120
,,, 0.00040624000,-0.86000,0.03200
,,, 0.00040627999,-0.86000,0.03200
,,, 0.00040632000,-0.88000,0.03120
,,, 0.00040635999,-0.88000,0.03040
,,, 0.00040640001,-0.88000,0.03120
,,, 0.00040644000,-0.88000,0.03120
,,, 0.00040647999,-0.88000,0.03120
,,, 0.00040652000,-0.88000,0.03040
,,, 0.00040655999,-0.88000,0.03040
,,, 0.00040660001,-0.88000,0.03040
,,, 0.00040664000,-0.88000,0.02960
,,, 0.00040667999,-0.90000,0.02960
,,, 0.00040672001,-0.88000,0.02960
,,, 0.00040675999,-0.90000,0.02960
,,, 0.00040679998,-0.90000,0.02960
,,, 0.00040684000,-0.90000,0.02880
,,, 0.00040687999,-0.90000,0.02880
,,, 0.00040692001,-0.90000,0.02880
,,, 0.00040696000,-0.92000,0.02880
,,, 0.00040699998,-0.90000,0.02880
,,, 0.00040704000,-0.92000,0.02880
,,, 0.00040707999,-0.92000,0.02880
,,, 0.00040712001,-0.92000,0.02880
,,, 0.00040716000,-0.92000,0.02800
,,, 0.00040719999,-0.94000,0.02800
,,, 0.00040724000,-0.92000,0.02800
,,, 0.00040727999,-0.92000,0.02800
,,, 0.00040732001,-0.94000,0.02720
,,, 0.00040736000,-0.94000,0.02720
,,, 0.00040739999,-0.94000,0.02800
,,, 0.00040744001,-0.94000,0.02720
,,, 0.00040747999,-0.94000,0.02640
,,, 0.00040751998,-0.94000,0.02640
,,, 0.00040756000,-0.94000,0.02640
,,, 0.00040759999,-0.94000,0.02640
,,, 0.00040764001,-0.94000,0.02720
,,, 0.00040768000,-0.96000,0.02640
,,, 0.00040771998,-0.94000,0.02640
,,, 0.00040776000,-0.94000,0.02560
,,, 0.00040779999,-0.96000,0.02560
,,, 0.00040784001,-0.96000,0.02560
,,, 0.00040788000,-0.96000,0.02560
,,, 0.00040791999,-0.96000,0.02560
,,, 0.00040796000,-0.96000,0.02560
,,, 0.00040799999,-0.96000,0.02480
,,, 0.00040804001,-0.96000,0.02480
,,, 0.00040808000,-0.98000,0.02480
,,, 0.00040811999,-0.98000,0.02480
,,, 0.00040816001,-0.98000,0.02480
,,, 0.00040819999,-0.98000,0.02480
,,, 0.00040824001,-0.98000,0.02400
,,, 0.00040828000,-0.98000,0.02400
,,, 0.00040831999,-0.98000,0.02320
,,, 0.00040836001,-0.98000,0.02400
,,, 0.00040840000,-0.98000,0.02400
,,, 0.00040843998,-0.98000,0.02320
,,, 0.00040848000,-0.98000,0.02240
,,, 0.00040851999,-0.98000,0.02320
,,, 0.00040856001,-1.00000,0.02240
,,, 0.00040860000,-0.98000,0.02240
,,, 0.00040863999,-1.00000,0.02240
,,, 0.00040868000,-1.00000,0.02160
,,, 0.00040871999,-1.00000,0.02160
,,, 0.00040876001,-1.00000,0.02160
,,, 0.00040880000,-1.00000,0.02080
,,, 0.00040883999,-1.00000,0.02080
,,, 0.00040888001,-1.00000,0.02080
,,, 0.00040891999,-1.00000,0.02080
,,, 0.00040896001,-1.00000,0.02080
,,, 0.00040900000,-1.00000,0.02000
,,, 0.00040903999,-1.02000,0.02000
,,, 0.00040908001,-1.00000,0.02000
,,, 0.00040912000,-1.02000,0.01920
,,, 0.00040915998,-1.00000,0.02000
,,, 0.00040920000,-1.02000,0.02000
,,, 0.00040923999,-1.02000,0.01920
,,, 0.00040928001,-1.02000,0.01920
,,, 0.00040932000,-1.02000,0.01920
,,, 0.00040935999,-1.28000,-0.00080
,,, 0.00040940000,-1.50000,-0.02000
,,, 0.00040943999,-1.78000,-0.04080
,,, 0.00040948001,-2.08000,-0.06400
,,, 0.00040952000,-2.40000,-0.09120
,,, 0.00040955999,-2.56000,-0.10240
