Record Length,20480,,Source,CH1,CH2
Sample Interval,CH1:0.0000000100000 CH2:0.0000000100000,,Second,Volt,Volt
Vertical Units,CH1:V CH2:V,,-0.00010240000,4.32000,0.01400
Vertical Scale,CH1:2.00 CH2:0.05,,-0.00010239000,4.24000,0.01200
Vertical Offset,CH1:0.00 CH2:0.00,,-0.00010238000,4.32000,0.00800
Horizontal Units,s,,-0.00010237000,4.32000,0.00400
Horizontal Scale,0.0000100000,,-0.00010236000,4.32000,0.00
Model Number,SDS1102CML+,,-0.00010235000,4.32000,0.00
Serial Number,SDS1MHEX5R4100,,-0.00010234000,4.24000,0.00
Software Version,6.01.01.21R2,,-0.00010233000,4.32000,-0.00200
,,,-0.00010232000,4.32000,0.00
,,,-0.00010231000,4.32000,0.00
,,,-0.00010230000,4.32000,0.00
,,,-0.00010229000,4.32000,0.00
,,,-0.00010228000,4.32000,0.00200
,,,-0.00010227000,4.32000,0.00
,,,-0.00010226000,4.32000,-0.00200
,,,-0.00010225000,4.32000,-0.00200
,,,-0.00010224000,4.40000,-0.00400
,,,-0.00010223000,4.32000,-0.00200
,,,-0.00010222000,4.32000,-0.00400
,,,-0.00010221000,4.40000,-0.00400
,,,-0.00010220000,4.32000,-0.00600
,,,-0.00010219000,4.40000,-0.00800
,,,-0.00010218000,4.40000,-0.01000
,,,-0.00010217000,4.32000,-0.01200
,,,-0.00010216000,4.32000,-0.01600
,,,-0.00010215000,4.32000,-0.01600
,,,-0.00010214000,4.40000,-0.01600
,,,-0.00010213000,4.40000,-0.01600
,,,-0.00010212000,4.40000,-0.01200
,,,-0.00010211000,4.40000,-0.01000
,,,-0.00010210000,4.40000,-0.00800
,,,-0.00010209000,4.40000,-0.00800
,,,-0.00010208000,4.32000,-0.01000
,,,-0.00010207000,4.40000,-0.01200
,,,-0.00010206000,4.40000,-0.01600
,,,-0.00010205000,4.40000,-0.02400
,,,-0.00010204000,4.40000,-0.02600
,,,-0.00010203000,4.40000,-0.02800
,,,-0.00010202000,4.40000,-0.02800
,,,-0.00010201000,4.40000,-0.02600
,,,-0.00010200000,4.40000,-0.02400
,,,-0.00010199000,4.48000,-0.02200
,,,-0.00010198000,4.40000,-0.01800
,,,-0.00010197000,4.40000,-0.01600
,,,-0.00010196000,4.40000,-0.01600
,,,-0.00010195000,4.40000,-0.01600
,,,-0.00010194000,4.40000,-0.01600
,,,-0.00010193000,4.40000,-0.01800
,,,-0.00010192000,4.48000,-0.01800
,,,-0.00010191000,4.40000,-0.01800
,,,-0.00010190000,4.48000,-0.01800
,,,-0.00010189000,4.48000,-0.01600
,,,-0.00010188000,4.48000,-0.01400
,,,-0.00010187000,4.48000,-0.01000
,,,-0.00010186000,4.48000,-0.01000
,,,-0.00010185000,4.40000,-0.00800
,,,-0.00010184000,4.48000,-0.00800
,,,-0.00010183000,4.48000,-0.00800
,,,-0.00010182000,4.48000,-0.00800
,,,-0.00010181000,4.48000,-0.00800
,,,-0.00010180000,4.48000,-0.00800
,,,-0.00010179000,4.56000,-0.00400
,,,-0.00010178000,4.48000,-0.00400
,,,-0.00010177000,4.48000,-0.00200
,,,-0.00010176000,4.48000,0.00
,,,-0.00010175000,4.48000,0.00
,,,-0.00010174000,4.48000,0.00
,,,-0.00010173000,4.48000,-0.00200
,,,-0.00010172000,4.48000,-0.00400
,,,-0.00010171000,4.48000,-0.00600
,,,-0.00010170000,4.56000,-0.00600
,,,-0.00010169000,4.48000,-0.00400
,,,-0.00010168000,4.56000,-0.00200
,,,-0.00010167000,4.56000,0.00
,,,-0.00010166000,4.48000,0.00600
,,,-0.00010165000,4.48000,0.01200
,,,-0.00010164000,4.56000,0.01600
,,,-0.00010163000,4.48000,0.01800
,,,-0.00010162000,4.56000,0.02000
,,,-0.00010161000,4.56000,0.01600
,,,-0.00010160000,4.56000,0.01400
,,,-0.00010159000,4.56000,0.01200
,,,-0.00010158000,4.56000,0.00600
,,,-0.00010157000,4.56000,0.00600
,,,-0.00010156000,4.56000,0.00600
,,,-0.00010155000,4.56000,0.00800
,,,-0.00010154000,4.64000,0.01200
,,,-0.00010153000,4.56000,0.01400
,,,-0.00010152000,4.56000,0.01600
,,,-0.00010151000,4.56000,0.01600
,,,-0.00010150000,4.56000,0.01600
,,,-0.00010149000,4.56000,0.01400
,,,-0.00010148000,4.56000,0.01400
,,,-0.00010147000,4.64000,0.01200
,,,-0.00010146000,4.56000,0.00800
,,,-0.00010145000,4.56000,0.00800
,,,-0.00010144000,4.64000,0.00800
,,,-0.00010143000,4.56000,0.01000
,,,-0.00010142000,4.56000,0.00800
,,,-0.00010141000,4.64000,0.00800
,,,-0.00010140000,4.56000,0.00800
,,,-0.00010139000,4.56000,0.00600
,,,-0.00010138000,4.64000,0.00400
,,,-0.00010137000,4.56000,0.00
,,,-0.00010136000,4.56000,0.00
,,,-0.00010135000,4.64000,0.00
,,,-0.00010134000,4.64000,0.00
,,,-0.00010133000,4.64000,0.00200
,,,-0.00010132000,4.64000,0.00400
,,,-0.00010131000,4.64000,0.00600
,,,-0.00010130000,4.64000,0.00600
,,,-0.00010129000,4.64000,0.00600
,,,-0.00010128000,4.64000,0.00400
,,,-0.00010127000,4.64000,0.00
,,,-0.00010126000,4.64000,-0.00400
,,,-0.00010125000,4.64000,-0.01000
,,,-0.00010124000,4.64000,-0.01400
,,,-0.00010123000,4.64000,-0.01600
,,,-0.00010122000,4.64000,-0.01800
,,,-0.00010121000,4.64000,-0.01800
,,,-0.00010120000,4.64000,-0.01600
,,,-0.00010119000,4.64000,-0.01200
,,,-0.00010118000,4.64000,-0.01000
,,,-0.00010117000,4.64000,-0.01000
,,,-0.00010116000,4.64000,-0.01000
,,,-0.00010115000,4.64000,-0.01200
,,,-0.00010114000,4.64000,-0.01600
,,,-0.00010113000,4.64000,-0.02000
,,,-0.00010112000,4.64000,-0.02400
,,,-0.00010111000,4.64000,-0.02600
,,,-0.00010110000,4.64000,-0.02800
,,,-0.00010109000,4.64000,-0.02800
,,,-0.00010108000,4.64000,-0.02800
,,,-0.00010107000,4.64000,-0.02600
,,,-0.00010106000,4.64000,-0.02400
,,,-0.00010105000,4.64000,-0.02600
,,,-0.00010104000,4.64000,-0.02600
,,,-0.00010103000,4.64000,-0.02600
,,,-0.00010102000,4.64000,-0.02600
,,,-0.00010101000,4.64000,-0.02400
,,,-0.00010100000,4.72000,-0.02400
,,,-0.00010099000,4.72000,-0.02200
,,,-0.00010098000,4.80000,-0.02200
,,,-0.00010097000,4.64000,-0.02200
,,,-0.00010096000,4.72000,-0.02000
,,,-0.00010095000,4.72000,-0.02400
,,,-0.00010094000,4.72000,-0.02600
,,,-0.00010093000,4.72000,-0.02600
,,,-0.00010092000,4.72000,-0.02800
,,,-0.00010091000,4.72000,-0.02800
,,,-0.00010090000,4.64000,-0.02800
,,,-0.00010089000,4.80000,-0.02600
,,,-0.00010088000,4.80000,-0.02400
,,,-0.00010087000,4.80000,-0.02000
,,,-0.00010086000,4.80000,-0.01600
,,,-0.00010085000,4.80000,-0.01200
,,,-0.00010084000,4.64000,-0.00800
,,,-0.00010083000,4.80000,-0.00800
,,,-0.00010082000,4.80000,-0.00800
,,,-0.00010081000,4.80000,-0.01000
,,,-0.00010080000,4.72000,-0.01200
,,,-0.00010079000,4.80000,-0.01400
,,,-0.00010078000,4.80000,-0.01600
,,,-0.00010077000,4.80000,-0.01400
,,,-0.00010076000,4.80000,-0.01400
,,,-0.00010075000,4.80000,-0.01000
,,,-0.00010074000,4.80000,-0.00800
,,,-0.00010073000,4.80000,-0.00400
,,,-0.00010072000,4.80000,-0.00200
,,,-0.00010071000,4.80000,0.00200
,,,-0.00010070000,4.80000,0.00200
,,,-0.00010069000,4.80000,0.00400
,,,-0.00010068000,4.80000,0.00600
,,,-0.00010067000,4.80000,0.00400
,,,-0.00010066000,4.80000,0.00800
,,,-0.00010065000,4.80000,0.00600
,,,-0.00010064000,4.80000,0.00800
,,,-0.00010063000,4.80000,0.00800
,,,-0.00010062000,4.80000,0.00600
,,,-0.00010061000,4.80000,0.00600
,,,-0.00010060000,4.80000,0.00600
,,,-0.00010059000,4.80000,0.00400
,,,-0.00010058000,4.80000,0.00400
,,,-0.00010057000,4.80000,0.00400
,,,-0.00010056000,4.80000,0.00600
,,,-0.00010055000,4.80000,0.00800
,,,-0.00010054000,4.80000,0.01200
,,,-0.00010053000,4.80000,0.01200
,,,-0.00010052000,4.80000,0.01600
,,,-0.00010051000,4.80000,0.02000
,,,-0.00010050000,4.80000,0.02000
,,,-0.00010049000,4.80000,0.01800
,,,-0.00010048000,4.80000,0.01600
,,,-0.00010047000,4.80000,0.01200
,,,-0.00010046000,4.80000,0.00800
,,,-0.00010045000,4.80000,0.00600
,,,-0.00010044000,4.80000,0.00400
,,,-0.00010043000,4.80000,0.00200
,,,-0.00010042000,4.80000,0.00400
,,,-0.00010041000,4.80000,0.00600
,,,-0.00010040000,4.80000,0.00400
,,,-0.00010039000,4.80000,0.00600
,,,-0.00010038000,4.80000,0.00600
,,,-0.00010037000,4.80000,0.00600
,,,-0.00010036000,4.80000,0.00600
,,,-0.00010035000,4.88000,0.00200
,,,-0.00010034000,4.80000,0.00
,,,-0.00010033000,4.80000,-0.00200
,,,-0.00010032000,4.80000,-0.00400
,,,-0.00010031000,4.80000,-0.00600
,,,-0.00010030000,4.80000,-0.01000
,,,-0.00010029000,4.80000,-0.01000
,,,-0.00010028000,4.80000,-0.01200
,,,-0.00010027000,4.80000,-0.01200
,,,-0.00010026000,4.80000,-0.01200
,,,-0.00010025000,4.80000,-0.01200
,,,-0.00010024000,4.88000,-0.01000
,,,-0.00010023000,4.80000,-0.00800
,,,-0.00010022000,4.80000,-0.00800
,,,-0.00010021000,4.80000,-0.00600
,,,-0.00010020000,4.80000,-0.00800
,,,-0.00010019000,4.80000,-0.00800
,,,-0.00010018000,4.80000,-0.00800
,,,-0.00010017000,4.80000,-0.01000
,,,-0.00010016000,4.88000,-0.01200
,,,-0.00010015000,4.80000,-0.01600
,,,-0.00010014000,4.80000,-0.01800
,,,-0.00010013000,4.80000,-0.02200
,,,-0.00010012000,4.80000,-0.02600
,,,-0.00010011000,4.80000,-0.02800
,,,-0.00010010000,4.80000,-0.02800
,,,-0.00010009000,4.80000,-0.02800
,,,-0.00010008000,4.80000,-0.02600
,,,-0.00010007000,4.80000,-0.02200
,,,-0.00010006000,4.80000,-0.02000
,,,-0.00010005000,4.80000,-0.02000
,,,-0.00010004000,4.80000,-0.01800
,,,-0.00010003000,4.80000,-0.01800
,,,-0.00010002000,4.80000,-0.02000
,,,-0.00010001000,4.80000,-0.02400
,,,-0.00010000000,4.80000,-0.02600
,,,-0.00009999000,4.88000,-0.02800
,,,-0.00009998000,4.80000,-0.02800
,,,-0.00009997000,4.80000,-0.02800
,,,-0.00009996000,4.80000,-0.02600
,,,-0.00009995000,4.80000,-0.02400
,,,-0.00009994000,4.80000,-0.02000
,,,-0.00009993000,4.80000,-0.01600
,,,-0.00009992000,4.80000,-0.01600
,,,-0.00009991000,4.80000,-0.01200
,,,-0.00009990000,4.80000,-0.01200
,,,-0.00009989000,4.80000,-0.01200
,,,-0.00009988000,4.88000,-0.01000
,,,-0.00009987000,4.80000,-0.00800
,,,-0.00009986000,4.80000,-0.00800
,,,-0.00009985000,4.80000,-0.00800
,,,-0.00009984000,4.80000,-0.01000
,,,-0.00009983000,4.80000,-0.01000
,,,-0.00009982000,4.80000,-0.01200
,,,-0.00009981000,4.88000,-0.01400
,,,-0.00009980000,4.80000,-0.01600
,,,-0.00009979000,4.88000,-0.01600
,,,-0.00009978000,4.80000,-0.01600
,,,-0.00009977000,4.80000,-0.01000
,,,-0.00009976000,4.88000,-0.00800
,,,-0.00009975000,4.88000,-0.00400
,,,-0.00009974000,4.80000,0.00
,,,-0.00009973000,4.80000,0.00
,,,-0.00009972000,4.80000,0.00400
,,,-0.00009971000,4.88000,0.00400
,,,-0.00009970000,4.80000,0.00600
,,,-0.00009969000,4.88000,0.00400
,,,-0.00009968000,4.80000,0.00400
,,,-0.00009967000,4.88000,0.00400
,,,-0.00009966000,4.88000,0.00400
,,,-0.00009965000,4.88000,0.00200
,,,-0.00009964000,4.88000,0.00400
,,,-0.00009963000,4.80000,0.00400
,,,-0.00009962000,4.88000,0.00600
,,,-0.00009961000,4.88000,0.00800
,,,-0.00009960000,4.88000,0.01000
,,,-0.00009959000,4.88000,0.01000
,,,-0.00009958000,4.88000,0.01200
,,,-0.00009957000,4.80000,0.01200
,,,-0.00009956000,4.80000,0.01200
,,,-0.00009955000,4.88000,0.01400
,,,-0.00009954000,4.88000,0.01400
,,,-0.00009953000,4.88000,0.01600
,,,-0.00009952000,4.88000,0.01400
,,,-0.00009951000,4.80000,0.01200
,,,-0.00009950000,4.88000,0.01200
,,,-0.00009949000,4.80000,0.00800
,,,-0.00009948000,4.88000,0.00600
,,,-0.00009947000,4.80000,0.00400
,,,-0.00009946000,4.80000,0.00
,,,-0.00009945000,4.80000,0.00
,,,-0.00009944000,4.88000,0.00
,,,-0.00009943000,4.80000,0.00200
,,,-0.00009942000,4.88000,0.00400
,,,-0.00009941000,4.88000,0.00800
,,,-0.00009940000,4.80000,0.00800
,,,-0.00009939000,4.80000,0.01200
,,,-0.00009938000,4.88000,0.01000
,,,-0.00009937000,4.80000,0.00800
,,,-0.00009936000,4.80000,0.00400
,,,-0.00009935000,4.88000,0.00
,,,-0.00009934000,4.80000,-0.00400
,,,-0.00009933000,4.80000,-0.01000
,,,-0.00009932000,4.80000,-0.01400
,,,-0.00009931000,4.88000,-0.01200
,,,-0.00009930000,4.80000,-0.01200
,,,-0.00009929000,4.88000,-0.01000
,,,-0.00009928000,4.88000,-0.00600
,,,-0.00009927000,4.80000,-0.00400
,,,-0.00009926000,4.80000,-0.00400
,,,-0.00009925000,4.80000,-0.00600
,,,-0.00009924000,4.80000,-0.01000
,,,-0.00009923000,4.80000,-0.01200
,,,-0.00009922000,4.88000,-0.01800
,,,-0.00009921000,4.80000,-0.02200
,,,-0.00009920000,4.80000,-0.02600
,,,-0.00009919000,4.80000,-0.02600
,,,-0.00009918000,4.80000,-0.02800
,,,-0.00009917000,4.88000,-0.02600
,,,-0.00009916000,4.80000,-0.02600
,,,-0.00009915000,4.88000,-0.02400
,,,-0.00009914000,4.80000,-0.02200
,,,-0.00009913000,4.80000,-0.02400
,,,-0.00009912000,4.80000,-0.02400
,,,-0.00009911000,4.80000,-0.02400
,,,-0.00009910000,4.80000,-0.02400
,,,-0.00009909000,4.80000,-0.02400
,,,-0.00009908000,4.80000,-0.02400
,,,-0.00009907000,4.80000,-0.02400
,,,-0.00009906000,4.80000,-0.02000
,,,-0.00009905000,4.80000,-0.02000
,,,-0.00009904000,4.80000,-0.01800
,,,-0.00009903000,4.80000,-0.01800
,,,-0.00009902000,4.80000,-0.02200
,,,-0.00009901000,4.80000,-0.02200
,,,-0.00009900000,4.80000,-0.02400
,,,-0.00009899000,4.88000,-0.02600
,,,-0.00009898000,4.80000,-0.02400
,,,-0.00009897000,4.88000,-0.02200
,,,-0.00009896000,4.80000,-0.02000
,,,-0.00009895000,4.80000,-0.01600
,,,-0.00009894000,4.80000,-0.01200
,,,-0.00009893000,4.80000,-0.01200
,,,-0.00009892000,4.80000,-0.01200
,,,-0.00009891000,4.80000,-0.01400
,,,-0.00009890000,4.80000,-0.01800
,,,-0.00009889000,4.80000,-0.02000
,,,-0.00009888000,4.80000,-0.02400
,,,-0.00009887000,4.80000,-0.02400
,,,-0.00009886000,4.80000,-0.02200
,,,-0.00009885000,4.80000,-0.02000
,,,-0.00009884000,4.80000,-0.01600
,,,-0.00009883000,4.80000,-0.01000
,,,-0.00009882000,4.80000,-0.00600
,,,-0.00009881000,4.80000,-0.00200
,,,-0.00009880000,4.80000,0.00
,,,-0.00009879000,4.80000,0.00
,,,-0.00009878000,4.80000,0.00200
,,,-0.00009877000,4.80000,0.00200
,,,-0.00009876000,4.80000,0.00400
,,,-0.00009875000,4.80000,0.00400
,,,-0.00009874000,4.80000,0.00400
,,,-0.00009873000,4.80000,0.00800
,,,-0.00009872000,4.80000,0.00800
,,,-0.00009871000,4.80000,0.00800
,,,-0.00009870000,4.80000,0.01000
,,,-0.00009869000,4.80000,0.00800
,,,-0.00009868000,4.80000,0.00800
,,,-0.00009867000,4.80000,0.00800
,,,-0.00009866000,4.80000,0.00800
,,,-0.00009865000,4.80000,0.00800
,,,-0.00009864000,4.80000,0.00800
,,,-0.00009863000,4.80000,0.01200
,,,-0.00009862000,4.80000,0.01400
,,,-0.00009861000,4.80000,0.01600
,,,-0.00009860000,4.80000,0.01600
,,,-0.00009859000,4.80000,0.01600
,,,-0.00009858000,4.80000,0.01400
,,,-0.00009857000,4.80000,0.01400
,,,-0.00009856000,4.80000,0.00800
,,,-0.00009855000,4.80000,0.00400
,,,-0.00009854000,4.72000,0.00200
,,,-0.00009853000,4.80000,0.00200
,,,-0.00009852000,4.80000,0.00
,,,-0.00009851000,4.80000,0.00600
,,,-0.00009850000,4.80000,0.00600
,,,-0.00009849000,4.80000,0.01000
,,,-0.00009848000,4.80000,0.01400
,,,-0.00009847000,4.80000,0.01400
,,,-0.00009846000,4.80000,0.01800
,,,-0.00009845000,4.80000,0.01800
,,,-0.00009844000,4.80000,0.01400
,,,-0.00009843000,4.72000,0.01200
,,,-0.00009842000,4.80000,0.00800
,,,-0.00009841000,4.80000,0.00400
,,,-0.00009840000,4.72000,-0.00200
,,,-0.00009839000,4.80000,-0.00200
,,,-0.00009838000,4.80000,-0.00200
,,,-0.00009837000,4.80000,0.00
,,,-0.00009836000,4.72000,0.00
,,,-0.00009835000,4.80000,0.00
,,,-0.00009834000,4.80000,0.00
,,,-0.00009833000,4.64000,-0.00200
,,,-0.00009832000,4.72000,-0.00200
,,,-0.00009831000,4.80000,-0.00400
,,,-0.00009830000,4.80000,-0.01000
,,,-0.00009829000,4.72000,-0.00800
,,,-0.00009828000,4.80000,-0.01000
,,,-0.00009827000,4.64000,-0.01200
,,,-0.00009826000,4.72000,-0.01600
,,,-0.00009825000,4.72000,-0.01600
,,,-0.00009824000,4.72000,-0.01800
,,,-0.00009823000,4.72000,-0.02400
,,,-0.00009822000,4.72000,-0.02400
,,,-0.00009821000,4.72000,-0.02400
,,,-0.00009820000,4.64000,-0.02400
,,,-0.00009819000,4.72000,-0.02400
,,,-0.00009818000,4.72000,-0.01800
,,,-0.00009817000,4.64000,-0.01600
,,,-0.00009816000,4.72000,-0.01400
,,,-0.00009815000,4.64000,-0.00800
,,,-0.00009814000,4.64000,-0.00600
,,,-0.00009813000,4.64000,-0.00800
,,,-0.00009812000,4.64000,-0.00800
,,,-0.00009811000,4.64000,-0.01200
,,,-0.00009810000,4.64000,-0.01800
,,,-0.00009809000,4.64000,-0.02200
,,,-0.00009808000,4.64000,-0.02600
,,,-0.00009807000,4.64000,-0.03000
,,,-0.00009806000,4.64000,-0.03000
,,,-0.00009805000,4.64000,-0.02800
,,,-0.00009804000,4.64000,-0.02800
,,,-0.00009803000,4.64000,-0.02200
,,,-0.00009802000,4.64000,-0.02000
,,,-0.00009801000,4.64000,-0.01800
,,,-0.00009800000,4.64000,-0.02000
,,,-0.00009799000,4.64000,-0.01800
,,,-0.00009798000,4.64000,-0.02000
,,,-0.00009797000,4.64000,-0.02200
,,,-0.00009796000,4.64000,-0.02400
,,,-0.00009795000,4.64000,-0.02200
,,,-0.00009794000,4.64000,-0.02000
,,,-0.00009793000,4.64000,-0.01800
,,,-0.00009792000,4.64000,-0.01600
,,,-0.00009791000,4.64000,-0.01600
,,,-0.00009790000,4.56000,-0.01200
,,,-0.00009789000,4.64000,-0.01000
,,,-0.00009788000,4.64000,-0.00800
,,,-0.00009787000,4.64000,-0.00600
,,,-0.00009786000,4.56000,-0.00600
,,,-0.00009785000,4.64000,-0.00400
,,,-0.00009784000,4.56000,-0.00200
,,,-0.00009783000,4.64000,0.00400
,,,-0.00009782000,4.64000,0.00800
,,,-0.00009781000,4.64000,0.00800
,,,-0.00009780000,4.56000,0.01200
,,,-0.00009779000,4.56000,0.01400
,,,-0.00009778000,4.64000,0.01200
,,,-0.00009777000,4.56000,0.01000
,,,-0.00009776000,4.56000,0.00600
,,,-0.00009775000,4.64000,0.00200
,,,-0.00009774000,4.56000,0.00
,,,-0.00009773000,4.56000,0.00
,,,-0.00009772000,4.56000,-0.00200
,,,-0.00009771000,4.56000,-0.00200
,,,-0.00009770000,4.56000,0.00200
,,,-0.00009769000,4.64000,0.00600
,,,-0.00009768000,4.48000,0.01000
,,,-0.00009767000,4.64000,0.01200
,,,-0.00009766000,4.56000,0.01400
,,,-0.00009765000,4.56000,0.01600
,,,-0.00009764000,4.56000,0.01600
,,,-0.00009763000,4.56000,0.01400
,,,-0.00009762000,4.56000,0.01200
,,,-0.00009761000,4.56000,0.01000
,,,-0.00009760000,4.56000,0.00800
,,,-0.00009759000,4.56000,0.01000
,,,-0.00009758000,4.56000,0.00800
,,,-0.00009757000,4.56000,0.01200
,,,-0.00009756000,4.56000,0.01200
,,,-0.00009755000,4.56000,0.01400
,,,-0.00009754000,4.56000,0.01600
,,,-0.00009753000,4.56000,0.01800
,,,-0.00009752000,4.56000,0.01800
,,,-0.00009751000,4.56000,0.01800
,,,-0.00009750000,4.48000,0.01600
,,,-0.00009749000,4.56000,0.01400
,,,-0.00009748000,4.56000,0.01200
,,,-0.00009747000,4.56000,0.00800
,,,-0.00009746000,4.56000,0.00600
,,,-0.00009745000,4.48000,0.00400
,,,-0.00009744000,4.56000,0.00
,,,-0.00009743000,4.56000,-0.00200
,,,-0.00009742000,4.56000,-0.00600
,,,-0.00009741000,4.48000,-0.00800
,,,-0.00009740000,4.56000,-0.01000
,,,-0.00009739000,4.48000,-0.01200
,,,-0.00009738000,4.56000,-0.01000
,,,-0.00009737000,4.48000,-0.00800
,,,-0.00009736000,4.56000,-0.00800
,,,-0.00009735000,4.48000,-0.00400
,,,-0.00009734000,4.48000,-0.00200
,,,-0.00009733000,4.48000,-0.00400
,,,-0.00009732000,4.48000,-0.00600
,,,-0.00009731000,4.48000,-0.00800
,,,-0.00009730000,4.48000,-0.01200
,,,-0.00009729000,4.48000,-0.01600
,,,-0.00009728000,4.40000,-0.01800
,,,-0.00009727000,4.48000,-0.01800
,,,-0.00009726000,4.48000,-0.01800
,,,-0.00009725000,4.40000,-0.01600
,,,-0.00009724000,4.40000,-0.01400
,,,-0.00009723000,4.40000,-0.01200
,,,-0.00009722000,4.48000,-0.01200
,,,-0.00009721000,4.40000,-0.01200
,,,-0.00009720000,4.48000,-0.01400
,,,-0.00009719000,4.40000,-0.01800
,,,-0.00009718000,4.40000,-0.02000
,,,-0.00009717000,4.40000,-0.02200
,,,-0.00009716000,4.40000,-0.02400
,,,-0.00009715000,4.40000,-0.02600
,,,-0.00009714000,4.40000,-0.02600
,,,-0.00009713000,4.40000,-0.02800
,,,-0.00009712000,4.40000,-0.03000
,,,-0.00009711000,4.40000,-0.03200
,,,-0.00009710000,4.40000,-0.03200
,,,-0.00009709000,4.40000,-0.03200
,,,-0.00009708000,4.32000,-0.03400
,,,-0.00009707000,4.40000,-0.03200
,,,-0.00009706000,4.32000,-0.03200
,,,-0.00009705000,4.40000,-0.02800
,,,-0.00009704000,4.32000,-0.02400
,,,-0.00009703000,4.32000,-0.02000
,,,-0.00009702000,4.40000,-0.01800
,,,-0.00009701000,4.32000,-0.01600
,,,-0.00009700000,4.40000,-0.01400
,,,-0.00009699000,4.40000,-0.01200
,,,-0.00009698000,4.40000,-0.01200
,,,-0.00009697000,4.32000,-0.01200
,,,-0.00009696000,4.40000,-0.01200
,,,-0.00009695000,4.32000,-0.01600
,,,-0.00009694000,4.32000,-0.01600
,,,-0.00009693000,4.32000,-0.01400
,,,-0.00009692000,4.32000,-0.01400
,,,-0.00009691000,4.32000,-0.01000
,,,-0.00009690000,4.32000,-0.00800
,,,-0.00009689000,4.32000,-0.00600
,,,-0.00009688000,4.32000,-0.00600
,,,-0.00009687000,4.32000,-0.00400
,,,-0.00009686000,4.32000,-0.00400
,,,-0.00009685000,4.32000,-0.00400
,,,-0.00009684000,4.32000,-0.00600
,,,-0.00009683000,4.32000,-0.00600
,,,-0.00009682000,4.32000,-0.00400
,,,-0.00009681000,4.24000,-0.00800
,,,-0.00009680000,4.24000,-0.00600
,,,-0.00009679000,4.32000,-0.00400
,,,-0.00009678000,4.32000,-0.00400
,,,-0.00009677000,4.24000,-0.00200
,,,-0.00009676000,4.32000,0.00
,,,-0.00009675000,4.32000,0.00200
,,,-0.00009674000,4.32000,0.00400
,,,-0.00009673000,4.24000,0.00800
,,,-0.00009672000,4.24000,0.01200
,,,-0.00009671000,4.32000,0.01600
,,,-0.00009670000,4.32000,0.02000
,,,-0.00009669000,4.24000,0.02200
,,,-0.00009668000,4.32000,0.02200
,,,-0.00009667000,4.24000,0.02200
,,,-0.00009666000,4.32000,0.02000
,,,-0.00009665000,4.24000,0.02000
,,,-0.00009664000,4.24000,0.01600
,,,-0.00009663000,4.24000,0.01400
,,,-0.00009662000,4.24000,0.01200
,,,-0.00009661000,4.32000,0.01000
,,,-0.00009660000,4.24000,0.01200
,,,-0.00009659000,4.24000,0.01200
,,,-0.00009658000,4.24000,0.01600
,,,-0.00009657000,4.24000,0.01800
,,,-0.00009656000,4.16000,0.01800
,,,-0.00009655000,4.24000,0.01800
,,,-0.00009654000,4.16000,0.01600
,,,-0.00009653000,4.24000,0.01400
,,,-0.00009652000,4.24000,0.01000
,,,-0.00009651000,4.24000,0.00800
,,,-0.00009650000,4.16000,0.00400
,,,-0.00009649000,4.16000,0.00400
,,,-0.00009648000,4.16000,0.00400
,,,-0.00009647000,4.16000,0.00400
,,,-0.00009646000,4.16000,0.00400
,,,-0.00009645000,4.16000,0.00400
,,,-0.00009644000,4.16000,0.00800
,,,-0.00009643000,4.16000,0.00800
,,,-0.00009642000,4.16000,0.00800
,,,-0.00009641000,4.16000,0.00800
,,,-0.00009640000,4.16000,0.00600
,,,-0.00009639000,4.16000,0.00800
,,,-0.00009638000,4.16000,0.00800
,,,-0.00009637000,4.16000,0.00400
,,,-0.00009636000,4.16000,0.00400
,,,-0.00009635000,4.16000,0.00400
,,,-0.00009634000,4.16000,0.00200
,,,-0.00009633000,4.16000,0.00
,,,-0.00009632000,4.16000,-0.00200
,,,-0.00009631000,4.16000,-0.00400
,,,-0.00009630000,4.16000,-0.00600
,,,-0.00009629000,4.00000,-0.00800
,,,-0.00009628000,4.00000,-0.01000
,,,-0.00009627000,4.00000,-0.01000
,,,-0.00009626000,4.08000,-0.01000
,,,-0.00009625000,4.00000,-0.01000
,,,-0.00009624000,4.00000,-0.01000
,,,-0.00009623000,4.08000,-0.00800
,,,-0.00009622000,4.00000,-0.01000
,,,-0.00009621000,4.00000,-0.01200
,,,-0.00009620000,4.00000,-0.01600
,,,-0.00009619000,4.00000,-0.01800
,,,-0.00009618000,4.00000,-0.02000
,,,-0.00009617000,4.00000,-0.02400
,,,-0.00009616000,4.00000,-0.02400
,,,-0.00009615000,4.00000,-0.02400
,,,-0.00009614000,4.00000,-0.02000
,,,-0.00009613000,4.00000,-0.01800
,,,-0.00009612000,4.00000,-0.01400
,,,-0.00009611000,4.00000,-0.01000
,,,-0.00009610000,3.92000,-0.01000
,,,-0.00009609000,4.00000,-0.00800
,,,-0.00009608000,3.92000,-0.01000
,,,-0.00009607000,4.00000,-0.01000
,,,-0.00009606000,3.92000,-0.01200
,,,-0.00009605000,3.92000,-0.01200
,,,-0.00009604000,3.92000,-0.01200
,,,-0.00009603000,3.92000,-0.01200
,,,-0.00009602000,3.92000,-0.01000
,,,-0.00009601000,4.00000,-0.01000
,,,-0.00009600000,3.92000,-0.01000
,,,-0.00009599000,4.00000,-0.01000
,,,-0.00009598000,3.92000,-0.01000
,,,-0.00009597000,3.92000,-0.01000
,,,-0.00009596000,3.92000,-0.01000
,,,-0.00009595000,3.92000,-0.01000
,,,-0.00009594000,3.92000,-0.00800
,,,-0.00009593000,3.92000,-0.00600
,,,-0.00009592000,3.92000,-0.00400
,,,-0.00009591000,3.92000,-0.00200
,,,-0.00009590000,3.92000,0.00
,,,-0.00009589000,3.92000,0.00
,,,-0.00009588000,3.84000,0.00
,,,-0.00009587000,3.84000,-0.00200
,,,-0.00009586000,3.84000,-0.00200
,,,-0.00009585000,3.92000,-0.00400
,,,-0.00009584000,3.84000,-0.00600
,,,-0.00009583000,3.84000,-0.00600
,,,-0.00009582000,3.92000,-0.00600
,,,-0.00009581000,3.84000,-0.00400
,,,-0.00009580000,3.84000,0.00200
,,,-0.00009579000,3.84000,0.00800
,,,-0.00009578000,3.84000,0.01200
,,,-0.00009577000,3.84000,0.01800
,,,-0.00009576000,3.76000,0.02000
,,,-0.00009575000,3.84000,0.02000
,,,-0.00009574000,3.84000,0.02000
,,,-0.00009573000,3.76000,0.01400
,,,-0.00009572000,3.84000,0.01200
,,,-0.00009571000,3.84000,0.00800
,,,-0.00009570000,3.84000,0.00600
,,,-0.00009569000,3.76000,0.00400
,,,-0.00009568000,3.76000,0.00400
,,,-0.00009567000,3.84000,0.00400
,,,-0.00009566000,3.76000,0.00600
,,,-0.00009565000,3.76000,0.00800
,,,-0.00009564000,3.76000,0.00800
,,,-0.00009563000,3.76000,0.01200
,,,-0.00009562000,3.68000,0.01000
,,,-0.00009561000,3.76000,0.01200
,,,-0.00009560000,3.68000,0.01200
,,,-0.00009559000,3.68000,0.01200
,,,-0.00009558000,3.68000,0.01200
,,,-0.00009557000,3.68000,0.01200
,,,-0.00009556000,3.68000,0.01200
,,,-0.00009555000,3.68000,0.01400
,,,-0.00009554000,3.68000,0.01200
,,,-0.00009553000,3.68000,0.01200
,,,-0.00009552000,3.68000,0.00800
,,,-0.00009551000,3.68000,0.00600
,,,-0.00009550000,3.68000,0.00400
,,,-0.00009549000,3.68000,0.00200
,,,-0.00009548000,3.68000,0.00400
,,,-0.00009547000,3.68000,0.00600
,,,-0.00009546000,3.68000,0.00800
,,,-0.00009545000,3.68000,0.01000
,,,-0.00009544000,3.68000,0.01200
,,,-0.00009543000,3.68000,0.01200
,,,-0.00009542000,3.68000,0.01200
,,,-0.00009541000,3.68000,0.00800
,,,-0.00009540000,3.60000,0.00600
,,,-0.00009539000,3.68000,0.00200
,,,-0.00009538000,3.68000,-0.00400
,,,-0.00009537000,3.60000,-0.00800
,,,-0.00009536000,3.60000,-0.01200
,,,-0.00009535000,3.60000,-0.01600
,,,-0.00009534000,3.60000,-0.01400
,,,-0.00009533000,3.60000,-0.01200
,,,-0.00009532000,3.60000,-0.01000
,,,-0.00009531000,3.60000,-0.00800
,,,-0.00009530000,3.60000,-0.00400
,,,-0.00009529000,3.60000,-0.00400
,,,-0.00009528000,3.60000,-0.00400
,,,-0.00009527000,3.60000,-0.00800
,,,-0.00009526000,3.60000,-0.01000
,,,-0.00009525000,3.60000,-0.01000
,,,-0.00009524000,3.60000,-0.01200
,,,-0.00009523000,3.52000,-0.01200
,,,-0.00009522000,3.52000,-0.01200
,,,-0.00009521000,3.60000,-0.01000
,,,-0.00009520000,3.52000,-0.01000
,,,-0.00009519000,3.52000,-0.01000
,,,-0.00009518000,3.52000,-0.01200
,,,-0.00009517000,3.52000,-0.01400
,,,-0.00009516000,3.52000,-0.01600
,,,-0.00009515000,3.52000,-0.01600
,,,-0.00009514000,3.52000,-0.01600
,,,-0.00009513000,3.52000,-0.01600
,,,-0.00009512000,3.52000,-0.01200
,,,-0.00009511000,3.52000,-0.01000
,,,-0.00009510000,3.52000,-0.00800
,,,-0.00009509000,3.52000,-0.00800
,,,-0.00009508000,3.52000,-0.00800
,,,-0.00009507000,3.52000,-0.01000
,,,-0.00009506000,3.36000,-0.01200
,,,-0.00009505000,3.52000,-0.01600
,,,-0.00009504000,3.28000,-0.02000
,,,-0.00009503000,3.52000,-0.02200
,,,-0.00009502000,3.36000,-0.02000
,,,-0.00009501000,3.28000,-0.01800
,,,-0.00009500000,3.28000,-0.01400
,,,-0.00009499000,3.28000,-0.00800
,,,-0.00009498000,3.36000,-0.00200
,,,-0.00009497000,3.28000,0.00400
,,,-0.00009496000,3.28000,0.00400
,,,-0.00009495000,3.28000,0.00400
,,,-0.00009494000,3.28000,0.00400
,,,-0.00009493000,3.20000,0.00200
,,,-0.00009492000,3.28000,0.00
,,,-0.00009491000,3.28000,0.00
,,,-0.00009490000,3.28000,0.00
,,,-0.00009489000,3.20000,0.00400
,,,-0.00009488000,3.28000,0.00400
,,,-0.00009487000,3.28000,0.00600
,,,-0.00009486000,3.28000,0.01000
,,,-0.00009485000,3.28000,0.01200
,,,-0.00009484000,3.28000,0.01400
,,,-0.00009483000,3.20000,0.01600
,,,-0.00009482000,3.28000,0.01600
,,,-0.00009481000,3.28000,0.02000
,,,-0.00009480000,3.20000,0.01600
,,,-0.00009479000,3.20000,0.01600
,,,-0.00009478000,3.20000,0.01600
,,,-0.00009477000,3.20000,0.01600
,,,-0.00009476000,3.20000,0.01600
,,,-0.00009475000,3.20000,0.01600
,,,-0.00009474000,3.20000,0.01600
,,,-0.00009473000,3.20000,0.01800
,,,-0.00009472000,3.20000,0.01600
,,,-0.00009471000,3.20000,0.01400
,,,-0.00009470000,3.20000,0.01400
,,,-0.00009469000,3.20000,0.01600
,,,-0.00009468000,3.12000,0.01800
,,,-0.00009467000,3.12000,0.02200
,,,-0.00009466000,3.20000,0.02800
,,,-0.00009465000,3.04000,0.03000
,,,-0.00009464000,3.20000,0.03200
,,,-0.00009463000,3.20000,0.03600
,,,-0.00009462000,3.12000,0.03600
,,,-0.00009461000,3.12000,0.03200
,,,-0.00009460000,3.04000,0.03000
,,,-0.00009459000,3.12000,0.02400
,,,-0.00009458000,3.04000,0.02000
,,,-0.00009457000,3.04000,0.01600
,,,-0.00009456000,3.04000,0.01600
,,,-0.00009455000,3.04000,0.01600
,,,-0.00009454000,3.04000,0.01800
,,,-0.00009453000,3.04000,0.02000
,,,-0.00009452000,3.04000,0.02200
,,,-0.00009451000,3.04000,0.02400
,,,-0.00009450000,3.04000,0.02400
,,,-0.00009449000,3.04000,0.02000
,,,-0.00009448000,3.04000,0.01800
,,,-0.00009447000,2.96000,0.01400
,,,-0.00009446000,3.04000,0.01200
,,,-0.00009445000,2.96000,0.00800
,,,-0.00009444000,2.96000,0.00400
,,,-0.00009443000,2.96000,0.00200
,,,-0.00009442000,2.96000,0.00200
,,,-0.00009441000,2.96000,0.00400
,,,-0.00009440000,2.96000,0.00200
,,,-0.00009439000,2.96000,0.00200
,,,-0.00009438000,2.96000,0.00
,,,-0.00009437000,2.96000,0.00
,,,-0.00009436000,2.96000,-0.00200
,,,-0.00009435000,2.96000,-0.00200
,,,-0.00009434000,2.96000,0.00
,,,-0.00009433000,2.96000,-0.00200
,,,-0.00009432000,2.88000,0.00
,,,-0.00009431000,2.88000,0.00200
,,,-0.00009430000,2.88000,0.00
,,,-0.00009429000,2.88000,0.00
,,,-0.00009428000,2.80000,-0.00200
,,,-0.00009427000,2.88000,-0.00600
,,,-0.00009426000,2.88000,-0.00800
,,,-0.00009425000,2.88000,-0.01400
,,,-0.00009424000,2.80000,-0.01600
,,,-0.00009423000,2.88000,-0.01800
,,,-0.00009422000,2.88000,-0.01800
,,,-0.00009421000,2.88000,-0.01800
,,,-0.00009420000,2.88000,-0.01600
,,,-0.00009419000,2.80000,-0.01400
,,,-0.00009418000,2.88000,-0.01000
,,,-0.00009417000,2.80000,-0.01000
,,,-0.00009416000,2.80000,-0.01000
,,,-0.00009415000,2.80000,-0.01200
,,,-0.00009414000,2.80000,-0.01200
,,,-0.00009413000,2.80000,-0.01800
,,,-0.00009412000,2.80000,-0.01800
,,,-0.00009411000,2.80000,-0.01800
,,,-0.00009410000,2.80000,-0.02000
,,,-0.00009409000,2.80000,-0.01800
,,,-0.00009408000,2.80000,-0.01800
,,,-0.00009407000,2.80000,-0.01600
,,,-0.00009406000,2.80000,-0.01400
,,,-0.00009405000,2.80000,-0.01400
,,,-0.00009404000,2.72000,-0.01000
,,,-0.00009403000,2.72000,-0.00800
,,,-0.00009402000,2.72000,-0.00800
,,,-0.00009401000,2.72000,-0.00800
,,,-0.00009400000,2.72000,-0.00600
,,,-0.00009399000,2.72000,-0.00400
,,,-0.00009398000,2.80000,-0.00400
,,,-0.00009397000,2.64000,-0.00400
,,,-0.00009396000,2.64000,-0.00400
,,,-0.00009395000,2.64000,-0.00600
,,,-0.00009394000,2.64000,-0.00800
,,,-0.00009393000,2.64000,-0.00800
,,,-0.00009392000,2.64000,-0.01000
,,,-0.00009391000,2.64000,-0.00800
,,,-0.00009390000,2.64000,-0.00600
,,,-0.00009389000,2.64000,-0.00200
,,,-0.00009388000,2.64000,-0.00200
,,,-0.00009387000,2.64000,0.00400
,,,-0.00009386000,2.64000,0.00600
,,,-0.00009385000,2.64000,0.00800
,,,-0.00009384000,2.64000,0.01000
,,,-0.00009383000,2.56000,0.00800
,,,-0.00009382000,2.56000,0.00800
,,,-0.00009381000,2.56000,0.00800
,,,-0.00009380000,2.56000,0.00600
,,,-0.00009379000,2.56000,0.00800
,,,-0.00009378000,2.64000,0.00800
,,,-0.00009377000,2.56000,0.00800
,,,-0.00009376000,2.56000,0.01200
,,,-0.00009375000,2.56000,0.01200
,,,-0.00009374000,2.56000,0.01400
,,,-0.00009373000,2.56000,0.02000
,,,-0.00009372000,2.56000,0.02000
,,,-0.00009371000,2.56000,0.02200
,,,-0.00009370000,2.56000,0.02200
,,,-0.00009369000,2.48000,0.02200
,,,-0.00009368000,2.56000,0.02200
,,,-0.00009367000,2.56000,0.02000
,,,-0.00009366000,2.48000,0.01800
,,,-0.00009365000,2.48000,0.01600
,,,-0.00009364000,2.48000,0.01600
,,,-0.00009363000,2.48000,0.01400
,,,-0.00009362000,2.40000,0.01400
,,,-0.00009361000,2.48000,0.01600
,,,-0.00009360000,2.48000,0.01600
,,,-0.00009359000,2.40000,0.01600
,,,-0.00009358000,2.40000,0.01600
,,,-0.00009357000,2.40000,0.01800
,,,-0.00009356000,2.48000,0.02000
,,,-0.00009355000,2.40000,0.02000
,,,-0.00009354000,2.48000,0.02000
,,,-0.00009353000,2.40000,0.02000
,,,-0.00009352000,2.40000,0.02000
,,,-0.00009351000,2.40000,0.02000
,,,-0.00009350000,2.40000,0.01600
,,,-0.00009349000,2.32000,0.01600
,,,-0.00009348000,2.40000,0.01200
,,,-0.00009347000,2.32000,0.01000
,,,-0.00009346000,2.32000,0.00800
,,,-0.00009345000,2.32000,0.00600
,,,-0.00009344000,2.32000,0.00400
,,,-0.00009343000,2.32000,0.00600
,,,-0.00009342000,2.32000,0.00600
,,,-0.00009341000,2.32000,0.01000
,,,-0.00009340000,2.32000,0.01200
,,,-0.00009339000,2.32000,0.01200
,,,-0.00009338000,2.24000,0.01000
,,,-0.00009337000,2.32000,0.00800
,,,-0.00009336000,2.32000,0.00400
,,,-0.00009335000,2.24000,0.00
,,,-0.00009334000,2.24000,-0.00400
,,,-0.00009333000,2.24000,-0.00800
,,,-0.00009332000,2.24000,-0.00800
,,,-0.00009331000,2.24000,-0.01000
,,,-0.00009330000,2.24000,-0.01000
,,,-0.00009329000,2.24000,-0.00800
,,,-0.00009328000,2.24000,-0.00800
,,,-0.00009327000,2.16000,-0.00800
,,,-0.00009326000,2.16000,-0.00600
,,,-0.00009325000,2.16000,-0.00400
,,,-0.00009324000,2.16000,-0.00200
,,,-0.00009323000,2.24000,0.00
,,,-0.00009322000,2.16000,0.00
,,,-0.00009321000,2.16000,0.00
,,,-0.00009320000,2.16000,0.00
,,,-0.00009319000,2.16000,0.00
,,,-0.00009318000,2.16000,-0.00200
,,,-0.00009317000,2.16000,-0.00400
,,,-0.00009316000,2.16000,-0.00800
,,,-0.00009315000,2.16000,-0.01000
,,,-0.00009314000,2.08000,-0.01200
,,,-0.00009313000,2.16000,-0.01200
,,,-0.00009312000,2.16000,-0.01200
,,,-0.00009311000,2.08000,-0.01200
,,,-0.00009310000,2.00000,-0.00800
,,,-0.00009309000,2.00000,-0.00400
,,,-0.00009308000,2.16000,-0.00200
,,,-0.00009307000,2.00000,0.00400
,,,-0.00009306000,2.00000,0.00400
,,,-0.00009305000,2.00000,0.00600
,,,-0.00009304000,2.00000,0.00800
,,,-0.00009303000,2.00000,0.00400
,,,-0.00009302000,2.00000,0.00200
,,,-0.00009301000,2.00000,0.00
,,,-0.00009300000,2.00000,-0.00200
,,,-0.00009299000,2.00000,-0.00200
,,,-0.00009298000,2.00000,-0.00200
,,,-0.00009297000,2.00000,-0.00200
,,,-0.00009296000,1.92000,0.00200
,,,-0.00009295000,2.00000,0.00400
,,,-0.00009294000,2.00000,0.00800
,,,-0.00009293000,2.00000,0.01000
,,,-0.00009292000,1.92000,0.01000
,,,-0.00009291000,1.92000,0.01400
,,,-0.00009290000,1.92000,0.01400
,,,-0.00009289000,1.92000,0.01400
,,,-0.00009288000,1.92000,0.01600
,,,-0.00009287000,1.92000,0.01600
,,,-0.00009286000,1.84000,0.01800
,,,-0.00009285000,1.92000,0.01800
,,,-0.00009284000,1.84000,0.01600
,,,-0.00009283000,1.92000,0.01600
,,,-0.00009282000,1.92000,0.01200
,,,-0.00009281000,1.84000,0.01200
,,,-0.00009280000,1.84000,0.01000
,,,-0.00009279000,1.84000,0.01000
,,,-0.00009278000,1.84000,0.01200
,,,-0.00009277000,1.84000,0.01400
,,,-0.00009276000,1.76000,0.01800
,,,-0.00009275000,1.76000,0.02200
,,,-0.00009274000,1.76000,0.02600
,,,-0.00009273000,1.76000,0.02800
,,,-0.00009272000,1.76000,0.02800
,,,-0.00009271000,1.76000,0.02600
,,,-0.00009270000,1.76000,0.02200
,,,-0.00009269000,1.68000,0.02000
,,,-0.00009268000,1.68000,0.01600
,,,-0.00009267000,1.68000,0.01400
,,,-0.00009266000,1.76000,0.01200
,,,-0.00009265000,1.68000,0.01200
,,,-0.00009264000,1.68000,0.01400
,,,-0.00009263000,1.68000,0.01800
,,,-0.00009262000,1.68000,0.02000
,,,-0.00009261000,1.68000,0.02400
,,,-0.00009260000,1.68000,0.02400
,,,-0.00009259000,1.68000,0.02400
,,,-0.00009258000,1.68000,0.02400
,,,-0.00009257000,1.68000,0.02200
,,,-0.00009256000,1.68000,0.02000
,,,-0.00009255000,1.60000,0.01600
,,,-0.00009254000,1.68000,0.01400
,,,-0.00009253000,1.60000,0.01200
,,,-0.00009252000,1.60000,0.01200
,,,-0.00009251000,1.68000,0.01000
,,,-0.00009250000,1.60000,0.01000
,,,-0.00009249000,1.60000,0.01200
,,,-0.00009248000,1.60000,0.01000
,,,-0.00009247000,1.60000,0.00800
,,,-0.00009246000,1.60000,0.00600
,,,-0.00009245000,1.52000,0.00400
,,,-0.00009244000,1.60000,0.00400
,,,-0.00009243000,1.60000,0.00200
,,,-0.00009242000,1.60000,0.00
,,,-0.00009241000,1.52000,0.00400
,,,-0.00009240000,1.52000,0.00600
,,,-0.00009239000,1.52000,0.00600
,,,-0.00009238000,1.52000,0.00800
,,,-0.00009237000,1.52000,0.00600
,,,-0.00009236000,1.52000,0.00400
,,,-0.00009235000,1.52000,0.00
,,,-0.00009234000,1.52000,-0.00200
,,,-0.00009233000,1.52000,-0.00400
,,,-0.00009232000,1.52000,-0.00600
,,,-0.00009231000,1.52000,-0.00600
,,,-0.00009230000,1.44000,-0.00200
,,,-0.00009229000,1.44000,0.00200
,,,-0.00009228000,1.52000,0.00600
,,,-0.00009227000,1.36000,0.00800
,,,-0.00009226000,1.52000,0.00800
,,,-0.00009225000,1.36000,0.00800
,,,-0.00009224000,1.44000,0.00400
,,,-0.00009223000,1.36000,0.00
,,,-0.00009222000,1.36000,-0.00200
,,,-0.00009221000,1.36000,-0.00600
,,,-0.00009220000,1.36000,-0.00800
,,,-0.00009219000,1.36000,-0.00600
,,,-0.00009218000,1.36000,-0.00400
,,,-0.00009217000,1.36000,-0.00200
,,,-0.00009216000,1.36000,0.00
,,,-0.00009215000,1.28000,0.00400
,,,-0.00009214000,1.28000,0.00600
,,,-0.00009213000,1.36000,0.00600
,,,-0.00009212000,1.28000,0.00600
,,,-0.00009211000,1.36000,0.00600
,,,-0.00009210000,1.28000,0.00600
,,,-0.00009209000,1.28000,0.00600
,,,-0.00009208000,1.28000,0.00800
,,,-0.00009207000,1.28000,0.01200
,,,-0.00009206000,1.28000,0.01400
,,,-0.00009205000,1.28000,0.01600
,,,-0.00009204000,1.20000,0.01800
,,,-0.00009203000,1.28000,0.02000
,,,-0.00009202000,1.28000,0.02000
,,,-0.00009201000,1.20000,0.02000
,,,-0.00009200000,1.20000,0.01800
,,,-0.00009199000,1.20000,0.01800
,,,-0.00009198000,1.20000,0.02000
,,,-0.00009197000,1.20000,0.02200
,,,-0.00009196000,1.12000,0.02400
,,,-0.00009195000,1.20000,0.02800
,,,-0.00009194000,1.12000,0.03200
,,,-0.00009193000,1.20000,0.03400
,,,-0.00009192000,1.12000,0.03400
,,,-0.00009191000,1.12000,0.03400
,,,-0.00009190000,1.20000,0.03200
,,,-0.00009189000,1.12000,0.03000
,,,-0.00009188000,1.12000,0.02400
,,,-0.00009187000,1.04000,0.02400
,,,-0.00009186000,1.04000,0.02200
,,,-0.00009185000,1.04000,0.02400
,,,-0.00009184000,1.12000,0.02800
,,,-0.00009183000,1.12000,0.03000
,,,-0.00009182000,1.04000,0.03400
,,,-0.00009181000,1.12000,0.03800
,,,-0.00009180000,1.04000,0.04000
,,,-0.00009179000,1.04000,0.03800
,,,-0.00009178000,1.04000,0.03600
,,,-0.00009177000,1.04000,0.03200
,,,-0.00009176000,1.04000,0.03000
,,,-0.00009175000,1.04000,0.02600
,,,-0.00009174000,0.96000,0.02400
,,,-0.00009173000,1.04000,0.02200
,,,-0.00009172000,0.96000,0.02200
,,,-0.00009171000,0.96000,0.02000
,,,-0.00009170000,0.96000,0.02000
,,,-0.00009169000,0.96000,0.02000
,,,-0.00009168000,0.96000,0.01600
,,,-0.00009167000,0.88000,0.01400
,,,-0.00009166000,0.88000,0.01400
,,,-0.00009165000,0.96000,0.01200
,,,-0.00009164000,0.88000,0.01000
,,,-0.00009163000,0.88000,0.00800
,,,-0.00009162000,0.96000,0.00600
,,,-0.00009161000,0.88000,0.00600
,,,-0.00009160000,0.88000,0.00200
,,,-0.00009159000,0.88000,0.00
,,,-0.00009158000,0.88000,-0.00200
,,,-0.00009157000,0.88000,-0.00800
,,,-0.00009156000,0.88000,-0.01200
,,,-0.00009155000,0.80000,-0.01600
,,,-0.00009154000,0.88000,-0.02000
,,,-0.00009153000,0.80000,-0.02200
,,,-0.00009152000,0.72000,-0.02400
,,,-0.00009151000,0.80000,-0.02400
,,,-0.00009150000,0.72000,-0.02000
,,,-0.00009149000,0.72000,-0.01800
,,,-0.00009148000,0.72000,-0.01800
,,,-0.00009147000,0.72000,-0.01800
,,,-0.00009146000,0.72000,-0.02000
,,,-0.00009145000,0.72000,-0.02000
,,,-0.00009144000,0.72000,-0.02600
,,,-0.00009143000,0.72000,-0.03000
,,,-0.00009142000,0.64000,-0.03400
,,,-0.00009141000,0.64000,-0.03600
,,,-0.00009140000,0.64000,-0.04000
,,,-0.00009139000,0.72000,-0.03800
,,,-0.00009138000,0.64000,-0.03600
,,,-0.00009137000,0.64000,-0.03400
,,,-0.00009136000,0.64000,-0.03200
,,,-0.00009135000,0.64000,-0.03000
,,,-0.00009134000,0.64000,-0.02800
,,,-0.00009133000,0.64000,-0.03000
,,,-0.00009132000,0.64000,-0.03000
,,,-0.00009131000,0.64000,-0.03000
,,,-0.00009130000,0.64000,-0.03200
,,,-0.00009129000,0.64000,-0.03200
,,,-0.00009128000,0.64000,-0.03000
,,,-0.00009127000,0.56000,-0.02600
,,,-0.00009126000,0.64000,-0.02400
,,,-0.00009125000,0.64000,-0.01800
,,,-0.00009124000,0.56000,-0.01600
,,,-0.00009123000,0.56000,-0.01200
,,,-0.00009122000,0.56000,-0.01200
,,,-0.00009121000,0.56000,-0.01200
,,,-0.00009120000,0.64000,-0.01200
,,,-0.00009119000,0.56000,-0.01000
,,,-0.00009118000,0.56000,-0.00800
,,,-0.00009117000,0.48000,-0.00200
,,,-0.00009116000,0.48000,0.00
,,,-0.00009115000,0.48000,0.00600
,,,-0.00009114000,0.48000,0.01000
,,,-0.00009113000,0.48000,0.01200
,,,-0.00009112000,0.48000,0.01400
,,,-0.00009111000,0.48000,0.01600
,,,-0.00009110000,0.48000,0.01600
,,,-0.00009109000,0.48000,0.02000
,,,-0.00009108000,0.48000,0.02000
,,,-0.00009107000,0.48000,0.02200
,,,-0.00009106000,0.48000,0.02400
,,,-0.00009105000,0.48000,0.02800
,,,-0.00009104000,0.48000,0.03200
,,,-0.00009103000,0.40000,0.03800
,,,-0.00009102000,0.48000,0.04400
,,,-0.00009101000,0.48000,0.04600
,,,-0.00009100000,0.48000,0.04800
,,,-0.00009099000,0.40000,0.05200
,,,-0.00009098000,0.40000,0.05400
,,,-0.00009097000,0.40000,0.05400
,,,-0.00009096000,0.40000,0.05400
,,,-0.00009095000,0.40000,0.05400
,,,-0.00009094000,0.40000,0.05400
,,,-0.00009093000,0.32000,0.05400
,,,-0.00009092000,0.32000,0.05600
,,,-0.00009091000,0.32000,0.06000
,,,-0.00009090000,0.40000,0.06200
,,,-0.00009089000,0.32000,0.06800
,,,-0.00009088000,0.32000,0.06800
,,,-0.00009087000,0.32000,0.07200
,,,-0.00009086000,0.32000,0.07600
,,,-0.00009085000,0.32000,0.07800
,,,-0.00009084000,0.32000,0.07800
,,,-0.00009083000,0.32000,0.07800
,,,-0.00009082000,0.32000,0.07800
,,,-0.00009081000,0.24000,0.08000
,,,-0.00009080000,0.24000,0.07800
,,,-0.00009079000,0.24000,0.07600
,,,-0.00009078000,0.24000,0.07400
,,,-0.00009077000,0.24000,0.07200
,,,-0.00009076000,0.24000,0.06800
,,,-0.00009075000,0.24000,0.06600
,,,-0.00009074000,0.24000,0.06400
,,,-0.00009073000,0.24000,0.06400
,,,-0.00009072000,0.24000,0.06600
,,,-0.00009071000,0.24000,0.06800
,,,-0.00009070000,0.24000,0.07000
,,,-0.00009069000,0.24000,0.07200
,,,-0.00009068000,0.16000,0.07200
,,,-0.00009067000,0.16000,0.07200
,,,-0.00009066000,0.24000,0.06800
,,,-0.00009065000,0.16000,0.06200
,,,-0.00009064000,0.08000,0.05600
,,,-0.00009063000,0.08000,0.04400
,,,-0.00009062000,0.08000,0.04200
,,,-0.00009061000,0.16000,0.03800
,,,-0.00009060000,0.08000,0.03200
,,,-0.00009059000,0.08000,0.03200
,,,-0.00009058000,0.08000,0.03200
,,,-0.00009057000,0.08000,0.03200
,,,-0.00009056000,0.08000,0.03200
,,,-0.00009055000,0.08000,0.03400
,,,-0.00009054000,0.08000,0.03400
,,,-0.00009053000,0.00,0.03200
,,,-0.00009052000,0.00,0.03000
,,,-0.00009051000,0.00,0.03200
,,,-0.00009050000,0.00,0.02800
,,,-0.00009049000,0.00,0.02200
,,,-0.00009048000,0.00,0.02000
,,,-0.00009047000,0.00,0.01400
,,,-0.00009046000,0.00,0.01000
,,,-0.00009045000,0.00,0.00600
,,,-0.00009044000,0.00,0.00
,,,-0.00009043000,-0.08000,-0.00400
,,,-0.00009042000,-0.08000,-0.00800
,,,-0.00009041000,-0.08000,-0.01000
,,,-0.00009040000,-0.08000,-0.01600
,,,-0.00009039000,-0.08000,-0.00800
,,,-0.00009038000,-0.08000,-0.00400
,,,-0.00009037000,-0.16000,-0.01000
,,,-0.00009036000,-0.08000,-0.00800
,,,-0.00009035000,-0.16000,-0.00400
,,,-0.00009034000,-0.16000,-0.00200
,,,-0.00009033000,-0.16000,-0.00800
,,,-0.00009032000,-0.16000,-0.00800
,,,-0.00009031000,-0.16000,-0.01000
,,,-0.00009030000,-0.24000,-0.01800
,,,-0.00009029000,-0.16000,-0.02000
,,,-0.00009028000,-0.24000,-0.02000
,,,-0.00009027000,-0.24000,-0.02600
,,,-0.00009026000,-0.24000,-0.02400
,,,-0.00009025000,-0.24000,-0.02400
,,,-0.00009024000,-0.24000,-0.02000
,,,-0.00009023000,-0.32000,-0.02000
,,,-0.00009022000,-0.32000,-0.02000
,,,-0.00009021000,-0.32000,-0.02000
,,,-0.00009020000,-0.32000,-0.02000
,,,-0.00009019000,-0.24000,-0.01800
,,,-0.00009018000,-0.32000,-0.02000
,,,-0.00009017000,-0.32000,-0.02400
,,,-0.00009016000,-0.32000,-0.02400
,,,-0.00009015000,-0.32000,-0.02400
,,,-0.00009014000,-0.40000,-0.02600
,,,-0.00009013000,-0.32000,-0.02600
,,,-0.00009012000,-0.40000,-0.02800
,,,-0.00009011000,-0.40000,-0.02800
,,,-0.00009010000,-0.40000,-0.02800
,,,-0.00009009000,-0.40000,-0.02800
,,,-0.00009008000,-0.40000,-0.02800
,,,-0.00009007000,-0.40000,-0.02600
,,,-0.00009006000,-0.40000,-0.02000
,,,-0.00009005000,-0.40000,-0.01600
,,,-0.00009004000,-0.40000,-0.01000
,,,-0.00009003000,-0.40000,-0.00600
,,,-0.00009002000,-0.40000,-0.00200
,,,-0.00009001000,-0.40000,0.00
,,,-0.00009000000,-0.40000,0.00
,,,-0.00008999000,-0.56000,-0.00200
,,,-0.00008998000,-0.40000,-0.00400
,,,-0.00008997000,-0.56000,-0.00600
,,,-0.00008996000,-0.48000,-0.00600
,,,-0.00008995000,-0.56000,-0.00600
,,,-0.00008994000,-0.48000,-0.00600
,,,-0.00008993000,-0.56000,-0.00400
,,,-0.00008992000,-0.48000,0.00
,,,-0.00008991000,-0.56000,0.00400
,,,-0.00008990000,-0.56000,0.00400
,,,-0.00008989000,-0.56000,0.00600
,,,-0.00008988000,-0.56000,0.00400
,,,-0.00008987000,-0.56000,0.00600
,,,-0.00008986000,-0.56000,0.00400
,,,-0.00008985000,-0.56000,0.00200
,,,-0.00008984000,-0.56000,0.00
,,,-0.00008983000,-0.64000,-0.00200
,,,-0.00008982000,-0.56000,-0.00200
,,,-0.00008981000,-0.64000,-0.00400
,,,-0.00008980000,-0.56000,-0.00200
,,,-0.00008979000,-0.64000,-0.00200
,,,-0.00008978000,-0.56000,0.00
,,,-0.00008977000,-0.64000,0.00400
,,,-0.00008976000,-0.64000,0.00600
,,,-0.00008975000,-0.64000,0.00600
,,,-0.00008974000,-0.64000,0.00800
,,,-0.00008973000,-0.64000,0.00800
,,,-0.00008972000,-0.64000,0.01000
,,,-0.00008971000,-0.64000,0.01200
,,,-0.00008970000,-0.72000,0.01200
,,,-0.00008969000,-0.72000,0.01200
,,,-0.00008968000,-0.64000,0.01200
,,,-0.00008967000,-0.72000,0.01200
,,,-0.00008966000,-0.72000,0.01200
,,,-0.00008965000,-0.72000,0.01000
,,,-0.00008964000,-0.72000,0.01000
,,,-0.00008963000,-0.80000,0.00800
,,,-0.00008962000,-0.72000,0.00800
,,,-0.00008961000,-0.80000,0.01000
,,,-0.00008960000,-0.80000,0.01400
,,,-0.00008959000,-0.80000,0.01400
,,,-0.00008958000,-0.80000,0.01600
,,,-0.00008957000,-0.80000,0.02000
,,,-0.00008956000,-0.80000,0.01800
,,,-0.00008955000,-0.80000,0.01600
,,,-0.00008954000,-0.80000,0.01200
,,,-0.00008953000,-0.80000,0.01200
,,,-0.00008952000,-0.80000,0.00600
,,,-0.00008951000,-0.88000,0.00400
,,,-0.00008950000,-0.88000,0.00
,,,-0.00008949000,-0.88000,0.00
,,,-0.00008948000,-0.80000,0.00200
,,,-0.00008947000,-0.88000,0.00400
,,,-0.00008946000,-0.88000,0.00600
,,,-0.00008945000,-0.88000,0.00800
,,,-0.00008944000,-0.88000,0.00800
,,,-0.00008943000,-0.88000,0.00800
,,,-0.00008942000,-0.88000,0.00600
,,,-0.00008941000,-0.88000,0.00800
,,,-0.00008940000,-0.88000,0.00600
,,,-0.00008939000,-0.96000,0.00600
,,,-0.00008938000,-0.88000,0.00800
,,,-0.00008937000,-0.96000,0.00800
,,,-0.00008936000,-0.96000,0.00800
,,,-0.00008935000,-0.96000,0.01000
,,,-0.00008934000,-0.96000,0.01000
,,,-0.00008933000,-0.96000,0.00800
,,,-0.00008932000,-0.96000,0.00800
,,,-0.00008931000,-1.04000,0.00400
,,,-0.00008930000,-0.96000,0.00
,,,-0.00008929000,-1.04000,0.00
,,,-0.00008928000,-1.04000,-0.00200
,,,-0.00008927000,-1.04000,0.00
,,,-0.00008926000,-1.04000,0.00
,,,-0.00008925000,-1.04000,0.00200
,,,-0.00008924000,-1.04000,0.00600
,,,-0.00008923000,-1.04000,0.00600
,,,-0.00008922000,-1.04000,0.00600
,,,-0.00008921000,-1.04000,0.00600
,,,-0.00008920000,-1.04000,0.00
,,,-0.00008919000,-1.04000,-0.00200
,,,-0.00008918000,-1.12000,-0.00400
,,,-0.00008917000,-1.04000,-0.00800
,,,-0.00008916000,-1.20000,-0.00600
,,,-0.00008915000,-1.04000,-0.00400
,,,-0.00008914000,-1.20000,0.00
,,,-0.00008913000,-1.04000,0.00400
,,,-0.00008912000,-1.20000,0.01000
,,,-0.00008911000,-1.20000,0.01400
,,,-0.00008910000,-1.12000,0.02000
,,,-0.00008909000,-1.20000,0.02000
,,,-0.00008908000,-1.20000,0.02000
,,,-0.00008907000,-1.20000,0.02000
,,,-0.00008906000,-1.20000,0.01600
,,,-0.00008905000,-1.20000,0.01200
,,,-0.00008904000,-1.20000,0.01200
,,,-0.00008903000,-1.20000,0.01000
,,,-0.00008902000,-1.20000,0.01000
,,,-0.00008901000,-1.20000,0.01200
,,,-0.00008900000,-1.20000,0.01400
,,,-0.00008899000,-1.20000,0.01600
,,,-0.00008898000,-1.28000,0.01200
,,,-0.00008897000,-1.28000,0.01800
,,,-0.00008896000,-1.28000,0.00800
,,,-0.00008895000,-1.28000,0.02200
,,,-0.00008894000,-1.28000,0.01400
,,,-0.00008893000,-1.28000,0.01600
,,,-0.00008892000,-1.28000,0.01800
,,,-0.00008891000,-1.28000,0.02000
,,,-0.00008890000,-1.36000,0.02000
,,,-0.00008889000,-1.36000,0.02000
,,,-0.00008888000,-1.28000,0.02200
,,,-0.00008887000,-1.36000,0.02000
,,,-0.00008886000,-1.36000,0.02000
,,,-0.00008885000,-1.36000,0.02000
,,,-0.00008884000,-1.44000,0.02000
,,,-0.00008883000,-1.36000,0.02200
,,,-0.00008882000,-1.44000,0.02400
,,,-0.00008881000,-1.44000,0.02600
,,,-0.00008880000,-1.52000,0.03000
,,,-0.00008879000,-1.44000,0.03200
,,,-0.00008878000,-1.44000,0.03400
,,,-0.00008877000,-1.52000,0.03600
,,,-0.00008876000,-1.52000,0.03600
,,,-0.00008875000,-1.44000,0.03600
,,,-0.00008874000,-1.52000,0.03200
,,,-0.00008873000,-1.52000,0.02600
,,,-0.00008872000,-1.44000,0.02000
,,,-0.00008871000,-1.52000,0.01800
,,,-0.00008870000,-1.52000,0.01400
,,,-0.00008869000,-1.52000,0.01400
,,,-0.00008868000,-1.52000,0.01400
,,,-0.00008867000,-1.52000,0.01600
,,,-0.00008866000,-1.52000,0.01800
,,,-0.00008865000,-1.60000,0.02000
,,,-0.00008864000,-1.52000,0.02000
,,,-0.00008863000,-1.60000,0.02000
,,,-0.00008862000,-1.60000,0.02000
,,,-0.00008861000,-1.60000,0.01600
,,,-0.00008860000,-1.60000,0.01400
,,,-0.00008859000,-1.60000,0.01200
,,,-0.00008858000,-1.60000,0.01200
,,,-0.00008857000,-1.60000,0.01400
,,,-0.00008856000,-1.60000,0.01400
,,,-0.00008855000,-1.60000,0.01400
,,,-0.00008854000,-1.60000,0.01600
,,,-0.00008853000,-1.68000,0.01600
,,,-0.00008852000,-1.68000,0.01600
,,,-0.00008851000,-1.68000,0.01400
,,,-0.00008850000,-1.68000,0.01200
,,,-0.00008849000,-1.68000,0.01000
,,,-0.00008848000,-1.68000,0.00800
,,,-0.00008847000,-1.68000,0.00800
,,,-0.00008846000,-1.68000,0.01200
,,,-0.00008845000,-1.68000,0.01200
,,,-0.00008844000,-1.68000,0.01400
,,,-0.00008843000,-1.68000,0.01400
,,,-0.00008842000,-1.68000,0.01200
,,,-0.00008841000,-1.68000,0.00800
,,,-0.00008840000,-1.76000,0.00200
,,,-0.00008839000,-1.76000,-0.00400
,,,-0.00008838000,-1.68000,-0.00600
,,,-0.00008837000,-1.68000,-0.01000
,,,-0.00008836000,-1.76000,-0.01000
,,,-0.00008835000,-1.76000,-0.00800
,,,-0.00008834000,-1.68000,-0.00400
,,,-0.00008833000,-1.68000,0.00
,,,-0.00008832000,-1.76000,0.00200
,,,-0.00008831000,-1.84000,0.00600
,,,-0.00008830000,-1.84000,0.00800
,,,-0.00008829000,-1.84000,0.00600
,,,-0.00008828000,-1.84000,0.00400
,,,-0.00008827000,-1.84000,0.00400
,,,-0.00008826000,-1.84000,0.00
,,,-0.00008825000,-1.84000,-0.00200
,,,-0.00008824000,-1.84000,-0.00400
,,,-0.00008823000,-1.84000,-0.00200
,,,-0.00008822000,-1.84000,0.00
,,,-0.00008821000,-1.84000,0.00
,,,-0.00008820000,-1.84000,0.00400
,,,-0.00008819000,-1.92000,0.00800
,,,-0.00008818000,-1.92000,0.00800
,,,-0.00008817000,-1.92000,0.01200
,,,-0.00008816000,-1.92000,0.01200
,,,-0.00008815000,-1.92000,0.01200
,,,-0.00008814000,-1.92000,0.01200
,,,-0.00008813000,-1.92000,0.01200
,,,-0.00008812000,-1.92000,0.01400
,,,-0.00008811000,-1.92000,0.01400
,,,-0.00008810000,-1.92000,0.01200
,,,-0.00008809000,-1.92000,0.01400
,,,-0.00008808000,-2.00000,0.01200
,,,-0.00008807000,-2.08000,0.00800
,,,-0.00008806000,-2.00000,0.00800
,,,-0.00008805000,-2.00000,0.00600
,,,-0.00008804000,-1.92000,0.00400
,,,-0.00008803000,-2.08000,0.00400
,,,-0.00008802000,-2.00000,0.01000
,,,-0.00008801000,-2.00000,0.01200
,,,-0.00008800000,-2.08000,0.01400
,,,-0.00008799000,-2.08000,0.02400
,,,-0.00008798000,-2.08000,0.02800
,,,-0.00008797000,-2.08000,0.03000
,,,-0.00008796000,-2.08000,0.03400
,,,-0.00008795000,-2.08000,0.03200
,,,-0.00008794000,-2.08000,0.03200
,,,-0.00008793000,-2.16000,0.02800
,,,-0.00008792000,-2.08000,0.02400
,,,-0.00008791000,-2.08000,0.02200
,,,-0.00008790000,-2.08000,0.02400
,,,-0.00008789000,-2.16000,0.02400
,,,-0.00008788000,-2.08000,0.02600
,,,-0.00008787000,-2.16000,0.03200
,,,-0.00008786000,-2.08000,0.03600
,,,-0.00008785000,-2.16000,0.03600
,,,-0.00008784000,-2.16000,0.03800
,,,-0.00008783000,-2.16000,0.04000
,,,-0.00008782000,-2.16000,0.03800
,,,-0.00008781000,-2.16000,0.03600
,,,-0.00008780000,-2.16000,0.03200
,,,-0.00008779000,-2.24000,0.03000
,,,-0.00008778000,-2.24000,0.03000
,,,-0.00008777000,-2.16000,0.02800
,,,-0.00008776000,-2.24000,0.02600
,,,-0.00008775000,-2.16000,0.02600
,,,-0.00008774000,-2.24000,0.02600
,,,-0.00008773000,-2.24000,0.02400
,,,-0.00008772000,-2.24000,0.02400
,,,-0.00008771000,-2.24000,0.02200
,,,-0.00008770000,-2.32000,0.02400
,,,-0.00008769000,-2.24000,0.02400
,,,-0.00008768000,-2.24000,0.02200
,,,-0.00008767000,-2.24000,0.02400
,,,-0.00008766000,-2.32000,0.02600
,,,-0.00008765000,-2.24000,0.02800
,,,-0.00008764000,-2.32000,0.02800
,,,-0.00008763000,-2.32000,0.02800
,,,-0.00008762000,-2.32000,0.02400
,,,-0.00008761000,-2.32000,0.02200
,,,-0.00008760000,-2.32000,0.01800
,,,-0.00008759000,-2.32000,0.01400
,,,-0.00008758000,-2.32000,0.01000
,,,-0.00008757000,-2.32000,0.00600
,,,-0.00008756000,-2.32000,0.00400
,,,-0.00008755000,-2.32000,0.00200
,,,-0.00008754000,-2.48000,0.00400
,,,-0.00008753000,-2.32000,0.00400
,,,-0.00008752000,-2.48000,0.00600
,,,-0.00008751000,-2.48000,0.00600
,,,-0.00008750000,-2.40000,0.00400
,,,-0.00008749000,-2.48000,0.00200
,,,-0.00008748000,-2.48000,0.00
,,,-0.00008747000,-2.48000,-0.00200
,,,-0.00008746000,-2.48000,-0.00800
,,,-0.00008745000,-2.48000,-0.01000
,,,-0.00008744000,-2.48000,-0.01000
,,,-0.00008743000,-2.48000,-0.01200
,,,-0.00008742000,-2.48000,-0.01400
,,,-0.00008741000,-2.48000,-0.01400
,,,-0.00008740000,-2.48000,-0.01400
,,,-0.00008739000,-2.48000,-0.01400
,,,-0.00008738000,-2.48000,-0.01600
,,,-0.00008737000,-2.56000,-0.01600
,,,-0.00008736000,-2.56000,-0.01200
,,,-0.00008735000,-2.56000,-0.01200
,,,-0.00008734000,-2.56000,-0.01000
,,,-0.00008733000,-2.56000,-0.01000
,,,-0.00008732000,-2.56000,-0.01000
,,,-0.00008731000,-2.56000,-0.00800
,,,-0.00008730000,-2.56000,-0.01200
,,,-0.00008729000,-2.64000,-0.01400
,,,-0.00008728000,-2.56000,-0.01600
,,,-0.00008727000,-2.64000,-0.01800
,,,-0.00008726000,-2.56000,-0.02000
,,,-0.00008725000,-2.64000,-0.02200
,,,-0.00008724000,-2.64000,-0.02200
,,,-0.00008723000,-2.56000,-0.02000
,,,-0.00008722000,-2.64000,-0.02000
,,,-0.00008721000,-2.64000,-0.01800
,,,-0.00008720000,-2.64000,-0.01400
,,,-0.00008719000,-2.64000,-0.01200
,,,-0.00008718000,-2.72000,-0.01000
,,,-0.00008717000,-2.64000,-0.00800
,,,-0.00008716000,-2.72000,-0.01000
,,,-0.00008715000,-2.72000,-0.01000
,,,-0.00008714000,-2.64000,-0.00800
,,,-0.00008713000,-2.72000,-0.00800
,,,-0.00008712000,-2.72000,-0.00800
,,,-0.00008711000,-2.72000,-0.00600
,,,-0.00008710000,-2.64000,-0.00400
,,,-0.00008709000,-2.72000,-0.00200
,,,-0.00008708000,-2.80000,-0.00200
,,,-0.00008707000,-2.72000,0.00
,,,-0.00008706000,-2.72000,0.00400
,,,-0.00008705000,-2.80000,0.00600
,,,-0.00008704000,-2.80000,0.00800
,,,-0.00008703000,-2.72000,0.00800
,,,-0.00008702000,-2.80000,0.01200
,,,-0.00008701000,-2.80000,0.01200
,,,-0.00008700000,-2.80000,0.01400
,,,-0.00008699000,-2.72000,0.01600
,,,-0.00008698000,-2.80000,0.01600
,,,-0.00008697000,-2.80000,0.01600
,,,-0.00008696000,-2.80000,0.01400
,,,-0.00008695000,-2.80000,0.01600
,,,-0.00008694000,-2.80000,0.01400
,,,-0.00008693000,-2.80000,0.01400
,,,-0.00008692000,-2.88000,0.01400
,,,-0.00008691000,-2.88000,0.01200
,,,-0.00008690000,-2.80000,0.01400
,,,-0.00008689000,-2.88000,0.01600
,,,-0.00008688000,-2.88000,0.01600
,,,-0.00008687000,-2.88000,0.02600
,,,-0.00008686000,-2.88000,0.02000
,,,-0.00008685000,-2.88000,0.02800
,,,-0.00008684000,-2.88000,0.02600
,,,-0.00008683000,-2.88000,0.02400
,,,-0.00008682000,-2.88000,0.02400
,,,-0.00008681000,-2.88000,0.01800
,,,-0.00008680000,-2.88000,0.02000
,,,-0.00008679000,-2.96000,0.01800
,,,-0.00008678000,-2.96000,0.02000
,,,-0.00008677000,-2.96000,0.02000
,,,-0.00008676000,-2.96000,0.02200
,,,-0.00008675000,-2.96000,0.02400
,,,-0.00008674000,-2.88000,0.02800
,,,-0.00008673000,-2.96000,0.02800
,,,-0.00008672000,-2.96000,0.02800
,,,-0.00008671000,-2.96000,0.02600
,,,-0.00008670000,-2.96000,0.02400
,,,-0.00008669000,-2.96000,0.02200
,,,-0.00008668000,-3.04000,0.01800
,,,-0.00008667000,-2.96000,0.01600
,,,-0.00008666000,-2.96000,0.01200
,,,-0.00008665000,-2.96000,0.01000
,,,-0.00008664000,-2.96000,0.00600
,,,-0.00008663000,-2.96000,0.00400
,,,-0.00008662000,-3.04000,0.00400
,,,-0.00008661000,-3.04000,0.00400
,,,-0.00008660000,-3.04000,0.00400
,,,-0.00008659000,-2.96000,0.00200
,,,-0.00008658000,-3.12000,0.00200
,,,-0.00008657000,-3.12000,0.00200
,,,-0.00008656000,-3.12000,0.00
,,,-0.00008655000,-2.96000,0.00
,,,-0.00008654000,-3.04000,0.00
,,,-0.00008653000,-3.12000,0.00
,,,-0.00008652000,-3.12000,-0.00200
,,,-0.00008651000,-3.12000,-0.00400
,,,-0.00008650000,-3.12000,-0.00800
,,,-0.00008649000,-3.12000,-0.00800
,,,-0.00008648000,-3.12000,-0.01200
,,,-0.00008647000,-3.12000,-0.01400
,,,-0.00008646000,-3.20000,-0.01400
,,,-0.00008645000,-3.12000,-0.01600
,,,-0.00008644000,-3.20000,-0.01600
,,,-0.00008643000,-3.20000,-0.01200
,,,-0.00008642000,-3.12000,-0.01000
,,,-0.00008641000,-3.12000,-0.01000
,,,-0.00008640000,-3.20000,-0.00800
,,,-0.00008639000,-3.20000,-0.01000
,,,-0.00008638000,-3.20000,-0.01000
,,,-0.00008637000,-3.20000,-0.01200
,,,-0.00008636000,-3.20000,-0.01800
,,,-0.00008635000,-3.20000,-0.02000
,,,-0.00008634000,-3.20000,-0.02400
,,,-0.00008633000,-3.20000,-0.02600
,,,-0.00008632000,-3.28000,-0.02400
,,,-0.00008631000,-3.28000,-0.02400
,,,-0.00008630000,-3.20000,-0.02600
,,,-0.00008629000,-3.20000,-0.02400
,,,-0.00008628000,-3.28000,-0.02400
,,,-0.00008627000,-3.28000,-0.02200
,,,-0.00008626000,-3.28000,-0.02000
,,,-0.00008625000,-3.28000,-0.02200
,,,-0.00008624000,-3.28000,-0.02200
,,,-0.00008623000,-3.36000,-0.02000
,,,-0.00008622000,-3.28000,-0.01800
,,,-0.00008621000,-3.28000,-0.01600
,,,-0.00008620000,-3.36000,-0.01400
,,,-0.00008619000,-3.28000,-0.01200
,,,-0.00008618000,-3.36000,-0.01200
,,,-0.00008617000,-3.36000,-0.01200
,,,-0.00008616000,-3.28000,-0.01600
,,,-0.00008615000,-3.36000,-0.01600
,,,-0.00008614000,-3.36000,-0.01600
,,,-0.00008613000,-3.36000,-0.01600
,,,-0.00008612000,-3.36000,-0.01400
,,,-0.00008611000,-3.36000,-0.01000
,,,-0.00008610000,-3.52000,-0.00400
,,,-0.00008609000,-3.52000,0.00
,,,-0.00008608000,-3.36000,0.00200
,,,-0.00008607000,-3.52000,0.00600
,,,-0.00008606000,-3.36000,0.00800
,,,-0.00008605000,-3.36000,0.00800
,,,-0.00008604000,-3.36000,0.00400
,,,-0.00008603000,-3.36000,0.00200
,,,-0.00008602000,-3.52000,0.00
,,,-0.00008601000,-3.36000,-0.00400
,,,-0.00008600000,-3.52000,-0.00400
,,,-0.00008599000,-3.52000,-0.00400
,,,-0.00008598000,-3.52000,-0.00200
,,,-0.00008597000,-3.52000,0.00
,,,-0.00008596000,-3.52000,0.00600
,,,-0.00008595000,-3.52000,0.01000
,,,-0.00008594000,-3.52000,0.01200
,,,-0.00008593000,-3.52000,0.01600
,,,-0.00008592000,-3.52000,0.01600
,,,-0.00008591000,-3.60000,0.01600
,,,-0.00008590000,-3.60000,0.01400
,,,-0.00008589000,-3.52000,0.01400
,,,-0.00008588000,-3.52000,0.01200
,,,-0.00008587000,-3.52000,0.01400
,,,-0.00008586000,-3.52000,0.01200
,,,-0.00008585000,-3.52000,0.01400
,,,-0.00008584000,-3.60000,0.01400
,,,-0.00008583000,-3.60000,0.01400
,,,-0.00008582000,-3.60000,0.01400
,,,-0.00008581000,-3.60000,0.01400
,,,-0.00008580000,-3.60000,0.01400
,,,-0.00008579000,-3.60000,0.01200
,,,-0.00008578000,-3.60000,0.01400
,,,-0.00008577000,-3.68000,0.01600
,,,-0.00008576000,-3.68000,0.01400
,,,-0.00008575000,-3.60000,0.01600
,,,-0.00008574000,-3.60000,0.01800
,,,-0.00008573000,-3.60000,0.01800
,,,-0.00008572000,-3.60000,0.01600
,,,-0.00008571000,-3.60000,0.01400
,,,-0.00008570000,-3.68000,0.00800
,,,-0.00008569000,-3.68000,0.00400
,,,-0.00008568000,-3.60000,-0.00200
,,,-0.00008567000,-3.68000,-0.00400
,,,-0.00008566000,-3.68000,-0.00400
,,,-0.00008565000,-3.68000,-0.00200
,,,-0.00008564000,-3.68000,0.00
,,,-0.00008563000,-3.68000,0.00600
,,,-0.00008562000,-3.68000,0.00800
,,,-0.00008561000,-3.68000,0.01200
,,,-0.00008560000,-3.68000,0.01200
,,,-0.00008559000,-3.68000,0.00800
,,,-0.00008558000,-3.68000,0.00400
,,,-0.00008557000,-3.76000,-0.00200
,,,-0.00008556000,-3.68000,-0.00600
,,,-0.00008555000,-3.68000,-0.01200
,,,-0.00008554000,-3.68000,-0.01600
,,,-0.00008553000,-3.68000,-0.01600
,,,-0.00008552000,-3.68000,-0.01600
,,,-0.00008551000,-3.84000,-0.01600
,,,-0.00008550000,-3.68000,-0.01200
,,,-0.00008549000,-3.76000,-0.01000
,,,-0.00008548000,-3.84000,-0.01200
,,,-0.00008547000,-3.76000,-0.01400
,,,-0.00008546000,-3.68000,-0.01400
,,,-0.00008545000,-3.84000,-0.01600
,,,-0.00008544000,-3.84000,-0.01800
,,,-0.00008543000,-3.76000,-0.01800
,,,-0.00008542000,-3.76000,-0.01800
,,,-0.00008541000,-3.84000,-0.01800
,,,-0.00008540000,-3.84000,-0.01600
,,,-0.00008539000,-3.84000,-0.01600
,,,-0.00008538000,-3.84000,-0.01600
,,,-0.00008537000,-3.84000,-0.01800
,,,-0.00008536000,-3.84000,-0.01800
,,,-0.00008535000,-3.84000,-0.02000
,,,-0.00008534000,-3.84000,-0.02200
,,,-0.00008533000,-3.84000,-0.02400
,,,-0.00008532000,-3.92000,-0.02400
,,,-0.00008531000,-3.92000,-0.02000
,,,-0.00008530000,-3.84000,-0.01800
,,,-0.00008529000,-3.92000,-0.01600
,,,-0.00008528000,-3.92000,-0.01000
,,,-0.00008527000,-3.84000,-0.00600
,,,-0.00008526000,-3.84000,-0.00600
,,,-0.00008525000,-3.84000,-0.00800
,,,-0.00008524000,-3.84000,-0.01000
,,,-0.00008523000,-3.84000,-0.01600
,,,-0.00008522000,-3.92000,-0.02000
,,,-0.00008521000,-3.92000,-0.02400
,,,-0.00008520000,-3.92000,-0.02600
,,,-0.00008519000,-3.92000,-0.02400
,,,-0.00008518000,-3.84000,-0.02000
,,,-0.00008517000,-3.92000,-0.01800
,,,-0.00008516000,-3.92000,-0.01200
,,,-0.00008515000,-3.92000,-0.01000
,,,-0.00008514000,-3.92000,-0.00600
,,,-0.00008513000,-3.92000,-0.00400
,,,-0.00008512000,-3.92000,-0.00200
,,,-0.00008511000,-3.92000,0.00
,,,-0.00008510000,-3.92000,-0.00200
,,,-0.00008509000,-3.92000,-0.00200
,,,-0.00008508000,-4.00000,0.00
,,,-0.00008507000,-3.92000,0.00
,,,-0.00008506000,-3.92000,0.00
,,,-0.00008505000,-3.92000,0.00
,,,-0.00008504000,-3.92000,0.00200
,,,-0.00008503000,-3.92000,0.00
,,,-0.00008502000,-4.08000,0.00200
,,,-0.00008501000,-4.00000,0.00200
,,,-0.00008500000,-4.00000,0.00400
,,,-0.00008499000,-4.00000,0.00600
,,,-0.00008498000,-4.08000,0.00600
,,,-0.00008497000,-4.00000,0.01200
,,,-0.00008496000,-4.00000,0.01200
,,,-0.00008495000,-4.00000,0.01400
,,,-0.00008494000,-4.00000,0.01800
,,,-0.00008493000,-4.08000,0.01600
,,,-0.00008492000,-4.00000,0.01400
,,,-0.00008491000,-4.08000,0.01200
,,,-0.00008490000,-4.00000,0.00800
,,,-0.00008489000,-4.00000,0.00600
,,,-0.00008488000,-4.00000,0.00200
,,,-0.00008487000,-4.08000,0.00200
,,,-0.00008486000,-4.00000,0.00400
,,,-0.00008485000,-4.08000,0.00600
,,,-0.00008484000,-4.08000,0.00800
,,,-0.00008483000,-4.08000,0.01200
,,,-0.00008482000,-4.08000,0.01800
,,,-0.00008481000,-4.08000,0.02200
,,,-0.00008480000,-4.08000,0.02200
,,,-0.00008479000,-4.16000,0.02000
,,,-0.00008478000,-4.08000,0.01600
,,,-0.00008477000,-4.16000,0.01400
,,,-0.00008476000,-4.16000,0.01000
,,,-0.00008475000,-4.16000,0.00800
,,,-0.00008474000,-4.08000,0.00400
,,,-0.00008473000,-4.16000,0.00400
,,,-0.00008472000,-4.16000,0.00600
,,,-0.00008471000,-4.16000,0.00600
,,,-0.00008470000,-4.16000,0.00800
,,,-0.00008469000,-4.16000,0.01200
,,,-0.00008468000,-4.16000,0.01000
,,,-0.00008467000,-4.16000,0.00800
,,,-0.00008466000,-4.16000,0.00600
,,,-0.00008465000,-4.16000,0.00400
,,,-0.00008464000,-4.16000,0.00200
,,,-0.00008463000,-4.16000,0.00
,,,-0.00008462000,-4.16000,0.00
,,,-0.00008461000,-4.16000,0.00
,,,-0.00008460000,-4.16000,0.00
,,,-0.00008459000,-4.24000,-0.00200
,,,-0.00008458000,-4.24000,-0.00400
,,,-0.00008457000,-4.16000,-0.00600
,,,-0.00008456000,-4.24000,-0.00800
,,,-0.00008455000,-4.16000,-0.01200
,,,-0.00008454000,-4.24000,-0.01600
,,,-0.00008453000,-4.24000,-0.01600
,,,-0.00008452000,-4.24000,-0.01600
,,,-0.00008451000,-4.16000,-0.01600
,,,-0.00008450000,-4.24000,-0.01600
,,,-0.00008449000,-4.24000,-0.01200
,,,-0.00008448000,-4.24000,-0.01000
,,,-0.00008447000,-4.32000,-0.01000
,,,-0.00008446000,-4.24000,-0.01000
,,,-0.00008445000,-4.24000,-0.01200
,,,-0.00008444000,-4.24000,-0.01200
,,,-0.00008443000,-4.24000,-0.01800
,,,-0.00008442000,-4.32000,-0.01800
,,,-0.00008441000,-4.24000,-0.02200
,,,-0.00008440000,-4.24000,-0.02200
,,,-0.00008439000,-4.24000,-0.02400
,,,-0.00008438000,-4.32000,-0.02000
,,,-0.00008437000,-4.32000,-0.02000
,,,-0.00008436000,-4.32000,-0.01800
,,,-0.00008435000,-4.32000,-0.01800
,,,-0.00008434000,-4.32000,-0.01600
,,,-0.00008433000,-4.32000,-0.01800
,,,-0.00008432000,-4.32000,-0.01800
,,,-0.00008431000,-4.32000,-0.01800
,,,-0.00008430000,-4.32000,-0.02000
,,,-0.00008429000,-4.32000,-0.02000
,,,-0.00008428000,-4.32000,-0.01800
,,,-0.00008427000,-4.32000,-0.02000
,,,-0.00008426000,-4.32000,-0.02000
,,,-0.00008425000,-4.32000,-0.01800
,,,-0.00008424000,-4.32000,-0.01600
,,,-0.00008423000,-4.32000,-0.01600
,,,-0.00008422000,-4.32000,-0.01600
,,,-0.00008421000,-4.32000,-0.01200
,,,-0.00008420000,-4.32000,-0.01000
,,,-0.00008419000,-4.32000,-0.00800
,,,-0.00008418000,-4.32000,-0.00600
,,,-0.00008417000,-4.32000,-0.00400
,,,-0.00008416000,-4.32000,-0.00200
,,,-0.00008415000,-4.32000,-0.00200
,,,-0.00008414000,-4.32000,0.00
,,,-0.00008413000,-4.40000,0.00
,,,-0.00008412000,-4.32000,-0.00200
,,,-0.00008411000,-4.40000,-0.00200
,,,-0.00008410000,-4.32000,-0.00400
,,,-0.00008409000,-4.32000,-0.00400
,,,-0.00008408000,-4.32000,-0.00400
,,,-0.00008407000,-4.32000,-0.00400
,,,-0.00008406000,-4.32000,-0.00200
,,,-0.00008405000,-4.40000,0.00
,,,-0.00008404000,-4.40000,0.00600
,,,-0.00008403000,-4.40000,0.00800
,,,-0.00008402000,-4.48000,0.01200
,,,-0.00008401000,-4.32000,0.01200
,,,-0.00008400000,-4.48000,0.01200
,,,-0.00008399000,-4.48000,0.01200
,,,-0.00008398000,-4.40000,0.00800
,,,-0.00008397000,-4.32000,0.00800
,,,-0.00008396000,-4.48000,0.00600
,,,-0.00008395000,-4.40000,0.00600
,,,-0.00008394000,-4.48000,0.00600
,,,-0.00008393000,-4.48000,0.00600
,,,-0.00008392000,-4.40000,0.01200
,,,-0.00008391000,-4.40000,0.01400
,,,-0.00008390000,-4.48000,0.01800
,,,-0.00008389000,-4.48000,0.02000
,,,-0.00008388000,-4.48000,0.02200
,,,-0.00008387000,-4.48000,0.02400
,,,-0.00008386000,-4.48000,0.02400
,,,-0.00008385000,-4.48000,0.02400
,,,-0.00008384000,-4.48000,0.02200
,,,-0.00008383000,-4.48000,0.02000
,,,-0.00008382000,-4.48000,0.01600
,,,-0.00008381000,-4.48000,0.01600
,,,-0.00008380000,-4.48000,0.01400
,,,-0.00008379000,-4.48000,0.01200
,,,-0.00008378000,-4.48000,0.00800
,,,-0.00008377000,-4.48000,0.00600
,,,-0.00008376000,-4.48000,0.00800
,,,-0.00008375000,-4.48000,0.00600
,,,-0.00008374000,-4.56000,0.00800
,,,-0.00008373000,-4.48000,0.00800
,,,-0.00008372000,-4.48000,0.00800
,,,-0.00008371000,-4.48000,0.01200
,,,-0.00008370000,-4.48000,0.00800
,,,-0.00008369000,-4.48000,0.01200
,,,-0.00008368000,-4.56000,0.01000
,,,-0.00008367000,-4.48000,0.00800
,,,-0.00008366000,-4.48000,0.00800
,,,-0.00008365000,-4.56000,0.00
,,,-0.00008364000,-4.48000,0.00400
,,,-0.00008363000,-4.48000,-0.00400
,,,-0.00008362000,-4.48000,-0.00200
,,,-0.00008361000,-4.48000,-0.00400
,,,-0.00008360000,-4.48000,0.00
,,,-0.00008359000,-4.48000,0.00
,,,-0.00008358000,-4.56000,0.00
,,,-0.00008357000,-4.56000,0.00200
,,,-0.00008356000,-4.56000,0.00200
,,,-0.00008355000,-4.56000,0.00
,,,-0.00008354000,-4.48000,-0.00200
,,,-0.00008353000,-4.56000,-0.00200
,,,-0.00008352000,-4.56000,-0.00400
,,,-0.00008351000,-4.56000,-0.00800
,,,-0.00008350000,-4.48000,-0.00800
,,,-0.00008349000,-4.56000,-0.00800
,,,-0.00008348000,-4.56000,-0.01000
,,,-0.00008347000,-4.56000,-0.01200
,,,-0.00008346000,-4.56000,-0.01600
,,,-0.00008345000,-4.48000,-0.01600
,,,-0.00008344000,-4.56000,-0.02000
,,,-0.00008343000,-4.56000,-0.02000
,,,-0.00008342000,-4.56000,-0.02200
,,,-0.00008341000,-4.56000,-0.02000
,,,-0.00008340000,-4.56000,-0.01800
,,,-0.00008339000,-4.56000,-0.01600
,,,-0.00008338000,-4.56000,-0.01200
,,,-0.00008337000,-4.56000,-0.01000
,,,-0.00008336000,-4.64000,-0.00800
,,,-0.00008335000,-4.64000,-0.00800
,,,-0.00008334000,-4.64000,-0.01000
,,,-0.00008333000,-4.64000,-0.01200
,,,-0.00008332000,-4.56000,-0.01600
,,,-0.00008331000,-4.64000,-0.01600
,,,-0.00008330000,-4.56000,-0.01800
,,,-0.00008329000,-4.64000,-0.01600
,,,-0.00008328000,-4.56000,-0.01600
,,,-0.00008327000,-4.64000,-0.01200
,,,-0.00008326000,-4.64000,-0.00800
,,,-0.00008325000,-4.64000,-0.00200
,,,-0.00008324000,-4.64000,0.00
,,,-0.00008323000,-4.72000,0.00400
,,,-0.00008322000,-4.64000,0.00400
,,,-0.00008321000,-4.72000,0.00400
,,,-0.00008320000,-4.64000,0.00400
,,,-0.00008319000,-4.64000,0.00
,,,-0.00008318000,-4.64000,0.00
,,,-0.00008317000,-4.64000,-0.00200
,,,-0.00008316000,-4.64000,-0.00200
,,,-0.00008315000,-4.64000,-0.00200
,,,-0.00008314000,-4.64000,0.00
,,,-0.00008313000,-4.56000,0.00
,,,-0.00008312000,-4.72000,0.00200
,,,-0.00008311000,-4.72000,0.00400
,,,-0.00008310000,-4.64000,0.00600
,,,-0.00008309000,-4.64000,0.00800
,,,-0.00008308000,-4.64000,0.01200
,,,-0.00008307000,-4.64000,0.01400
,,,-0.00008306000,-4.64000,0.01600
,,,-0.00008305000,-4.72000,0.02000
,,,-0.00008304000,-4.72000,0.02200
,,,-0.00008303000,-4.72000,0.02400
,,,-0.00008302000,-4.64000,0.02400
,,,-0.00008301000,-4.72000,0.02400
,,,-0.00008300000,-4.72000,0.02200
,,,-0.00008299000,-4.72000,0.02200
,,,-0.00008298000,-4.72000,0.02000
,,,-0.00008297000,-4.72000,0.01800
,,,-0.00008296000,-4.64000,0.01800
,,,-0.00008295000,-4.72000,0.02400
,,,-0.00008294000,-4.80000,0.03000
,,,-0.00008293000,-4.72000,0.02800
,,,-0.00008292000,-4.72000,0.03200
,,,-0.00008291000,-4.72000,0.03800
,,,-0.00008290000,-4.72000,0.03600
,,,-0.00008289000,-4.72000,0.03400
,,,-0.00008288000,-4.72000,0.03400
,,,-0.00008287000,-4.72000,0.02800
,,,-0.00008286000,-4.72000,0.02200
,,,-0.00008285000,-4.72000,0.02000
,,,-0.00008284000,-4.72000,0.02000
,,,-0.00008283000,-4.72000,0.01600
,,,-0.00008282000,-4.72000,0.01600
,,,-0.00008281000,-4.72000,0.02000
,,,-0.00008280000,-4.72000,0.02000
,,,-0.00008279000,-4.72000,0.02000
,,,-0.00008278000,-4.80000,0.02200
,,,-0.00008277000,-4.80000,0.02200
,,,-0.00008276000,-4.72000,0.02000
,,,-0.00008275000,-4.80000,0.02000
,,,-0.00008274000,-4.80000,0.01800
,,,-0.00008273000,-4.80000,0.01600
,,,-0.00008272000,-4.72000,0.02000
,,,-0.00008271000,-4.80000,0.02000
,,,-0.00008270000,-4.72000,0.01800
,,,-0.00008269000,-4.72000,0.01600
,,,-0.00008268000,-4.80000,0.02000
,,,-0.00008267000,-4.72000,0.01400
,,,-0.00008266000,-4.72000,0.01200
,,,-0.00008265000,-4.80000,0.01000
,,,-0.00008264000,-4.80000,0.00600
,,,-0.00008263000,-4.72000,0.00200
,,,-0.00008262000,-4.80000,0.00400
,,,-0.00008261000,-4.80000,0.00400
,,,-0.00008260000,-4.72000,0.00400
,,,-0.00008259000,-4.80000,0.00400
,,,-0.00008258000,-4.80000,0.00600
,,,-0.00008257000,-4.80000,0.00800
,,,-0.00008256000,-4.80000,0.00600
,,,-0.00008255000,-4.80000,0.00400
,,,-0.00008254000,-4.80000,-0.00200
,,,-0.00008253000,-4.80000,-0.00800
,,,-0.00008252000,-4.80000,-0.01200
,,,-0.00008251000,-4.80000,-0.01600
,,,-0.00008250000,-4.72000,-0.02000
,,,-0.00008249000,-4.80000,-0.02000
,,,-0.00008248000,-4.80000,-0.01600
,,,-0.00008247000,-4.80000,-0.01200
,,,-0.00008246000,-4.80000,-0.00800
,,,-0.00008245000,-4.80000,-0.00400
,,,-0.00008244000,-4.80000,-0.00400
,,,-0.00008243000,-4.80000,-0.00200
,,,-0.00008242000,-4.80000,-0.00200
,,,-0.00008241000,-4.80000,-0.00400
,,,-0.00008240000,-4.80000,-0.00600
,,,-0.00008239000,-4.80000,-0.00800
,,,-0.00008238000,-4.88000,-0.00600
,,,-0.00008237000,-4.80000,-0.00800
,,,-0.00008236000,-4.80000,-0.00800
,,,-0.00008235000,-4.88000,-0.00800
,,,-0.00008234000,-4.80000,-0.00600
,,,-0.00008233000,-4.80000,-0.00800
,,,-0.00008232000,-4.80000,-0.00800
,,,-0.00008231000,-4.80000,-0.01000
,,,-0.00008230000,-4.80000,-0.00800
,,,-0.00008229000,-4.80000,-0.01000
,,,-0.00008228000,-4.80000,-0.00800
,,,-0.00008227000,-4.80000,-0.00600
,,,-0.00008226000,-4.80000,-0.00400
,,,-0.00008225000,-4.80000,-0.00200
,,,-0.00008224000,-4.80000,0.00200
,,,-0.00008223000,-4.80000,0.00200
,,,-0.00008222000,-4.80000,0.00400
,,,-0.00008221000,-4.80000,0.00200
,,,-0.00008220000,-4.80000,0.00200
,,,-0.00008219000,-4.80000,-0.00200
,,,-0.00008218000,-4.80000,-0.00200
,,,-0.00008217000,-4.88000,-0.00400
,,,-0.00008216000,-4.80000,-0.00200
,,,-0.00008215000,-4.80000,0.00200
,,,-0.00008214000,-4.88000,0.00600
,,,-0.00008213000,-4.88000,0.01200
,,,-0.00008212000,-4.80000,0.01600
,,,-0.00008211000,-4.80000,0.02200
,,,-0.00008210000,-4.80000,0.02400
,,,-0.00008209000,-4.88000,0.02600
,,,-0.00008208000,-4.80000,0.02400
,,,-0.00008207000,-4.80000,0.02400
,,,-0.00008206000,-4.80000,0.02200
,,,-0.00008205000,-4.80000,0.02000
,,,-0.00008204000,-4.80000,0.01600
,,,-0.00008203000,-4.88000,0.01400
,,,-0.00008202000,-4.80000,0.01600
,,,-0.00008201000,-4.88000,0.01600
,,,-0.00008200000,-4.80000,0.01800
,,,-0.00008199000,-4.80000,0.02000
,,,-0.00008198000,-4.80000,0.02200
,,,-0.00008197000,-4.80000,0.02200
,,,-0.00008196000,-4.88000,0.02200
,,,-0.00008195000,-4.80000,0.02200
,,,-0.00008194000,-4.88000,0.02200
,,,-0.00008193000,-4.88000,0.02200
,,,-0.00008192000,-4.80000,0.02400
,,,-0.00008191000,-4.80000,0.02600
,,,-0.00008190000,-4.80000,0.02600
,,,-0.00008189000,-4.88000,0.02800
,,,-0.00008188000,-4.80000,0.02800
,,,-0.00008187000,-4.80000,0.02800
,,,-0.00008186000,-4.88000,0.02600
,,,-0.00008185000,-4.80000,0.02400
,,,-0.00008184000,-4.80000,0.02200
,,,-0.00008183000,-4.88000,0.02200
,,,-0.00008182000,-4.80000,0.02400
,,,-0.00008181000,-4.88000,0.02600
,,,-0.00008180000,-4.88000,0.02800
,,,-0.00008179000,-4.80000,0.03000
,,,-0.00008178000,-4.80000,0.03000
,,,-0.00008177000,-4.80000,0.03200
,,,-0.00008176000,-4.80000,0.03000
,,,-0.00008175000,-4.88000,0.02600
,,,-0.00008174000,-4.80000,0.02000
,,,-0.00008173000,-4.80000,0.01400
,,,-0.00008172000,-4.80000,0.01000
,,,-0.00008171000,-4.80000,0.00600
,,,-0.00008170000,-4.88000,0.00400
,,,-0.00008169000,-4.80000,0.00400
,,,-0.00008168000,-4.80000,0.00400
,,,-0.00008167000,-4.88000,0.00800
,,,-0.00008166000,-4.80000,0.01000
,,,-0.00008165000,-4.88000,0.01000
,,,-0.00008164000,-4.80000,0.01000
,,,-0.00008163000,-4.80000,0.01200
,,,-0.00008162000,-4.80000,0.00800
,,,-0.00008161000,-4.88000,0.00400
,,,-0.00008160000,-4.88000,0.00200
,,,-0.00008159000,-4.88000,-0.00200
,,,-0.00008158000,-4.88000,0.00
,,,-0.00008157000,-4.80000,0.00200
,,,-0.00008156000,-4.88000,-0.00400
,,,-0.00008155000,-4.80000,0.00800
,,,-0.00008154000,-4.80000,-0.00400
,,,-0.00008153000,-4.80000,0.00800
,,,-0.00008152000,-4.80000,0.00400
,,,-0.00008151000,-4.72000,0.00200
,,,-0.00008150000,-4.80000,0.00400
,,,-0.00008149000,-4.80000,0.00
,,,-0.00008148000,-4.80000,0.00
,,,-0.00008147000,-4.88000,-0.00200
,,,-0.00008146000,-4.88000,0.00
,,,-0.00008145000,-4.80000,0.00
,,,-0.00008144000,-4.88000,0.00
,,,-0.00008143000,-4.80000,0.00
,,,-0.00008142000,-4.80000,-0.00200
,,,-0.00008141000,-4.88000,-0.00400
,,,-0.00008140000,-4.88000,-0.00600
,,,-0.00008139000,-4.88000,-0.01000
,,,-0.00008138000,-4.80000,-0.01000
,,,-0.00008137000,-4.88000,-0.01200
,,,-0.00008136000,-4.80000,-0.01000
,,,-0.00008135000,-4.88000,-0.00800
,,,-0.00008134000,-4.80000,-0.00400
,,,-0.00008133000,-4.80000,0.00
,,,-0.00008132000,-4.80000,0.00600
,,,-0.00008131000,-4.80000,0.00800
,,,-0.00008130000,-4.80000,0.00800
,,,-0.00008129000,-4.80000,0.00600
,,,-0.00008128000,-4.88000,0.00400
,,,-0.00008127000,-4.88000,0.00400
,,,-0.00008126000,-4.80000,0.00400
,,,-0.00008125000,-4.80000,0.00400
,,,-0.00008124000,-4.80000,0.00400
,,,-0.00008123000,-4.80000,0.00600
,,,-0.00008122000,-4.80000,0.00800
,,,-0.00008121000,-4.80000,0.01200
,,,-0.00008120000,-4.80000,0.01400
,,,-0.00008119000,-4.80000,0.01800
,,,-0.00008118000,-4.80000,0.02000
,,,-0.00008117000,-4.88000,0.02200
,,,-0.00008116000,-4.88000,0.02200
,,,-0.00008115000,-4.88000,0.02200
,,,-0.00008114000,-4.80000,0.02000
,,,-0.00008113000,-4.80000,0.02000
,,,-0.00008112000,-4.80000,0.02000
,,,-0.00008111000,-4.88000,0.02000
,,,-0.00008110000,-4.80000,0.01600
,,,-0.00008109000,-4.80000,0.01600
,,,-0.00008108000,-4.80000,0.01600
,,,-0.00008107000,-4.80000,0.01400
,,,-0.00008106000,-4.80000,0.01400
,,,-0.00008105000,-4.80000,0.01400
,,,-0.00008104000,-4.88000,0.01400
,,,-0.00008103000,-4.80000,0.01800
,,,-0.00008102000,-4.88000,0.02000
,,,-0.00008101000,-4.80000,0.02400
,,,-0.00008100000,-4.80000,0.02800
,,,-0.00008099000,-4.80000,0.03000
,,,-0.00008098000,-4.80000,0.03200
,,,-0.00008097000,-4.80000,0.03400
,,,-0.00008096000,-4.80000,0.03200
,,,-0.00008095000,-4.80000,0.03000
,,,-0.00008094000,-4.80000,0.02800
,,,-0.00008093000,-4.80000,0.02400
,,,-0.00008092000,-4.80000,0.02000
,,,-0.00008091000,-4.80000,0.01800
,,,-0.00008090000,-4.88000,0.02000
,,,-0.00008089000,-4.80000,0.02200
,,,-0.00008088000,-4.80000,0.02400
,,,-0.00008087000,-4.80000,0.02800
,,,-0.00008086000,-4.80000,0.03000
,,,-0.00008085000,-4.80000,0.03200
,,,-0.00008084000,-4.80000,0.03200
,,,-0.00008083000,-4.80000,0.03000
,,,-0.00008082000,-4.80000,0.02600
,,,-0.00008081000,-4.80000,0.02200
,,,-0.00008080000,-4.80000,0.01800
,,,-0.00008079000,-4.80000,0.01400
,,,-0.00008078000,-4.80000,0.01200
,,,-0.00008077000,-4.80000,0.00800
,,,-0.00008076000,-4.80000,0.00600
,,,-0.00008075000,-4.80000,0.00600
,,,-0.00008074000,-4.80000,0.00600
,,,-0.00008073000,-4.80000,0.00800
,,,-0.00008072000,-4.80000,0.00800
,,,-0.00008071000,-4.80000,0.00800
,,,-0.00008070000,-4.80000,0.01000
,,,-0.00008069000,-4.80000,0.01200
,,,-0.00008068000,-4.80000,0.01200
,,,-0.00008067000,-4.80000,0.01200
,,,-0.00008066000,-4.80000,0.01400
,,,-0.00008065000,-4.80000,0.01200
,,,-0.00008064000,-4.80000,0.01000
,,,-0.00008063000,-4.80000,0.00600
,,,-0.00008062000,-4.80000,0.00200
,,,-0.00008061000,-4.80000,-0.00200
,,,-0.00008060000,-4.80000,-0.00400
,,,-0.00008059000,-4.80000,-0.00600
,,,-0.00008058000,-4.80000,-0.00600
,,,-0.00008057000,-4.80000,-0.00600
,,,-0.00008056000,-4.80000,-0.00400
,,,-0.00008055000,-4.80000,-0.00400
,,,-0.00008054000,-4.80000,-0.00400
,,,-0.00008053000,-4.80000,-0.00400
,,,-0.00008052000,-4.80000,-0.00600
,,,-0.00008051000,-4.80000,-0.00800
,,,-0.00008050000,-4.80000,-0.01000
,,,-0.00008049000,-4.80000,-0.01200
,,,-0.00008048000,-4.80000,-0.01200
,,,-0.00008047000,-4.80000,-0.01600
,,,-0.00008046000,-4.80000,-0.01600
,,,-0.00008045000,-4.80000,-0.01600
,,,-0.00008044000,-4.80000,-0.01400
,,,-0.00008043000,-4.72000,-0.01400
,,,-0.00008042000,-4.80000,-0.01200
,,,-0.00008041000,-4.80000,-0.01000
,,,-0.00008040000,-4.80000,-0.01000
,,,-0.00008039000,-4.80000,-0.00800
,,,-0.00008038000,-4.80000,-0.00800
,,,-0.00008037000,-4.80000,-0.00600
,,,-0.00008036000,-4.80000,-0.00400
,,,-0.00008035000,-4.72000,-0.00400
,,,-0.00008034000,-4.72000,-0.00200
,,,-0.00008033000,-4.80000,0.00
,,,-0.00008032000,-4.80000,-0.00200
,,,-0.00008031000,-4.80000,0.00
,,,-0.00008030000,-4.80000,-0.00200
,,,-0.00008029000,-4.72000,-0.00400
,,,-0.00008028000,-4.72000,-0.00800
,,,-0.00008027000,-4.72000,-0.00800
,,,-0.00008026000,-4.72000,-0.01000
,,,-0.00008025000,-4.80000,-0.00800
,,,-0.00008024000,-4.72000,-0.00400
,,,-0.00008023000,-4.72000,-0.00200
,,,-0.00008022000,-4.72000,0.00200
,,,-0.00008021000,-4.72000,0.00400
,,,-0.00008020000,-4.72000,0.00800
,,,-0.00008019000,-4.72000,0.00800
,,,-0.00008018000,-4.72000,0.00800
,,,-0.00008017000,-4.72000,0.00800
,,,-0.00008016000,-4.72000,0.00600
,,,-0.00008015000,-4.72000,0.00400
,,,-0.00008014000,-4.80000,0.00400
,,,-0.00008013000,-4.72000,0.00200
,,,-0.00008012000,-4.72000,0.00400
,,,-0.00008011000,-4.72000,0.00600
,,,-0.00008010000,-4.72000,0.00800
,,,-0.00008009000,-4.72000,0.01400
,,,-0.00008008000,-4.72000,0.01600
,,,-0.00008007000,-4.72000,0.02000
,,,-0.00008006000,-4.72000,0.02400
,,,-0.00008005000,-4.64000,0.02400
,,,-0.00008004000,-4.64000,0.02600
,,,-0.00008003000,-4.64000,0.02600
,,,-0.00008002000,-4.64000,0.02400
,,,-0.00008001000,-4.72000,0.02400
,,,-0.00008000000,-4.64000,0.02200
,,,-0.00007999000,-4.72000,0.02000
,,,-0.00007998000,-4.72000,0.01800
,,,-0.00007997000,-4.64000,0.01600
,,,-0.00007996000,-4.64000,0.01400
,,,-0.00007995000,-4.64000,0.01600
,,,-0.00007994000,-4.64000,0.01400
,,,-0.00007993000,-4.64000,0.01600
,,,-0.00007992000,-4.56000,0.02000
,,,-0.00007991000,-4.56000,0.02000
,,,-0.00007990000,-4.64000,0.02200
,,,-0.00007989000,-4.56000,0.02400
,,,-0.00007988000,-4.64000,0.02200
,,,-0.00007987000,-4.64000,0.02200
,,,-0.00007986000,-4.64000,0.02200
,,,-0.00007985000,-4.64000,0.02000
,,,-0.00007984000,-4.64000,0.01600
,,,-0.00007983000,-4.64000,0.01200
,,,-0.00007982000,-4.72000,0.01000
,,,-0.00007981000,-4.64000,0.00800
,,,-0.00007980000,-4.72000,0.00400
,,,-0.00007979000,-4.56000,0.00600
,,,-0.00007978000,-4.56000,0.00800
,,,-0.00007977000,-4.56000,0.01000
,,,-0.00007976000,-4.56000,0.01200
,,,-0.00007975000,-4.56000,0.01400
,,,-0.00007974000,-4.56000,0.01800
,,,-0.00007973000,-4.56000,0.01600
,,,-0.00007972000,-4.56000,0.01200
,,,-0.00007971000,-4.56000,0.00800
,,,-0.00007970000,-4.56000,0.00600
,,,-0.00007969000,-4.64000,0.00200
,,,-0.00007968000,-4.56000,-0.00200
,,,-0.00007967000,-4.56000,-0.00200
,,,-0.00007966000,-4.56000,-0.00400
,,,-0.00007965000,-4.56000,-0.00400
,,,-0.00007964000,-4.48000,-0.00600
,,,-0.00007963000,-4.56000,-0.00800
,,,-0.00007962000,-4.56000,-0.01000
,,,-0.00007961000,-4.56000,-0.01400
,,,-0.00007960000,-4.56000,-0.01400
,,,-0.00007959000,-4.56000,-0.01600
,,,-0.00007958000,-4.56000,-0.01600
,,,-0.00007957000,-4.56000,-0.01600
,,,-0.00007956000,-4.56000,-0.01200
,,,-0.00007955000,-4.56000,-0.01200
,,,-0.00007954000,-4.56000,-0.01000
,,,-0.00007953000,-4.56000,-0.00800
,,,-0.00007952000,-4.56000,-0.00800
,,,-0.00007951000,-4.56000,-0.00800
,,,-0.00007950000,-4.56000,-0.01200
,,,-0.00007949000,-4.56000,-0.01600
,,,-0.00007948000,-4.56000,-0.01800
,,,-0.00007947000,-4.56000,-0.01800
,,,-0.00007946000,-4.56000,-0.01800
,,,-0.00007945000,-4.56000,-0.01600
,,,-0.00007944000,-4.48000,-0.01400
,,,-0.00007943000,-4.48000,-0.01200
,,,-0.00007942000,-4.56000,-0.00800
,,,-0.00007941000,-4.48000,-0.00800
,,,-0.00007940000,-4.48000,-0.00600
,,,-0.00007939000,-4.48000,-0.00800
,,,-0.00007938000,-4.48000,-0.01000
,,,-0.00007937000,-4.48000,-0.01400
,,,-0.00007936000,-4.56000,-0.01600
,,,-0.00007935000,-4.48000,-0.01600
,,,-0.00007934000,-4.48000,-0.01800
,,,-0.00007933000,-4.48000,-0.01800
,,,-0.00007932000,-4.48000,-0.01600
,,,-0.00007931000,-4.40000,-0.01400
,,,-0.00007930000,-4.48000,-0.01600
,,,-0.00007929000,-4.48000,-0.01000
,,,-0.00007928000,-4.48000,-0.00800
,,,-0.00007927000,-4.48000,-0.00800
,,,-0.00007926000,-4.48000,-0.00800
,,,-0.00007925000,-4.48000,-0.00400
,,,-0.00007924000,-4.48000,-0.00400
,,,-0.00007923000,-4.48000,-0.00400
,,,-0.00007922000,-4.48000,-0.00200
,,,-0.00007921000,-4.48000,0.00
,,,-0.00007920000,-4.48000,0.00200
,,,-0.00007919000,-4.48000,0.00400
,,,-0.00007918000,-4.48000,0.00600
,,,-0.00007917000,-4.48000,0.00600
,,,-0.00007916000,-4.48000,0.00800
,,,-0.00007915000,-4.40000,0.00800
,,,-0.00007914000,-4.40000,0.00600
,,,-0.00007913000,-4.48000,0.00600
,,,-0.00007912000,-4.40000,0.00800
,,,-0.00007911000,-4.32000,0.01000
,,,-0.00007910000,-4.40000,0.01400
,,,-0.00007909000,-4.40000,0.01600
,,,-0.00007908000,-4.32000,0.01800
,,,-0.00007907000,-4.32000,0.02000
,,,-0.00007906000,-4.32000,0.02000
,,,-0.00007905000,-4.40000,0.01600
,,,-0.00007904000,-4.32000,0.01200
,,,-0.00007903000,-4.32000,0.00800
,,,-0.00007902000,-4.40000,0.00600
,,,-0.00007901000,-4.32000,0.00600
,,,-0.00007900000,-4.32000,0.00400
,,,-0.00007899000,-4.32000,0.00800
,,,-0.00007898000,-4.32000,0.01400
,,,-0.00007897000,-4.32000,0.01800
,,,-0.00007896000,-4.32000,0.02200
,,,-0.00007895000,-4.32000,0.02400
,,,-0.00007894000,-4.32000,0.02600
,,,-0.00007893000,-4.32000,0.02600
,,,-0.00007892000,-4.32000,0.02200
,,,-0.00007891000,-4.32000,0.01800
,,,-0.00007890000,-4.32000,0.01400
,,,-0.00007889000,-4.32000,0.01000
,,,-0.00007888000,-4.32000,0.01000
,,,-0.00007887000,-4.32000,0.00800
,,,-0.00007886000,-4.24000,0.01000
,,,-0.00007885000,-4.32000,0.01200
,,,-0.00007884000,-4.32000,0.01400
,,,-0.00007883000,-4.32000,0.01600
,,,-0.00007882000,-4.24000,0.01600
,,,-0.00007881000,-4.24000,0.01400
,,,-0.00007880000,-4.32000,0.01200
,,,-0.00007879000,-4.32000,0.01000
,,,-0.00007878000,-4.24000,0.00600
,,,-0.00007877000,-4.32000,0.00400
,,,-0.00007876000,-4.24000,0.00400
,,,-0.00007875000,-4.24000,0.00200
,,,-0.00007874000,-4.32000,0.00400
,,,-0.00007873000,-4.24000,0.00200
,,,-0.00007872000,-4.24000,0.00200
,,,-0.00007871000,-4.24000,0.00
,,,-0.00007870000,-4.24000,-0.00200
,,,-0.00007869000,-4.24000,-0.00400
,,,-0.00007868000,-4.24000,-0.00800
,,,-0.00007867000,-4.32000,-0.01000
,,,-0.00007866000,-4.16000,-0.01000
,,,-0.00007865000,-4.24000,-0.01000
,,,-0.00007864000,-4.24000,-0.00800
,,,-0.00007863000,-4.24000,-0.00400
,,,-0.00007862000,-4.24000,-0.00200
,,,-0.00007861000,-4.16000,0.00
,,,-0.00007860000,-4.24000,-0.00200
,,,-0.00007859000,-4.16000,-0.00400
,,,-0.00007858000,-4.24000,-0.00800
,,,-0.00007857000,-4.16000,-0.01200
,,,-0.00007856000,-4.16000,-0.01600
,,,-0.00007855000,-4.16000,-0.01800
,,,-0.00007854000,-4.16000,-0.02000
,,,-0.00007853000,-4.16000,-0.02000
,,,-0.00007852000,-4.16000,-0.01800
,,,-0.00007851000,-4.16000,-0.01600
,,,-0.00007850000,-4.16000,-0.01600
,,,-0.00007849000,-4.24000,-0.01600
,,,-0.00007848000,-4.16000,-0.01600
,,,-0.00007847000,-4.16000,-0.01600
,,,-0.00007846000,-4.16000,-0.01200
,,,-0.00007845000,-4.16000,-0.01800
,,,-0.00007844000,-4.16000,-0.01600
,,,-0.00007843000,-4.16000,-0.01600
,,,-0.00007842000,-4.16000,-0.01600
,,,-0.00007841000,-4.16000,-0.01200
,,,-0.00007840000,-4.16000,-0.02000
,,,-0.00007839000,-4.16000,-0.01400
,,,-0.00007838000,-4.16000,-0.01800
,,,-0.00007837000,-4.16000,-0.01600
,,,-0.00007836000,-4.16000,-0.01800
,,,-0.00007835000,-4.08000,-0.01400
,,,-0.00007834000,-4.08000,-0.01400
,,,-0.00007833000,-4.08000,-0.01200
,,,-0.00007832000,-4.08000,-0.00800
,,,-0.00007831000,-4.08000,-0.00400
,,,-0.00007830000,-4.08000,0.00
,,,-0.00007829000,-4.08000,0.00400
,,,-0.00007828000,-4.08000,0.00400
,,,-0.00007827000,-4.08000,0.00600
,,,-0.00007826000,-4.00000,0.00400
,,,-0.00007825000,-4.00000,-0.00200
,,,-0.00007824000,-4.00000,-0.00200
,,,-0.00007823000,-4.00000,-0.00600
,,,-0.00007822000,-4.08000,-0.00800
,,,-0.00007821000,-4.00000,-0.00800
,,,-0.00007820000,-4.00000,-0.00600
,,,-0.00007819000,-4.00000,-0.00200
,,,-0.00007818000,-4.00000,0.00200
,,,-0.00007817000,-4.00000,0.00600
,,,-0.00007816000,-4.00000,0.01200
,,,-0.00007815000,-4.00000,0.01600
,,,-0.00007814000,-4.00000,0.01600
,,,-0.00007813000,-4.00000,0.01800
,,,-0.00007812000,-4.00000,0.01400
,,,-0.00007811000,-4.00000,0.01200
,,,-0.00007810000,-4.00000,0.01200
,,,-0.00007809000,-4.00000,0.01000
,,,-0.00007808000,-4.00000,0.01200
,,,-0.00007807000,-4.00000,0.01200
,,,-0.00007806000,-4.00000,0.01400
,,,-0.00007805000,-3.92000,0.01600
,,,-0.00007804000,-3.92000,0.01600
,,,-0.00007803000,-3.92000,0.01800
,,,-0.00007802000,-3.92000,0.02000
,,,-0.00007801000,-4.00000,0.01800
,,,-0.00007800000,-3.92000,0.02000
,,,-0.00007799000,-3.92000,0.02000
,,,-0.00007798000,-3.92000,0.02000
,,,-0.00007797000,-3.92000,0.02000
,,,-0.00007796000,-3.92000,0.02000
,,,-0.00007795000,-3.92000,0.02000
,,,-0.00007794000,-3.92000,0.02000
,,,-0.00007793000,-3.92000,0.01800
,,,-0.00007792000,-3.92000,0.01800
,,,-0.00007791000,-3.92000,0.01400
,,,-0.00007790000,-3.92000,0.01200
,,,-0.00007789000,-3.92000,0.00800
,,,-0.00007788000,-3.92000,0.00600
,,,-0.00007787000,-3.84000,0.00600
,,,-0.00007786000,-3.92000,0.00800
,,,-0.00007785000,-3.84000,0.01000
,,,-0.00007784000,-3.92000,0.01200
,,,-0.00007783000,-3.84000,0.01600
,,,-0.00007782000,-3.84000,0.01600
,,,-0.00007781000,-3.84000,0.01800
,,,-0.00007780000,-3.84000,0.01600
,,,-0.00007779000,-3.84000,0.01400
,,,-0.00007778000,-3.84000,0.01000
,,,-0.00007777000,-3.84000,0.00600
,,,-0.00007776000,-3.84000,0.00200
,,,-0.00007775000,-3.84000,0.00
,,,-0.00007774000,-3.84000,0.00
,,,-0.00007773000,-3.84000,-0.00200
,,,-0.00007772000,-3.84000,0.00
,,,-0.00007771000,-3.84000,0.00
,,,-0.00007770000,-3.84000,0.00200
,,,-0.00007769000,-3.76000,0.00400
,,,-0.00007768000,-3.68000,0.00400
,,,-0.00007767000,-3.84000,0.00400
,,,-0.00007766000,-3.76000,0.00400
,,,-0.00007765000,-3.68000,0.00
,,,-0.00007764000,-3.68000,-0.00200
,,,-0.00007763000,-3.76000,-0.00600
,,,-0.00007762000,-3.76000,-0.00800
,,,-0.00007761000,-3.68000,-0.01000
,,,-0.00007760000,-3.68000,-0.01200
,,,-0.00007759000,-3.68000,-0.01200
,,,-0.00007758000,-3.76000,-0.01400
,,,-0.00007757000,-3.68000,-0.01600
,,,-0.00007756000,-3.68000,-0.01600
,,,-0.00007755000,-3.68000,-0.01600
,,,-0.00007754000,-3.68000,-0.01600
,,,-0.00007753000,-3.68000,-0.01200
,,,-0.00007752000,-3.68000,-0.01000
,,,-0.00007751000,-3.68000,-0.00800
,,,-0.00007750000,-3.68000,-0.00400
,,,-0.00007749000,-3.68000,-0.00600
,,,-0.00007748000,-3.68000,-0.00600
,,,-0.00007747000,-3.68000,-0.00800
,,,-0.00007746000,-3.68000,-0.01000
,,,-0.00007745000,-3.68000,-0.01200
,,,-0.00007744000,-3.68000,-0.01400
,,,-0.00007743000,-3.68000,-0.01600
,,,-0.00007742000,-3.60000,-0.01600
,,,-0.00007741000,-3.68000,-0.01600
,,,-0.00007740000,-3.68000,-0.01200
,,,-0.00007739000,-3.60000,-0.01000
,,,-0.00007738000,-3.60000,-0.01000
,,,-0.00007737000,-3.60000,-0.00800
,,,-0.00007736000,-3.68000,-0.00400
,,,-0.00007735000,-3.68000,-0.00200
,,,-0.00007734000,-3.68000,-0.00200
,,,-0.00007733000,-3.60000,-0.00200
,,,-0.00007732000,-3.60000,-0.00200
,,,-0.00007731000,-3.60000,-0.00400
,,,-0.00007730000,-3.60000,-0.00400
,,,-0.00007729000,-3.60000,-0.00400
,,,-0.00007728000,-3.60000,-0.00400
,,,-0.00007727000,-3.60000,-0.00600
,,,-0.00007726000,-3.60000,-0.00400
,,,-0.00007725000,-3.60000,-0.00400
,,,-0.00007724000,-3.60000,-0.00400
,,,-0.00007723000,-3.52000,0.00
,,,-0.00007722000,-3.60000,0.00400
,,,-0.00007721000,-3.60000,0.00600
,,,-0.00007720000,-3.52000,0.01200
,,,-0.00007719000,-3.52000,0.01400
,,,-0.00007718000,-3.52000,0.01600
,,,-0.00007717000,-3.52000,0.01800
,,,-0.00007716000,-3.52000,0.01800
,,,-0.00007715000,-3.52000,0.01800
,,,-0.00007714000,-3.52000,0.01600
,,,-0.00007713000,-3.52000,0.01400
,,,-0.00007712000,-3.52000,0.01200
,,,-0.00007711000,-3.36000,0.01000
,,,-0.00007710000,-3.52000,0.00800
,,,-0.00007709000,-3.36000,0.00800
,,,-0.00007708000,-3.36000,0.01000
,,,-0.00007707000,-3.36000,0.01000
,,,-0.00007706000,-3.36000,0.01400
,,,-0.00007705000,-3.36000,0.01600
,,,-0.00007704000,-3.36000,0.01800
,,,-0.00007703000,-3.36000,0.02000
,,,-0.00007702000,-3.36000,0.02200
,,,-0.00007701000,-3.36000,0.02200
,,,-0.00007700000,-3.36000,0.02000
,,,-0.00007699000,-3.28000,0.01800
,,,-0.00007698000,-3.36000,0.01600
,,,-0.00007697000,-3.36000,0.01400
,,,-0.00007696000,-3.36000,0.01200
,,,-0.00007695000,-3.28000,0.01200
,,,-0.00007694000,-3.28000,0.01400
,,,-0.00007693000,-3.28000,0.01400
,,,-0.00007692000,-3.28000,0.01600
,,,-0.00007691000,-3.28000,0.01600
,,,-0.00007690000,-3.28000,0.01600
,,,-0.00007689000,-3.36000,0.01600
,,,-0.00007688000,-3.20000,0.01600
,,,-0.00007687000,-3.28000,0.01400
,,,-0.00007686000,-3.28000,0.01600
,,,-0.00007685000,-3.20000,0.01400
,,,-0.00007684000,-3.28000,0.01400
,,,-0.00007683000,-3.20000,0.01200
,,,-0.00007682000,-3.20000,0.00800
,,,-0.00007681000,-3.20000,0.00800
,,,-0.00007680000,-3.20000,0.00400
,,,-0.00007679000,-3.20000,0.00
,,,-0.00007678000,-3.20000,-0.00200
,,,-0.00007677000,-3.20000,-0.00400
,,,-0.00007676000,-3.20000,-0.00600
,,,-0.00007675000,-3.20000,-0.00600
,,,-0.00007674000,-3.20000,-0.00400
,,,-0.00007673000,-3.20000,-0.00200
,,,-0.00007672000,-3.20000,-0.00200
,,,-0.00007671000,-3.20000,0.00
,,,-0.00007670000,-3.20000,0.00
,,,-0.00007669000,-3.20000,-0.00200
,,,-0.00007668000,-3.20000,-0.00600
,,,-0.00007667000,-3.12000,-0.00800
,,,-0.00007666000,-3.12000,-0.01400
,,,-0.00007665000,-3.12000,-0.01600
,,,-0.00007664000,-3.12000,-0.01600
,,,-0.00007663000,-3.12000,-0.01800
,,,-0.00007662000,-3.12000,-0.01600
,,,-0.00007661000,-3.12000,-0.01600
,,,-0.00007660000,-3.12000,-0.01600
,,,-0.00007659000,-3.12000,-0.01000
,,,-0.00007658000,-3.12000,-0.01200
,,,-0.00007657000,-3.12000,-0.01000
,,,-0.00007656000,-3.12000,-0.01200
,,,-0.00007655000,-3.12000,-0.01400
,,,-0.00007654000,-3.12000,-0.01400
,,,-0.00007653000,-3.12000,-0.01800
,,,-0.00007652000,-3.12000,-0.01800
,,,-0.00007651000,-3.04000,-0.01800
,,,-0.00007650000,-2.96000,-0.01800
,,,-0.00007649000,-2.96000,-0.01800
,,,-0.00007648000,-2.96000,-0.01800
,,,-0.00007647000,-2.96000,-0.01800
,,,-0.00007646000,-2.96000,-0.01800
,,,-0.00007645000,-2.96000,-0.01800
,,,-0.00007644000,-3.04000,-0.01800
,,,-0.00007643000,-2.96000,-0.01800
,,,-0.00007642000,-3.04000,-0.01800
,,,-0.00007641000,-2.96000,-0.01600
,,,-0.00007640000,-2.96000,-0.01200
,,,-0.00007639000,-2.96000,-0.01000
,,,-0.00007638000,-2.96000,-0.00800
,,,-0.00007637000,-2.96000,-0.00400
,,,-0.00007636000,-2.96000,-0.00600
,,,-0.00007635000,-2.96000,-0.00600
,,,-0.00007634000,-2.96000,-0.00800
,,,-0.00007633000,-2.96000,-0.01000
,,,-0.00007632000,-2.96000,-0.01000
,,,-0.00007631000,-2.96000,-0.00800
,,,-0.00007630000,-2.96000,-0.01200
,,,-0.00007629000,-2.96000,0.00
,,,-0.00007628000,-2.88000,-0.00400
,,,-0.00007627000,-2.88000,0.00600
,,,-0.00007626000,-2.88000,0.01200
,,,-0.00007625000,-2.88000,0.00800
,,,-0.00007624000,-2.88000,0.01600
,,,-0.00007623000,-2.88000,0.00800
,,,-0.00007622000,-2.88000,0.01200
,,,-0.00007621000,-2.88000,0.00800
,,,-0.00007620000,-2.80000,0.00800
,,,-0.00007619000,-2.80000,0.00600
,,,-0.00007618000,-2.88000,0.00600
,,,-0.00007617000,-2.80000,0.00600
,,,-0.00007616000,-2.80000,0.00600
,,,-0.00007615000,-2.80000,0.00800
,,,-0.00007614000,-2.80000,0.01000
,,,-0.00007613000,-2.80000,0.01200
,,,-0.00007612000,-2.80000,0.01400
,,,-0.00007611000,-2.80000,0.01400
,,,-0.00007610000,-2.80000,0.01600
,,,-0.00007609000,-2.80000,0.01800
,,,-0.00007608000,-2.80000,0.02000
,,,-0.00007607000,-2.80000,0.02200
,,,-0.00007606000,-2.72000,0.02400
,,,-0.00007605000,-2.80000,0.02400
,,,-0.00007604000,-2.72000,0.02600
,,,-0.00007603000,-2.72000,0.02800
,,,-0.00007602000,-2.72000,0.02600
,,,-0.00007601000,-2.72000,0.02400
,,,-0.00007600000,-2.72000,0.02200
,,,-0.00007599000,-2.72000,0.02000
,,,-0.00007598000,-2.72000,0.02000
,,,-0.00007597000,-2.72000,0.01800
,,,-0.00007596000,-2.64000,0.02000
,,,-0.00007595000,-2.64000,0.02200
,,,-0.00007594000,-2.64000,0.02400
,,,-0.00007593000,-2.64000,0.02800
,,,-0.00007592000,-2.64000,0.03000
,,,-0.00007591000,-2.64000,0.03000
,,,-0.00007590000,-2.56000,0.02800
,,,-0.00007589000,-2.56000,0.02200
,,,-0.00007588000,-2.64000,0.01600
,,,-0.00007587000,-2.64000,0.00800
,,,-0.00007586000,-2.56000,0.00200
,,,-0.00007585000,-2.64000,-0.00200
,,,-0.00007584000,-2.56000,-0.00400
,,,-0.00007583000,-2.56000,-0.00200
,,,-0.00007582000,-2.56000,0.00
,,,-0.00007581000,-2.56000,0.00400
,,,-0.00007580000,-2.56000,0.00800
,,,-0.00007579000,-2.56000,0.01200
,,,-0.00007578000,-2.56000,0.01200
,,,-0.00007577000,-2.56000,0.01000
,,,-0.00007576000,-2.56000,0.00800
,,,-0.00007575000,-2.56000,0.00400
,,,-0.00007574000,-2.56000,0.00
,,,-0.00007573000,-2.48000,-0.00200
,,,-0.00007572000,-2.48000,-0.00400
,,,-0.00007571000,-2.48000,-0.00400
,,,-0.00007570000,-2.56000,-0.00400
,,,-0.00007569000,-2.40000,-0.00200
,,,-0.00007568000,-2.48000,-0.00400
,,,-0.00007567000,-2.56000,-0.00800
,,,-0.00007566000,-2.48000,-0.00800
,,,-0.00007565000,-2.48000,-0.01000
,,,-0.00007564000,-2.48000,-0.01400
,,,-0.00007563000,-2.48000,-0.01600
,,,-0.00007562000,-2.40000,-0.01600
,,,-0.00007561000,-2.48000,-0.01600
,,,-0.00007560000,-2.48000,-0.01200
,,,-0.00007559000,-2.40000,-0.01400
,,,-0.00007558000,-2.48000,-0.01400
,,,-0.00007557000,-2.40000,-0.01600
,,,-0.00007556000,-2.48000,-0.01600
,,,-0.00007555000,-2.32000,-0.02000
,,,-0.00007554000,-2.40000,-0.02400
,,,-0.00007553000,-2.32000,-0.02600
,,,-0.00007552000,-2.32000,-0.02600
,,,-0.00007551000,-2.32000,-0.02600
,,,-0.00007550000,-2.32000,-0.02400
,,,-0.00007549000,-2.32000,-0.02000
,,,-0.00007548000,-2.32000,-0.01800
,,,-0.00007547000,-2.32000,-0.01200
,,,-0.00007546000,-2.32000,-0.00800
,,,-0.00007545000,-2.32000,-0.00600
,,,-0.00007544000,-2.32000,-0.00400
,,,-0.00007543000,-2.32000,-0.00400
,,,-0.00007542000,-2.32000,-0.00600
,,,-0.00007541000,-2.32000,-0.00800
,,,-0.00007540000,-2.32000,-0.01000
,,,-0.00007539000,-2.24000,-0.01200
,,,-0.00007538000,-2.24000,-0.01200
,,,-0.00007537000,-2.24000,-0.01000
,,,-0.00007536000,-2.24000,-0.01000
,,,-0.00007535000,-2.24000,-0.00800
,,,-0.00007534000,-2.24000,-0.00800
,,,-0.00007533000,-2.24000,-0.00800
,,,-0.00007532000,-2.24000,-0.00800
,,,-0.00007531000,-2.24000,-0.01000
,,,-0.00007530000,-2.24000,-0.00600
,,,-0.00007529000,-2.24000,-0.00200
,,,-0.00007528000,-2.16000,-0.00400
,,,-0.00007527000,-2.16000,0.00
,,,-0.00007526000,-2.16000,0.00400
,,,-0.00007525000,-2.16000,0.00400
,,,-0.00007524000,-2.16000,0.00400
,,,-0.00007523000,-2.16000,0.00800
,,,-0.00007522000,-2.08000,0.00600
,,,-0.00007521000,-2.16000,0.00400
,,,-0.00007520000,-2.16000,0.00400
,,,-0.00007519000,-2.16000,0.00400
,,,-0.00007518000,-2.16000,0.00400
,,,-0.00007517000,-2.16000,0.00600
,,,-0.00007516000,-2.16000,0.01200
,,,-0.00007515000,-2.08000,0.01600
,,,-0.00007514000,-2.16000,0.02200
,,,-0.00007513000,-2.08000,0.02600
,,,-0.00007512000,-2.08000,0.02800
,,,-0.00007511000,-2.08000,0.02800
,,,-0.00007510000,-2.00000,0.02600
,,,-0.00007509000,-2.00000,0.02200
,,,-0.00007508000,-2.00000,0.01400
,,,-0.00007507000,-2.00000,0.01400
,,,-0.00007506000,-2.00000,0.01200
,,,-0.00007505000,-2.08000,0.00800
,,,-0.00007504000,-2.08000,0.00400
,,,-0.00007503000,-2.00000,0.00800
,,,-0.00007502000,-1.92000,0.01200
,,,-0.00007501000,-2.00000,0.01200
,,,-0.00007500000,-1.92000,0.01400
,,,-0.00007499000,-2.00000,0.01600
,,,-0.00007498000,-1.92000,0.01200
,,,-0.00007497000,-1.92000,0.01400
,,,-0.00007496000,-1.92000,0.01400
,,,-0.00007495000,-1.92000,0.00800
,,,-0.00007494000,-1.92000,0.00400
,,,-0.00007493000,-1.92000,0.00400
,,,-0.00007492000,-1.92000,0.00400
,,,-0.00007491000,-1.92000,0.00200
,,,-0.00007490000,-1.92000,0.00200
,,,-0.00007489000,-1.92000,0.00400
,,,-0.00007488000,-1.92000,0.00600
,,,-0.00007487000,-1.84000,0.00600
,,,-0.00007486000,-1.92000,0.00800
,,,-0.00007485000,-1.84000,0.00600
,,,-0.00007484000,-1.84000,0.00400
,,,-0.00007483000,-1.84000,0.00600
,,,-0.00007482000,-1.84000,0.00800
,,,-0.00007481000,-1.84000,0.00600
,,,-0.00007480000,-1.84000,0.00600
,,,-0.00007479000,-1.84000,0.00800
,,,-0.00007478000,-1.84000,0.00600
,,,-0.00007477000,-1.68000,0.00400
,,,-0.00007476000,-1.76000,-0.00200
,,,-0.00007475000,-1.84000,-0.00800
,,,-0.00007474000,-1.76000,-0.01200
,,,-0.00007473000,-1.76000,-0.01600
,,,-0.00007472000,-1.76000,-0.01800
,,,-0.00007471000,-1.68000,-0.02400
,,,-0.00007470000,-1.76000,-0.02200
,,,-0.00007469000,-1.68000,-0.01800
,,,-0.00007468000,-1.76000,-0.01600
,,,-0.00007467000,-1.68000,-0.01600
,,,-0.00007466000,-1.68000,-0.01200
,,,-0.00007465000,-1.68000,-0.01200
,,,-0.00007464000,-1.68000,-0.01200
,,,-0.00007463000,-1.68000,-0.01200
,,,-0.00007462000,-1.68000,-0.01600
,,,-0.00007461000,-1.68000,-0.01600
,,,-0.00007460000,-1.68000,-0.01800
,,,-0.00007459000,-1.68000,-0.01800
,,,-0.00007458000,-1.68000,-0.01800
,,,-0.00007457000,-1.68000,-0.01800
,,,-0.00007456000,-1.60000,-0.01600
,,,-0.00007455000,-1.68000,-0.01600
,,,-0.00007454000,-1.68000,-0.01600
,,,-0.00007453000,-1.68000,-0.01200
,,,-0.00007452000,-1.60000,-0.01400
,,,-0.00007451000,-1.60000,-0.01400
,,,-0.00007450000,-1.60000,-0.01200
,,,-0.00007449000,-1.60000,-0.01200
,,,-0.00007448000,-1.60000,-0.01200
,,,-0.00007447000,-1.60000,-0.01000
,,,-0.00007446000,-1.60000,-0.01000
,,,-0.00007445000,-1.52000,-0.01000
,,,-0.00007444000,-1.60000,-0.01000
,,,-0.00007443000,-1.52000,-0.01200
,,,-0.00007442000,-1.52000,-0.01400
,,,-0.00007441000,-1.60000,-0.01600
,,,-0.00007440000,-1.60000,-0.01600
,,,-0.00007439000,-1.52000,-0.01600
,,,-0.00007438000,-1.52000,-0.01600
,,,-0.00007437000,-1.52000,-0.01400
,,,-0.00007436000,-1.52000,-0.01000
,,,-0.00007435000,-1.52000,-0.00800
,,,-0.00007434000,-1.52000,-0.00400
,,,-0.00007433000,-1.52000,0.00200
,,,-0.00007432000,-1.52000,0.00400
,,,-0.00007431000,-1.44000,0.00800
,,,-0.00007430000,-1.52000,0.00800
,,,-0.00007429000,-1.52000,0.00800
,,,-0.00007428000,-1.44000,0.00800
,,,-0.00007427000,-1.44000,0.00800
,,,-0.00007426000,-1.44000,0.00600
,,,-0.00007425000,-1.36000,0.00600
,,,-0.00007424000,-1.44000,0.00600
,,,-0.00007423000,-1.36000,0.00800
,,,-0.00007422000,-1.36000,0.01200
,,,-0.00007421000,-1.36000,0.01400
,,,-0.00007420000,-1.36000,0.01600
,,,-0.00007419000,-1.36000,0.02000
,,,-0.00007418000,-1.36000,0.02200
,,,-0.00007417000,-1.36000,0.02000
,,,-0.00007416000,-1.36000,0.02000
,,,-0.00007415000,-1.28000,0.02000
,,,-0.00007414000,-1.28000,0.01800
,,,-0.00007413000,-1.28000,0.01600
,,,-0.00007412000,-1.28000,0.01400
,,,-0.00007411000,-1.28000,0.01400
,,,-0.00007410000,-1.28000,0.01200
,,,-0.00007409000,-1.28000,0.01200
,,,-0.00007408000,-1.28000,0.01000
,,,-0.00007407000,-1.28000,0.01200
,,,-0.00007406000,-1.28000,0.01200
,,,-0.00007405000,-1.28000,0.01400
,,,-0.00007404000,-1.28000,0.01600
,,,-0.00007403000,-1.20000,0.02000
,,,-0.00007402000,-1.20000,0.02200
,,,-0.00007401000,-1.20000,0.02200
,,,-0.00007400000,-1.20000,0.02400
,,,-0.00007399000,-1.20000,0.02200
,,,-0.00007398000,-1.20000,0.02000
,,,-0.00007397000,-1.20000,0.01800
,,,-0.00007396000,-1.12000,0.01400
,,,-0.00007395000,-1.20000,0.01200
,,,-0.00007394000,-1.20000,0.01200
,,,-0.00007393000,-1.20000,0.01000
,,,-0.00007392000,-1.20000,0.01200
,,,-0.00007391000,-1.12000,0.01200
,,,-0.00007390000,-1.04000,0.01400
,,,-0.00007389000,-1.12000,0.01400
,,,-0.00007388000,-1.04000,0.01200
,,,-0.00007387000,-1.04000,0.01200
,,,-0.00007386000,-1.04000,0.01000
,,,-0.00007385000,-1.04000,0.00600
,,,-0.00007384000,-1.04000,0.00200
,,,-0.00007383000,-1.04000,0.00
,,,-0.00007382000,-1.04000,-0.00400
,,,-0.00007381000,-1.04000,-0.00400
,,,-0.00007380000,-1.04000,-0.00600
,,,-0.00007379000,-1.04000,-0.00600
,,,-0.00007378000,-1.04000,-0.00600
,,,-0.00007377000,-1.04000,-0.00400
,,,-0.00007376000,-1.04000,-0.00600
,,,-0.00007375000,-0.96000,-0.00600
,,,-0.00007374000,-1.04000,-0.00600
,,,-0.00007373000,-0.96000,-0.00800
,,,-0.00007372000,-0.96000,-0.00800
,,,-0.00007371000,-0.96000,-0.00800
,,,-0.00007370000,-0.96000,-0.00600
,,,-0.00007369000,-0.96000,-0.00400
,,,-0.00007368000,-0.96000,-0.00400
,,,-0.00007367000,-0.96000,-0.00200
,,,-0.00007366000,-0.96000,0.00
,,,-0.00007365000,-0.96000,-0.00400
,,,-0.00007364000,-0.96000,-0.00800
,,,-0.00007363000,-0.96000,-0.01000
,,,-0.00007362000,-0.88000,-0.01400
,,,-0.00007361000,-0.88000,-0.02000
,,,-0.00007360000,-0.88000,-0.02000
,,,-0.00007359000,-0.88000,-0.01800
,,,-0.00007358000,-0.88000,-0.01800
,,,-0.00007357000,-0.88000,-0.01600
,,,-0.00007356000,-0.88000,-0.01200
,,,-0.00007355000,-0.80000,-0.01200
,,,-0.00007354000,-0.88000,-0.01200
,,,-0.00007353000,-0.88000,-0.01000
,,,-0.00007352000,-0.88000,-0.01000
,,,-0.00007351000,-0.88000,-0.01200
,,,-0.00007350000,-0.80000,-0.01400
,,,-0.00007349000,-0.80000,-0.01600
,,,-0.00007348000,-0.80000,-0.01600
,,,-0.00007347000,-0.80000,-0.01600
,,,-0.00007346000,-0.80000,-0.01400
,,,-0.00007345000,-0.80000,-0.01000
,,,-0.00007344000,-0.80000,-0.00800
,,,-0.00007343000,-0.72000,-0.00600
,,,-0.00007342000,-0.72000,-0.00400
,,,-0.00007341000,-0.72000,-0.00200
,,,-0.00007340000,-0.72000,0.00
,,,-0.00007339000,-0.72000,0.00
,,,-0.00007338000,-0.72000,0.00200
,,,-0.00007337000,-0.72000,0.00400
,,,-0.00007336000,-0.72000,0.00600
,,,-0.00007335000,-0.64000,0.00600
,,,-0.00007334000,-0.64000,0.00800
,,,-0.00007333000,-0.64000,0.00600
,,,-0.00007332000,-0.64000,0.00400
,,,-0.00007331000,-0.64000,0.00200
,,,-0.00007330000,-0.64000,0.00
,,,-0.00007329000,-0.64000,0.00
,,,-0.00007328000,-0.64000,0.00
,,,-0.00007327000,-0.64000,0.00400
,,,-0.00007326000,-0.64000,0.00400
,,,-0.00007325000,-0.56000,0.01000
,,,-0.00007324000,-0.64000,0.01200
,,,-0.00007323000,-0.64000,0.01600
,,,-0.00007322000,-0.56000,0.01800
,,,-0.00007321000,-0.56000,0.01800
,,,-0.00007320000,-0.56000,0.01800
,,,-0.00007319000,-0.56000,0.01600
,,,-0.00007318000,-0.56000,0.01200
,,,-0.00007317000,-0.56000,0.01000
,,,-0.00007316000,-0.56000,0.00800
,,,-0.00007315000,-0.56000,0.00600
,,,-0.00007314000,-0.56000,0.00800
,,,-0.00007313000,-0.56000,0.00600
,,,-0.00007312000,-0.56000,0.01800
,,,-0.00007311000,-0.48000,0.01200
,,,-0.00007310000,-0.48000,0.02400
,,,-0.00007309000,-0.40000,0.02600
,,,-0.00007308000,-0.40000,0.02400
,,,-0.00007307000,-0.40000,0.03000
,,,-0.00007306000,-0.40000,0.02400
,,,-0.00007305000,-0.40000,0.02600
,,,-0.00007304000,-0.40000,0.02200
,,,-0.00007303000,-0.40000,0.02000
,,,-0.00007302000,-0.40000,0.01800
,,,-0.00007301000,-0.40000,0.01800
,,,-0.00007300000,-0.40000,0.01600
,,,-0.00007299000,-0.40000,0.01600
,,,-0.00007298000,-0.40000,0.01600
,,,-0.00007297000,-0.32000,0.01400
,,,-0.00007296000,-0.32000,0.01200
,,,-0.00007295000,-0.32000,0.01200
,,,-0.00007294000,-0.32000,0.00800
,,,-0.00007293000,-0.40000,0.00800
,,,-0.00007292000,-0.32000,0.00800
,,,-0.00007291000,-0.32000,0.00800
,,,-0.00007290000,-0.32000,0.01200
,,,-0.00007289000,-0.32000,0.01200
,,,-0.00007288000,-0.32000,0.01200
,,,-0.00007287000,-0.32000,0.01200
,,,-0.00007286000,-0.24000,0.00800
,,,-0.00007285000,-0.32000,0.00400
,,,-0.00007284000,-0.24000,0.00
,,,-0.00007283000,-0.24000,-0.00400
,,,-0.00007282000,-0.24000,-0.00800
,,,-0.00007281000,-0.24000,-0.00600
,,,-0.00007280000,-0.24000,-0.00400
,,,-0.00007279000,-0.24000,-0.00200
,,,-0.00007278000,-0.24000,0.00200
,,,-0.00007277000,-0.24000,0.00600
,,,-0.00007276000,-0.24000,0.00800
,,,-0.00007275000,-0.16000,0.00800
,,,-0.00007274000,-0.24000,0.00800
,,,-0.00007273000,-0.16000,0.00400
,,,-0.00007272000,-0.16000,0.00
,,,-0.00007271000,-0.08000,-0.00400
,,,-0.00007270000,-0.16000,-0.00800
,,,-0.00007269000,-0.08000,-0.01200
,,,-0.00007268000,-0.16000,-0.01200
,,,-0.00007267000,-0.08000,-0.01600
,,,-0.00007266000,-0.08000,-0.01600
,,,-0.00007265000,-0.08000,-0.01400
,,,-0.00007264000,-0.08000,-0.01400
,,,-0.00007263000,-0.08000,-0.01400
,,,-0.00007262000,-0.08000,-0.01200
,,,-0.00007261000,-0.08000,-0.01400
,,,-0.00007260000,-0.08000,-0.01600
,,,-0.00007259000,-0.16000,-0.01600
,,,-0.00007258000,0.00,-0.01600
,,,-0.00007257000,-0.08000,-0.01200
,,,-0.00007256000,0.00,-0.01000
,,,-0.00007255000,0.00,-0.01000
,,,-0.00007254000,0.00,-0.00600
,,,-0.00007253000,0.00,-0.00800
,,,-0.00007252000,0.00,-0.00600
,,,-0.00007251000,0.00,-0.00800
,,,-0.00007250000,0.00,-0.01200
,,,-0.00007249000,0.00,-0.01000
,,,-0.00007248000,0.08000,-0.01200
,,,-0.00007247000,0.08000,-0.01000
,,,-0.00007246000,0.00,-0.00600
,,,-0.00007245000,0.08000,-0.00200
,,,-0.00007244000,0.08000,0.00400
,,,-0.00007243000,0.08000,0.00600
,,,-0.00007242000,0.08000,0.00800
,,,-0.00007241000,0.16000,0.01000
,,,-0.00007240000,0.08000,0.00800
,,,-0.00007239000,0.08000,0.00600
,,,-0.00007238000,0.08000,0.00
,,,-0.00007237000,0.16000,-0.00200
,,,-0.00007236000,0.08000,-0.00400
,,,-0.00007235000,0.16000,-0.00400
,,,-0.00007234000,0.16000,-0.00400
,,,-0.00007233000,0.24000,0.00
,,,-0.00007232000,0.24000,0.00400
,,,-0.00007231000,0.24000,0.00800
,,,-0.00007230000,0.24000,0.01200
,,,-0.00007229000,0.24000,0.01600
,,,-0.00007228000,0.24000,0.01800
,,,-0.00007227000,0.24000,0.02000
,,,-0.00007226000,0.24000,0.02000
,,,-0.00007225000,0.24000,0.01800
,,,-0.00007224000,0.24000,0.02000
,,,-0.00007223000,0.24000,0.02000
,,,-0.00007222000,0.24000,0.02000
,,,-0.00007221000,0.24000,0.02000
,,,-0.00007220000,0.24000,0.02000
,,,-0.00007219000,0.32000,0.02200
,,,-0.00007218000,0.24000,0.02400
,,,-0.00007217000,0.32000,0.02200
,,,-0.00007216000,0.32000,0.02400
,,,-0.00007215000,0.32000,0.02400
,,,-0.00007214000,0.32000,0.02400
,,,-0.00007213000,0.40000,0.02400
,,,-0.00007212000,0.32000,0.02600
,,,-0.00007211000,0.32000,0.02600
,,,-0.00007210000,0.32000,0.02800
,,,-0.00007209000,0.32000,0.02800
,,,-0.00007208000,0.40000,0.02800
,,,-0.00007207000,0.40000,0.02800
,,,-0.00007206000,0.40000,0.02600
,,,-0.00007205000,0.40000,0.02400
,,,-0.00007204000,0.40000,0.02000
,,,-0.00007203000,0.40000,0.01600
,,,-0.00007202000,0.40000,0.01400
,,,-0.00007201000,0.40000,0.01400
,,,-0.00007200000,0.40000,0.01600
,,,-0.00007199000,0.48000,0.02000
,,,-0.00007198000,0.40000,0.02400
,,,-0.00007197000,0.48000,0.02600
,,,-0.00007196000,0.40000,0.02800
,,,-0.00007195000,0.48000,0.03000
,,,-0.00007194000,0.40000,0.02800
,,,-0.00007193000,0.48000,0.02400
,,,-0.00007192000,0.56000,0.02000
,,,-0.00007191000,0.48000,0.01600
,,,-0.00007190000,0.56000,0.01000
,,,-0.00007189000,0.48000,0.00800
,,,-0.00007188000,0.56000,0.00600
,,,-0.00007187000,0.56000,0.00600
,,,-0.00007186000,0.48000,0.00600
,,,-0.00007185000,0.56000,0.00800
,,,-0.00007184000,0.56000,0.00800
,,,-0.00007183000,0.64000,0.00800
,,,-0.00007182000,0.56000,0.00600
,,,-0.00007181000,0.64000,0.00400
,,,-0.00007180000,0.64000,0.00400
,,,-0.00007179000,0.64000,0.00
,,,-0.00007178000,0.64000,0.00
,,,-0.00007177000,0.64000,0.00
,,,-0.00007176000,0.64000,0.00
,,,-0.00007175000,0.64000,-0.00400
,,,-0.00007174000,0.64000,-0.00200
,,,-0.00007173000,0.64000,-0.00400
,,,-0.00007172000,0.64000,-0.00800
,,,-0.00007171000,0.64000,-0.01000
,,,-0.00007170000,0.72000,-0.01000
,,,-0.00007169000,0.64000,-0.01200
,,,-0.00007168000,0.64000,-0.01000
,,,-0.00007167000,0.72000,-0.01000
,,,-0.00007166000,0.72000,-0.00600
,,,-0.00007165000,0.72000,-0.00400
,,,-0.00007164000,0.72000,-0.00200
,,,-0.00007163000,0.72000,-0.00200
,,,-0.00007162000,0.72000,-0.00200
,,,-0.00007161000,0.80000,-0.00200
,,,-0.00007160000,0.72000,-0.00400
,,,-0.00007159000,0.72000,-0.01000
,,,-0.00007158000,0.72000,-0.01200
,,,-0.00007157000,0.72000,-0.01600
,,,-0.00007156000,0.88000,-0.01600
,,,-0.00007155000,0.80000,-0.01800
,,,-0.00007154000,0.88000,-0.01800
,,,-0.00007153000,0.80000,-0.01600
,,,-0.00007152000,0.88000,-0.01200
,,,-0.00007151000,0.88000,-0.01000
,,,-0.00007150000,0.88000,-0.00600
,,,-0.00007149000,0.88000,-0.00600
,,,-0.00007148000,0.88000,-0.00400
,,,-0.00007147000,0.88000,-0.00600
,,,-0.00007146000,0.88000,-0.00800
,,,-0.00007145000,0.88000,-0.00800
,,,-0.00007144000,0.88000,-0.00600
,,,-0.00007143000,0.96000,-0.00600
,,,-0.00007142000,0.88000,-0.00400
,,,-0.00007141000,0.88000,0.00
,,,-0.00007140000,0.88000,0.00
,,,-0.00007139000,0.88000,0.00
,,,-0.00007138000,0.88000,0.00200
,,,-0.00007137000,0.96000,0.00200
,,,-0.00007136000,0.96000,0.00400
,,,-0.00007135000,0.96000,0.00600
,,,-0.00007134000,0.96000,0.00600
,,,-0.00007133000,0.96000,0.00800
,,,-0.00007132000,0.96000,0.01200
,,,-0.00007131000,1.04000,0.01200
,,,-0.00007130000,1.04000,0.01600
,,,-0.00007129000,0.96000,0.01600
,,,-0.00007128000,1.04000,0.01400
,,,-0.00007127000,1.04000,0.01400
,,,-0.00007126000,1.04000,0.01200
,,,-0.00007125000,1.04000,0.00800
,,,-0.00007124000,1.04000,0.01000
,,,-0.00007123000,1.04000,0.00800
,,,-0.00007122000,1.04000,0.01000
,,,-0.00007121000,1.04000,0.01000
,,,-0.00007120000,1.04000,0.01200
,,,-0.00007119000,1.12000,0.01600
,,,-0.00007118000,1.04000,0.01800
,,,-0.00007117000,1.12000,0.02000
,,,-0.00007116000,1.12000,0.02200
,,,-0.00007115000,1.12000,0.02200
,,,-0.00007114000,1.20000,0.02200
,,,-0.00007113000,1.20000,0.02200
,,,-0.00007112000,1.12000,0.02000
,,,-0.00007111000,1.20000,0.02000
,,,-0.00007110000,1.20000,0.01600
,,,-0.00007109000,1.20000,0.01400
,,,-0.00007108000,1.20000,0.01400
,,,-0.00007107000,1.20000,0.01400
,,,-0.00007106000,1.20000,0.01600
,,,-0.00007105000,1.20000,0.01600
,,,-0.00007104000,1.20000,0.01600
,,,-0.00007103000,1.20000,0.02000
,,,-0.00007102000,1.20000,0.02000
,,,-0.00007101000,1.28000,0.01600
,,,-0.00007100000,1.20000,0.02000
,,,-0.00007099000,1.28000,0.01000
,,,-0.00007098000,1.28000,0.02200
,,,-0.00007097000,1.28000,0.00800
,,,-0.00007096000,1.28000,0.01400
,,,-0.00007095000,1.28000,0.00800
,,,-0.00007094000,1.36000,0.00800
,,,-0.00007093000,1.28000,0.00400
,,,-0.00007092000,1.36000,0.00
,,,-0.00007091000,1.28000,0.00200
,,,-0.00007090000,1.36000,0.00
,,,-0.00007089000,1.36000,0.00400
,,,-0.00007088000,1.36000,0.00
,,,-0.00007087000,1.36000,0.00800
,,,-0.00007086000,1.36000,0.00600
,,,-0.00007085000,1.36000,0.01000
,,,-0.00007084000,1.36000,0.00600
,,,-0.00007083000,1.36000,0.00600
,,,-0.00007082000,1.36000,0.00200
,,,-0.00007081000,1.36000,-0.00200
,,,-0.00007080000,1.36000,-0.00800
,,,-0.00007079000,1.36000,-0.01000
,,,-0.00007078000,1.44000,-0.01200
,,,-0.00007077000,1.44000,-0.01200
,,,-0.00007076000,1.52000,-0.01400
,,,-0.00007075000,1.52000,-0.01000
,,,-0.00007074000,1.52000,-0.00800
,,,-0.00007073000,1.52000,-0.00800
,,,-0.00007072000,1.44000,-0.00800
,,,-0.00007071000,1.52000,-0.00800
,,,-0.00007070000,1.52000,-0.00800
,,,-0.00007069000,1.52000,-0.01000
,,,-0.00007068000,1.52000,-0.01200
,,,-0.00007067000,1.52000,-0.01200
,,,-0.00007066000,1.52000,-0.01400
,,,-0.00007065000,1.52000,-0.01400
,,,-0.00007064000,1.52000,-0.01000
,,,-0.00007063000,1.52000,-0.01400
,,,-0.00007062000,1.60000,-0.01600
,,,-0.00007061000,1.52000,-0.01600
,,,-0.00007060000,1.52000,-0.01800
,,,-0.00007059000,1.52000,-0.01800
,,,-0.00007058000,1.52000,-0.01600
,,,-0.00007057000,1.52000,-0.01600
,,,-0.00007056000,1.60000,-0.01200
,,,-0.00007055000,1.60000,-0.01000
,,,-0.00007054000,1.60000,-0.00400
,,,-0.00007053000,1.68000,-0.00200
,,,-0.00007052000,1.60000,-0.00200
,,,-0.00007051000,1.60000,0.00
,,,-0.00007050000,1.60000,0.00
,,,-0.00007049000,1.68000,-0.00200
,,,-0.00007048000,1.68000,-0.00400
,,,-0.00007047000,1.68000,-0.00600
,,,-0.00007046000,1.68000,-0.00800
,,,-0.00007045000,1.68000,-0.01000
,,,-0.00007044000,1.68000,-0.01000
,,,-0.00007043000,1.68000,-0.01000
,,,-0.00007042000,1.68000,-0.00600
,,,-0.00007041000,1.68000,-0.00400
,,,-0.00007040000,1.76000,0.00
,,,-0.00007039000,1.68000,0.00200
,,,-0.00007038000,1.68000,0.00400
,,,-0.00007037000,1.68000,0.00800
,,,-0.00007036000,1.76000,0.00800
,,,-0.00007035000,1.76000,0.00800
,,,-0.00007034000,1.76000,0.00800
,,,-0.00007033000,1.76000,0.00800
,,,-0.00007032000,1.76000,0.00800
,,,-0.00007031000,1.76000,0.01000
,,,-0.00007030000,1.76000,0.01000
,,,-0.00007029000,1.84000,0.01000
,,,-0.00007028000,1.84000,0.00800
,,,-0.00007027000,1.76000,0.00800
,,,-0.00007026000,1.84000,0.01000
,,,-0.00007025000,1.76000,0.01200
,,,-0.00007024000,1.84000,0.01000
,,,-0.00007023000,1.84000,0.01400
,,,-0.00007022000,1.84000,0.02000
,,,-0.00007021000,1.84000,0.02200
,,,-0.00007020000,1.84000,0.02400
,,,-0.00007019000,1.84000,0.02600
,,,-0.00007018000,1.92000,0.02600
,,,-0.00007017000,1.92000,0.02400
,,,-0.00007016000,1.84000,0.02000
,,,-0.00007015000,1.92000,0.01600
,,,-0.00007014000,1.92000,0.01200
,,,-0.00007013000,1.92000,0.00800
,,,-0.00007012000,1.92000,0.00600
,,,-0.00007011000,1.92000,0.00600
,,,-0.00007010000,2.00000,0.00800
,,,-0.00007009000,2.00000,0.01200
,,,-0.00007008000,2.00000,0.01400
,,,-0.00007007000,2.00000,0.01800
,,,-0.00007006000,2.00000,0.02000
,,,-0.00007005000,2.00000,0.02000
,,,-0.00007004000,2.00000,0.02000
,,,-0.00007003000,2.00000,0.01800
,,,-0.00007002000,2.00000,0.01200
,,,-0.00007001000,2.00000,0.01200
,,,-0.00007000000,2.00000,0.00800
,,,-0.00006999000,2.00000,0.00600
,,,-0.00006998000,2.00000,0.00400
,,,-0.00006997000,2.08000,0.00600
,,,-0.00006996000,2.08000,0.00600
,,,-0.00006995000,2.08000,0.00800
,,,-0.00006994000,2.08000,0.00800
,,,-0.00006993000,2.08000,0.00800
,,,-0.00006992000,2.16000,0.00800
,,,-0.00006991000,2.08000,0.00600
,,,-0.00006990000,2.16000,0.00600
,,,-0.00006989000,2.16000,0.00400
,,,-0.00006988000,2.16000,0.00
,,,-0.00006987000,2.16000,0.00
,,,-0.00006986000,2.16000,-0.00200
,,,-0.00006985000,2.16000,-0.00400
,,,-0.00006984000,2.16000,-0.00400
,,,-0.00006983000,2.16000,-0.00800
,,,-0.00006982000,2.16000,-0.01000
,,,-0.00006981000,2.16000,-0.01200
,,,-0.00006980000,2.16000,-0.01600
,,,-0.00006979000,2.16000,-0.01800
,,,-0.00006978000,2.16000,-0.02000
,,,-0.00006977000,2.16000,-0.02200
,,,-0.00006976000,2.24000,-0.02000
,,,-0.00006975000,2.24000,-0.01800
,,,-0.00006974000,2.24000,-0.01400
,,,-0.00006973000,2.24000,-0.01000
,,,-0.00006972000,2.24000,-0.00800
,,,-0.00006971000,2.24000,-0.00800
,,,-0.00006970000,2.24000,-0.01000
,,,-0.00006969000,2.32000,-0.01400
,,,-0.00006968000,2.24000,-0.01600
,,,-0.00006967000,2.24000,-0.02000
,,,-0.00006966000,2.24000,-0.02200
,,,-0.00006965000,2.24000,-0.02200
,,,-0.00006964000,2.24000,-0.02000
,,,-0.00006963000,2.32000,-0.01800
,,,-0.00006962000,2.32000,-0.01600
,,,-0.00006961000,2.32000,-0.01200
,,,-0.00006960000,2.32000,-0.01200
,,,-0.00006959000,2.32000,-0.01200
,,,-0.00006958000,2.32000,-0.01200
,,,-0.00006957000,2.32000,-0.01400
,,,-0.00006956000,2.32000,-0.01600
,,,-0.00006955000,2.40000,-0.01600
,,,-0.00006954000,2.40000,-0.01600
,,,-0.00006953000,2.32000,-0.01600
,,,-0.00006952000,2.40000,-0.01600
,,,-0.00006951000,2.32000,-0.01200
,,,-0.00006950000,2.40000,-0.01200
,,,-0.00006949000,2.40000,-0.01400
,,,-0.00006948000,2.48000,-0.01200
,,,-0.00006947000,2.40000,-0.01400
,,,-0.00006946000,2.40000,-0.01400
,,,-0.00006945000,2.40000,-0.01400
,,,-0.00006944000,2.40000,-0.01200
,,,-0.00006943000,2.40000,-0.01000
,,,-0.00006942000,2.56000,-0.00600
,,,-0.00006941000,2.48000,-0.00200
,,,-0.00006940000,2.48000,0.00200
,,,-0.00006939000,2.48000,0.00600
,,,-0.00006938000,2.48000,0.00600
,,,-0.00006937000,2.48000,0.00800
,,,-0.00006936000,2.48000,0.00800
,,,-0.00006935000,2.56000,0.00600
,,,-0.00006934000,2.56000,0.00600
,,,-0.00006933000,2.48000,0.00200
,,,-0.00006932000,2.56000,0.00200
,,,-0.00006931000,2.56000,0.00400
,,,-0.00006930000,2.56000,0.00600
,,,-0.00006929000,2.56000,0.01000
,,,-0.00006928000,2.56000,0.01400
,,,-0.00006927000,2.56000,0.02000
,,,-0.00006926000,2.64000,0.02200
,,,-0.00006925000,2.56000,0.02400
,,,-0.00006924000,2.56000,0.02200
,,,-0.00006923000,2.64000,0.02000
,,,-0.00006922000,2.56000,0.01400
,,,-0.00006921000,2.56000,0.01000
,,,-0.00006920000,2.64000,0.00800
,,,-0.00006919000,2.64000,0.00400
,,,-0.00006918000,2.56000,0.00400
,,,-0.00006917000,2.64000,0.00600
,,,-0.00006916000,2.64000,0.00800
,,,-0.00006915000,2.72000,0.01200
,,,-0.00006914000,2.56000,0.01600
,,,-0.00006913000,2.64000,0.01800
,,,-0.00006912000,2.64000,0.02000
,,,-0.00006911000,2.64000,0.02000
,,,-0.00006910000,2.64000,0.02000
,,,-0.00006909000,2.64000,0.02000
,,,-0.00006908000,2.72000,0.02000
,,,-0.00006907000,2.80000,0.02200
,,,-0.00006906000,2.72000,0.01800
,,,-0.00006905000,2.72000,0.02000
,,,-0.00006904000,2.64000,0.01800
,,,-0.00006903000,2.64000,0.01600
,,,-0.00006902000,2.80000,0.01200
,,,-0.00006901000,2.80000,0.01200
,,,-0.00006900000,2.80000,0.01000
,,,-0.00006899000,2.80000,0.00800
,,,-0.00006898000,2.80000,0.00600
,,,-0.00006897000,2.80000,0.00600
,,,-0.00006896000,2.80000,0.00800
,,,-0.00006895000,2.80000,0.00800
,,,-0.00006894000,2.80000,0.00800
,,,-0.00006893000,2.80000,0.00800
,,,-0.00006892000,2.80000,0.00600
,,,-0.00006891000,2.80000,0.00400
,,,-0.00006890000,2.80000,0.00
,,,-0.00006889000,2.88000,-0.00400
,,,-0.00006888000,2.80000,-0.00800
,,,-0.00006887000,2.88000,-0.01000
,,,-0.00006886000,2.80000,-0.01200
,,,-0.00006885000,2.80000,-0.01200
,,,-0.00006884000,2.88000,-0.01000
,,,-0.00006883000,2.88000,-0.00800
,,,-0.00006882000,2.88000,-0.00600
,,,-0.00006881000,2.88000,-0.00400
,,,-0.00006880000,2.88000,-0.00200
,,,-0.00006879000,2.88000,-0.00200
,,,-0.00006878000,2.88000,-0.00200
,,,-0.00006877000,2.88000,-0.00400
,,,-0.00006876000,2.88000,-0.00600
,,,-0.00006875000,2.88000,-0.00800
,,,-0.00006874000,2.96000,-0.00800
,,,-0.00006873000,2.96000,-0.01000
,,,-0.00006872000,2.88000,-0.01000
,,,-0.00006871000,2.88000,-0.01000
,,,-0.00006870000,2.96000,-0.01200
,,,-0.00006869000,2.96000,-0.01400
,,,-0.00006868000,2.96000,-0.01600
,,,-0.00006867000,2.96000,-0.01800
,,,-0.00006866000,2.96000,-0.02000
,,,-0.00006865000,2.96000,-0.02000
,,,-0.00006864000,2.96000,-0.02400
,,,-0.00006863000,2.96000,-0.02000
,,,-0.00006862000,2.96000,-0.01800
,,,-0.00006861000,3.04000,-0.01600
,,,-0.00006860000,2.96000,-0.01400
,,,-0.00006859000,2.96000,-0.01200
,,,-0.00006858000,3.04000,-0.01200
,,,-0.00006857000,2.96000,-0.01200
,,,-0.00006856000,2.96000,-0.01600
,,,-0.00006855000,3.04000,-0.01600
,,,-0.00006854000,3.04000,-0.01800
,,,-0.00006853000,3.04000,-0.01600
,,,-0.00006852000,3.04000,-0.01400
,,,-0.00006851000,3.04000,-0.01000
,,,-0.00006850000,3.04000,-0.00600
,,,-0.00006849000,3.04000,0.00
,,,-0.00006848000,3.04000,0.00400
,,,-0.00006847000,3.04000,0.00600
,,,-0.00006846000,3.04000,0.00800
,,,-0.00006845000,3.04000,0.00600
,,,-0.00006844000,3.12000,0.00400
,,,-0.00006843000,3.20000,0.00200
,,,-0.00006842000,3.12000,0.00
,,,-0.00006841000,3.12000,0.00
,,,-0.00006840000,3.12000,0.00
,,,-0.00006839000,3.12000,0.00
,,,-0.00006838000,3.20000,0.00
,,,-0.00006837000,3.20000,0.00
,,,-0.00006836000,3.20000,0.00400
,,,-0.00006835000,3.20000,0.00600
,,,-0.00006834000,3.20000,0.00800
,,,-0.00006833000,3.20000,0.00800
,,,-0.00006832000,3.20000,0.01200
,,,-0.00006831000,3.20000,0.01200
,,,-0.00006830000,3.12000,0.01400
,,,-0.00006829000,3.20000,0.01400
,,,-0.00006828000,3.20000,0.01600
,,,-0.00006827000,3.28000,0.01400
,,,-0.00006826000,3.20000,0.01400
,,,-0.00006825000,3.28000,0.01400
,,,-0.00006824000,3.20000,0.01400
,,,-0.00006823000,3.20000,0.01400
,,,-0.00006822000,3.28000,0.01400
,,,-0.00006821000,3.20000,0.01600
,,,-0.00006820000,3.28000,0.01800
,,,-0.00006819000,3.28000,0.02200
,,,-0.00006818000,3.20000,0.02400
,,,-0.00006817000,3.28000,0.02600
,,,-0.00006816000,3.28000,0.02800
,,,-0.00006815000,3.28000,0.02800
,,,-0.00006814000,3.20000,0.03000
,,,-0.00006813000,3.28000,0.02800
,,,-0.00006812000,3.28000,0.02200
,,,-0.00006811000,3.36000,0.02000
,,,-0.00006810000,3.28000,0.01600
,,,-0.00006809000,3.28000,0.01000
,,,-0.00006808000,3.36000,0.00800
,,,-0.00006807000,3.28000,0.00400
,,,-0.00006806000,3.52000,0.00400
,,,-0.00006805000,3.28000,0.00400
,,,-0.00006804000,3.52000,0.00400
,,,-0.00006803000,3.36000,0.00600
,,,-0.00006802000,3.52000,0.00800
,,,-0.00006801000,3.52000,0.00800
,,,-0.00006800000,3.52000,0.00800
,,,-0.00006799000,3.36000,0.00800
,,,-0.00006798000,3.36000,0.00800
,,,-0.00006797000,3.52000,0.00600
,,,-0.00006796000,3.52000,0.00400
,,,-0.00006795000,3.52000,0.00
,,,-0.00006794000,3.52000,0.00
,,,-0.00006793000,3.52000,-0.00200
,,,-0.00006792000,3.52000,-0.00400
,,,-0.00006791000,3.52000,-0.00600
,,,-0.00006790000,3.52000,-0.00800
,,,-0.00006789000,3.52000,-0.00800
,,,-0.00006788000,3.52000,-0.00800
,,,-0.00006787000,3.52000,-0.00800
,,,-0.00006786000,3.60000,-0.00600
,,,-0.00006785000,3.60000,-0.00400
,,,-0.00006784000,3.60000,-0.00200
,,,-0.00006783000,3.60000,-0.00200
,,,-0.00006782000,3.60000,-0.00400
,,,-0.00006781000,3.60000,-0.00600
,,,-0.00006780000,3.60000,-0.01000
,,,-0.00006779000,3.60000,-0.01600
,,,-0.00006778000,3.60000,-0.02000
,,,-0.00006777000,3.60000,-0.02600
,,,-0.00006776000,3.60000,-0.02800
,,,-0.00006775000,3.60000,-0.03000
,,,-0.00006774000,3.60000,-0.03200
,,,-0.00006773000,3.60000,-0.03200
,,,-0.00006772000,3.60000,-0.02800
,,,-0.00006771000,3.60000,-0.02800
,,,-0.00006770000,3.60000,-0.02400
,,,-0.00006769000,3.60000,-0.02000
,,,-0.00006768000,3.60000,-0.01800
,,,-0.00006767000,3.68000,-0.01800
,,,-0.00006766000,3.68000,-0.01600
,,,-0.00006765000,3.68000,-0.01600
,,,-0.00006764000,3.60000,-0.02000
,,,-0.00006763000,3.60000,-0.01800
,,,-0.00006762000,3.68000,-0.01600
,,,-0.00006761000,3.68000,-0.01600
,,,-0.00006760000,3.60000,-0.01800
,,,-0.00006759000,3.68000,-0.01600
,,,-0.00006758000,3.60000,-0.01400
,,,-0.00006757000,3.76000,-0.01800
,,,-0.00006756000,3.68000,-0.01600
,,,-0.00006755000,3.68000,-0.01400
,,,-0.00006754000,3.68000,-0.01400
,,,-0.00006753000,3.68000,-0.01200
,,,-0.00006752000,3.68000,-0.00800
,,,-0.00006751000,3.76000,-0.00600
,,,-0.00006750000,3.68000,-0.00400
,,,-0.00006749000,3.68000,-0.00200
,,,-0.00006748000,3.68000,-0.00200
,,,-0.00006747000,3.68000,-0.00200
,,,-0.00006746000,3.68000,-0.00400
,,,-0.00006745000,3.76000,-0.00800
,,,-0.00006744000,3.76000,-0.01000
,,,-0.00006743000,3.76000,-0.01200
,,,-0.00006742000,3.68000,-0.01000
,,,-0.00006741000,3.76000,-0.01200
,,,-0.00006740000,3.84000,-0.01000
,,,-0.00006739000,3.84000,0.00
,,,-0.00006738000,3.76000,0.00400
,,,-0.00006737000,3.76000,0.00800
,,,-0.00006736000,3.76000,0.01200
,,,-0.00006735000,3.76000,0.01800
,,,-0.00006734000,3.84000,0.01800
,,,-0.00006733000,3.84000,0.01600
,,,-0.00006732000,3.84000,0.01200
,,,-0.00006731000,3.76000,0.01200
,,,-0.00006730000,3.84000,0.00800
,,,-0.00006729000,3.84000,0.01200
,,,-0.00006728000,3.84000,0.01200
,,,-0.00006727000,3.84000,0.01000
,,,-0.00006726000,3.92000,0.01200
,,,-0.00006725000,3.92000,0.01400
,,,-0.00006724000,3.92000,0.01400
,,,-0.00006723000,3.84000,0.01400
,,,-0.00006722000,3.92000,0.01600
,,,-0.00006721000,3.92000,0.01400
,,,-0.00006720000,3.92000,0.01400
,,,-0.00006719000,3.92000,0.01600
,,,-0.00006718000,3.84000,0.01600
,,,-0.00006717000,3.92000,0.01400
,,,-0.00006716000,3.92000,0.01400
,,,-0.00006715000,3.92000,0.01400
,,,-0.00006714000,3.92000,0.01400
,,,-0.00006713000,3.92000,0.01000
,,,-0.00006712000,4.00000,0.00800
,,,-0.00006711000,3.92000,0.00600
,,,-0.00006710000,3.92000,0.00400
,,,-0.00006709000,3.92000,0.00400
,,,-0.00006708000,3.92000,0.00400
,,,-0.00006707000,3.92000,0.00400
,,,-0.00006706000,4.00000,0.00600
,,,-0.00006705000,3.92000,0.00800
,,,-0.00006704000,4.00000,0.01000
,,,-0.00006703000,4.00000,0.01200
,,,-0.00006702000,3.92000,0.01200
,,,-0.00006701000,3.92000,0.01200
,,,-0.00006700000,3.92000,0.00800
,,,-0.00006699000,4.00000,0.00400
,,,-0.00006698000,3.92000,-0.00200
,,,-0.00006697000,4.00000,-0.00400
,,,-0.00006696000,4.00000,-0.00800
,,,-0.00006695000,3.92000,-0.01000
,,,-0.00006694000,4.00000,-0.01200
,,,-0.00006693000,4.00000,-0.01000
,,,-0.00006692000,4.08000,-0.00800
,,,-0.00006691000,3.92000,-0.00600
,,,-0.00006690000,4.08000,-0.00800
,,,-0.00006689000,4.00000,-0.00800
,,,-0.00006688000,4.08000,-0.00800
,,,-0.00006687000,4.00000,-0.01000
,,,-0.00006686000,4.00000,-0.01400
,,,-0.00006685000,4.00000,-0.01800
,,,-0.00006684000,4.00000,-0.01800
,,,-0.00006683000,4.00000,-0.02000
,,,-0.00006682000,4.16000,-0.02000
,,,-0.00006681000,4.00000,-0.02000
,,,-0.00006680000,4.16000,-0.01800
,,,-0.00006679000,4.16000,-0.02000
,,,-0.00006678000,4.08000,-0.01800
,,,-0.00006677000,4.08000,-0.01800
,,,-0.00006676000,4.16000,-0.01800
,,,-0.00006675000,4.08000,-0.02000
,,,-0.00006674000,4.16000,-0.02000
,,,-0.00006673000,4.16000,-0.01800
,,,-0.00006672000,4.16000,-0.01600
,,,-0.00006671000,4.16000,-0.01600
,,,-0.00006670000,4.16000,-0.01200
,,,-0.00006669000,4.16000,-0.01200
,,,-0.00006668000,4.16000,-0.01400
,,,-0.00006667000,4.16000,-0.01600
,,,-0.00006666000,4.16000,-0.02000
,,,-0.00006665000,4.16000,-0.02200
,,,-0.00006664000,4.16000,-0.02400
,,,-0.00006663000,4.16000,-0.02600
,,,-0.00006662000,4.16000,-0.02600
,,,-0.00006661000,4.16000,-0.02200
,,,-0.00006660000,4.16000,-0.02000
,,,-0.00006659000,4.16000,-0.01400
,,,-0.00006658000,4.16000,-0.01000
,,,-0.00006657000,4.24000,-0.00800
,,,-0.00006656000,4.24000,-0.00400
,,,-0.00006655000,4.16000,-0.00400
,,,-0.00006654000,4.24000,-0.00600
,,,-0.00006653000,4.24000,-0.00800
,,,-0.00006652000,4.24000,-0.01000
,,,-0.00006651000,4.24000,-0.01000
,,,-0.00006650000,4.16000,-0.01000
,,,-0.00006649000,4.24000,-0.00800
,,,-0.00006648000,4.24000,-0.00400
,,,-0.00006647000,4.24000,-0.00200
,,,-0.00006646000,4.24000,0.00200
,,,-0.00006645000,4.24000,0.00600
,,,-0.00006644000,4.24000,0.00800
,,,-0.00006643000,4.24000,0.00600
,,,-0.00006642000,4.16000,0.00600
,,,-0.00006641000,4.24000,0.00600
,,,-0.00006640000,4.24000,0.00400
,,,-0.00006639000,4.24000,0.00600
,,,-0.00006638000,4.24000,0.00600
,,,-0.00006637000,4.32000,0.00800
,,,-0.00006636000,4.32000,0.01200
,,,-0.00006635000,4.32000,0.01200
,,,-0.00006634000,4.32000,0.01200
,,,-0.00006633000,4.24000,0.01000
,,,-0.00006632000,4.32000,0.00800
,,,-0.00006631000,4.32000,0.00600
,,,-0.00006630000,4.32000,0.00400
,,,-0.00006629000,4.24000,0.00200
,,,-0.00006628000,4.32000,0.00400
,,,-0.00006627000,4.32000,0.00600
,,,-0.00006626000,4.32000,0.00800
,,,-0.00006625000,4.24000,0.01200
,,,-0.00006624000,4.32000,0.01600
,,,-0.00006623000,4.32000,0.02000
,,,-0.00006622000,4.32000,0.02000
,,,-0.00006621000,4.24000,0.02000
,,,-0.00006620000,4.32000,0.01600
,,,-0.00006619000,4.32000,0.01200
,,,-0.00006618000,4.40000,0.00800
,,,-0.00006617000,4.32000,0.00800
,,,-0.00006616000,4.32000,0.00400
,,,-0.00006615000,4.32000,0.00400
,,,-0.00006614000,4.32000,0.00600
,,,-0.00006613000,4.40000,0.00800
,,,-0.00006612000,4.32000,0.01200
,,,-0.00006611000,4.40000,0.01200
,,,-0.00006610000,4.32000,0.01200
,,,-0.00006609000,4.32000,0.01200
,,,-0.00006608000,4.40000,0.01200
,,,-0.00006607000,4.32000,0.01000
,,,-0.00006606000,4.40000,0.00600
,,,-0.00006605000,4.40000,0.00200
,,,-0.00006604000,4.40000,0.00
,,,-0.00006603000,4.32000,-0.00200
,,,-0.00006602000,4.32000,-0.00400
,,,-0.00006601000,4.40000,-0.00400
,,,-0.00006600000,4.48000,-0.00600
,,,-0.00006599000,4.32000,-0.00600
,,,-0.00006598000,4.40000,-0.00600
,,,-0.00006597000,4.40000,-0.00800
,,,-0.00006596000,4.32000,-0.00800
,,,-0.00006595000,4.48000,-0.01000
,,,-0.00006594000,4.32000,-0.01000
,,,-0.00006593000,4.40000,-0.00800
,,,-0.00006592000,4.40000,-0.01000
,,,-0.00006591000,4.40000,-0.01000
,,,-0.00006590000,4.40000,-0.00800
,,,-0.00006589000,4.40000,-0.01000
,,,-0.00006588000,4.48000,-0.01200
,,,-0.00006587000,4.48000,-0.01400
,,,-0.00006586000,4.40000,-0.01600
,,,-0.00006585000,4.40000,-0.01800
,,,-0.00006584000,4.40000,-0.01800
,,,-0.00006583000,4.48000,-0.01800
,,,-0.00006582000,4.40000,-0.01600
,,,-0.00006581000,4.40000,-0.01200
,,,-0.00006580000,4.48000,-0.01200
,,,-0.00006579000,4.48000,-0.00800
,,,-0.00006578000,4.40000,-0.00800
,,,-0.00006577000,4.48000,-0.00400
,,,-0.00006576000,4.48000,-0.00600
,,,-0.00006575000,4.48000,-0.01000
,,,-0.00006574000,4.48000,-0.01400
,,,-0.00006573000,4.48000,-0.01800
,,,-0.00006572000,4.48000,-0.02000
,,,-0.00006571000,4.48000,-0.02000
,,,-0.00006570000,4.48000,-0.02200
,,,-0.00006569000,4.48000,-0.02000
,,,-0.00006568000,4.56000,-0.01800
,,,-0.00006567000,4.48000,-0.01600
,,,-0.00006566000,4.48000,-0.01600
,,,-0.00006565000,4.56000,-0.01400
,,,-0.00006564000,4.56000,-0.01400
,,,-0.00006563000,4.48000,-0.01400
,,,-0.00006562000,4.56000,-0.01200
,,,-0.00006561000,4.48000,-0.01200
,,,-0.00006560000,4.56000,-0.01000
,,,-0.00006559000,4.48000,-0.01000
,,,-0.00006558000,4.48000,-0.01000
,,,-0.00006557000,4.56000,-0.01000
,,,-0.00006556000,4.56000,-0.00800
,,,-0.00006555000,4.56000,-0.01000
,,,-0.00006554000,4.56000,-0.01000
,,,-0.00006553000,4.56000,-0.01000
,,,-0.00006552000,4.56000,-0.01000
,,,-0.00006551000,4.56000,-0.01000
,,,-0.00006550000,4.56000,-0.00800
,,,-0.00006549000,4.56000,-0.00800
,,,-0.00006548000,4.56000,-0.00400
,,,-0.00006547000,4.56000,-0.00200
,,,-0.00006546000,4.56000,0.00
,,,-0.00006545000,4.56000,0.00400
,,,-0.00006544000,4.56000,0.00400
,,,-0.00006543000,4.56000,0.00400
,,,-0.00006542000,4.56000,0.00600
,,,-0.00006541000,4.56000,0.00200
,,,-0.00006540000,4.56000,0.00
,,,-0.00006539000,4.56000,-0.00200
,,,-0.00006538000,4.56000,-0.00200
,,,-0.00006537000,4.56000,-0.00200
,,,-0.00006536000,4.56000,-0.00200
,,,-0.00006535000,4.56000,0.00200
,,,-0.00006534000,4.64000,0.00400
,,,-0.00006533000,4.56000,0.00800
,,,-0.00006532000,4.56000,0.01200
,,,-0.00006531000,4.56000,0.01400
,,,-0.00006530000,4.56000,0.01600
,,,-0.00006529000,4.56000,0.01800
,,,-0.00006528000,4.64000,0.01800
,,,-0.00006527000,4.64000,0.02000
,,,-0.00006526000,4.64000,0.01800
,,,-0.00006525000,4.64000,0.01600
,,,-0.00006524000,4.64000,0.01400
,,,-0.00006523000,4.64000,0.01200
,,,-0.00006522000,4.64000,0.01000
,,,-0.00006521000,4.64000,0.00800
,,,-0.00006520000,4.64000,0.00600
,,,-0.00006519000,4.64000,0.00600
,,,-0.00006518000,4.64000,0.00800
,,,-0.00006517000,4.64000,0.00800
,,,-0.00006516000,4.64000,0.01000
,,,-0.00006515000,4.64000,0.01200
,,,-0.00006514000,4.64000,0.01400
,,,-0.00006513000,4.64000,0.01600
,,,-0.00006512000,4.64000,0.01600
,,,-0.00006511000,4.56000,0.01600
,,,-0.00006510000,4.64000,0.01400
,,,-0.00006509000,4.64000,0.00800
,,,-0.00006508000,4.64000,0.00600
,,,-0.00006507000,4.56000,0.00200
,,,-0.00006506000,4.56000,0.00
,,,-0.00006505000,4.64000,-0.00200
,,,-0.00006504000,4.64000,-0.00200
,,,-0.00006503000,4.56000,0.00
,,,-0.00006502000,4.64000,0.00200
,,,-0.00006501000,4.56000,0.00400
,,,-0.00006500000,4.64000,0.00600
,,,-0.00006499000,4.56000,0.00800
,,,-0.00006498000,4.64000,0.00600
,,,-0.00006497000,4.64000,0.00600
,,,-0.00006496000,4.64000,0.00600
,,,-0.00006495000,4.64000,0.00200
,,,-0.00006494000,4.64000,0.00200
,,,-0.00006493000,4.72000,-0.00200
,,,-0.00006492000,4.64000,-0.00600
,,,-0.00006491000,4.72000,-0.01000
,,,-0.00006490000,4.72000,-0.01000
,,,-0.00006489000,4.64000,-0.01200
,,,-0.00006488000,4.64000,-0.01400
,,,-0.00006487000,4.64000,-0.01400
,,,-0.00006486000,4.80000,-0.01200
,,,-0.00006485000,4.64000,-0.01200
,,,-0.00006484000,4.64000,-0.01000
,,,-0.00006483000,4.64000,-0.00800
,,,-0.00006482000,4.72000,-0.00800
,,,-0.00006481000,4.72000,-0.00600
,,,-0.00006480000,4.64000,-0.00400
,,,-0.00006479000,4.64000,-0.00400
,,,-0.00006478000,4.72000,-0.00400
,,,-0.00006477000,4.72000,-0.00400
,,,-0.00006476000,4.72000,-0.00800
,,,-0.00006475000,4.72000,-0.01000
,,,-0.00006474000,4.80000,-0.01200
,,,-0.00006473000,4.72000,-0.01400
,,,-0.00006472000,4.64000,-0.01600
,,,-0.00006471000,4.64000,-0.01400
,,,-0.00006470000,4.72000,-0.01400
,,,-0.00006469000,4.72000,-0.01200
,,,-0.00006468000,4.80000,-0.01000
,,,-0.00006467000,4.72000,-0.00800
,,,-0.00006466000,4.72000,-0.00400
,,,-0.00006465000,4.80000,-0.00400
,,,-0.00006464000,4.80000,-0.00400
,,,-0.00006463000,4.72000,-0.00800
,,,-0.00006462000,4.80000,-0.00800
,,,-0.00006461000,4.80000,-0.01000
,,,-0.00006460000,4.80000,-0.01000
,,,-0.00006459000,4.72000,-0.01000
,,,-0.00006458000,4.80000,-0.01000
,,,-0.00006457000,4.80000,-0.00800
,,,-0.00006456000,4.72000,-0.00800
,,,-0.00006455000,4.80000,-0.00400
,,,-0.00006454000,4.80000,-0.00400
,,,-0.00006453000,4.72000,-0.00400
,,,-0.00006452000,4.80000,-0.00400
,,,-0.00006451000,4.72000,0.00
,,,-0.00006450000,4.80000,0.00
,,,-0.00006449000,4.80000,0.00400
,,,-0.00006448000,4.80000,0.00600
,,,-0.00006447000,4.72000,0.00800
,,,-0.00006446000,4.80000,0.01200
,,,-0.00006445000,4.80000,0.01200
,,,-0.00006444000,4.80000,0.01200
,,,-0.00006443000,4.72000,0.01000
,,,-0.00006442000,4.80000,0.00600
,,,-0.00006441000,4.80000,0.00400
,,,-0.00006440000,4.80000,0.00
,,,-0.00006439000,4.80000,0.00
,,,-0.00006438000,4.80000,0.00
,,,-0.00006437000,4.80000,0.00
,,,-0.00006436000,4.80000,0.00400
,,,-0.00006435000,4.80000,0.00800
,,,-0.00006434000,4.80000,0.01200
,,,-0.00006433000,4.80000,0.01200
,,,-0.00006432000,4.80000,0.01400
,,,-0.00006431000,4.80000,0.01200
,,,-0.00006430000,4.80000,0.00600
,,,-0.00006429000,4.80000,0.00200
,,,-0.00006428000,4.80000,-0.00200
,,,-0.00006427000,4.80000,-0.00400
,,,-0.00006426000,4.80000,-0.00800
,,,-0.00006425000,4.80000,-0.00800
,,,-0.00006424000,4.80000,-0.00600
,,,-0.00006423000,4.80000,-0.00200
,,,-0.00006422000,4.80000,0.00200
,,,-0.00006421000,4.80000,0.00400
,,,-0.00006420000,4.80000,0.00600
,,,-0.00006419000,4.80000,0.00800
,,,-0.00006418000,4.72000,0.00600
,,,-0.00006417000,4.80000,0.00400
,,,-0.00006416000,4.80000,0.00400
,,,-0.00006415000,4.80000,0.00
,,,-0.00006414000,4.80000,-0.00200
,,,-0.00006413000,4.80000,-0.00400
,,,-0.00006412000,4.80000,-0.00600
,,,-0.00006411000,4.80000,-0.00800
,,,-0.00006410000,4.80000,-0.00800
,,,-0.00006409000,4.88000,-0.01000
,,,-0.00006408000,4.80000,-0.01200
,,,-0.00006407000,4.80000,-0.01600
,,,-0.00006406000,4.80000,-0.01600
,,,-0.00006405000,4.80000,-0.01800
,,,-0.00006404000,4.80000,-0.01800
,,,-0.00006403000,4.80000,-0.01600
,,,-0.00006402000,4.88000,-0.01600
,,,-0.00006401000,4.80000,-0.01800
,,,-0.00006400000,4.80000,-0.01800
,,,-0.00006399000,4.80000,-0.02000
,,,-0.00006398000,4.80000,-0.02400
,,,-0.00006397000,4.80000,-0.02600
,,,-0.00006396000,4.80000,-0.03200
,,,-0.00006395000,4.88000,-0.03600
,,,-0.00006394000,4.80000,-0.03400
,,,-0.00006393000,4.80000,-0.04000
,,,-0.00006392000,4.80000,-0.03600
,,,-0.00006391000,4.80000,-0.03400
,,,-0.00006390000,4.80000,-0.03400
,,,-0.00006389000,4.80000,-0.02800
,,,-0.00006388000,4.80000,-0.02800
,,,-0.00006387000,4.80000,-0.02600
,,,-0.00006386000,4.80000,-0.02600
,,,-0.00006385000,4.80000,-0.02800
,,,-0.00006384000,4.80000,-0.03200
,,,-0.00006383000,4.80000,-0.03400
,,,-0.00006382000,4.80000,-0.04000
,,,-0.00006381000,4.80000,-0.04000
,,,-0.00006380000,4.80000,-0.04000
,,,-0.00006379000,4.80000,-0.04200
,,,-0.00006378000,4.80000,-0.04200
,,,-0.00006377000,4.80000,-0.04200
,,,-0.00006376000,4.80000,-0.04000
,,,-0.00006375000,4.80000,-0.04000
,,,-0.00006374000,4.80000,-0.04200
,,,-0.00006373000,4.80000,-0.04000
,,,-0.00006372000,4.80000,-0.04200
,,,-0.00006371000,4.80000,-0.04200
,,,-0.00006370000,4.80000,-0.04200
,,,-0.00006369000,4.80000,-0.03800
,,,-0.00006368000,4.80000,-0.03600
,,,-0.00006367000,4.80000,-0.03400
,,,-0.00006366000,4.80000,-0.03000
,,,-0.00006365000,4.80000,-0.02800
,,,-0.00006364000,4.80000,-0.02800
,,,-0.00006363000,4.88000,-0.02800
,,,-0.00006362000,4.80000,-0.03000
,,,-0.00006361000,4.80000,-0.03200
,,,-0.00006360000,4.80000,-0.03200
,,,-0.00006359000,4.80000,-0.03200
,,,-0.00006358000,4.80000,-0.02800
,,,-0.00006357000,4.80000,-0.02400
,,,-0.00006356000,4.80000,-0.02000
,,,-0.00006355000,4.80000,-0.01600
,,,-0.00006354000,4.80000,-0.01000
,,,-0.00006353000,4.80000,-0.00800
,,,-0.00006352000,4.80000,-0.00800
,,,-0.00006351000,4.80000,-0.01200
,,,-0.00006350000,4.80000,-0.01600
,,,-0.00006349000,4.80000,-0.02000
,,,-0.00006348000,4.80000,-0.02400
,,,-0.00006347000,4.80000,-0.02400
,,,-0.00006346000,4.88000,-0.02200
,,,-0.00006345000,4.80000,-0.02000
,,,-0.00006344000,4.80000,-0.01400
,,,-0.00006343000,4.80000,-0.01000
,,,-0.00006342000,4.80000,-0.00600
,,,-0.00006341000,4.80000,-0.00400
,,,-0.00006340000,4.80000,-0.00200
,,,-0.00006339000,4.80000,0.00
,,,-0.00006338000,4.80000,-0.00200
,,,-0.00006337000,4.80000,-0.00200
,,,-0.00006336000,4.80000,-0.00200
,,,-0.00006335000,4.80000,0.00
,,,-0.00006334000,4.80000,0.00
,,,-0.00006333000,4.88000,0.00200
,,,-0.00006332000,4.80000,0.00400
,,,-0.00006331000,4.80000,0.00600
,,,-0.00006330000,4.88000,0.00600
,,,-0.00006329000,4.80000,0.00600
,,,-0.00006328000,4.80000,0.00600
,,,-0.00006327000,4.80000,0.00400
,,,-0.00006326000,4.80000,0.00600
,,,-0.00006325000,4.80000,0.00600
,,,-0.00006324000,4.80000,0.00600
,,,-0.00006323000,4.80000,0.00800
,,,-0.00006322000,4.80000,0.00800
,,,-0.00006321000,4.80000,0.00800
,,,-0.00006320000,4.80000,0.00600
,,,-0.00006319000,4.80000,0.00400
,,,-0.00006318000,4.88000,0.00
,,,-0.00006317000,4.80000,-0.00400
,,,-0.00006316000,4.80000,-0.00800
,,,-0.00006315000,4.80000,-0.01000
,,,-0.00006314000,4.88000,-0.01200
,,,-0.00006313000,4.80000,-0.01400
,,,-0.00006312000,4.80000,-0.01200
,,,-0.00006311000,4.80000,-0.00800
,,,-0.00006310000,4.80000,-0.00400
,,,-0.00006309000,4.80000,0.00
,,,-0.00006308000,4.80000,0.00
,,,-0.00006307000,4.80000,0.00200
,,,-0.00006306000,4.80000,0.00200
,,,-0.00006305000,4.80000,0.00
,,,-0.00006304000,4.80000,-0.00400
,,,-0.00006303000,4.80000,-0.00800
,,,-0.00006302000,4.80000,-0.01200
,,,-0.00006301000,4.80000,-0.01200
,,,-0.00006300000,4.80000,-0.01600
,,,-0.00006299000,4.80000,-0.01600
,,,-0.00006298000,4.80000,-0.01200
,,,-0.00006297000,4.80000,-0.01200
,,,-0.00006296000,4.80000,-0.01200
,,,-0.00006295000,4.80000,-0.01200
,,,-0.00006294000,4.80000,-0.01000
,,,-0.00006293000,4.80000,-0.01200
,,,-0.00006292000,4.80000,-0.01600
,,,-0.00006291000,4.80000,-0.01800
,,,-0.00006290000,4.80000,-0.01800
,,,-0.00006289000,4.80000,-0.02000
,,,-0.00006288000,4.80000,-0.02200
,,,-0.00006287000,4.80000,-0.02400
,,,-0.00006286000,4.80000,-0.02600
,,,-0.00006285000,4.80000,-0.02800
,,,-0.00006284000,4.80000,-0.03000
,,,-0.00006283000,4.80000,-0.03200
,,,-0.00006282000,4.80000,-0.03200
,,,-0.00006281000,4.80000,-0.03000
,,,-0.00006280000,4.80000,-0.02800
,,,-0.00006279000,4.80000,-0.02600
,,,-0.00006278000,4.80000,-0.02400
,,,-0.00006277000,4.80000,-0.02000
,,,-0.00006276000,4.80000,-0.01800
,,,-0.00006275000,4.80000,-0.01600
,,,-0.00006274000,4.80000,-0.01400
,,,-0.00006273000,4.80000,-0.01200
,,,-0.00006272000,4.80000,-0.01400
,,,-0.00006271000,4.80000,-0.01600
,,,-0.00006270000,4.80000,-0.01800
,,,-0.00006269000,4.80000,-0.02000
,,,-0.00006268000,4.80000,-0.02200
,,,-0.00006267000,4.80000,-0.02400
,,,-0.00006266000,4.80000,-0.02400
,,,-0.00006265000,4.80000,-0.02000
,,,-0.00006264000,4.80000,-0.01800
,,,-0.00006263000,4.80000,-0.01600
,,,-0.00006262000,4.80000,-0.01200
,,,-0.00006261000,4.80000,-0.01000
,,,-0.00006260000,4.80000,-0.01000
,,,-0.00006259000,4.72000,-0.01000
,,,-0.00006258000,4.80000,-0.01200
,,,-0.00006257000,4.72000,-0.01200
,,,-0.00006256000,4.80000,-0.01400
,,,-0.00006255000,4.80000,-0.01600
,,,-0.00006254000,4.80000,-0.01600
,,,-0.00006253000,4.80000,-0.01600
,,,-0.00006252000,4.80000,-0.01600
,,,-0.00006251000,4.80000,-0.01600
,,,-0.00006250000,4.80000,-0.01600
,,,-0.00006249000,4.80000,-0.01200
,,,-0.00006248000,4.72000,-0.01000
,,,-0.00006247000,4.80000,-0.00800
,,,-0.00006246000,4.80000,-0.00400
,,,-0.00006245000,4.72000,0.00
,,,-0.00006244000,4.80000,0.00400
,,,-0.00006243000,4.72000,0.00600
,,,-0.00006242000,4.80000,0.00800
,,,-0.00006241000,4.64000,0.01000
,,,-0.00006240000,4.80000,0.00800
,,,-0.00006239000,4.80000,0.00600
,,,-0.00006238000,4.72000,0.00400
,,,-0.00006237000,4.80000,0.00
,,,-0.00006236000,4.64000,-0.00200
,,,-0.00006235000,4.80000,-0.00200
,,,-0.00006234000,4.72000,-0.00200
,,,-0.00006233000,4.72000,0.00
,,,-0.00006232000,4.80000,0.00200
,,,-0.00006231000,4.80000,0.00600
,,,-0.00006230000,4.80000,0.00800
,,,-0.00006229000,4.64000,0.01200
,,,-0.00006228000,4.72000,0.01200
,,,-0.00006227000,4.72000,0.01000
,,,-0.00006226000,4.64000,0.01000
,,,-0.00006225000,4.64000,0.00600
,,,-0.00006224000,4.72000,0.00600
,,,-0.00006223000,4.64000,0.00400
,,,-0.00006222000,4.72000,0.00400
,,,-0.00006221000,4.64000,0.00400
,,,-0.00006220000,4.72000,0.00
,,,-0.00006219000,4.64000,0.00
,,,-0.00006218000,4.72000,0.00
,,,-0.00006217000,4.64000,0.00
,,,-0.00006216000,4.64000,0.00
,,,-0.00006215000,4.72000,0.00200
,,,-0.00006214000,4.64000,0.00400
,,,-0.00006213000,4.72000,0.00600
,,,-0.00006212000,4.64000,0.00600
,,,-0.00006211000,4.64000,0.00800
,,,-0.00006210000,4.72000,0.00800
,,,-0.00006209000,4.64000,0.00600
,,,-0.00006208000,4.64000,0.00400
,,,-0.00006207000,4.64000,0.00400
,,,-0.00006206000,4.72000,0.00
,,,-0.00006205000,4.64000,-0.00400
,,,-0.00006204000,4.64000,-0.00800
,,,-0.00006203000,4.64000,-0.01200
,,,-0.00006202000,4.64000,-0.01600
,,,-0.00006201000,4.56000,-0.01600
,,,-0.00006200000,4.64000,-0.01600
,,,-0.00006199000,4.64000,-0.01600
,,,-0.00006198000,4.64000,-0.01200
,,,-0.00006197000,4.64000,-0.01000
,,,-0.00006196000,4.64000,-0.01000
,,,-0.00006195000,4.64000,-0.01000
,,,-0.00006194000,4.64000,-0.01000
,,,-0.00006193000,4.64000,-0.01200
,,,-0.00006192000,4.64000,-0.01400
,,,-0.00006191000,4.64000,-0.01600
,,,-0.00006190000,4.64000,-0.01800
,,,-0.00006189000,4.56000,-0.02000
,,,-0.00006188000,4.64000,-0.02000
,,,-0.00006187000,4.64000,-0.02000
,,,-0.00006186000,4.56000,-0.01800
,,,-0.00006185000,4.64000,-0.01600
,,,-0.00006184000,4.56000,-0.01600
,,,-0.00006183000,4.64000,-0.01600
,,,-0.00006182000,4.56000,-0.01200
,,,-0.00006181000,4.56000,-0.01400
,,,-0.00006180000,4.64000,-0.01400
,,,-0.00006179000,4.64000,-0.01200
,,,-0.00006178000,4.64000,-0.01400
,,,-0.00006177000,4.64000,-0.01400
,,,-0.00006176000,4.56000,-0.01600
,,,-0.00006175000,4.64000,-0.01800
,,,-0.00006174000,4.56000,-0.02000
,,,-0.00006173000,4.64000,-0.02200
,,,-0.00006172000,4.56000,-0.02400
,,,-0.00006171000,4.56000,-0.02400
,,,-0.00006170000,4.56000,-0.02800
,,,-0.00006169000,4.56000,-0.02600
,,,-0.00006168000,4.56000,-0.02400
,,,-0.00006167000,4.64000,-0.02200
,,,-0.00006166000,4.56000,-0.01800
,,,-0.00006165000,4.56000,-0.01600
,,,-0.00006164000,4.56000,-0.01200
,,,-0.00006163000,4.56000,-0.01200
,,,-0.00006162000,4.56000,-0.01200
,,,-0.00006161000,4.56000,-0.01000
,,,-0.00006160000,4.56000,-0.01200
,,,-0.00006159000,4.56000,-0.01200
,,,-0.00006158000,4.56000,-0.01400
,,,-0.00006157000,4.56000,-0.01200
,,,-0.00006156000,4.56000,-0.01200
,,,-0.00006155000,4.56000,-0.00800
,,,-0.00006154000,4.56000,-0.00400
,,,-0.00006153000,4.56000,-0.00200
,,,-0.00006152000,4.56000,0.00200
,,,-0.00006151000,4.56000,0.00400
,,,-0.00006150000,4.56000,0.00400
,,,-0.00006149000,4.56000,0.00400
,,,-0.00006148000,4.48000,0.00200
,,,-0.00006147000,4.56000,0.00
,,,-0.00006146000,4.56000,0.00
,,,-0.00006145000,4.56000,-0.00200
,,,-0.00006144000,4.48000,0.00
,,,-0.00006143000,4.56000,0.00
,,,-0.00006142000,4.56000,0.00200
,,,-0.00006141000,4.48000,0.00200
,,,-0.00006140000,4.48000,0.00400
,,,-0.00006139000,4.48000,0.00400
,,,-0.00006138000,4.56000,0.00
,,,-0.00006137000,4.48000,0.00
,,,-0.00006136000,4.48000,0.00
,,,-0.00006135000,4.56000,0.00
,,,-0.00006134000,4.48000,0.00200
,,,-0.00006133000,4.48000,0.00400
,,,-0.00006132000,4.48000,0.00800
,,,-0.00006131000,4.48000,0.01200
,,,-0.00006130000,4.48000,0.01600
,,,-0.00006129000,4.48000,0.01600
,,,-0.00006128000,4.48000,0.01600
,,,-0.00006127000,4.48000,0.01400
,,,-0.00006126000,4.48000,0.01200
,,,-0.00006125000,4.48000,0.00600
,,,-0.00006124000,4.48000,0.00200
,,,-0.00006123000,4.48000,0.00
,,,-0.00006122000,4.48000,0.00200
,,,-0.00006121000,4.48000,0.00400
,,,-0.00006120000,4.40000,0.00800
,,,-0.00006119000,4.48000,0.01200
,,,-0.00006118000,4.48000,0.01000
,,,-0.00006117000,4.40000,0.01200
,,,-0.00006116000,4.48000,0.01200
,,,-0.00006115000,4.40000,0.00800
,,,-0.00006114000,4.40000,0.00400
,,,-0.00006113000,4.40000,0.00
,,,-0.00006112000,4.48000,-0.00200
,,,-0.00006111000,4.40000,-0.00600
,,,-0.00006110000,4.48000,-0.00800
,,,-0.00006109000,4.40000,-0.00600
,,,-0.00006108000,4.32000,-0.00800
,,,-0.00006107000,4.40000,-0.00400
,,,-0.00006106000,4.40000,-0.00600
,,,-0.00006105000,4.32000,-0.00400
,,,-0.00006104000,4.40000,-0.00400
,,,-0.00006103000,4.40000,-0.00600
,,,-0.00006102000,4.40000,-0.00400
,,,-0.00006101000,4.40000,-0.00400
,,,-0.00006100000,4.40000,-0.00600
,,,-0.00006099000,4.32000,-0.00400
,,,-0.00006098000,4.32000,-0.00400
,,,-0.00006097000,4.40000,-0.00200
,,,-0.00006096000,4.40000,-0.00400
,,,-0.00006095000,4.32000,-0.00400
,,,-0.00006094000,4.40000,-0.00400
,,,-0.00006093000,4.32000,-0.01000
,,,-0.00006092000,4.32000,-0.01000
,,,-0.00006091000,4.32000,-0.01200
,,,-0.00006090000,4.32000,-0.01200
,,,-0.00006089000,4.40000,-0.01200
,,,-0.00006088000,4.32000,-0.01000
,,,-0.00006087000,4.32000,-0.00800
,,,-0.00006086000,4.32000,-0.00600
,,,-0.00006085000,4.32000,-0.00400
,,,-0.00006084000,4.32000,-0.00400
,,,-0.00006083000,4.32000,-0.00400
,,,-0.00006082000,4.32000,-0.00600
,,,-0.00006081000,4.32000,-0.01000
,,,-0.00006080000,4.32000,-0.01200
,,,-0.00006079000,4.32000,-0.01600
,,,-0.00006078000,4.24000,-0.01600
,,,-0.00006077000,4.32000,-0.01600
,,,-0.00006076000,4.32000,-0.01600
,,,-0.00006075000,4.32000,-0.01200
,,,-0.00006074000,4.32000,-0.00800
,,,-0.00006073000,4.24000,-0.00200
,,,-0.00006072000,4.32000,0.00
,,,-0.00006071000,4.24000,0.00200
,,,-0.00006070000,4.32000,0.00400
,,,-0.00006069000,4.24000,0.00400
,,,-0.00006068000,4.24000,0.00400
,,,-0.00006067000,4.32000,0.00200
,,,-0.00006066000,4.24000,0.00400
,,,-0.00006065000,4.24000,0.00400
,,,-0.00006064000,4.24000,0.00800
,,,-0.00006063000,4.24000,0.01000
,,,-0.00006062000,4.32000,0.01200
,,,-0.00006061000,4.32000,0.01400
,,,-0.00006060000,4.24000,0.01400
,,,-0.00006059000,4.32000,0.01400
,,,-0.00006058000,4.24000,0.01400
,,,-0.00006057000,4.24000,0.01400
,,,-0.00006056000,4.24000,0.01400
,,,-0.00006055000,4.24000,0.01400
,,,-0.00006054000,4.24000,0.01600
,,,-0.00006053000,4.16000,0.02000
,,,-0.00006052000,4.24000,0.02200
,,,-0.00006051000,4.24000,0.02400
,,,-0.00006050000,4.16000,0.02400
,,,-0.00006049000,4.24000,0.02400
,,,-0.00006048000,4.16000,0.02400
,,,-0.00006047000,4.24000,0.02200
,,,-0.00006046000,4.24000,0.02000
,,,-0.00006045000,4.16000,0.02000
,,,-0.00006044000,4.16000,0.01800
,,,-0.00006043000,4.16000,0.01800
,,,-0.00006042000,4.24000,0.02000
,,,-0.00006041000,4.16000,0.02400
,,,-0.00006040000,4.16000,0.03000
,,,-0.00006039000,4.16000,0.03400
,,,-0.00006038000,4.16000,0.03600
,,,-0.00006037000,4.16000,0.03800
,,,-0.00006036000,4.16000,0.03600
,,,-0.00006035000,4.16000,0.03400
,,,-0.00006034000,4.16000,0.03200
,,,-0.00006033000,4.16000,0.03000
,,,-0.00006032000,4.16000,0.02600
,,,-0.00006031000,4.16000,0.02400
,,,-0.00006030000,4.16000,0.02200
,,,-0.00006029000,4.08000,0.02200
,,,-0.00006028000,4.16000,0.02400
,,,-0.00006027000,4.16000,0.02200
,,,-0.00006026000,4.08000,0.02200
,,,-0.00006025000,4.16000,0.02400
,,,-0.00006024000,4.16000,0.02200
,,,-0.00006023000,4.16000,0.02200
,,,-0.00006022000,4.00000,0.02200
,,,-0.00006021000,4.08000,0.02200
,,,-0.00006020000,4.08000,0.02000
,,,-0.00006019000,4.16000,0.02000
,,,-0.00006018000,4.08000,0.02000
,,,-0.00006017000,4.00000,0.01600
,,,-0.00006016000,4.16000,0.01400
,,,-0.00006015000,4.00000,0.01200
,,,-0.00006014000,4.00000,0.00800
,,,-0.00006013000,4.00000,0.00400
,,,-0.00006012000,4.00000,0.00
,,,-0.00006011000,4.00000,0.00
,,,-0.00006010000,4.16000,0.00200
,,,-0.00006009000,4.00000,0.00400
,,,-0.00006008000,4.00000,0.00600
,,,-0.00006007000,4.00000,0.00800
,,,-0.00006006000,4.00000,0.01200
,,,-0.00006005000,4.00000,0.01200
,,,-0.00006004000,4.00000,0.00800
,,,-0.00006003000,4.00000,0.00400
,,,-0.00006002000,4.08000,0.00
,,,-0.00006001000,4.00000,-0.00400
,,,-0.00006000000,4.00000,-0.01200
,,,-0.00005999000,4.00000,-0.01600
,,,-0.00005998000,4.00000,-0.02000
,,,-0.00005997000,3.92000,-0.02200
,,,-0.00005996000,3.92000,-0.02000
,,,-0.00005995000,3.92000,-0.01600
,,,-0.00005994000,3.92000,-0.01600
,,,-0.00005993000,3.92000,-0.01200
,,,-0.00005992000,4.00000,-0.00600
,,,-0.00005991000,3.92000,-0.00800
,,,-0.00005990000,3.92000,-0.00800
,,,-0.00005989000,3.92000,-0.00600
,,,-0.00005988000,3.84000,-0.01000
,,,-0.00005987000,3.92000,-0.01400
,,,-0.00005986000,3.92000,-0.01600
,,,-0.00005985000,3.92000,-0.01600
,,,-0.00005984000,3.84000,-0.01800
,,,-0.00005983000,3.92000,-0.01800
,,,-0.00005982000,3.92000,-0.01600
,,,-0.00005981000,3.92000,-0.01600
,,,-0.00005980000,3.84000,-0.01600
,,,-0.00005979000,3.84000,-0.01400
,,,-0.00005978000,3.84000,-0.01200
,,,-0.00005977000,3.84000,-0.01600
,,,-0.00005976000,3.76000,-0.01000
,,,-0.00005975000,3.84000,-0.01000
,,,-0.00005974000,3.92000,-0.01000
,,,-0.00005973000,3.84000,-0.00800
,,,-0.00005972000,3.76000,-0.00200
,,,-0.00005971000,3.84000,-0.00400
,,,-0.00005970000,3.84000,-0.00800
,,,-0.00005969000,3.76000,-0.00600
,,,-0.00005968000,3.76000,-0.00400
,,,-0.00005967000,3.76000,-0.00800
,,,-0.00005966000,3.76000,-0.01200
,,,-0.00005965000,3.76000,-0.01200
,,,-0.00005964000,3.76000,-0.01200
,,,-0.00005963000,3.84000,-0.01000
,,,-0.00005962000,3.76000,-0.00400
,,,-0.00005961000,3.84000,-0.00200
,,,-0.00005960000,3.76000,0.00
,,,-0.00005959000,3.76000,0.00600
,,,-0.00005958000,3.76000,0.01000
,,,-0.00005957000,3.76000,0.01200
,,,-0.00005956000,3.68000,0.01200
,,,-0.00005955000,3.76000,0.01400
,,,-0.00005954000,3.76000,0.01400
,,,-0.00005953000,3.76000,0.01400
,,,-0.00005952000,3.76000,0.01600
,,,-0.00005951000,3.68000,0.01400
,,,-0.00005950000,3.76000,0.01200
,,,-0.00005949000,3.68000,0.01200
,,,-0.00005948000,3.68000,0.01400
,,,-0.00005947000,3.76000,0.01400
,,,-0.00005946000,3.68000,0.01200
,,,-0.00005945000,3.76000,0.01400
,,,-0.00005944000,3.68000,0.01600
,,,-0.00005943000,3.68000,0.01800
,,,-0.00005942000,3.68000,0.02000
,,,-0.00005941000,3.68000,0.02000
,,,-0.00005940000,3.60000,0.02200
,,,-0.00005939000,3.68000,0.02400
,,,-0.00005938000,3.68000,0.02400
,,,-0.00005937000,3.68000,0.02200
,,,-0.00005936000,3.60000,0.02000
,,,-0.00005935000,3.60000,0.01800
,,,-0.00005934000,3.60000,0.01600
,,,-0.00005933000,3.60000,0.01200
,,,-0.00005932000,3.60000,0.01200
,,,-0.00005931000,3.68000,0.01200
,,,-0.00005930000,3.60000,0.01400
,,,-0.00005929000,3.60000,0.02000
,,,-0.00005928000,3.60000,0.02200
,,,-0.00005927000,3.60000,0.02400
,,,-0.00005926000,3.60000,0.02800
,,,-0.00005925000,3.60000,0.02600
,,,-0.00005924000,3.60000,0.02600
,,,-0.00005923000,3.60000,0.02200
,,,-0.00005922000,3.60000,0.01600
,,,-0.00005921000,3.60000,0.01200
,,,-0.00005920000,3.60000,0.00800
,,,-0.00005919000,3.60000,0.00400
,,,-0.00005918000,3.60000,0.00400
,,,-0.00005917000,3.52000,0.00200
,,,-0.00005916000,3.60000,0.00200
,,,-0.00005915000,3.60000,0.00400
,,,-0.00005914000,3.52000,0.00400
,,,-0.00005913000,3.52000,0.00200
,,,-0.00005912000,3.52000,0.00400
,,,-0.00005911000,3.52000,0.00200
,,,-0.00005910000,3.52000,0.00200
,,,-0.00005909000,3.52000,0.00
,,,-0.00005908000,3.52000,0.00
,,,-0.00005907000,3.52000,-0.00200
,,,-0.00005906000,3.52000,-0.00200
,,,-0.00005905000,3.52000,-0.00400
,,,-0.00005904000,3.52000,-0.00400
,,,-0.00005903000,3.28000,-0.00800
,,,-0.00005902000,3.52000,-0.01000
,,,-0.00005901000,3.52000,-0.01000
,,,-0.00005900000,3.36000,-0.01400
,,,-0.00005899000,3.52000,-0.01000
,,,-0.00005898000,3.36000,-0.01000
,,,-0.00005897000,3.52000,-0.00800
,,,-0.00005896000,3.36000,-0.00800
,,,-0.00005895000,3.28000,-0.00800
,,,-0.00005894000,3.36000,-0.00600
,,,-0.00005893000,3.28000,-0.00600
,,,-0.00005892000,3.28000,-0.01000
,,,-0.00005891000,3.36000,-0.01200
,,,-0.00005890000,3.28000,-0.01600
,,,-0.00005889000,3.28000,-0.01800
,,,-0.00005888000,3.28000,-0.02000
,,,-0.00005887000,3.28000,-0.02200
,,,-0.00005886000,3.28000,-0.02000
,,,-0.00005885000,3.28000,-0.02000
,,,-0.00005884000,3.28000,-0.01800
,,,-0.00005883000,3.28000,-0.01600
,,,-0.00005882000,3.28000,-0.01600
,,,-0.00005881000,3.28000,-0.01400
,,,-0.00005880000,3.20000,-0.01400
,,,-0.00005879000,3.20000,-0.01200
,,,-0.00005878000,3.20000,-0.01200
,,,-0.00005877000,3.28000,-0.01000
,,,-0.00005876000,3.20000,-0.01000
,,,-0.00005875000,3.20000,-0.01000
,,,-0.00005874000,3.20000,-0.00800
,,,-0.00005873000,3.20000,-0.00800
,,,-0.00005872000,3.20000,-0.00800
,,,-0.00005871000,3.20000,-0.00800
,,,-0.00005870000,3.20000,-0.00800
,,,-0.00005869000,3.20000,-0.00800
,,,-0.00005868000,3.20000,-0.00800
,,,-0.00005867000,3.20000,-0.00800
,,,-0.00005866000,3.20000,-0.00800
,,,-0.00005865000,3.20000,-0.00400
,,,-0.00005864000,3.20000,-0.00200
,,,-0.00005863000,3.20000,0.00
,,,-0.00005862000,3.12000,0.00400
,,,-0.00005861000,3.20000,0.00600
,,,-0.00005860000,3.12000,0.00800
,,,-0.00005859000,3.04000,0.00800
,,,-0.00005858000,3.20000,0.00600
,,,-0.00005857000,3.12000,0.00400
,,,-0.00005856000,3.12000,0.00
,,,-0.00005855000,3.12000,0.00
,,,-0.00005854000,3.04000,-0.00200
,,,-0.00005853000,3.12000,-0.00200
,,,-0.00005852000,3.04000,0.00200
,,,-0.00005851000,3.12000,0.00600
,,,-0.00005850000,3.04000,0.01200
,,,-0.00005849000,3.04000,0.01600
,,,-0.00005848000,2.96000,0.01800
,,,-0.00005847000,3.04000,0.02000
,,,-0.00005846000,3.04000,0.02000
,,,-0.00005845000,2.96000,0.01800
,,,-0.00005844000,3.04000,0.01600
,,,-0.00005843000,2.96000,0.01400
,,,-0.00005842000,3.04000,0.01400
,,,-0.00005841000,2.96000,0.01200
,,,-0.00005840000,3.04000,0.01400
,,,-0.00005839000,2.96000,0.01400
,,,-0.00005838000,3.04000,0.01600
,,,-0.00005837000,2.96000,0.01800
,,,-0.00005836000,2.96000,0.01800
,,,-0.00005835000,2.96000,0.02000
,,,-0.00005834000,2.88000,0.01600
,,,-0.00005833000,2.96000,0.01600
,,,-0.00005832000,2.96000,0.01600
,,,-0.00005831000,2.96000,0.01400
,,,-0.00005830000,2.96000,0.01400
,,,-0.00005829000,2.88000,0.01400
,,,-0.00005828000,2.96000,0.01200
,,,-0.00005827000,2.88000,0.01200
,,,-0.00005826000,2.96000,0.01200
,,,-0.00005825000,2.96000,0.00800
,,,-0.00005824000,2.88000,0.00600
,,,-0.00005823000,2.88000,0.00200
,,,-0.00005822000,2.88000,0.00
,,,-0.00005821000,2.88000,-0.00200
,,,-0.00005820000,2.88000,-0.00400
,,,-0.00005819000,2.88000,0.00
,,,-0.00005818000,2.88000,0.00200
,,,-0.00005817000,2.80000,0.00600
,,,-0.00005816000,2.88000,0.01200
,,,-0.00005815000,2.80000,0.01400
,,,-0.00005814000,2.88000,0.01400
,,,-0.00005813000,2.80000,0.01400
,,,-0.00005812000,2.80000,0.00800
,,,-0.00005811000,2.80000,0.00400
,,,-0.00005810000,2.80000,0.00
,,,-0.00005809000,2.80000,-0.00600
,,,-0.00005808000,2.80000,-0.01000
,,,-0.00005807000,2.80000,-0.01000
,,,-0.00005806000,2.80000,-0.01000
,,,-0.00005805000,2.80000,-0.00800
,,,-0.00005804000,2.80000,-0.00600
,,,-0.00005803000,2.80000,-0.00600
,,,-0.00005802000,2.80000,-0.00400
,,,-0.00005801000,2.80000,-0.00400
,,,-0.00005800000,2.80000,-0.00800
,,,-0.00005799000,2.72000,-0.01000
,,,-0.00005798000,2.72000,-0.01200
,,,-0.00005797000,2.80000,-0.01600
,,,-0.00005796000,2.72000,-0.01600
,,,-0.00005795000,2.64000,-0.02000
,,,-0.00005794000,2.80000,-0.01800
,,,-0.00005793000,2.64000,-0.01800
,,,-0.00005792000,2.64000,-0.01800
,,,-0.00005791000,2.64000,-0.01600
,,,-0.00005790000,2.64000,-0.01600
,,,-0.00005789000,2.64000,-0.01600
,,,-0.00005788000,2.64000,-0.01600
,,,-0.00005787000,2.64000,-0.01400
,,,-0.00005786000,2.64000,-0.01200
,,,-0.00005785000,2.64000,-0.00800
,,,-0.00005784000,2.64000,-0.00800
,,,-0.00005783000,2.64000,-0.00400
,,,-0.00005782000,2.64000,0.00
,,,-0.00005781000,2.64000,-0.00200
,,,-0.00005780000,2.64000,0.00
,,,-0.00005779000,2.64000,-0.00200
,,,-0.00005778000,2.56000,-0.00400
,,,-0.00005777000,2.56000,-0.00400
,,,-0.00005776000,2.56000,-0.00800
,,,-0.00005775000,2.56000,-0.01000
,,,-0.00005774000,2.56000,-0.00800
,,,-0.00005773000,2.56000,-0.00800
,,,-0.00005772000,2.56000,-0.00600
,,,-0.00005771000,2.56000,-0.00400
,,,-0.00005770000,2.56000,0.00
,,,-0.00005769000,2.56000,0.00400
,,,-0.00005768000,2.56000,0.00600
,,,-0.00005767000,2.56000,0.00800
,,,-0.00005766000,2.48000,0.00800
,,,-0.00005765000,2.56000,0.00600
,,,-0.00005764000,2.56000,0.00400
,,,-0.00005763000,2.48000,0.00200
,,,-0.00005762000,2.56000,0.00
,,,-0.00005761000,2.48000,0.00400
,,,-0.00005760000,2.48000,0.00400
,,,-0.00005759000,2.48000,0.00600
,,,-0.00005758000,2.48000,0.01000
,,,-0.00005757000,2.48000,0.01400
,,,-0.00005756000,2.48000,0.01600
,,,-0.00005755000,2.48000,0.01800
,,,-0.00005754000,2.40000,0.02000
,,,-0.00005753000,2.40000,0.02000
,,,-0.00005752000,2.40000,0.02200
,,,-0.00005751000,2.48000,0.02200
,,,-0.00005750000,2.40000,0.02400
,,,-0.00005749000,2.40000,0.02400
,,,-0.00005748000,2.40000,0.02400
,,,-0.00005747000,2.40000,0.02400
,,,-0.00005746000,2.32000,0.02200
,,,-0.00005745000,2.40000,0.02000
,,,-0.00005744000,2.32000,0.01800
,,,-0.00005743000,2.40000,0.01400
,,,-0.00005742000,2.32000,0.01200
,,,-0.00005741000,2.32000,0.01200
,,,-0.00005740000,2.32000,0.01200
,,,-0.00005739000,2.32000,0.01600
,,,-0.00005738000,2.32000,0.01800
,,,-0.00005737000,2.40000,0.02200
,,,-0.00005736000,2.32000,0.02600
,,,-0.00005735000,2.32000,0.02600
,,,-0.00005734000,2.32000,0.02800
,,,-0.00005733000,2.24000,0.02400
,,,-0.00005732000,2.24000,0.02000
,,,-0.00005731000,2.24000,0.01600
,,,-0.00005730000,2.32000,0.01200
,,,-0.00005729000,2.16000,0.00800
,,,-0.00005728000,2.24000,0.00800
,,,-0.00005727000,2.24000,0.00800
,,,-0.00005726000,2.16000,0.01200
,,,-0.00005725000,2.24000,0.01400
,,,-0.00005724000,2.24000,0.01600
,,,-0.00005723000,2.24000,0.01800
,,,-0.00005722000,2.16000,0.02000
,,,-0.00005721000,2.16000,0.02000
,,,-0.00005720000,2.16000,0.01800
,,,-0.00005719000,2.24000,0.01600
,,,-0.00005718000,2.16000,0.01400
,,,-0.00005717000,2.16000,0.01200
,,,-0.00005716000,2.16000,0.00800
,,,-0.00005715000,2.16000,0.00600
,,,-0.00005714000,2.16000,0.00600
,,,-0.00005713000,2.24000,0.00400
,,,-0.00005712000,2.16000,0.00
,,,-0.00005711000,2.16000,0.00
,,,-0.00005710000,2.16000,-0.00200
,,,-0.00005709000,2.16000,-0.00400
,,,-0.00005708000,2.16000,-0.00600
,,,-0.00005707000,2.16000,-0.00600
,,,-0.00005706000,2.00000,-0.00600
,,,-0.00005705000,2.16000,-0.00200
,,,-0.00005704000,2.08000,-0.00200
,,,-0.00005703000,2.00000,0.00200
,,,-0.00005702000,2.16000,0.00400
,,,-0.00005701000,2.00000,0.00400
,,,-0.00005700000,2.08000,0.00400
,,,-0.00005699000,2.00000,0.00
,,,-0.00005698000,2.00000,-0.00200
,,,-0.00005697000,2.00000,-0.00400
,,,-0.00005696000,2.00000,-0.00800
,,,-0.00005695000,2.00000,-0.01000
,,,-0.00005694000,2.00000,-0.01000
,,,-0.00005693000,2.00000,-0.00800
,,,-0.00005692000,2.00000,-0.00400
,,,-0.00005691000,2.00000,-0.00200
,,,-0.00005690000,2.00000,0.00
,,,-0.00005689000,1.92000,0.00400
,,,-0.00005688000,1.92000,0.00400
,,,-0.00005687000,2.00000,0.00400
,,,-0.00005686000,1.92000,0.00200
,,,-0.00005685000,2.00000,0.00
,,,-0.00005684000,1.92000,-0.00200
,,,-0.00005683000,1.92000,-0.00600
,,,-0.00005682000,1.92000,-0.00800
,,,-0.00005681000,1.92000,-0.01000
,,,-0.00005680000,1.92000,-0.00600
,,,-0.00005679000,1.92000,-0.01200
,,,-0.00005678000,1.84000,-0.00600
,,,-0.00005677000,1.92000,-0.00600
,,,-0.00005676000,1.84000,-0.00400
,,,-0.00005675000,1.84000,-0.00200
,,,-0.00005674000,1.84000,0.00
,,,-0.00005673000,1.84000,0.00200
,,,-0.00005672000,1.76000,0.00400
,,,-0.00005671000,1.84000,0.00600
,,,-0.00005670000,1.84000,0.00800
,,,-0.00005669000,1.84000,0.00800
,,,-0.00005668000,1.76000,0.01200
,,,-0.00005667000,1.76000,0.01200
,,,-0.00005666000,1.76000,0.01000
,,,-0.00005665000,1.76000,0.01200
,,,-0.00005664000,1.76000,0.01200
,,,-0.00005663000,1.76000,0.01000
,,,-0.00005662000,1.76000,0.01200
,,,-0.00005661000,1.68000,0.01200
,,,-0.00005660000,1.76000,0.01400
,,,-0.00005659000,1.68000,0.01600
,,,-0.00005658000,1.68000,0.01800
,,,-0.00005657000,1.68000,0.02000
,,,-0.00005656000,1.68000,0.02200
,,,-0.00005655000,1.68000,0.02200
,,,-0.00005654000,1.68000,0.02200
,,,-0.00005653000,1.68000,0.02000
,,,-0.00005652000,1.68000,0.02000
,,,-0.00005651000,1.68000,0.01800
,,,-0.00005650000,1.60000,0.01600
,,,-0.00005649000,1.68000,0.01600
,,,-0.00005648000,1.60000,0.01600
,,,-0.00005647000,1.60000,0.01600
,,,-0.00005646000,1.60000,0.01800
,,,-0.00005645000,1.60000,0.02000
,,,-0.00005644000,1.60000,0.02000
,,,-0.00005643000,1.60000,0.02200
,,,-0.00005642000,1.60000,0.02200
,,,-0.00005641000,1.60000,0.02200
,,,-0.00005640000,1.52000,0.02400
,,,-0.00005639000,1.60000,0.02600
,,,-0.00005638000,1.52000,0.02800
,,,-0.00005637000,1.52000,0.02800
,,,-0.00005636000,1.52000,0.02800
,,,-0.00005635000,1.60000,0.02600
,,,-0.00005634000,1.52000,0.02600
,,,-0.00005633000,1.52000,0.02200
,,,-0.00005632000,1.52000,0.02000
,,,-0.00005631000,1.52000,0.01600
,,,-0.00005630000,1.52000,0.01200
,,,-0.00005629000,1.52000,0.01200
,,,-0.00005628000,1.52000,0.01000
,,,-0.00005627000,1.52000,0.01200
,,,-0.00005626000,1.52000,0.01200
,,,-0.00005625000,1.52000,0.01200
,,,-0.00005624000,1.44000,0.01200
,,,-0.00005623000,1.44000,0.01200
,,,-0.00005622000,1.36000,0.00800
,,,-0.00005621000,1.36000,0.00400
,,,-0.00005620000,1.44000,0.00200
,,,-0.00005619000,1.44000,-0.00200
,,,-0.00005618000,1.36000,-0.00400
,,,-0.00005617000,1.36000,-0.00800
,,,-0.00005616000,1.36000,-0.00800
,,,-0.00005615000,1.36000,-0.00800
,,,-0.00005614000,1.36000,-0.00800
,,,-0.00005613000,1.36000,-0.00600
,,,-0.00005612000,1.36000,-0.00400
,,,-0.00005611000,1.28000,-0.00400
,,,-0.00005610000,1.36000,-0.00200
,,,-0.00005609000,1.36000,-0.00200
,,,-0.00005608000,1.28000,-0.00200
,,,-0.00005607000,1.28000,-0.00400
,,,-0.00005606000,1.36000,-0.00400
,,,-0.00005605000,1.28000,-0.00800
,,,-0.00005604000,1.28000,-0.00600
,,,-0.00005603000,1.36000,-0.00800
,,,-0.00005602000,1.28000,-0.01000
,,,-0.00005601000,1.28000,-0.01000
,,,-0.00005600000,1.28000,-0.01200
,,,-0.00005599000,1.28000,-0.01600
,,,-0.00005598000,1.28000,-0.01600
,,,-0.00005597000,1.28000,-0.01800
,,,-0.00005596000,1.20000,-0.01800
,,,-0.00005595000,1.20000,-0.01800
,,,-0.00005594000,1.20000,-0.01800
,,,-0.00005593000,1.20000,-0.01800
,,,-0.00005592000,1.20000,-0.01600
,,,-0.00005591000,1.20000,-0.01600
,,,-0.00005590000,1.12000,-0.01600
,,,-0.00005589000,1.20000,-0.01800
,,,-0.00005588000,1.12000,-0.02000
,,,-0.00005587000,1.12000,-0.02200
,,,-0.00005586000,1.12000,-0.02400
,,,-0.00005585000,1.12000,-0.02400
,,,-0.00005584000,1.12000,-0.02200
,,,-0.00005583000,1.12000,-0.02000
,,,-0.00005582000,1.12000,-0.01600
,,,-0.00005581000,1.04000,-0.01000
,,,-0.00005580000,1.04000,-0.00400
,,,-0.00005579000,1.04000,0.00
,,,-0.00005578000,1.04000,0.00200
,,,-0.00005577000,1.04000,0.00400
,,,-0.00005576000,1.04000,0.00600
,,,-0.00005575000,1.04000,0.00200
,,,-0.00005574000,1.04000,0.00200
,,,-0.00005573000,1.04000,0.00
,,,-0.00005572000,1.04000,0.00
,,,-0.00005571000,1.04000,0.00
,,,-0.00005570000,1.04000,0.00
,,,-0.00005569000,1.04000,0.00
,,,-0.00005568000,1.04000,0.00200
,,,-0.00005567000,1.04000,0.00200
,,,-0.00005566000,0.96000,0.00400
,,,-0.00005565000,0.96000,0.00400
,,,-0.00005564000,0.96000,0.00400
,,,-0.00005563000,0.96000,0.00400
,,,-0.00005562000,0.96000,0.00600
,,,-0.00005561000,0.96000,0.00800
,,,-0.00005560000,0.96000,0.01200
,,,-0.00005559000,0.96000,0.01400
,,,-0.00005558000,0.88000,0.01600
,,,-0.00005557000,0.96000,0.01800
,,,-0.00005556000,0.96000,0.01800
,,,-0.00005555000,0.88000,0.01600
,,,-0.00005554000,0.88000,0.01600
,,,-0.00005553000,0.88000,0.01600
,,,-0.00005552000,0.96000,0.01600
,,,-0.00005551000,0.88000,0.01600
,,,-0.00005550000,0.88000,0.01800
,,,-0.00005549000,0.88000,0.02000
,,,-0.00005548000,0.88000,0.02200
,,,-0.00005547000,0.88000,0.02600
,,,-0.00005546000,0.88000,0.03000
,,,-0.00005545000,0.80000,0.03200
,,,-0.00005544000,0.88000,0.03200
,,,-0.00005543000,0.88000,0.03200
,,,-0.00005542000,0.80000,0.03200
,,,-0.00005541000,0.80000,0.02800
,,,-0.00005540000,0.72000,0.02400
,,,-0.00005539000,0.80000,0.02400
,,,-0.00005538000,0.72000,0.01600
,,,-0.00005537000,0.80000,0.02200
,,,-0.00005536000,0.72000,0.01400
,,,-0.00005535000,0.72000,0.01600
,,,-0.00005534000,0.72000,0.02200
,,,-0.00005533000,0.72000,0.01800
,,,-0.00005532000,0.72000,0.02400
,,,-0.00005531000,0.72000,0.02000
,,,-0.00005530000,0.64000,0.02200
,,,-0.00005529000,0.72000,0.01800
,,,-0.00005528000,0.64000,0.01600
,,,-0.00005527000,0.64000,0.01800
,,,-0.00005526000,0.64000,0.01600
,,,-0.00005525000,0.72000,0.01600
,,,-0.00005524000,0.72000,0.01800
,,,-0.00005523000,0.64000,0.01600
,,,-0.00005522000,0.64000,0.01600
,,,-0.00005521000,0.64000,0.01400
,,,-0.00005520000,0.64000,0.01200
,,,-0.00005519000,0.64000,0.01000
,,,-0.00005518000,0.64000,0.00800
,,,-0.00005517000,0.56000,0.00600
,,,-0.00005516000,0.56000,0.00800
,,,-0.00005515000,0.64000,0.00800
,,,-0.00005514000,0.56000,0.01000
,,,-0.00005513000,0.56000,0.01200
,,,-0.00005512000,0.48000,0.01200
,,,-0.00005511000,0.56000,0.01200
,,,-0.00005510000,0.48000,0.01000
,,,-0.00005509000,0.48000,0.00400
,,,-0.00005508000,0.48000,0.00
,,,-0.00005507000,0.48000,-0.00600
,,,-0.00005506000,0.48000,-0.01000
,,,-0.00005505000,0.48000,-0.01400
,,,-0.00005504000,0.48000,-0.01600
,,,-0.00005503000,0.40000,-0.01400
,,,-0.00005502000,0.48000,-0.01000
,,,-0.00005501000,0.40000,-0.00600
,,,-0.00005500000,0.40000,-0.00200
,,,-0.00005499000,0.40000,0.00200
,,,-0.00005498000,0.40000,0.00200
,,,-0.00005497000,0.40000,0.00400
,,,-0.00005496000,0.40000,0.00
,,,-0.00005495000,0.40000,-0.00400
,,,-0.00005494000,0.40000,-0.00600
,,,-0.00005493000,0.40000,-0.01000
,,,-0.00005492000,0.32000,-0.01000
,,,-0.00005491000,0.40000,-0.01000
,,,-0.00005490000,0.40000,-0.00800
,,,-0.00005489000,0.32000,-0.00600
,,,-0.00005488000,0.32000,-0.00400
,,,-0.00005487000,0.32000,-0.00200
,,,-0.00005486000,0.32000,0.00
,,,-0.00005485000,0.32000,0.00
,,,-0.00005484000,0.32000,0.00
,,,-0.00005483000,0.32000,0.00
,,,-0.00005482000,0.32000,0.00
,,,-0.00005481000,0.32000,-0.00200
,,,-0.00005480000,0.32000,0.00
,,,-0.00005479000,0.24000,0.00
,,,-0.00005478000,0.24000,0.00
,,,-0.00005477000,0.32000,0.00400
,,,-0.00005476000,0.24000,0.00
,,,-0.00005475000,0.24000,0.00
,,,-0.00005474000,0.24000,-0.00200
,,,-0.00005473000,0.24000,-0.00200
,,,-0.00005472000,0.24000,-0.00200
,,,-0.00005471000,0.24000,-0.00200
,,,-0.00005470000,0.24000,0.00200
,,,-0.00005469000,0.24000,0.00600
,,,-0.00005468000,0.24000,0.01000
,,,-0.00005467000,0.24000,0.01400
,,,-0.00005466000,0.24000,0.02200
,,,-0.00005465000,0.24000,0.02200
,,,-0.00005464000,0.16000,0.02400
,,,-0.00005463000,0.16000,0.02600
,,,-0.00005462000,0.16000,0.02400
,,,-0.00005461000,0.08000,0.02200
,,,-0.00005460000,0.16000,0.02000
,,,-0.00005459000,0.16000,0.01800
,,,-0.00005458000,0.08000,0.01800
,,,-0.00005457000,0.08000,0.01800
,,,-0.00005456000,0.08000,0.02000
,,,-0.00005455000,0.08000,0.02000
,,,-0.00005454000,0.08000,0.02200
,,,-0.00005453000,0.08000,0.02200
,,,-0.00005452000,0.08000,0.02400
,,,-0.00005451000,0.08000,0.02400
,,,-0.00005450000,0.00,0.02400
,,,-0.00005449000,0.08000,0.02400
,,,-0.00005448000,0.00,0.02400
,,,-0.00005447000,0.08000,0.02400
,,,-0.00005446000,0.00,0.02400
,,,-0.00005445000,0.00,0.02400
,,,-0.00005444000,0.00,0.02400
,,,-0.00005443000,0.00,0.02200
,,,-0.00005442000,0.00,0.02400
,,,-0.00005441000,0.00,0.02200
,,,-0.00005440000,0.00,0.02200
,,,-0.00005439000,-0.08000,0.02000
,,,-0.00005438000,-0.08000,0.02000
,,,-0.00005437000,-0.08000,0.02000
,,,-0.00005436000,-0.08000,0.02400
,,,-0.00005435000,-0.08000,0.02400
,,,-0.00005434000,-0.08000,0.03000
,,,-0.00005433000,-0.08000,0.03200
,,,-0.00005432000,-0.08000,0.03400
,,,-0.00005431000,-0.08000,0.03200
,,,-0.00005430000,-0.16000,0.03000
,,,-0.00005429000,-0.16000,0.02600
,,,-0.00005428000,-0.16000,0.02000
,,,-0.00005427000,-0.16000,0.01200
,,,-0.00005426000,-0.16000,0.00800
,,,-0.00005425000,-0.16000,0.00400
,,,-0.00005424000,-0.16000,0.00200
,,,-0.00005423000,-0.16000,0.00400
,,,-0.00005422000,-0.16000,0.00800
,,,-0.00005421000,-0.16000,0.01200
,,,-0.00005420000,-0.24000,0.01400
,,,-0.00005419000,-0.16000,0.01600
,,,-0.00005418000,-0.24000,0.01800
,,,-0.00005417000,-0.24000,0.01400
,,,-0.00005416000,-0.32000,0.01200
,,,-0.00005415000,-0.24000,0.00800
,,,-0.00005414000,-0.24000,0.00400
,,,-0.00005413000,-0.24000,0.00200
,,,-0.00005412000,-0.32000,0.00
,,,-0.00005411000,-0.32000,-0.00200
,,,-0.00005410000,-0.24000,0.00
,,,-0.00005409000,-0.24000,0.00
,,,-0.00005408000,-0.32000,0.00
,,,-0.00005407000,-0.32000,0.00
,,,-0.00005406000,-0.32000,0.00
,,,-0.00005405000,-0.32000,0.00
,,,-0.00005404000,-0.40000,-0.00200
,,,-0.00005403000,-0.40000,0.00
,,,-0.00005402000,-0.32000,0.00
,,,-0.00005401000,-0.40000,0.00
,,,-0.00005400000,-0.40000,0.00
,,,-0.00005399000,-0.32000,0.00
,,,-0.00005398000,-0.40000,0.00
,,,-0.00005397000,-0.40000,-0.00200
,,,-0.00005396000,-0.40000,-0.00400
,,,-0.00005395000,-0.40000,-0.00600
,,,-0.00005394000,-0.40000,-0.00800
,,,-0.00005393000,-0.40000,-0.01000
,,,-0.00005392000,-0.40000,-0.00800
,,,-0.00005391000,-0.40000,-0.00800
,,,-0.00005390000,-0.40000,-0.00600
,,,-0.00005389000,-0.56000,-0.00400
,,,-0.00005388000,-0.48000,0.00
,,,-0.00005387000,-0.40000,0.00200
,,,-0.00005386000,-0.56000,0.00400
,,,-0.00005385000,-0.56000,0.00600
,,,-0.00005384000,-0.48000,0.00800
,,,-0.00005383000,-0.40000,0.00600
,,,-0.00005382000,-0.56000,0.00600
,,,-0.00005381000,-0.56000,0.00400
,,,-0.00005380000,-0.56000,0.00400
,,,-0.00005379000,-0.56000,0.00200
,,,-0.00005378000,-0.56000,0.00400
,,,-0.00005377000,-0.56000,0.00400
,,,-0.00005376000,-0.56000,0.00600
,,,-0.00005375000,-0.56000,0.00800
,,,-0.00005374000,-0.64000,0.01000
,,,-0.00005373000,-0.64000,0.01000
,,,-0.00005372000,-0.64000,0.01200
,,,-0.00005371000,-0.56000,0.01200
,,,-0.00005370000,-0.64000,0.01600
,,,-0.00005369000,-0.56000,0.01200
,,,-0.00005368000,-0.64000,0.01600
,,,-0.00005367000,-0.64000,0.01800
,,,-0.00005366000,-0.64000,0.01800
,,,-0.00005365000,-0.64000,0.02000
,,,-0.00005364000,-0.64000,0.02000
,,,-0.00005363000,-0.64000,0.01800
,,,-0.00005362000,-0.64000,0.01800
,,,-0.00005361000,-0.64000,0.02000
,,,-0.00005360000,-0.72000,0.02000
,,,-0.00005359000,-0.64000,0.02000
,,,-0.00005358000,-0.72000,0.02400
,,,-0.00005357000,-0.72000,0.02400
,,,-0.00005356000,-0.72000,0.02800
,,,-0.00005355000,-0.72000,0.03000
,,,-0.00005354000,-0.72000,0.03200
,,,-0.00005353000,-0.72000,0.03200
,,,-0.00005352000,-0.80000,0.03200
,,,-0.00005351000,-0.80000,0.03200
,,,-0.00005350000,-0.80000,0.03200
,,,-0.00005349000,-0.80000,0.02800
,,,-0.00005348000,-0.80000,0.02800
,,,-0.00005347000,-0.80000,0.02600
,,,-0.00005346000,-0.80000,0.02600
,,,-0.00005345000,-0.80000,0.02600
,,,-0.00005344000,-0.80000,0.02600
,,,-0.00005343000,-0.88000,0.02800
,,,-0.00005342000,-0.88000,0.03000
,,,-0.00005341000,-0.88000,0.03000
,,,-0.00005340000,-0.88000,0.03000
,,,-0.00005339000,-0.88000,0.03200
,,,-0.00005338000,-0.88000,0.03000
,,,-0.00005337000,-0.88000,0.02800
,,,-0.00005336000,-0.88000,0.02600
,,,-0.00005335000,-0.88000,0.02200
,,,-0.00005334000,-0.88000,0.02000
,,,-0.00005333000,-0.88000,0.01600
,,,-0.00005332000,-0.88000,0.01600
,,,-0.00005331000,-0.88000,0.01400
,,,-0.00005330000,-0.96000,0.00800
,,,-0.00005329000,-0.88000,0.01600
,,,-0.00005328000,-0.96000,0.01000
,,,-0.00005327000,-0.96000,0.01200
,,,-0.00005326000,-1.04000,0.01600
,,,-0.00005325000,-0.96000,0.01400
,,,-0.00005324000,-0.96000,0.01000
,,,-0.00005323000,-0.96000,0.02000
,,,-0.00005322000,-1.04000,0.01400
,,,-0.00005321000,-0.96000,0.01600
,,,-0.00005320000,-0.96000,0.01400
,,,-0.00005319000,-1.04000,0.01000
,,,-0.00005318000,-1.04000,0.00600
,,,-0.00005317000,-0.96000,0.00
,,,-0.00005316000,-1.04000,-0.00400
,,,-0.00005315000,-1.04000,-0.00800
,,,-0.00005314000,-1.12000,-0.01000
,,,-0.00005313000,-1.04000,-0.01200
,,,-0.00005312000,-1.04000,-0.01000
,,,-0.00005311000,-1.04000,-0.00600
,,,-0.00005310000,-1.04000,-0.00400
,,,-0.00005309000,-1.20000,-0.00200
,,,-0.00005308000,-1.04000,0.00
,,,-0.00005307000,-1.20000,-0.00200
,,,-0.00005306000,-1.04000,-0.00400
,,,-0.00005305000,-1.12000,-0.00600
,,,-0.00005304000,-1.12000,-0.01000
,,,-0.00005303000,-1.04000,-0.01200
,,,-0.00005302000,-1.20000,-0.01600
,,,-0.00005301000,-1.20000,-0.01600
,,,-0.00005300000,-1.20000,-0.01600
,,,-0.00005299000,-1.20000,-0.01600
,,,-0.00005298000,-1.20000,-0.01600
,,,-0.00005297000,-1.28000,-0.01200
,,,-0.00005296000,-1.20000,-0.01200
,,,-0.00005295000,-1.28000,-0.01000
,,,-0.00005294000,-1.28000,-0.00800
,,,-0.00005293000,-1.28000,-0.00800
,,,-0.00005292000,-1.20000,-0.00800
,,,-0.00005291000,-1.28000,-0.00600
,,,-0.00005290000,-1.28000,-0.00400
,,,-0.00005289000,-1.28000,-0.00400
,,,-0.00005288000,-1.28000,-0.00400
,,,-0.00005287000,-1.28000,-0.00400
,,,-0.00005286000,-1.28000,-0.00400
,,,-0.00005285000,-1.28000,-0.00800
,,,-0.00005284000,-1.28000,-0.00800
,,,-0.00005283000,-1.36000,-0.01000
,,,-0.00005282000,-1.36000,-0.01000
,,,-0.00005281000,-1.36000,-0.01000
,,,-0.00005280000,-1.28000,-0.01000
,,,-0.00005279000,-1.36000,-0.00600
,,,-0.00005278000,-1.36000,-0.00400
,,,-0.00005277000,-1.36000,0.00
,,,-0.00005276000,-1.44000,0.00400
,,,-0.00005275000,-1.44000,0.00600
,,,-0.00005274000,-1.44000,0.00800
,,,-0.00005273000,-1.44000,0.01000
,,,-0.00005272000,-1.44000,0.00800
,,,-0.00005271000,-1.36000,0.00800
,,,-0.00005270000,-1.44000,0.00800
,,,-0.00005269000,-1.44000,0.00600
,,,-0.00005268000,-1.44000,0.00600
,,,-0.00005267000,-1.52000,0.00800
,,,-0.00005266000,-1.52000,0.01000
,,,-0.00005265000,-1.52000,0.01400
,,,-0.00005264000,-1.52000,0.01600
,,,-0.00005263000,-1.52000,0.02000
,,,-0.00005262000,-1.52000,0.02200
,,,-0.00005261000,-1.52000,0.02200
,,,-0.00005260000,-1.52000,0.02400
,,,-0.00005259000,-1.52000,0.02600
,,,-0.00005258000,-1.52000,0.02400
,,,-0.00005257000,-1.52000,0.02200
,,,-0.00005256000,-1.52000,0.02400
,,,-0.00005255000,-1.52000,0.02200
,,,-0.00005254000,-1.52000,0.02400
,,,-0.00005253000,-1.52000,0.02200
,,,-0.00005252000,-1.52000,0.02000
,,,-0.00005251000,-1.60000,0.02000
,,,-0.00005250000,-1.52000,0.01600
,,,-0.00005249000,-1.60000,0.01600
,,,-0.00005248000,-1.60000,0.01600
,,,-0.00005247000,-1.60000,0.01400
,,,-0.00005246000,-1.60000,0.01800
,,,-0.00005245000,-1.60000,0.02000
,,,-0.00005244000,-1.60000,0.02400
,,,-0.00005243000,-1.60000,0.02600
,,,-0.00005242000,-1.60000,0.02800
,,,-0.00005241000,-1.60000,0.02800
,,,-0.00005240000,-1.60000,0.02400
,,,-0.00005239000,-1.68000,0.02000
,,,-0.00005238000,-1.68000,0.01600
,,,-0.00005237000,-1.68000,0.01400
,,,-0.00005236000,-1.68000,0.01000
,,,-0.00005235000,-1.68000,0.01200
,,,-0.00005234000,-1.68000,0.01200
,,,-0.00005233000,-1.68000,0.01200
,,,-0.00005232000,-1.68000,0.01600
,,,-0.00005231000,-1.68000,0.02000
,,,-0.00005230000,-1.68000,0.02200
,,,-0.00005229000,-1.68000,0.02000
,,,-0.00005228000,-1.68000,0.02000
,,,-0.00005227000,-1.68000,0.02000
,,,-0.00005226000,-1.76000,0.01200
,,,-0.00005225000,-1.76000,0.00800
,,,-0.00005224000,-1.84000,0.00800
,,,-0.00005223000,-1.76000,0.00
,,,-0.00005222000,-1.84000,-0.00200
,,,-0.00005221000,-1.76000,-0.00200
,,,-0.00005220000,-1.84000,-0.00200
,,,-0.00005219000,-1.84000,-0.00400
,,,-0.00005218000,-1.84000,-0.00200
,,,-0.00005217000,-1.84000,-0.00200
,,,-0.00005216000,-1.84000,-0.00200
,,,-0.00005215000,-1.84000,-0.00400
,,,-0.00005214000,-1.84000,-0.00400
,,,-0.00005213000,-1.84000,-0.00600
,,,-0.00005212000,-1.92000,-0.00600
,,,-0.00005211000,-1.92000,-0.00600
,,,-0.00005210000,-1.84000,-0.00400
,,,-0.00005209000,-1.84000,-0.00400
,,,-0.00005208000,-1.92000,0.00
,,,-0.00005207000,-1.92000,-0.00200
,,,-0.00005206000,-1.92000,-0.00400
,,,-0.00005205000,-1.92000,-0.00800
,,,-0.00005204000,-1.92000,-0.00600
,,,-0.00005203000,-1.92000,-0.01400
,,,-0.00005202000,-1.92000,-0.01800
,,,-0.00005201000,-1.92000,-0.01600
,,,-0.00005200000,-2.00000,-0.01400
,,,-0.00005199000,-1.92000,-0.01000
,,,-0.00005198000,-2.00000,-0.00600
,,,-0.00005197000,-1.92000,-0.00400
,,,-0.00005196000,-1.92000,-0.00200
,,,-0.00005195000,-2.00000,0.00
,,,-0.00005194000,-2.00000,0.00400
,,,-0.00005193000,-2.08000,0.00
,,,-0.00005192000,-2.08000,-0.00800
,,,-0.00005191000,-2.08000,-0.01000
,,,-0.00005190000,-2.08000,-0.01200
,,,-0.00005189000,-2.00000,-0.01600
,,,-0.00005188000,-2.08000,-0.01200
,,,-0.00005187000,-2.08000,-0.01200
,,,-0.00005186000,-2.08000,-0.00800
,,,-0.00005185000,-2.08000,-0.00200
,,,-0.00005184000,-2.08000,0.00400
,,,-0.00005183000,-2.16000,0.00400
,,,-0.00005182000,-2.08000,0.00600
,,,-0.00005181000,-2.16000,0.00800
,,,-0.00005180000,-2.08000,0.01000
,,,-0.00005179000,-2.08000,0.01000
,,,-0.00005178000,-2.16000,0.00800
,,,-0.00005177000,-2.16000,0.01000
,,,-0.00005176000,-2.08000,0.01400
,,,-0.00005175000,-2.16000,0.01400
,,,-0.00005174000,-2.16000,0.01600
,,,-0.00005173000,-2.16000,0.01400
,,,-0.00005172000,-2.16000,0.01600
,,,-0.00005171000,-2.16000,0.01600
,,,-0.00005170000,-2.16000,0.01600
,,,-0.00005169000,-2.16000,0.01400
,,,-0.00005168000,-2.16000,0.01600
,,,-0.00005167000,-2.24000,0.01400
,,,-0.00005166000,-2.24000,0.02000
,,,-0.00005165000,-2.24000,0.02200
,,,-0.00005164000,-2.24000,0.02400
,,,-0.00005163000,-2.24000,0.02600
,,,-0.00005162000,-2.24000,0.02400
,,,-0.00005161000,-2.24000,0.02800
,,,-0.00005160000,-2.24000,0.02400
,,,-0.00005159000,-2.24000,0.02000
,,,-0.00005158000,-2.32000,0.01800
,,,-0.00005157000,-2.32000,0.01600
,,,-0.00005156000,-2.24000,0.00800
,,,-0.00005155000,-2.24000,0.01800
,,,-0.00005154000,-2.32000,0.01000
,,,-0.00005153000,-2.32000,0.02000
,,,-0.00005152000,-2.32000,0.02200
,,,-0.00005151000,-2.32000,0.02600
,,,-0.00005150000,-2.32000,0.03000
,,,-0.00005149000,-2.32000,0.03200
,,,-0.00005148000,-2.32000,0.03200
,,,-0.00005147000,-2.32000,0.03200
,,,-0.00005146000,-2.32000,0.03000
,,,-0.00005145000,-2.32000,0.02800
,,,-0.00005144000,-2.32000,0.02600
,,,-0.00005143000,-2.32000,0.02400
,,,-0.00005142000,-2.32000,0.02400
,,,-0.00005141000,-2.40000,0.02400
,,,-0.00005140000,-2.40000,0.02200
,,,-0.00005139000,-2.40000,0.02000
,,,-0.00005138000,-2.32000,0.02000
,,,-0.00005137000,-2.48000,0.01600
,,,-0.00005136000,-2.48000,0.01200
,,,-0.00005135000,-2.48000,0.01000
,,,-0.00005134000,-2.48000,0.00800
,,,-0.00005133000,-2.48000,0.00600
,,,-0.00005132000,-2.48000,0.00600
,,,-0.00005131000,-2.48000,0.00600
,,,-0.00005130000,-2.48000,0.00600
,,,-0.00005129000,-2.48000,0.00400
,,,-0.00005128000,-2.56000,0.00400
,,,-0.00005127000,-2.48000,0.00200
,,,-0.00005126000,-2.56000,0.00
,,,-0.00005125000,-2.56000,-0.00400
,,,-0.00005124000,-2.48000,-0.00600
,,,-0.00005123000,-2.48000,-0.01000
,,,-0.00005122000,-2.48000,-0.00800
,,,-0.00005121000,-2.48000,-0.01000
,,,-0.00005120000,-2.56000,-0.00600
,,,-0.00005119000,-2.56000,-0.00400
,,,-0.00005118000,-2.56000,0.00
,,,-0.00005117000,-2.56000,0.00200
,,,-0.00005116000,-2.56000,0.00400
,,,-0.00005115000,-2.56000,0.00400
,,,-0.00005114000,-2.56000,0.00400
,,,-0.00005113000,-2.64000,0.00
,,,-0.00005112000,-2.64000,-0.00200
,,,-0.00005111000,-2.64000,-0.00600
,,,-0.00005110000,-2.64000,-0.00800
,,,-0.00005109000,-2.64000,-0.01200
,,,-0.00005108000,-2.56000,-0.01200
,,,-0.00005107000,-2.64000,-0.01400
,,,-0.00005106000,-2.64000,-0.01200
,,,-0.00005105000,-2.72000,-0.01200
,,,-0.00005104000,-2.64000,-0.01000
,,,-0.00005103000,-2.72000,-0.01200
,,,-0.00005102000,-2.72000,-0.01200
,,,-0.00005101000,-2.72000,-0.01600
,,,-0.00005100000,-2.72000,-0.01600
,,,-0.00005099000,-2.72000,-0.01800
,,,-0.00005098000,-2.80000,-0.01800
,,,-0.00005097000,-2.80000,-0.01800
,,,-0.00005096000,-2.72000,-0.01600
,,,-0.00005095000,-2.80000,-0.01400
,,,-0.00005094000,-2.72000,-0.01200
,,,-0.00005093000,-2.72000,-0.01000
,,,-0.00005092000,-2.72000,-0.01000
,,,-0.00005091000,-2.80000,-0.00800
,,,-0.00005090000,-2.80000,-0.00800
,,,-0.00005089000,-2.80000,-0.00600
,,,-0.00005088000,-2.80000,-0.00200
,,,-0.00005087000,-2.80000,0.00
,,,-0.00005086000,-2.88000,0.00400
,,,-0.00005085000,-2.88000,0.00600
,,,-0.00005084000,-2.80000,0.00800
,,,-0.00005083000,-2.80000,0.01000
,,,-0.00005082000,-2.80000,0.00800
,,,-0.00005081000,-2.80000,0.00600
,,,-0.00005080000,-2.80000,0.00400
,,,-0.00005079000,-2.80000,0.00
,,,-0.00005078000,-2.88000,-0.00200
,,,-0.00005077000,-2.88000,-0.00200
,,,-0.00005076000,-2.88000,-0.00200
,,,-0.00005075000,-2.88000,-0.00200
,,,-0.00005074000,-2.80000,0.00200
,,,-0.00005073000,-2.88000,0.00400
,,,-0.00005072000,-2.88000,0.00600
,,,-0.00005071000,-2.88000,0.01000
,,,-0.00005070000,-2.88000,0.01200
,,,-0.00005069000,-2.88000,0.01400
,,,-0.00005068000,-2.96000,0.01400
,,,-0.00005067000,-2.96000,0.01400
,,,-0.00005066000,-2.96000,0.01600
,,,-0.00005065000,-2.96000,0.01400
,,,-0.00005064000,-2.96000,0.01600
,,,-0.00005063000,-2.96000,0.01600
,,,-0.00005062000,-2.96000,0.01600
,,,-0.00005061000,-2.88000,0.01800
,,,-0.00005060000,-2.96000,0.02000
,,,-0.00005059000,-2.96000,0.02000
,,,-0.00005058000,-2.96000,0.02200
,,,-0.00005057000,-2.96000,0.02200
,,,-0.00005056000,-2.96000,0.02400
,,,-0.00005055000,-2.96000,0.02600
,,,-0.00005054000,-2.96000,0.02800
,,,-0.00005053000,-2.96000,0.02800
,,,-0.00005052000,-2.96000,0.02800
,,,-0.00005051000,-2.96000,0.02600
,,,-0.00005050000,-2.96000,0.02400
,,,-0.00005049000,-3.12000,0.02200
,,,-0.00005048000,-3.04000,0.02000
,,,-0.00005047000,-3.12000,0.01600
,,,-0.00005046000,-3.04000,0.01400
,,,-0.00005045000,-3.04000,0.01000
,,,-0.00005044000,-3.12000,0.00800
,,,-0.00005043000,-3.04000,0.00600
,,,-0.00005042000,-3.04000,0.00600
,,,-0.00005041000,-3.12000,0.00600
,,,-0.00005040000,-3.12000,0.00800
,,,-0.00005039000,-3.12000,0.01000
,,,-0.00005038000,-3.12000,0.01200
,,,-0.00005037000,-3.12000,0.01400
,,,-0.00005036000,-3.12000,0.01600
,,,-0.00005035000,-3.12000,0.01400
,,,-0.00005034000,-3.12000,0.01400
,,,-0.00005033000,-3.12000,0.01000
,,,-0.00005032000,-3.12000,0.00800
,,,-0.00005031000,-3.20000,0.00800
,,,-0.00005030000,-3.20000,0.00400
,,,-0.00005029000,-3.20000,0.00400
,,,-0.00005028000,-3.20000,0.00200
,,,-0.00005027000,-3.20000,0.00
,,,-0.00005026000,-3.20000,0.00200
,,,-0.00005025000,-3.20000,0.00
,,,-0.00005024000,-3.20000,0.00200
,,,-0.00005023000,-3.20000,0.00
,,,-0.00005022000,-3.20000,0.00200
,,,-0.00005021000,-3.20000,0.00200
,,,-0.00005020000,-3.20000,0.00
,,,-0.00005019000,-3.20000,0.00
,,,-0.00005018000,-3.20000,-0.00200
,,,-0.00005017000,-3.28000,-0.00400
,,,-0.00005016000,-3.28000,-0.01000
,,,-0.00005015000,-3.20000,-0.01400
,,,-0.00005014000,-3.20000,-0.01600
,,,-0.00005013000,-3.28000,-0.02000
,,,-0.00005012000,-3.28000,-0.02600
,,,-0.00005011000,-3.28000,-0.01800
,,,-0.00005010000,-3.28000,-0.02000
,,,-0.00005009000,-3.28000,-0.01600
,,,-0.00005008000,-3.28000,-0.01000
,,,-0.00005007000,-3.28000,-0.01600
,,,-0.00005006000,-3.28000,0.00
,,,-0.00005005000,-3.28000,-0.00800
,,,-0.00005004000,-3.28000,0.00400
,,,-0.00005003000,-3.28000,-0.00400
,,,-0.00005002000,-3.36000,-0.00400
,,,-0.00005001000,-3.28000,-0.00800
,,,-0.00005000000,-3.36000,-0.00800
,,,-0.00004999000,-3.36000,-0.01400
,,,-0.00004998000,-3.36000,-0.01200
,,,-0.00004997000,-3.36000,-0.01200
,,,-0.00004996000,-3.36000,-0.01000
,,,-0.00004995000,-3.36000,-0.01000
,,,-0.00004994000,-3.52000,-0.00600
,,,-0.00004993000,-3.52000,-0.00200
,,,-0.00004992000,-3.52000,-0.00400
,,,-0.00004991000,-3.36000,-0.00200
,,,-0.00004990000,-3.52000,0.00
,,,-0.00004989000,-3.52000,-0.00200
,,,-0.00004988000,-3.52000,-0.00200
,,,-0.00004987000,-3.52000,-0.00400
,,,-0.00004986000,-3.36000,-0.00400
,,,-0.00004985000,-3.52000,-0.00400
,,,-0.00004984000,-3.52000,-0.00200
,,,-0.00004983000,-3.52000,-0.00400
,,,-0.00004982000,-3.52000,-0.00200
,,,-0.00004981000,-3.52000,-0.00200
,,,-0.00004980000,-3.60000,-0.00200
,,,-0.00004979000,-3.52000,-0.00200
,,,-0.00004978000,-3.60000,0.00
,,,-0.00004977000,-3.60000,0.00200
,,,-0.00004976000,-3.60000,0.00600
,,,-0.00004975000,-3.52000,0.01000
,,,-0.00004974000,-3.52000,0.01400
,,,-0.00004973000,-3.60000,0.01800
,,,-0.00004972000,-3.60000,0.02200
,,,-0.00004971000,-3.60000,0.02400
,,,-0.00004970000,-3.60000,0.02400
,,,-0.00004969000,-3.60000,0.02000
,,,-0.00004968000,-3.60000,0.01800
,,,-0.00004967000,-3.60000,0.01600
,,,-0.00004966000,-3.60000,0.01400
,,,-0.00004965000,-3.60000,0.01400
,,,-0.00004964000,-3.60000,0.01400
,,,-0.00004963000,-3.60000,0.01600
,,,-0.00004962000,-3.60000,0.01600
,,,-0.00004961000,-3.68000,0.01800
,,,-0.00004960000,-3.68000,0.02000
,,,-0.00004959000,-3.68000,0.02000
,,,-0.00004958000,-3.60000,0.02000
,,,-0.00004957000,-3.68000,0.01800
,,,-0.00004956000,-3.68000,0.01800
,,,-0.00004955000,-3.68000,0.01600
,,,-0.00004954000,-3.68000,0.01600
,,,-0.00004953000,-3.68000,0.01600
,,,-0.00004952000,-3.68000,0.01400
,,,-0.00004951000,-3.68000,0.01400
,,,-0.00004950000,-3.68000,0.01400
,,,-0.00004949000,-3.68000,0.01400
,,,-0.00004948000,-3.68000,0.01600
,,,-0.00004947000,-3.68000,0.01200
,,,-0.00004946000,-3.76000,0.01400
,,,-0.00004945000,-3.84000,0.01400
,,,-0.00004944000,-3.68000,0.01400
,,,-0.00004943000,-3.68000,0.01600
,,,-0.00004942000,-3.68000,0.01800
,,,-0.00004941000,-3.68000,0.02000
,,,-0.00004940000,-3.68000,0.02200
,,,-0.00004939000,-3.76000,0.02000
,,,-0.00004938000,-3.76000,0.02000
,,,-0.00004937000,-3.68000,0.01600
,,,-0.00004936000,-3.76000,0.01400
,,,-0.00004935000,-3.76000,0.00600
,,,-0.00004934000,-3.76000,0.00400
,,,-0.00004933000,-3.84000,-0.00400
,,,-0.00004932000,-3.68000,-0.00600
,,,-0.00004931000,-3.84000,-0.00800
,,,-0.00004930000,-3.76000,-0.00800
,,,-0.00004929000,-3.76000,-0.00400
,,,-0.00004928000,-3.84000,0.00
,,,-0.00004927000,-3.84000,0.00200
,,,-0.00004926000,-3.84000,0.00600
,,,-0.00004925000,-3.84000,0.00400
,,,-0.00004924000,-3.84000,0.00200
,,,-0.00004923000,-3.84000,-0.00200
,,,-0.00004922000,-3.92000,-0.00800
,,,-0.00004921000,-3.84000,-0.01200
,,,-0.00004920000,-3.84000,-0.01800
,,,-0.00004919000,-3.84000,-0.02000
,,,-0.00004918000,-3.84000,-0.01800
,,,-0.00004917000,-3.84000,-0.01800
,,,-0.00004916000,-3.92000,-0.01600
,,,-0.00004915000,-3.84000,-0.01200
,,,-0.00004914000,-3.92000,-0.01000
,,,-0.00004913000,-3.92000,-0.01000
,,,-0.00004912000,-3.84000,-0.00800
,,,-0.00004911000,-3.92000,-0.01000
,,,-0.00004910000,-3.92000,-0.01000
,,,-0.00004909000,-3.92000,-0.01200
,,,-0.00004908000,-3.92000,-0.01400
,,,-0.00004907000,-3.92000,-0.01400
,,,-0.00004906000,-3.92000,-0.01400
,,,-0.00004905000,-3.92000,-0.01400
,,,-0.00004904000,-4.00000,-0.01400
,,,-0.00004903000,-3.92000,-0.01600
,,,-0.00004902000,-4.00000,-0.01600
,,,-0.00004901000,-4.00000,-0.01800
,,,-0.00004900000,-4.00000,-0.02000
,,,-0.00004899000,-4.00000,-0.02000
,,,-0.00004898000,-4.00000,-0.02000
,,,-0.00004897000,-3.92000,-0.01800
,,,-0.00004896000,-4.00000,-0.01400
,,,-0.00004895000,-4.00000,-0.01000
,,,-0.00004894000,-4.00000,-0.00800
,,,-0.00004893000,-4.00000,-0.00400
,,,-0.00004892000,-4.00000,0.00
,,,-0.00004891000,-4.00000,0.00
,,,-0.00004890000,-4.00000,-0.00200
,,,-0.00004889000,-4.00000,-0.00400
,,,-0.00004888000,-4.00000,-0.00400
,,,-0.00004887000,-4.08000,-0.00800
,,,-0.00004886000,-4.00000,-0.01000
,,,-0.00004885000,-4.08000,-0.00600
,,,-0.00004884000,-4.08000,-0.00400
,,,-0.00004883000,-4.00000,0.00
,,,-0.00004882000,-4.00000,0.00400
,,,-0.00004881000,-4.00000,0.00800
,,,-0.00004880000,-4.00000,0.01000
,,,-0.00004879000,-4.08000,0.01400
,,,-0.00004878000,-4.08000,0.01200
,,,-0.00004877000,-4.08000,0.01200
,,,-0.00004876000,-4.08000,0.00800
,,,-0.00004875000,-4.08000,0.00600
,,,-0.00004874000,-4.00000,0.00800
,,,-0.00004873000,-4.08000,0.00800
,,,-0.00004872000,-4.08000,0.01000
,,,-0.00004871000,-4.08000,0.01200
,,,-0.00004870000,-4.08000,0.01600
,,,-0.00004869000,-4.08000,0.01400
,,,-0.00004868000,-4.16000,0.01400
,,,-0.00004867000,-4.16000,0.01600
,,,-0.00004866000,-4.08000,0.01600
,,,-0.00004865000,-4.08000,0.01600
,,,-0.00004864000,-4.16000,0.01600
,,,-0.00004863000,-4.16000,0.01800
,,,-0.00004862000,-4.16000,0.02200
,,,-0.00004861000,-4.16000,0.02400
,,,-0.00004860000,-4.16000,0.02800
,,,-0.00004859000,-4.16000,0.03000
,,,-0.00004858000,-4.16000,0.02600
,,,-0.00004857000,-4.16000,0.02800
,,,-0.00004856000,-4.16000,0.02400
,,,-0.00004855000,-4.16000,0.02200
,,,-0.00004854000,-4.16000,0.02000
,,,-0.00004853000,-4.16000,0.01600
,,,-0.00004852000,-4.16000,0.01600
,,,-0.00004851000,-4.16000,0.01800
,,,-0.00004850000,-4.16000,0.02000
,,,-0.00004849000,-4.24000,0.02400
,,,-0.00004848000,-4.16000,0.02600
,,,-0.00004847000,-4.16000,0.02800
,,,-0.00004846000,-4.16000,0.02800
,,,-0.00004845000,-4.16000,0.02600
,,,-0.00004844000,-4.16000,0.02400
,,,-0.00004843000,-4.24000,0.02000
,,,-0.00004842000,-4.24000,0.01600
,,,-0.00004841000,-4.24000,0.01400
,,,-0.00004840000,-4.24000,0.01200
,,,-0.00004839000,-4.24000,0.00800
,,,-0.00004838000,-4.24000,0.01000
,,,-0.00004837000,-4.24000,0.00800
,,,-0.00004836000,-4.24000,0.00800
,,,-0.00004835000,-4.24000,0.01000
,,,-0.00004834000,-4.24000,0.01000
,,,-0.00004833000,-4.24000,0.01200
,,,-0.00004832000,-4.24000,0.01200
,,,-0.00004831000,-4.24000,0.01000
,,,-0.00004830000,-4.32000,0.01000
,,,-0.00004829000,-4.32000,0.00600
,,,-0.00004828000,-4.32000,0.00400
,,,-0.00004827000,-4.24000,0.00400
,,,-0.00004826000,-4.32000,0.00
,,,-0.00004825000,-4.32000,-0.00200
,,,-0.00004824000,-4.32000,0.00
,,,-0.00004823000,-4.32000,-0.00200
,,,-0.00004822000,-4.24000,-0.00400
,,,-0.00004821000,-4.24000,-0.00400
,,,-0.00004820000,-4.24000,-0.00400
,,,-0.00004819000,-4.24000,-0.00400
,,,-0.00004818000,-4.32000,-0.00400
,,,-0.00004817000,-4.32000,-0.00200
,,,-0.00004816000,-4.32000,0.00200
,,,-0.00004815000,-4.32000,0.00400
,,,-0.00004814000,-4.32000,0.00400
,,,-0.00004813000,-4.32000,0.00400
,,,-0.00004812000,-4.32000,0.00400
,,,-0.00004811000,-4.32000,-0.00200
,,,-0.00004810000,-4.32000,-0.00600
,,,-0.00004809000,-4.32000,-0.01200
,,,-0.00004808000,-4.32000,-0.01400
,,,-0.00004807000,-4.32000,-0.01600
,,,-0.00004806000,-4.32000,-0.01600
,,,-0.00004805000,-4.32000,-0.01600
,,,-0.00004804000,-4.32000,-0.01000
,,,-0.00004803000,-4.32000,-0.00600
,,,-0.00004802000,-4.32000,-0.00200
,,,-0.00004801000,-4.48000,0.00
,,,-0.00004800000,-4.32000,0.00400
,,,-0.00004799000,-4.32000,0.00
,,,-0.00004798000,-4.40000,0.00400
,,,-0.00004797000,-4.32000,-0.00200
,,,-0.00004796000,-4.32000,-0.00400
,,,-0.00004795000,-4.32000,-0.00400
,,,-0.00004794000,-4.40000,-0.00400
,,,-0.00004793000,-4.32000,-0.00800
,,,-0.00004792000,-4.40000,-0.00200
,,,-0.00004791000,-4.40000,-0.00400
,,,-0.00004790000,-4.40000,0.00
,,,-0.00004789000,-4.48000,0.00
,,,-0.00004788000,-4.40000,0.00400
,,,-0.00004787000,-4.48000,0.00400
,,,-0.00004786000,-4.40000,0.00600
,,,-0.00004785000,-4.48000,0.00800
,,,-0.00004784000,-4.48000,0.00800
,,,-0.00004783000,-4.48000,0.00800
,,,-0.00004782000,-4.48000,0.01000
,,,-0.00004781000,-4.48000,0.01200
,,,-0.00004780000,-4.40000,0.01400
,,,-0.00004779000,-4.48000,0.01200
,,,-0.00004778000,-4.48000,0.01400
,,,-0.00004777000,-4.48000,0.01400
,,,-0.00004776000,-4.48000,0.01000
,,,-0.00004775000,-4.48000,0.00800
,,,-0.00004774000,-4.48000,0.01000
,,,-0.00004773000,-4.56000,0.00800
,,,-0.00004772000,-4.48000,0.01200
,,,-0.00004771000,-4.48000,0.01000
,,,-0.00004770000,-4.48000,0.01800
,,,-0.00004769000,-4.48000,0.01800
,,,-0.00004768000,-4.48000,0.02400
,,,-0.00004767000,-4.48000,0.02400
,,,-0.00004766000,-4.48000,0.02800
,,,-0.00004765000,-4.56000,0.02600
,,,-0.00004764000,-4.48000,0.02400
,,,-0.00004763000,-4.48000,0.02400
,,,-0.00004762000,-4.56000,0.02200
,,,-0.00004761000,-4.48000,0.02000
,,,-0.00004760000,-4.48000,0.01800
,,,-0.00004759000,-4.48000,0.01600
,,,-0.00004758000,-4.48000,0.01600
,,,-0.00004757000,-4.48000,0.01600
,,,-0.00004756000,-4.48000,0.01600
,,,-0.00004755000,-4.48000,0.01800
,,,-0.00004754000,-4.56000,0.01800
,,,-0.00004753000,-4.48000,0.01800
,,,-0.00004752000,-4.56000,0.02000
,,,-0.00004751000,-4.48000,0.02000
,,,-0.00004750000,-4.56000,0.02000
,,,-0.00004749000,-4.48000,0.02000
,,,-0.00004748000,-4.48000,0.01800
,,,-0.00004747000,-4.56000,0.01600
,,,-0.00004746000,-4.56000,0.01200
,,,-0.00004745000,-4.56000,0.00800
,,,-0.00004744000,-4.56000,0.00600
,,,-0.00004743000,-4.56000,0.00400
,,,-0.00004742000,-4.56000,0.00200
,,,-0.00004741000,-4.56000,0.00200
,,,-0.00004740000,-4.56000,0.00200
,,,-0.00004739000,-4.64000,0.00400
,,,-0.00004738000,-4.56000,0.00600
,,,-0.00004737000,-4.56000,0.00800
,,,-0.00004736000,-4.56000,0.01000
,,,-0.00004735000,-4.56000,0.00800
,,,-0.00004734000,-4.56000,0.00800
,,,-0.00004733000,-4.56000,0.00600
,,,-0.00004732000,-4.64000,0.00200
,,,-0.00004731000,-4.64000,-0.00200
,,,-0.00004730000,-4.64000,-0.00400
,,,-0.00004729000,-4.56000,-0.00800
,,,-0.00004728000,-4.56000,-0.00800
,,,-0.00004727000,-4.56000,-0.01200
,,,-0.00004726000,-4.64000,-0.01200
,,,-0.00004725000,-4.56000,-0.01200
,,,-0.00004724000,-4.56000,-0.01600
,,,-0.00004723000,-4.64000,-0.00800
,,,-0.00004722000,-4.64000,-0.01200
,,,-0.00004721000,-4.64000,-0.00800
,,,-0.00004720000,-4.64000,-0.01000
,,,-0.00004719000,-4.56000,-0.01000
,,,-0.00004718000,-4.64000,-0.01200
,,,-0.00004717000,-4.64000,-0.01200
,,,-0.00004716000,-4.64000,-0.01600
,,,-0.00004715000,-4.72000,-0.01600
,,,-0.00004714000,-4.64000,-0.01600
,,,-0.00004713000,-4.72000,-0.01800
,,,-0.00004712000,-4.72000,-0.01800
,,,-0.00004711000,-4.72000,-0.01800
,,,-0.00004710000,-4.72000,-0.02000
,,,-0.00004709000,-4.64000,-0.02000
,,,-0.00004708000,-4.72000,-0.02000
,,,-0.00004707000,-4.72000,-0.02000
,,,-0.00004706000,-4.72000,-0.01800
,,,-0.00004705000,-4.72000,-0.01600
,,,-0.00004704000,-4.72000,-0.01200
,,,-0.00004703000,-4.72000,-0.01000
,,,-0.00004702000,-4.72000,-0.00800
,,,-0.00004701000,-4.64000,-0.00600
,,,-0.00004700000,-4.72000,-0.00800
,,,-0.00004699000,-4.72000,-0.01000
,,,-0.00004698000,-4.64000,-0.01400
,,,-0.00004697000,-4.72000,-0.01600
,,,-0.00004696000,-4.72000,-0.01800
,,,-0.00004695000,-4.72000,-0.01800
,,,-0.00004694000,-4.64000,-0.01400
,,,-0.00004693000,-4.72000,-0.01200
,,,-0.00004692000,-4.64000,-0.00800
,,,-0.00004691000,-4.72000,-0.00400
,,,-0.00004690000,-4.64000,0.00
,,,-0.00004689000,-4.72000,0.00
,,,-0.00004688000,-4.72000,0.00400
,,,-0.00004687000,-4.72000,0.00200
,,,-0.00004686000,-4.72000,0.00
,,,-0.00004685000,-4.72000,0.00
,,,-0.00004684000,-4.72000,0.00
,,,-0.00004683000,-4.72000,0.00
,,,-0.00004682000,-4.72000,0.00
,,,-0.00004681000,-4.72000,0.00200
,,,-0.00004680000,-4.72000,0.00400
,,,-0.00004679000,-4.72000,0.00400
,,,-0.00004678000,-4.80000,0.00800
,,,-0.00004677000,-4.72000,0.00800
,,,-0.00004676000,-4.72000,0.00800
,,,-0.00004675000,-4.72000,0.00800
,,,-0.00004674000,-4.72000,0.01200
,,,-0.00004673000,-4.72000,0.01200
,,,-0.00004672000,-4.72000,0.01400
,,,-0.00004671000,-4.72000,0.01400
,,,-0.00004670000,-4.80000,0.01600
,,,-0.00004669000,-4.80000,0.01800
,,,-0.00004668000,-4.80000,0.01600
,,,-0.00004667000,-4.80000,0.01600
,,,-0.00004666000,-4.72000,0.01400
,,,-0.00004665000,-4.72000,0.01200
,,,-0.00004664000,-4.80000,0.01000
,,,-0.00004663000,-4.80000,0.00800
,,,-0.00004662000,-4.80000,0.00800
,,,-0.00004661000,-4.80000,0.00800
,,,-0.00004660000,-4.80000,0.01200
,,,-0.00004659000,-4.80000,0.01600
,,,-0.00004658000,-4.80000,0.02000
,,,-0.00004657000,-4.80000,0.02400
,,,-0.00004656000,-4.80000,0.02600
,,,-0.00004655000,-4.80000,0.02600
,,,-0.00004654000,-4.80000,0.02600
,,,-0.00004653000,-4.80000,0.02200
,,,-0.00004652000,-4.80000,0.02000
,,,-0.00004651000,-4.80000,0.01600
,,,-0.00004650000,-4.80000,0.01400
,,,-0.00004649000,-4.80000,0.01200
,,,-0.00004648000,-4.80000,0.01200
,,,-0.00004647000,-4.80000,0.01200
,,,-0.00004646000,-4.80000,0.01200
,,,-0.00004645000,-4.80000,0.01400
,,,-0.00004644000,-4.80000,0.01200
,,,-0.00004643000,-4.80000,0.01000
,,,-0.00004642000,-4.80000,0.00800
,,,-0.00004641000,-4.80000,0.00800
,,,-0.00004640000,-4.80000,0.00600
,,,-0.00004639000,-4.80000,0.00600
,,,-0.00004638000,-4.80000,0.00600
,,,-0.00004637000,-4.80000,0.00600
,,,-0.00004636000,-4.80000,0.00600
,,,-0.00004635000,-4.80000,0.00400
,,,-0.00004634000,-4.80000,0.00400
,,,-0.00004633000,-4.80000,0.00
,,,-0.00004632000,-4.88000,-0.00200
,,,-0.00004631000,-4.80000,-0.00400
,,,-0.00004630000,-4.80000,-0.00800
,,,-0.00004629000,-4.80000,-0.00800
,,,-0.00004628000,-4.80000,-0.00600
,,,-0.00004627000,-4.80000,-0.00400
,,,-0.00004626000,-4.80000,-0.00200
,,,-0.00004625000,-4.80000,0.00200
,,,-0.00004624000,-4.80000,0.00400
,,,-0.00004623000,-4.80000,0.00400
,,,-0.00004622000,-4.80000,0.00400
,,,-0.00004621000,-4.80000,0.00
,,,-0.00004620000,-4.80000,-0.00400
,,,-0.00004619000,-4.80000,-0.00800
,,,-0.00004618000,-4.80000,-0.01200
,,,-0.00004617000,-4.88000,-0.01600
,,,-0.00004616000,-4.80000,-0.01800
,,,-0.00004615000,-4.80000,-0.01800
,,,-0.00004614000,-4.80000,-0.01800
,,,-0.00004613000,-4.80000,-0.01600
,,,-0.00004612000,-4.80000,-0.01400
,,,-0.00004611000,-4.80000,-0.01400
,,,-0.00004610000,-4.80000,-0.01400
,,,-0.00004609000,-4.80000,-0.01200
,,,-0.00004608000,-4.88000,-0.01600
,,,-0.00004607000,-4.88000,-0.01600
,,,-0.00004606000,-4.88000,-0.01600
,,,-0.00004605000,-4.88000,-0.01600
,,,-0.00004604000,-4.80000,-0.01600
,,,-0.00004603000,-4.88000,-0.01600
,,,-0.00004602000,-4.88000,-0.01200
,,,-0.00004601000,-4.88000,-0.01000
,,,-0.00004600000,-4.80000,-0.00800
,,,-0.00004599000,-4.80000,-0.00400
,,,-0.00004598000,-4.88000,-0.00200
,,,-0.00004597000,-4.88000,-0.00400
,,,-0.00004596000,-4.88000,-0.00200
,,,-0.00004595000,-4.80000,-0.00400
,,,-0.00004594000,-4.80000,-0.00200
,,,-0.00004593000,-4.88000,0.00
,,,-0.00004592000,-4.88000,0.00200
,,,-0.00004591000,-4.80000,0.00400
,,,-0.00004590000,-4.80000,0.00800
,,,-0.00004589000,-4.80000,0.00800
,,,-0.00004588000,-4.80000,0.00800
,,,-0.00004587000,-4.80000,0.00600
,,,-0.00004586000,-4.80000,0.00200
,,,-0.00004585000,-4.88000,0.00
,,,-0.00004584000,-4.88000,-0.00200
,,,-0.00004583000,-4.88000,-0.00400
,,,-0.00004582000,-4.88000,-0.00200
,,,-0.00004581000,-4.80000,0.00
,,,-0.00004580000,-4.80000,0.00800
,,,-0.00004579000,-4.80000,0.01000
,,,-0.00004578000,-4.88000,0.01600
,,,-0.00004577000,-4.80000,0.02000
,,,-0.00004576000,-4.88000,0.02000
,,,-0.00004575000,-4.88000,0.02000
,,,-0.00004574000,-4.80000,0.01800
,,,-0.00004573000,-4.80000,0.01600
,,,-0.00004572000,-4.88000,0.01400
,,,-0.00004571000,-4.88000,0.01200
,,,-0.00004570000,-4.88000,0.01200
,,,-0.00004569000,-4.88000,0.01400
,,,-0.00004568000,-4.80000,0.01800
,,,-0.00004567000,-4.80000,0.02000
,,,-0.00004566000,-4.88000,0.02400
,,,-0.00004565000,-4.88000,0.02600
,,,-0.00004564000,-4.88000,0.02800
,,,-0.00004563000,-4.88000,0.02600
,,,-0.00004562000,-4.80000,0.02600
,,,-0.00004561000,-4.88000,0.02400
,,,-0.00004560000,-4.88000,0.02200
,,,-0.00004559000,-4.88000,0.02000
,,,-0.00004558000,-4.88000,0.02000
,,,-0.00004557000,-4.80000,0.01800
,,,-0.00004556000,-4.80000,0.01800
,,,-0.00004555000,-4.88000,0.01600
,,,-0.00004554000,-4.88000,0.01400
,,,-0.00004553000,-4.80000,0.01200
,,,-0.00004552000,-4.88000,0.01000
,,,-0.00004551000,-4.80000,0.00800
,,,-0.00004550000,-4.80000,0.00600
,,,-0.00004549000,-4.88000,0.00600
,,,-0.00004548000,-4.80000,0.00800
,,,-0.00004547000,-4.80000,0.00800
,,,-0.00004546000,-4.80000,0.01200
,,,-0.00004545000,-4.88000,0.01400
,,,-0.00004544000,-4.80000,0.01400
,,,-0.00004543000,-4.80000,0.01400
,,,-0.00004542000,-4.88000,0.01400
,,,-0.00004541000,-4.80000,0.01200
,,,-0.00004540000,-4.80000,0.00800
,,,-0.00004539000,-4.88000,0.00200
,,,-0.00004538000,-4.88000,0.00
,,,-0.00004537000,-4.80000,-0.00400
,,,-0.00004536000,-4.80000,-0.00400
,,,-0.00004535000,-4.80000,-0.00400
,,,-0.00004534000,-4.80000,-0.00200
,,,-0.00004533000,-4.80000,-0.00200
,,,-0.00004532000,-4.88000,0.00
,,,-0.00004531000,-4.80000,0.00
,,,-0.00004530000,-4.88000,0.00
,,,-0.00004529000,-4.88000,-0.00200
,,,-0.00004528000,-4.80000,-0.00400
,,,-0.00004527000,-4.80000,-0.00800
,,,-0.00004526000,-4.80000,-0.01200
,,,-0.00004525000,-4.80000,-0.01600
,,,-0.00004524000,-4.80000,-0.01600
,,,-0.00004523000,-4.88000,-0.02000
,,,-0.00004522000,-4.88000,-0.02000
,,,-0.00004521000,-4.88000,-0.02000
,,,-0.00004520000,-4.88000,-0.02000
,,,-0.00004519000,-4.80000,-0.02000
,,,-0.00004518000,-4.80000,-0.01800
,,,-0.00004517000,-4.88000,-0.01800
,,,-0.00004516000,-4.88000,-0.01600
,,,-0.00004515000,-4.80000,-0.01200
,,,-0.00004514000,-4.88000,-0.01000
,,,-0.00004513000,-4.88000,-0.00800
,,,-0.00004512000,-4.88000,-0.00400
,,,-0.00004511000,-4.80000,-0.00200
,,,-0.00004510000,-4.80000,-0.00200
,,,-0.00004509000,-4.80000,-0.00400
,,,-0.00004508000,-4.88000,-0.00600
,,,-0.00004507000,-4.80000,-0.00800
,,,-0.00004506000,-4.88000,-0.01200
,,,-0.00004505000,-4.88000,-0.01400
,,,-0.00004504000,-4.88000,-0.01600
,,,-0.00004503000,-4.80000,-0.01600
,,,-0.00004502000,-4.80000,-0.01400
,,,-0.00004501000,-4.80000,-0.01200
,,,-0.00004500000,-4.80000,-0.00800
,,,-0.00004499000,-4.80000,-0.00400
,,,-0.00004498000,-4.88000,0.00
,,,-0.00004497000,-4.88000,0.00
,,,-0.00004496000,-4.80000,0.00200
,,,-0.00004495000,-4.88000,0.00
,,,-0.00004494000,-4.80000,0.00
,,,-0.00004493000,-4.80000,-0.00400
,,,-0.00004492000,-4.80000,-0.00600
,,,-0.00004491000,-4.80000,-0.00800
,,,-0.00004490000,-4.80000,-0.00600
,,,-0.00004489000,-4.80000,-0.00400
,,,-0.00004488000,-4.88000,0.00
,,,-0.00004487000,-4.80000,0.00
,,,-0.00004486000,-4.88000,0.01200
,,,-0.00004485000,-4.80000,0.01200
,,,-0.00004484000,-4.72000,0.01800
,,,-0.00004483000,-4.80000,0.01800
,,,-0.00004482000,-4.80000,0.01400
,,,-0.00004481000,-4.80000,0.02800
,,,-0.00004480000,-4.80000,0.02000
,,,-0.00004479000,-4.80000,0.02800
,,,-0.00004478000,-4.80000,0.02400
,,,-0.00004477000,-4.80000,0.02800
,,,-0.00004476000,-4.80000,0.02600
,,,-0.00004475000,-4.80000,0.02400
,,,-0.00004474000,-4.80000,0.02400
,,,-0.00004473000,-4.80000,0.02200
,,,-0.00004472000,-4.80000,0.02200
,,,-0.00004471000,-4.80000,0.02000
,,,-0.00004470000,-4.80000,0.02000
,,,-0.00004469000,-4.80000,0.02000
,,,-0.00004468000,-4.80000,0.02000
,,,-0.00004467000,-4.80000,0.02200
,,,-0.00004466000,-4.80000,0.02600
,,,-0.00004465000,-4.80000,0.02400
,,,-0.00004464000,-4.80000,0.02400
,,,-0.00004463000,-4.80000,0.02400
,,,-0.00004462000,-4.80000,0.02800
,,,-0.00004461000,-4.80000,0.02200
,,,-0.00004460000,-4.80000,0.02000
,,,-0.00004459000,-4.80000,0.02200
,,,-0.00004458000,-4.80000,0.02000
,,,-0.00004457000,-4.80000,0.01800
,,,-0.00004456000,-4.80000,0.02000
,,,-0.00004455000,-4.80000,0.02000
,,,-0.00004454000,-4.80000,0.02000
,,,-0.00004453000,-4.80000,0.02000
,,,-0.00004452000,-4.80000,0.02600
,,,-0.00004451000,-4.80000,0.02400
,,,-0.00004450000,-4.80000,0.02200
,,,-0.00004449000,-4.80000,0.02400
,,,-0.00004448000,-4.80000,0.02400
,,,-0.00004447000,-4.80000,0.02200
,,,-0.00004446000,-4.80000,0.02200
,,,-0.00004445000,-4.80000,0.01800
,,,-0.00004444000,-4.80000,0.01400
,,,-0.00004443000,-4.80000,0.01200
,,,-0.00004442000,-4.80000,0.00800
,,,-0.00004441000,-4.72000,0.00200
,,,-0.00004440000,-4.80000,0.00
,,,-0.00004439000,-4.72000,0.00200
,,,-0.00004438000,-4.80000,0.00
,,,-0.00004437000,-4.80000,-0.00800
,,,-0.00004436000,-4.80000,-0.00200
,,,-0.00004435000,-4.80000,0.00
,,,-0.00004434000,-4.72000,0.00200
,,,-0.00004433000,-4.72000,0.00200
,,,-0.00004432000,-4.72000,0.00200
,,,-0.00004431000,-4.72000,0.00
,,,-0.00004430000,-4.80000,-0.00200
,,,-0.00004429000,-4.72000,-0.00200
,,,-0.00004428000,-4.80000,-0.00800
,,,-0.00004427000,-4.72000,-0.01400
,,,-0.00004426000,-4.72000,-0.01600
,,,-0.00004425000,-4.72000,-0.01200
,,,-0.00004424000,-4.80000,-0.01000
,,,-0.00004423000,-4.72000,-0.01000
,,,-0.00004422000,-4.72000,-0.00600
,,,-0.00004421000,-4.72000,-0.00200
,,,-0.00004420000,-4.72000,0.00
,,,-0.00004419000,-4.72000,0.00400
,,,-0.00004418000,-4.72000,0.00200
,,,-0.00004417000,-4.72000,-0.00200
,,,-0.00004416000,-4.72000,-0.00200
,,,-0.00004415000,-4.72000,-0.00400
,,,-0.00004414000,-4.72000,-0.00400
,,,-0.00004413000,-4.72000,-0.01000
,,,-0.00004412000,-4.80000,-0.01000
,,,-0.00004411000,-4.72000,-0.01000
,,,-0.00004410000,-4.80000,-0.01200
,,,-0.00004409000,-4.72000,-0.01400
,,,-0.00004408000,-4.72000,-0.01400
,,,-0.00004407000,-4.72000,-0.01600
,,,-0.00004406000,-4.72000,-0.01200
,,,-0.00004405000,-4.72000,-0.01000
,,,-0.00004404000,-4.72000,-0.00800
,,,-0.00004403000,-4.72000,-0.00400
,,,-0.00004402000,-4.80000,0.00
,,,-0.00004401000,-4.64000,0.00
,,,-0.00004400000,-4.72000,0.00400
,,,-0.00004399000,-4.72000,0.00400
,,,-0.00004398000,-4.64000,0.00400
,,,-0.00004397000,-4.72000,0.00400
,,,-0.00004396000,-4.64000,0.00400
,,,-0.00004395000,-4.72000,0.00200
,,,-0.00004394000,-4.72000,0.00200
,,,-0.00004393000,-4.72000,0.00400
,,,-0.00004392000,-4.72000,0.00600
,,,-0.00004391000,-4.72000,0.00800
,,,-0.00004390000,-4.72000,0.01200
,,,-0.00004389000,-4.64000,0.01400
,,,-0.00004388000,-4.72000,0.01800
,,,-0.00004387000,-4.64000,0.02000
,,,-0.00004386000,-4.56000,0.02200
,,,-0.00004385000,-4.56000,0.02200
,,,-0.00004384000,-4.64000,0.02200
,,,-0.00004383000,-4.64000,0.02000
,,,-0.00004382000,-4.64000,0.01800
,,,-0.00004381000,-4.72000,0.01400
,,,-0.00004380000,-4.64000,0.01400
,,,-0.00004379000,-4.64000,0.01400
,,,-0.00004378000,-4.64000,0.01400
,,,-0.00004377000,-4.56000,0.01400
,,,-0.00004376000,-4.64000,0.01800
,,,-0.00004375000,-4.56000,0.02000
,,,-0.00004374000,-4.64000,0.02000
,,,-0.00004373000,-4.64000,0.02000
,,,-0.00004372000,-4.56000,0.02000
,,,-0.00004371000,-4.64000,0.02000
,,,-0.00004370000,-4.56000,0.02000
,,,-0.00004369000,-4.56000,0.02000
,,,-0.00004368000,-4.64000,0.02200
,,,-0.00004367000,-4.64000,0.02200
,,,-0.00004366000,-4.56000,0.02400
,,,-0.00004365000,-4.56000,0.02400
,,,-0.00004364000,-4.56000,0.02600
,,,-0.00004363000,-4.64000,0.02200
,,,-0.00004362000,-4.56000,0.02000
,,,-0.00004361000,-4.56000,0.02000
,,,-0.00004360000,-4.64000,0.01600
,,,-0.00004359000,-4.56000,0.01600
,,,-0.00004358000,-4.56000,0.01600
,,,-0.00004357000,-4.56000,0.01600
,,,-0.00004356000,-4.56000,0.02200
,,,-0.00004355000,-4.56000,0.02200
,,,-0.00004354000,-4.56000,0.02400
,,,-0.00004353000,-4.56000,0.02400
,,,-0.00004352000,-4.56000,0.02200
,,,-0.00004351000,-4.56000,0.02000
,,,-0.00004350000,-4.56000,0.01400
,,,-0.00004349000,-4.56000,0.01000
,,,-0.00004348000,-4.56000,0.00600
,,,-0.00004347000,-4.56000,0.00200
,,,-0.00004346000,-4.56000,0.00400
,,,-0.00004345000,-4.56000,0.00200
,,,-0.00004344000,-4.48000,0.00400
,,,-0.00004343000,-4.56000,0.00400
,,,-0.00004342000,-4.48000,0.00600
,,,-0.00004341000,-4.48000,0.00800
,,,-0.00004340000,-4.56000,0.00600
,,,-0.00004339000,-4.48000,0.00600
,,,-0.00004338000,-4.48000,0.00400
,,,-0.00004337000,-4.56000,0.00400
,,,-0.00004336000,-4.48000,0.00200
,,,-0.00004335000,-4.48000,0.00
,,,-0.00004334000,-4.48000,0.00
,,,-0.00004333000,-4.48000,0.00
,,,-0.00004332000,-4.48000,-0.00200
,,,-0.00004331000,-4.48000,-0.00200
,,,-0.00004330000,-4.56000,-0.00400
,,,-0.00004329000,-4.48000,-0.00400
,,,-0.00004328000,-4.48000,-0.00600
,,,-0.00004327000,-4.48000,-0.00800
,,,-0.00004326000,-4.48000,-0.00800
,,,-0.00004325000,-4.48000,-0.00600
,,,-0.00004324000,-4.48000,-0.00600
,,,-0.00004323000,-4.48000,-0.00400
,,,-0.00004322000,-4.48000,-0.00200
,,,-0.00004321000,-4.48000,-0.00200
,,,-0.00004320000,-4.48000,-0.00200
,,,-0.00004319000,-4.48000,-0.00400
,,,-0.00004318000,-4.48000,-0.00800
,,,-0.00004317000,-4.56000,-0.01200
,,,-0.00004316000,-4.48000,-0.01800
,,,-0.00004315000,-4.48000,-0.02000
,,,-0.00004314000,-4.48000,-0.02200
,,,-0.00004313000,-4.48000,-0.02000
,,,-0.00004312000,-4.40000,-0.01800
,,,-0.00004311000,-4.48000,-0.01200
,,,-0.00004310000,-4.48000,-0.00400
,,,-0.00004309000,-4.40000,0.00
,,,-0.00004308000,-4.48000,0.00400
,,,-0.00004307000,-4.40000,0.00600
,,,-0.00004306000,-4.48000,0.00800
,,,-0.00004305000,-4.40000,0.00600
,,,-0.00004304000,-4.40000,0.00400
,,,-0.00004303000,-4.40000,0.00
,,,-0.00004302000,-4.32000,0.00
,,,-0.00004301000,-4.32000,0.00
,,,-0.00004300000,-4.32000,0.00
,,,-0.00004299000,-4.32000,0.00400
,,,-0.00004298000,-4.32000,0.00800
,,,-0.00004297000,-4.32000,0.01000
,,,-0.00004296000,-4.32000,0.01200
,,,-0.00004295000,-4.32000,0.01400
,,,-0.00004294000,-4.32000,0.01400
,,,-0.00004293000,-4.32000,0.01400
,,,-0.00004292000,-4.32000,0.01400
,,,-0.00004291000,-4.32000,0.01200
,,,-0.00004290000,-4.32000,0.01200
,,,-0.00004289000,-4.32000,0.01000
,,,-0.00004288000,-4.32000,0.01000
,,,-0.00004287000,-4.32000,0.01200
,,,-0.00004286000,-4.32000,0.01200
,,,-0.00004285000,-4.32000,0.01400
,,,-0.00004284000,-4.32000,0.01400
,,,-0.00004283000,-4.32000,0.01400
,,,-0.00004282000,-4.32000,0.01400
,,,-0.00004281000,-4.32000,0.01400
,,,-0.00004280000,-4.32000,0.01400
,,,-0.00004279000,-4.32000,0.01800
,,,-0.00004278000,-4.32000,0.02200
,,,-0.00004277000,-4.32000,0.02400
,,,-0.00004276000,-4.24000,0.03000
,,,-0.00004275000,-4.32000,0.03600
,,,-0.00004274000,-4.24000,0.03800
,,,-0.00004273000,-4.32000,0.04000
,,,-0.00004272000,-4.32000,0.04000
,,,-0.00004271000,-4.24000,0.03800
,,,-0.00004270000,-4.24000,0.03200
,,,-0.00004269000,-4.24000,0.03000
,,,-0.00004268000,-4.32000,0.02600
,,,-0.00004267000,-4.24000,0.02200
,,,-0.00004266000,-4.24000,0.02400
,,,-0.00004265000,-4.24000,0.01800
,,,-0.00004264000,-4.24000,0.02600
,,,-0.00004263000,-4.24000,0.02400
,,,-0.00004262000,-4.24000,0.03200
,,,-0.00004261000,-4.16000,0.03000
,,,-0.00004260000,-4.24000,0.03000
,,,-0.00004259000,-4.24000,0.02800
,,,-0.00004258000,-4.24000,0.02400
,,,-0.00004257000,-4.16000,0.02000
,,,-0.00004256000,-4.24000,0.01800
,,,-0.00004255000,-4.24000,0.01400
,,,-0.00004254000,-4.16000,0.01400
,,,-0.00004253000,-4.24000,0.01200
,,,-0.00004252000,-4.16000,0.01200
,,,-0.00004251000,-4.16000,0.01200
,,,-0.00004250000,-4.24000,0.01200
,,,-0.00004249000,-4.24000,0.01200
,,,-0.00004248000,-4.16000,0.01200
,,,-0.00004247000,-4.16000,0.01200
,,,-0.00004246000,-4.24000,0.01200
,,,-0.00004245000,-4.16000,0.01400
,,,-0.00004244000,-4.16000,0.01600
,,,-0.00004243000,-4.16000,0.02000
,,,-0.00004242000,-4.16000,0.02200
,,,-0.00004241000,-4.16000,0.02000
,,,-0.00004240000,-4.16000,0.02000
,,,-0.00004239000,-4.16000,0.01400
,,,-0.00004238000,-4.16000,0.01200
,,,-0.00004237000,-4.16000,0.00400
,,,-0.00004236000,-4.16000,0.00
,,,-0.00004235000,-4.16000,-0.00200
,,,-0.00004234000,-4.08000,-0.00600
,,,-0.00004233000,-4.16000,-0.00800
,,,-0.00004232000,-4.16000,-0.00400
,,,-0.00004231000,-4.08000,-0.00400
,,,-0.00004230000,-4.08000,-0.00200
,,,-0.00004229000,-4.16000,0.00
,,,-0.00004228000,-4.16000,0.00200
,,,-0.00004227000,-4.08000,0.00
,,,-0.00004226000,-4.08000,0.00
,,,-0.00004225000,-4.08000,-0.00200
,,,-0.00004224000,-4.08000,-0.00600
,,,-0.00004223000,-4.08000,-0.00800
,,,-0.00004222000,-4.08000,-0.01000
,,,-0.00004221000,-4.08000,-0.01200
,,,-0.00004220000,-4.00000,-0.01200
,,,-0.00004219000,-4.16000,-0.01000
,,,-0.00004218000,-4.08000,-0.00800
,,,-0.00004217000,-4.08000,-0.00800
,,,-0.00004216000,-4.00000,-0.00400
,,,-0.00004215000,-4.08000,-0.00200
,,,-0.00004214000,-4.00000,-0.00200
,,,-0.00004213000,-4.00000,0.00
,,,-0.00004212000,-4.08000,0.00
,,,-0.00004211000,-4.00000,0.00200
,,,-0.00004210000,-4.00000,0.00400
,,,-0.00004209000,-4.00000,0.00400
,,,-0.00004208000,-4.00000,0.00400
,,,-0.00004207000,-3.92000,0.00400
,,,-0.00004206000,-4.00000,0.00600
,,,-0.00004205000,-4.00000,0.00200
,,,-0.00004204000,-4.00000,0.00
,,,-0.00004203000,-4.08000,-0.00400
,,,-0.00004202000,-4.00000,-0.00200
,,,-0.00004201000,-4.00000,-0.00400
,,,-0.00004200000,-4.00000,-0.00400
,,,-0.00004199000,-3.92000,0.00
,,,-0.00004198000,-4.00000,0.00200
,,,-0.00004197000,-3.92000,0.00400
,,,-0.00004196000,-4.00000,0.00800
,,,-0.00004195000,-3.92000,0.01000
,,,-0.00004194000,-3.92000,0.01200
,,,-0.00004193000,-3.92000,0.01200
,,,-0.00004192000,-3.92000,0.01200
,,,-0.00004191000,-3.92000,0.00800
,,,-0.00004190000,-3.92000,0.00800
,,,-0.00004189000,-3.92000,0.00800
,,,-0.00004188000,-3.92000,0.01000
,,,-0.00004187000,-3.92000,0.01200
,,,-0.00004186000,-3.92000,0.01400
,,,-0.00004185000,-3.92000,0.02000
,,,-0.00004184000,-3.92000,0.02200
,,,-0.00004183000,-3.92000,0.02400
,,,-0.00004182000,-3.92000,0.02600
,,,-0.00004181000,-3.92000,0.02800
,,,-0.00004180000,-3.84000,0.02800
,,,-0.00004179000,-3.84000,0.02800
,,,-0.00004178000,-3.92000,0.02600
,,,-0.00004177000,-3.84000,0.02400
,,,-0.00004176000,-3.92000,0.02400
,,,-0.00004175000,-3.84000,0.02200
,,,-0.00004174000,-3.84000,0.02200
,,,-0.00004173000,-3.84000,0.02000
,,,-0.00004172000,-3.84000,0.02000
,,,-0.00004171000,-3.76000,0.02000
,,,-0.00004170000,-3.84000,0.01800
,,,-0.00004169000,-3.84000,0.02000
,,,-0.00004168000,-3.92000,0.01800
,,,-0.00004167000,-3.84000,0.02000
,,,-0.00004166000,-3.84000,0.02000
,,,-0.00004165000,-3.84000,0.02200
,,,-0.00004164000,-3.84000,0.02200
,,,-0.00004163000,-3.68000,0.02400
,,,-0.00004162000,-3.76000,0.02400
,,,-0.00004161000,-3.84000,0.02600
,,,-0.00004160000,-3.84000,0.02600
,,,-0.00004159000,-3.76000,0.02400
,,,-0.00004158000,-3.84000,0.02000
,,,-0.00004157000,-3.84000,0.01800
,,,-0.00004156000,-3.84000,0.01400
,,,-0.00004155000,-3.84000,0.01200
,,,-0.00004154000,-3.68000,0.01200
,,,-0.00004153000,-3.76000,0.01200
,,,-0.00004152000,-3.68000,0.01400
,,,-0.00004151000,-3.68000,0.01400
,,,-0.00004150000,-3.68000,0.01400
,,,-0.00004149000,-3.68000,0.01400
,,,-0.00004148000,-3.68000,0.01400
,,,-0.00004147000,-3.68000,0.01200
,,,-0.00004146000,-3.68000,0.00800
,,,-0.00004145000,-3.68000,0.00400
,,,-0.00004144000,-3.68000,0.00200
,,,-0.00004143000,-3.68000,-0.00200
,,,-0.00004142000,-3.68000,-0.00200
,,,-0.00004141000,-3.68000,-0.00600
,,,-0.00004140000,-3.68000,-0.00800
,,,-0.00004139000,-3.60000,-0.00800
,,,-0.00004138000,-3.68000,-0.00800
,,,-0.00004137000,-3.68000,-0.00800
,,,-0.00004136000,-3.68000,-0.00800
,,,-0.00004135000,-3.68000,-0.00600
,,,-0.00004134000,-3.60000,-0.00400
,,,-0.00004133000,-3.68000,-0.00400
,,,-0.00004132000,-3.68000,-0.00200
,,,-0.00004131000,-3.68000,-0.00200
,,,-0.00004130000,-3.68000,-0.00200
,,,-0.00004129000,-3.60000,-0.00200
,,,-0.00004128000,-3.68000,-0.00400
,,,-0.00004127000,-3.60000,-0.00800
,,,-0.00004126000,-3.60000,-0.01000
,,,-0.00004125000,-3.60000,-0.01200
,,,-0.00004124000,-3.60000,-0.01200
,,,-0.00004123000,-3.60000,-0.01200
,,,-0.00004122000,-3.60000,-0.01200
,,,-0.00004121000,-3.60000,-0.01000
,,,-0.00004120000,-3.60000,-0.00800
,,,-0.00004119000,-3.60000,-0.00600
,,,-0.00004118000,-3.60000,-0.00400
,,,-0.00004117000,-3.60000,-0.00400
,,,-0.00004116000,-3.52000,-0.00400
,,,-0.00004115000,-3.52000,-0.00800
,,,-0.00004114000,-3.52000,-0.01000
,,,-0.00004113000,-3.52000,-0.01200
,,,-0.00004112000,-3.52000,-0.01200
,,,-0.00004111000,-3.52000,-0.01400
,,,-0.00004110000,-3.52000,-0.01200
,,,-0.00004109000,-3.52000,-0.01200
,,,-0.00004108000,-3.52000,-0.00800
,,,-0.00004107000,-3.52000,-0.00600
,,,-0.00004106000,-3.52000,-0.00400
,,,-0.00004105000,-3.52000,-0.00200
,,,-0.00004104000,-3.52000,0.00
,,,-0.00004103000,-3.52000,0.00400
,,,-0.00004102000,-3.52000,0.00600
,,,-0.00004101000,-3.36000,0.00600
,,,-0.00004100000,-3.36000,0.00800
,,,-0.00004099000,-3.36000,0.01000
,,,-0.00004098000,-3.52000,0.01200
,,,-0.00004097000,-3.52000,0.01200
,,,-0.00004096000,-3.36000,0.01400
,,,-0.00004095000,-3.36000,0.01400
,,,-0.00004094000,-3.36000,0.01400
,,,-0.00004093000,-3.36000,0.01200
,,,-0.00004092000,-3.36000,0.01200
,,,-0.00004091000,-3.36000,0.01200
,,,-0.00004090000,-3.28000,0.01000
,,,-0.00004089000,-3.36000,0.01200
,,,-0.00004088000,-3.36000,0.01400
,,,-0.00004087000,-3.28000,0.01400
,,,-0.00004086000,-3.28000,0.02000
,,,-0.00004085000,-3.28000,0.02200
,,,-0.00004084000,-3.28000,0.02400
,,,-0.00004083000,-3.28000,0.02400
,,,-0.00004082000,-3.28000,0.02200
,,,-0.00004081000,-3.36000,0.02200
,,,-0.00004080000,-3.28000,0.01800
,,,-0.00004079000,-3.28000,0.01400
,,,-0.00004078000,-3.20000,0.01400
,,,-0.00004077000,-3.28000,0.01400
,,,-0.00004076000,-3.20000,0.01400
,,,-0.00004075000,-3.20000,0.01600
,,,-0.00004074000,-3.28000,0.02000
,,,-0.00004073000,-3.28000,0.02200
,,,-0.00004072000,-3.20000,0.02400
,,,-0.00004071000,-3.20000,0.02600
,,,-0.00004070000,-3.20000,0.02800
,,,-0.00004069000,-3.20000,0.03000
,,,-0.00004068000,-3.12000,0.02800
,,,-0.00004067000,-3.20000,0.02600
,,,-0.00004066000,-3.20000,0.02400
,,,-0.00004065000,-3.20000,0.02200
,,,-0.00004064000,-3.20000,0.02000
,,,-0.00004063000,-3.12000,0.02000
,,,-0.00004062000,-3.20000,0.01800
,,,-0.00004061000,-3.12000,0.01800
,,,-0.00004060000,-3.12000,0.01600
,,,-0.00004059000,-3.12000,0.01400
,,,-0.00004058000,-3.12000,0.01400
,,,-0.00004057000,-3.12000,0.01200
,,,-0.00004056000,-3.12000,0.01200
,,,-0.00004055000,-3.12000,0.01200
,,,-0.00004054000,-3.12000,0.01200
,,,-0.00004053000,-3.12000,0.01200
,,,-0.00004052000,-3.12000,0.01400
,,,-0.00004051000,-3.12000,0.01200
,,,-0.00004050000,-3.12000,0.01200
,,,-0.00004049000,-3.12000,0.01200
,,,-0.00004048000,-3.12000,0.00800
,,,-0.00004047000,-3.12000,0.00400
,,,-0.00004046000,-3.12000,0.00200
,,,-0.00004045000,-3.04000,-0.00200
,,,-0.00004044000,-3.04000,-0.00400
,,,-0.00004043000,-2.96000,-0.00400
,,,-0.00004042000,-3.04000,-0.00200
,,,-0.00004041000,-2.96000,-0.00200
,,,-0.00004040000,-3.04000,0.00
,,,-0.00004039000,-3.04000,0.00400
,,,-0.00004038000,-3.04000,0.00400
,,,-0.00004037000,-2.96000,0.00400
,,,-0.00004036000,-2.96000,0.00200
,,,-0.00004035000,-2.96000,-0.00200
,,,-0.00004034000,-2.96000,-0.00800
,,,-0.00004033000,-2.96000,-0.01200
,,,-0.00004032000,-2.96000,-0.01600
,,,-0.00004031000,-2.96000,-0.01800
,,,-0.00004030000,-2.96000,-0.01600
,,,-0.00004029000,-2.96000,-0.01600
,,,-0.00004028000,-2.96000,-0.01200
,,,-0.00004027000,-2.96000,-0.01000
,,,-0.00004026000,-2.96000,-0.01000
,,,-0.00004025000,-2.96000,-0.01000
,,,-0.00004024000,-2.96000,-0.01000
,,,-0.00004023000,-2.96000,-0.01200
,,,-0.00004022000,-2.96000,-0.01000
,,,-0.00004021000,-2.96000,-0.01200
,,,-0.00004020000,-2.96000,-0.01000
,,,-0.00004019000,-2.88000,-0.00800
,,,-0.00004018000,-2.88000,-0.00800
,,,-0.00004017000,-2.88000,-0.00800
,,,-0.00004016000,-2.88000,-0.00800
,,,-0.00004015000,-2.88000,-0.01000
,,,-0.00004014000,-2.88000,-0.01000
,,,-0.00004013000,-2.88000,-0.01400
,,,-0.00004012000,-2.88000,-0.01600
,,,-0.00004011000,-2.88000,-0.01600
,,,-0.00004010000,-2.88000,-0.01400
,,,-0.00004009000,-2.88000,-0.01000
,,,-0.00004008000,-2.80000,-0.00600
,,,-0.00004007000,-2.80000,-0.00200
,,,-0.00004006000,-2.80000,0.00200
,,,-0.00004005000,-2.80000,0.00600
,,,-0.00004004000,-2.80000,0.00800
,,,-0.00004003000,-2.80000,0.00600
,,,-0.00004002000,-2.80000,0.00600
,,,-0.00004001000,-2.80000,0.00
,,,-0.00004000000,-2.80000,0.00
,,,-0.00003999000,-2.80000,-0.00400
,,,-0.00003998000,-2.80000,-0.00400
,,,-0.00003997000,-2.80000,-0.00400
,,,-0.00003996000,-2.80000,0.00
,,,-0.00003995000,-2.72000,0.00400
,,,-0.00003994000,-2.72000,0.00800
,,,-0.00003993000,-2.72000,0.01200
,,,-0.00003992000,-2.64000,0.01600
,,,-0.00003991000,-2.64000,0.01600
,,,-0.00003990000,-2.72000,0.01800
,,,-0.00003989000,-2.64000,0.01800
,,,-0.00003988000,-2.64000,0.01600
,,,-0.00003987000,-2.64000,0.01400
,,,-0.00003986000,-2.64000,0.01400
,,,-0.00003985000,-2.64000,0.01400
,,,-0.00003984000,-2.64000,0.01600
,,,-0.00003983000,-2.64000,0.01400
,,,-0.00003982000,-2.64000,0.01600
,,,-0.00003981000,-2.64000,0.01600
,,,-0.00003980000,-2.64000,0.01400
,,,-0.00003979000,-2.56000,0.01400
,,,-0.00003978000,-2.56000,0.01400
,,,-0.00003977000,-2.64000,0.01200
,,,-0.00003976000,-2.56000,0.01400
,,,-0.00003975000,-2.56000,0.01400
,,,-0.00003974000,-2.56000,0.01600
,,,-0.00003973000,-2.56000,0.02000
,,,-0.00003972000,-2.56000,0.02200
,,,-0.00003971000,-2.56000,0.02200
,,,-0.00003970000,-2.56000,0.02200
,,,-0.00003969000,-2.56000,0.02000
,,,-0.00003968000,-2.56000,0.01800
,,,-0.00003967000,-2.56000,0.01400
,,,-0.00003966000,-2.56000,0.01000
,,,-0.00003965000,-2.48000,0.00600
,,,-0.00003964000,-2.56000,0.00400
,,,-0.00003963000,-2.48000,0.00400
,,,-0.00003962000,-2.56000,0.00600
,,,-0.00003961000,-2.48000,0.01000
,,,-0.00003960000,-2.48000,0.01200
,,,-0.00003959000,-2.48000,0.01200
,,,-0.00003958000,-2.48000,0.02000
,,,-0.00003957000,-2.40000,0.02200
,,,-0.00003956000,-2.48000,0.01200
,,,-0.00003955000,-2.48000,0.02000
,,,-0.00003954000,-2.48000,0.00
,,,-0.00003953000,-2.40000,0.00800
,,,-0.00003952000,-2.48000,0.00
,,,-0.00003951000,-2.32000,0.00
,,,-0.00003950000,-2.32000,-0.00200
,,,-0.00003949000,-2.40000,-0.00200
,,,-0.00003948000,-2.32000,-0.00200
,,,-0.00003947000,-2.32000,-0.00400
,,,-0.00003946000,-2.32000,-0.00200
,,,-0.00003945000,-2.32000,-0.00200
,,,-0.00003944000,-2.32000,-0.00600
,,,-0.00003943000,-2.32000,-0.00600
,,,-0.00003942000,-2.32000,-0.00400
,,,-0.00003941000,-2.32000,-0.00800
,,,-0.00003940000,-2.32000,-0.00800
,,,-0.00003939000,-2.32000,-0.00600
,,,-0.00003938000,-2.32000,-0.00400
,,,-0.00003937000,-2.32000,-0.00400
,,,-0.00003936000,-2.32000,-0.00400
,,,-0.00003935000,-2.32000,-0.00800
,,,-0.00003934000,-2.32000,-0.01000
,,,-0.00003933000,-2.32000,-0.01600
,,,-0.00003932000,-2.32000,-0.01800
,,,-0.00003931000,-2.24000,-0.02000
,,,-0.00003930000,-2.32000,-0.01800
,,,-0.00003929000,-2.24000,-0.01600
,,,-0.00003928000,-2.24000,-0.01000
,,,-0.00003927000,-2.24000,-0.00800
,,,-0.00003926000,-2.24000,-0.00400
,,,-0.00003925000,-2.24000,-0.00200
,,,-0.00003924000,-2.24000,-0.00200
,,,-0.00003923000,-2.24000,-0.00400
,,,-0.00003922000,-2.16000,-0.00800
,,,-0.00003921000,-2.16000,-0.01200
,,,-0.00003920000,-2.16000,-0.01600
,,,-0.00003919000,-2.16000,-0.01800
,,,-0.00003918000,-2.16000,-0.01800
,,,-0.00003917000,-2.16000,-0.01800
,,,-0.00003916000,-2.16000,-0.01600
,,,-0.00003915000,-2.16000,-0.01000
,,,-0.00003914000,-2.16000,-0.00800
,,,-0.00003913000,-2.16000,-0.00600
,,,-0.00003912000,-2.16000,-0.00400
,,,-0.00003911000,-2.16000,-0.00400
,,,-0.00003910000,-2.08000,-0.00200
,,,-0.00003909000,-2.08000,-0.00200
,,,-0.00003908000,-2.16000,-0.00200
,,,-0.00003907000,-2.16000,-0.00200
,,,-0.00003906000,-2.16000,0.00
,,,-0.00003905000,-2.08000,0.00
,,,-0.00003904000,-2.08000,0.00
,,,-0.00003903000,-2.08000,0.00200
,,,-0.00003902000,-2.08000,0.00200
,,,-0.00003901000,-2.08000,0.00200
,,,-0.00003900000,-2.08000,0.00200
,,,-0.00003899000,-2.00000,0.00200
,,,-0.00003898000,-2.00000,0.00400
,,,-0.00003897000,-2.08000,0.00400
,,,-0.00003896000,-2.00000,0.00600
,,,-0.00003895000,-2.08000,0.00800
,,,-0.00003894000,-2.00000,0.01000
,,,-0.00003893000,-2.00000,0.01400
,,,-0.00003892000,-1.92000,0.01600
,,,-0.00003891000,-1.92000,0.01600
,,,-0.00003890000,-1.92000,0.01800
,,,-0.00003889000,-2.00000,0.01600
,,,-0.00003888000,-1.92000,0.01600
,,,-0.00003887000,-1.92000,0.01400
,,,-0.00003886000,-1.92000,0.01400
,,,-0.00003885000,-1.92000,0.01200
,,,-0.00003884000,-1.92000,0.01400
,,,-0.00003883000,-1.92000,0.01600
,,,-0.00003882000,-1.92000,0.02000
,,,-0.00003881000,-1.92000,0.02200
,,,-0.00003880000,-1.84000,0.02400
,,,-0.00003879000,-1.84000,0.02600
,,,-0.00003878000,-1.84000,0.02600
,,,-0.00003877000,-1.84000,0.02600
,,,-0.00003876000,-1.84000,0.02400
,,,-0.00003875000,-1.84000,0.02200
,,,-0.00003874000,-1.84000,0.02000
,,,-0.00003873000,-1.84000,0.01800
,,,-0.00003872000,-1.84000,0.01600
,,,-0.00003871000,-1.84000,0.01800
,,,-0.00003870000,-1.84000,0.01800
,,,-0.00003869000,-1.84000,0.02000
,,,-0.00003868000,-1.76000,0.02000
,,,-0.00003867000,-1.84000,0.02000
,,,-0.00003866000,-1.76000,0.02000
,,,-0.00003865000,-1.76000,0.02000
,,,-0.00003864000,-1.68000,0.01800
,,,-0.00003863000,-1.68000,0.01600
,,,-0.00003862000,-1.76000,0.01800
,,,-0.00003861000,-1.68000,0.01600
,,,-0.00003860000,-1.68000,0.01600
,,,-0.00003859000,-1.68000,0.01400
,,,-0.00003858000,-1.68000,0.01200
,,,-0.00003857000,-1.68000,0.01000
,,,-0.00003856000,-1.68000,0.00600
,,,-0.00003855000,-1.68000,0.00400
,,,-0.00003854000,-1.68000,0.00
,,,-0.00003853000,-1.68000,0.00
,,,-0.00003852000,-1.68000,-0.00200
,,,-0.00003851000,-1.68000,-0.00200
,,,-0.00003850000,-1.68000,-0.00200
,,,-0.00003849000,-1.68000,-0.00200
,,,-0.00003848000,-1.68000,0.00
,,,-0.00003847000,-1.68000,0.00
,,,-0.00003846000,-1.60000,0.00200
,,,-0.00003845000,-1.68000,0.00
,,,-0.00003844000,-1.68000,0.00
,,,-0.00003843000,-1.60000,-0.00400
,,,-0.00003842000,-1.60000,-0.00800
,,,-0.00003841000,-1.60000,-0.01000
,,,-0.00003840000,-1.60000,-0.01400
,,,-0.00003839000,-1.60000,-0.01800
,,,-0.00003838000,-1.60000,-0.01600
,,,-0.00003837000,-1.52000,-0.01600
,,,-0.00003836000,-1.52000,-0.01600
,,,-0.00003835000,-1.52000,-0.01200
,,,-0.00003834000,-1.52000,-0.01200
,,,-0.00003833000,-1.60000,-0.00800
,,,-0.00003832000,-1.52000,-0.01000
,,,-0.00003831000,-1.60000,-0.00800
,,,-0.00003830000,-1.52000,-0.00800
,,,-0.00003829000,-1.52000,-0.01000
,,,-0.00003828000,-1.44000,-0.01400
,,,-0.00003827000,-1.44000,-0.01600
,,,-0.00003826000,-1.44000,-0.01600
,,,-0.00003825000,-1.52000,-0.02200
,,,-0.00003824000,-1.44000,-0.02000
,,,-0.00003823000,-1.52000,-0.02400
,,,-0.00003822000,-1.44000,-0.02400
,,,-0.00003821000,-1.44000,-0.02400
,,,-0.00003820000,-1.44000,-0.02200
,,,-0.00003819000,-1.36000,-0.02000
,,,-0.00003818000,-1.44000,-0.01600
,,,-0.00003817000,-1.44000,-0.01200
,,,-0.00003816000,-1.44000,-0.00800
,,,-0.00003815000,-1.44000,-0.00400
,,,-0.00003814000,-1.36000,-0.00200
,,,-0.00003813000,-1.36000,-0.00200
,,,-0.00003812000,-1.36000,-0.00200
,,,-0.00003811000,-1.36000,-0.00400
,,,-0.00003810000,-1.36000,-0.00800
,,,-0.00003809000,-1.36000,-0.01000
,,,-0.00003808000,-1.36000,-0.01000
,,,-0.00003807000,-1.28000,-0.00800
,,,-0.00003806000,-1.28000,-0.00800
,,,-0.00003805000,-1.36000,-0.00400
,,,-0.00003804000,-1.28000,0.00
,,,-0.00003803000,-1.28000,0.00
,,,-0.00003802000,-1.28000,0.00400
,,,-0.00003801000,-1.36000,0.00600
,,,-0.00003800000,-1.28000,0.00600
,,,-0.00003799000,-1.28000,0.00600
,,,-0.00003798000,-1.28000,0.00600
,,,-0.00003797000,-1.28000,0.00400
,,,-0.00003796000,-1.20000,0.00400
,,,-0.00003795000,-1.20000,0.00400
,,,-0.00003794000,-1.20000,0.00600
,,,-0.00003793000,-1.20000,0.00400
,,,-0.00003792000,-1.28000,0.00600
,,,-0.00003791000,-1.20000,0.00600
,,,-0.00003790000,-1.20000,0.00800
,,,-0.00003789000,-1.20000,0.00800
,,,-0.00003788000,-1.20000,0.01200
,,,-0.00003787000,-1.20000,0.01200
,,,-0.00003786000,-1.12000,0.01400
,,,-0.00003785000,-1.20000,0.01800
,,,-0.00003784000,-1.12000,0.02000
,,,-0.00003783000,-1.04000,0.02200
,,,-0.00003782000,-1.04000,0.02400
,,,-0.00003781000,-1.04000,0.02400
,,,-0.00003780000,-1.04000,0.02800
,,,-0.00003779000,-1.04000,0.02600
,,,-0.00003778000,-1.04000,0.02200
,,,-0.00003777000,-1.04000,0.02000
,,,-0.00003776000,-1.04000,0.01600
,,,-0.00003775000,-1.04000,0.01200
,,,-0.00003774000,-1.04000,0.01200
,,,-0.00003773000,-1.04000,0.01000
,,,-0.00003772000,-1.04000,0.01000
,,,-0.00003771000,-1.04000,0.01200
,,,-0.00003770000,-1.04000,0.01400
,,,-0.00003769000,-1.04000,0.01600
,,,-0.00003768000,-0.96000,0.01800
,,,-0.00003767000,-0.96000,0.01600
,,,-0.00003766000,-0.96000,0.01600
,,,-0.00003765000,-0.96000,0.01400
,,,-0.00003764000,-0.96000,0.01000
,,,-0.00003763000,-0.96000,0.00800
,,,-0.00003762000,-0.96000,0.00400
,,,-0.00003761000,-0.96000,0.00200
,,,-0.00003760000,-0.96000,0.00
,,,-0.00003759000,-0.96000,0.00
,,,-0.00003758000,-0.88000,0.00
,,,-0.00003757000,-0.88000,0.00200
,,,-0.00003756000,-0.88000,0.00400
,,,-0.00003755000,-0.96000,0.00400
,,,-0.00003754000,-0.88000,0.00400
,,,-0.00003753000,-0.88000,0.00600
,,,-0.00003752000,-0.88000,0.00600
,,,-0.00003751000,-0.80000,0.00600
,,,-0.00003750000,-0.88000,0.00600
,,,-0.00003749000,-0.80000,0.00600
,,,-0.00003748000,-0.88000,0.00400
,,,-0.00003747000,-0.80000,0.00
,,,-0.00003746000,-0.80000,-0.00200
,,,-0.00003745000,-0.80000,-0.00800
,,,-0.00003744000,-0.88000,-0.01200
,,,-0.00003743000,-0.88000,-0.01600
,,,-0.00003742000,-0.80000,-0.02000
,,,-0.00003741000,-0.80000,-0.02400
,,,-0.00003740000,-0.80000,-0.02000
,,,-0.00003739000,-0.80000,-0.02200
,,,-0.00003738000,-0.80000,-0.01200
,,,-0.00003737000,-0.72000,-0.01800
,,,-0.00003736000,-0.72000,-0.00800
,,,-0.00003735000,-0.72000,-0.01200
,,,-0.00003734000,-0.72000,-0.01200
,,,-0.00003733000,-0.72000,-0.01200
,,,-0.00003732000,-0.72000,-0.01600
,,,-0.00003731000,-0.72000,-0.02000
,,,-0.00003730000,-0.72000,-0.02600
,,,-0.00003729000,-0.72000,-0.02200
,,,-0.00003728000,-0.72000,-0.03000
,,,-0.00003727000,-0.72000,-0.02400
,,,-0.00003726000,-0.64000,-0.02400
,,,-0.00003725000,-0.64000,-0.01600
,,,-0.00003724000,-0.64000,-0.01200
,,,-0.00003723000,-0.64000,-0.00800
,,,-0.00003722000,-0.64000,-0.00600
,,,-0.00003721000,-0.64000,-0.00400
,,,-0.00003720000,-0.64000,-0.00600
,,,-0.00003719000,-0.64000,-0.00400
,,,-0.00003718000,-0.64000,-0.00600
,,,-0.00003717000,-0.56000,-0.00800
,,,-0.00003716000,-0.64000,-0.00600
,,,-0.00003715000,-0.56000,-0.00800
,,,-0.00003714000,-0.56000,-0.00600
,,,-0.00003713000,-0.56000,-0.00600
,,,-0.00003712000,-0.56000,-0.00800
,,,-0.00003711000,-0.56000,-0.00400
,,,-0.00003710000,-0.56000,-0.00800
,,,-0.00003709000,-0.56000,-0.00800
,,,-0.00003708000,-0.48000,-0.01000
,,,-0.00003707000,-0.56000,-0.00800
,,,-0.00003706000,-0.48000,-0.00400
,,,-0.00003705000,-0.56000,-0.00200
,,,-0.00003704000,-0.48000,0.00400
,,,-0.00003703000,-0.40000,0.00800
,,,-0.00003702000,-0.48000,0.01400
,,,-0.00003701000,-0.40000,0.01600
,,,-0.00003700000,-0.48000,0.01400
,,,-0.00003699000,-0.40000,0.01200
,,,-0.00003698000,-0.40000,0.01200
,,,-0.00003697000,-0.40000,0.01200
,,,-0.00003696000,-0.40000,0.00600
,,,-0.00003695000,-0.40000,0.00600
,,,-0.00003694000,-0.40000,0.01400
,,,-0.00003693000,-0.40000,0.01400
,,,-0.00003692000,-0.40000,0.01600
,,,-0.00003691000,-0.40000,0.02400
,,,-0.00003690000,-0.40000,0.02600
,,,-0.00003689000,-0.32000,0.02600
,,,-0.00003688000,-0.40000,0.03000
,,,-0.00003687000,-0.32000,0.02800
,,,-0.00003686000,-0.32000,0.02400
,,,-0.00003685000,-0.32000,0.02000
,,,-0.00003684000,-0.32000,0.02000
,,,-0.00003683000,-0.32000,0.01800
,,,-0.00003682000,-0.32000,0.01600
,,,-0.00003681000,-0.32000,0.01400
,,,-0.00003680000,-0.32000,0.01400
,,,-0.00003679000,-0.32000,0.01200
,,,-0.00003678000,-0.24000,0.01600
,,,-0.00003677000,-0.24000,0.01400
,,,-0.00003676000,-0.24000,0.01200
,,,-0.00003675000,-0.24000,0.01600
,,,-0.00003674000,-0.24000,0.01600
,,,-0.00003673000,-0.24000,0.01600
,,,-0.00003672000,-0.24000,0.01200
,,,-0.00003671000,-0.24000,0.01600
,,,-0.00003670000,-0.16000,0.02200
,,,-0.00003669000,-0.16000,0.02200
,,,-0.00003668000,-0.16000,0.02000
,,,-0.00003667000,-0.08000,0.02000
,,,-0.00003666000,-0.16000,0.02000
,,,-0.00003665000,-0.16000,0.01400
,,,-0.00003664000,-0.16000,0.01200
,,,-0.00003663000,-0.16000,0.00600
,,,-0.00003662000,-0.16000,0.00
,,,-0.00003661000,-0.08000,0.00
,,,-0.00003660000,-0.08000,0.00400
,,,-0.00003659000,-0.08000,0.00
,,,-0.00003658000,-0.08000,0.00400
,,,-0.00003657000,0.00,0.00400
,,,-0.00003656000,0.00,0.00800
,,,-0.00003655000,-0.08000,0.00800
,,,-0.00003654000,-0.08000,0.00600
,,,-0.00003653000,-0.08000,0.00
,,,-0.00003652000,-0.08000,-0.00800
,,,-0.00003651000,0.00,-0.01000
,,,-0.00003650000,0.00,-0.01600
,,,-0.00003649000,0.00,-0.02000
,,,-0.00003648000,0.00,-0.02400
,,,-0.00003647000,0.00,-0.02000
,,,-0.00003646000,0.00,-0.01600
,,,-0.00003645000,0.00,-0.01600
,,,-0.00003644000,0.00,-0.01200
,,,-0.00003643000,0.00,-0.01000
,,,-0.00003642000,0.08000,-0.01000
,,,-0.00003641000,0.00,-0.00800
,,,-0.00003640000,0.00,-0.01000
,,,-0.00003639000,0.00,-0.01200
,,,-0.00003638000,0.08000,-0.01200
,,,-0.00003637000,0.08000,-0.01400
,,,-0.00003636000,0.08000,-0.01200
,,,-0.00003635000,0.08000,-0.01400
,,,-0.00003634000,0.08000,-0.01400
,,,-0.00003633000,0.08000,-0.01200
,,,-0.00003632000,0.16000,-0.01200
,,,-0.00003631000,0.08000,-0.01000
,,,-0.00003630000,0.08000,-0.01200
,,,-0.00003629000,0.08000,-0.01400
,,,-0.00003628000,0.08000,-0.01600
,,,-0.00003627000,0.16000,-0.01600
,,,-0.00003626000,0.24000,-0.01600
,,,-0.00003625000,0.24000,-0.01600
,,,-0.00003624000,0.24000,-0.01600
,,,-0.00003623000,0.16000,-0.01400
,,,-0.00003622000,0.24000,-0.01600
,,,-0.00003621000,0.24000,-0.01600
,,,-0.00003620000,0.24000,-0.01600
,,,-0.00003619000,0.24000,-0.01800
,,,-0.00003618000,0.24000,-0.02000
,,,-0.00003617000,0.24000,-0.01800
,,,-0.00003616000,0.24000,-0.02000
,,,-0.00003615000,0.24000,-0.01800
,,,-0.00003614000,0.24000,-0.01200
,,,-0.00003613000,0.24000,-0.00600
,,,-0.00003612000,0.24000,-0.00400
,,,-0.00003611000,0.32000,0.00
,,,-0.00003610000,0.32000,0.00400
,,,-0.00003609000,0.24000,0.00600
,,,-0.00003608000,0.32000,0.00400
,,,-0.00003607000,0.32000,0.00400
,,,-0.00003606000,0.32000,0.00400
,,,-0.00003605000,0.32000,0.00200
,,,-0.00003604000,0.32000,0.00
,,,-0.00003603000,0.32000,0.00400
,,,-0.00003602000,0.40000,0.00400
,,,-0.00003601000,0.40000,0.00400
,,,-0.00003600000,0.40000,0.00600
,,,-0.00003599000,0.40000,0.00800
,,,-0.00003598000,0.40000,0.01000
,,,-0.00003597000,0.40000,0.00800
,,,-0.00003596000,0.40000,0.00800
,,,-0.00003595000,0.40000,0.01000
,,,-0.00003594000,0.40000,0.00800
,,,-0.00003593000,0.40000,0.00800
,,,-0.00003592000,0.40000,0.01200
,,,-0.00003591000,0.40000,0.01200
,,,-0.00003590000,0.48000,0.01200
,,,-0.00003589000,0.48000,0.01400
,,,-0.00003588000,0.40000,0.01200
,,,-0.00003587000,0.48000,0.01200
,,,-0.00003586000,0.48000,0.01000
,,,-0.00003585000,0.48000,0.00800
,,,-0.00003584000,0.48000,0.00600
,,,-0.00003583000,0.48000,0.00600
,,,-0.00003582000,0.56000,0.00800
,,,-0.00003581000,0.48000,0.01200
,,,-0.00003580000,0.48000,0.01400
,,,-0.00003579000,0.56000,0.02000
,,,-0.00003578000,0.48000,0.02400
,,,-0.00003577000,0.56000,0.02400
,,,-0.00003576000,0.56000,0.02600
,,,-0.00003575000,0.56000,0.02400
,,,-0.00003574000,0.56000,0.02400
,,,-0.00003573000,0.64000,0.02000
,,,-0.00003572000,0.64000,0.01400
,,,-0.00003571000,0.64000,0.00800
,,,-0.00003570000,0.64000,0.00400
,,,-0.00003569000,0.64000,0.00
,,,-0.00003568000,0.64000,0.00
,,,-0.00003567000,0.64000,0.00
,,,-0.00003566000,0.64000,0.00200
,,,-0.00003565000,0.64000,0.00600
,,,-0.00003564000,0.72000,0.00800
,,,-0.00003563000,0.64000,0.00800
,,,-0.00003562000,0.64000,0.00800
,,,-0.00003561000,0.72000,0.00600
,,,-0.00003560000,0.72000,0.00400
,,,-0.00003559000,0.72000,0.00
,,,-0.00003558000,0.72000,-0.00400
,,,-0.00003557000,0.72000,-0.00600
,,,-0.00003556000,0.72000,-0.00800
,,,-0.00003555000,0.72000,-0.01000
,,,-0.00003554000,0.80000,-0.01000
,,,-0.00003553000,0.80000,-0.01000
,,,-0.00003552000,0.72000,-0.01000
,,,-0.00003551000,0.72000,-0.01000
,,,-0.00003550000,0.80000,-0.01000
,,,-0.00003549000,0.80000,-0.01000
,,,-0.00003548000,0.88000,-0.00800
,,,-0.00003547000,0.80000,-0.00800
,,,-0.00003546000,0.88000,-0.00400
,,,-0.00003545000,0.80000,-0.00400
,,,-0.00003544000,0.88000,-0.00400
,,,-0.00003543000,0.88000,-0.00400
,,,-0.00003542000,0.88000,-0.00600
,,,-0.00003541000,0.88000,-0.00800
,,,-0.00003540000,0.88000,-0.01200
,,,-0.00003539000,0.88000,-0.01600
,,,-0.00003538000,0.88000,-0.01800
,,,-0.00003537000,0.88000,-0.02000
,,,-0.00003536000,0.88000,-0.02000
,,,-0.00003535000,0.88000,-0.02000
,,,-0.00003534000,0.96000,-0.01800
,,,-0.00003533000,0.96000,-0.01600
,,,-0.00003532000,0.88000,-0.01200
,,,-0.00003531000,0.96000,-0.01000
,,,-0.00003530000,0.96000,-0.01000
,,,-0.00003529000,0.96000,-0.01200
,,,-0.00003528000,0.96000,-0.01200
,,,-0.00003527000,0.96000,-0.01400
,,,-0.00003526000,0.96000,-0.01400
,,,-0.00003525000,0.96000,-0.01600
,,,-0.00003524000,0.96000,-0.01600
,,,-0.00003523000,0.96000,-0.01600
,,,-0.00003522000,1.04000,-0.01400
,,,-0.00003521000,1.04000,-0.01200
,,,-0.00003520000,1.04000,-0.01000
,,,-0.00003519000,1.04000,-0.00800
,,,-0.00003518000,1.04000,-0.00400
,,,-0.00003517000,1.04000,-0.00400
,,,-0.00003516000,1.04000,0.00
,,,-0.00003515000,1.04000,0.00400
,,,-0.00003514000,1.04000,0.00400
,,,-0.00003513000,1.04000,0.00600
,,,-0.00003512000,1.04000,0.00800
,,,-0.00003511000,1.12000,0.00800
,,,-0.00003510000,1.12000,0.01000
,,,-0.00003509000,1.12000,0.00800
,,,-0.00003508000,1.20000,0.00800
,,,-0.00003507000,1.20000,0.00400
,,,-0.00003506000,1.12000,0.00200
,,,-0.00003505000,1.12000,0.00
,,,-0.00003504000,1.20000,0.00
,,,-0.00003503000,1.20000,0.00
,,,-0.00003502000,1.12000,0.00
,,,-0.00003501000,1.20000,0.00400
,,,-0.00003500000,1.20000,0.00600
,,,-0.00003499000,1.20000,0.00800
,,,-0.00003498000,1.28000,0.01200
,,,-0.00003497000,1.28000,0.01200
,,,-0.00003496000,1.28000,0.01400
,,,-0.00003495000,1.20000,0.01200
,,,-0.00003494000,1.20000,0.01200
,,,-0.00003493000,1.28000,0.01200
,,,-0.00003492000,1.28000,0.01000
,,,-0.00003491000,1.28000,0.01200
,,,-0.00003490000,1.28000,0.01200
,,,-0.00003489000,1.28000,0.01400
,,,-0.00003488000,1.28000,0.01600
,,,-0.00003487000,1.28000,0.01600
,,,-0.00003486000,1.28000,0.01800
,,,-0.00003485000,1.28000,0.02000
,,,-0.00003484000,1.28000,0.02000
,,,-0.00003483000,1.36000,0.02000
,,,-0.00003482000,1.28000,0.02200
,,,-0.00003481000,1.36000,0.02200
,,,-0.00003480000,1.36000,0.02200
,,,-0.00003479000,1.36000,0.02000
,,,-0.00003478000,1.44000,0.02000
,,,-0.00003477000,1.44000,0.01600
,,,-0.00003476000,1.36000,0.01200
,,,-0.00003475000,1.36000,0.00800
,,,-0.00003474000,1.44000,0.00400
,,,-0.00003473000,1.52000,0.00
,,,-0.00003472000,1.36000,0.00
,,,-0.00003471000,1.44000,0.00
,,,-0.00003470000,1.44000,0.00
,,,-0.00003469000,1.52000,0.00200
,,,-0.00003468000,1.52000,0.00600
,,,-0.00003467000,1.52000,0.00600
,,,-0.00003466000,1.52000,0.00800
,,,-0.00003465000,1.44000,0.01000
,,,-0.00003464000,1.52000,0.00800
,,,-0.00003463000,1.52000,0.00600
,,,-0.00003462000,1.52000,0.00400
,,,-0.00003461000,1.52000,0.00
,,,-0.00003460000,1.52000,-0.00200
,,,-0.00003459000,1.52000,-0.00400
,,,-0.00003458000,1.60000,-0.00800
,,,-0.00003457000,1.52000,-0.00800
,,,-0.00003456000,1.52000,-0.00600
,,,-0.00003455000,1.60000,-0.00400
,,,-0.00003454000,1.52000,-0.00200
,,,-0.00003453000,1.60000,-0.00200
,,,-0.00003452000,1.60000,-0.00200
,,,-0.00003451000,1.60000,-0.00200
,,,-0.00003450000,1.60000,-0.00400
,,,-0.00003449000,1.60000,-0.00800
,,,-0.00003448000,1.60000,-0.01200
,,,-0.00003447000,1.60000,-0.01600
,,,-0.00003446000,1.60000,-0.01600
,,,-0.00003445000,1.60000,-0.02000
,,,-0.00003444000,1.60000,-0.02000
,,,-0.00003443000,1.68000,-0.02000
,,,-0.00003442000,1.68000,-0.02200
,,,-0.00003441000,1.60000,-0.02400
,,,-0.00003440000,1.68000,-0.02600
,,,-0.00003439000,1.68000,-0.02600
,,,-0.00003438000,1.68000,-0.02600
,,,-0.00003437000,1.68000,-0.02600
,,,-0.00003436000,1.68000,-0.02400
,,,-0.00003435000,1.68000,-0.02000
,,,-0.00003434000,1.68000,-0.01800
,,,-0.00003433000,1.68000,-0.01600
,,,-0.00003432000,1.68000,-0.01200
,,,-0.00003431000,1.68000,-0.01200
,,,-0.00003430000,1.76000,-0.01200
,,,-0.00003429000,1.68000,-0.01400
,,,-0.00003428000,1.68000,-0.01800
,,,-0.00003427000,1.76000,-0.01800
,,,-0.00003426000,1.76000,-0.02200
,,,-0.00003425000,1.84000,-0.02200
,,,-0.00003424000,1.76000,-0.02000
,,,-0.00003423000,1.76000,-0.01800
,,,-0.00003422000,1.84000,-0.01600
,,,-0.00003421000,1.84000,-0.01000
,,,-0.00003420000,1.84000,-0.01000
,,,-0.00003419000,1.84000,-0.00800
,,,-0.00003418000,1.84000,-0.00800
,,,-0.00003417000,1.76000,-0.00800
,,,-0.00003416000,1.84000,-0.00800
,,,-0.00003415000,1.84000,-0.01000
,,,-0.00003414000,1.84000,-0.01000
,,,-0.00003413000,1.84000,-0.01000
,,,-0.00003412000,1.84000,-0.01000
,,,-0.00003411000,1.92000,-0.00800
,,,-0.00003410000,1.92000,-0.00800
,,,-0.00003409000,1.92000,-0.00800
,,,-0.00003408000,1.92000,-0.00400
,,,-0.00003407000,1.84000,-0.00200
,,,-0.00003406000,1.92000,-0.00200
,,,-0.00003405000,1.92000,-0.00200
,,,-0.00003404000,1.92000,0.00
,,,-0.00003403000,1.92000,0.00200
,,,-0.00003402000,1.92000,0.00800
,,,-0.00003401000,1.92000,0.01000
,,,-0.00003400000,1.92000,0.01400
,,,-0.00003399000,2.00000,0.01600
,,,-0.00003398000,2.00000,0.02000
,,,-0.00003397000,2.00000,0.02200
,,,-0.00003396000,2.08000,0.02000
,,,-0.00003395000,1.92000,0.01600
,,,-0.00003394000,2.08000,0.01400
,,,-0.00003393000,2.00000,0.00800
,,,-0.00003392000,2.08000,0.00800
,,,-0.00003391000,2.00000,0.00800
,,,-0.00003390000,2.00000,0.01200
,,,-0.00003389000,2.00000,0.01200
,,,-0.00003388000,2.16000,0.01600
,,,-0.00003387000,2.08000,0.01600
,,,-0.00003386000,2.16000,0.01800
,,,-0.00003385000,2.16000,0.01600
,,,-0.00003384000,2.08000,0.01200
,,,-0.00003383000,2.16000,0.01000
,,,-0.00003382000,2.16000,0.00800
,,,-0.00003381000,2.16000,0.00400
,,,-0.00003380000,2.16000,0.00
,,,-0.00003379000,2.16000,0.00
,,,-0.00003378000,2.16000,0.00200
,,,-0.00003377000,2.16000,0.00400
,,,-0.00003376000,2.16000,0.00600
,,,-0.00003375000,2.16000,0.01000
,,,-0.00003374000,2.16000,0.01200
,,,-0.00003373000,2.16000,0.01200
,,,-0.00003372000,2.16000,0.01400
,,,-0.00003371000,2.24000,0.01200
,,,-0.00003370000,2.16000,0.00800
,,,-0.00003369000,2.24000,0.00600
,,,-0.00003368000,2.24000,0.00400
,,,-0.00003367000,2.16000,0.00400
,,,-0.00003366000,2.24000,0.00400
,,,-0.00003365000,2.24000,0.00400
,,,-0.00003364000,2.24000,0.00400
,,,-0.00003363000,2.32000,0.00
,,,-0.00003362000,2.24000,0.00
,,,-0.00003361000,2.32000,-0.00200
,,,-0.00003360000,2.24000,-0.00400
,,,-0.00003359000,2.24000,-0.00800
,,,-0.00003358000,2.32000,-0.00800
,,,-0.00003357000,2.24000,-0.01000
,,,-0.00003356000,2.32000,-0.01200
,,,-0.00003355000,2.32000,-0.01000
,,,-0.00003354000,2.32000,-0.01000
,,,-0.00003353000,2.32000,-0.01000
,,,-0.00003352000,2.32000,-0.01200
,,,-0.00003351000,2.32000,-0.01400
,,,-0.00003350000,2.32000,-0.01600
,,,-0.00003349000,2.40000,-0.01800
,,,-0.00003348000,2.32000,-0.02000
,,,-0.00003347000,2.40000,-0.02400
,,,-0.00003346000,2.40000,-0.02400
,,,-0.00003345000,2.32000,-0.02400
,,,-0.00003344000,2.40000,-0.02000
,,,-0.00003343000,2.48000,-0.01800
,,,-0.00003342000,2.40000,-0.01200
,,,-0.00003341000,2.48000,-0.00800
,,,-0.00003340000,2.40000,-0.00600
,,,-0.00003339000,2.40000,-0.00600
,,,-0.00003338000,2.48000,-0.00800
,,,-0.00003337000,2.40000,-0.01200
,,,-0.00003336000,2.48000,-0.01400
,,,-0.00003335000,2.48000,-0.01800
,,,-0.00003334000,2.48000,-0.02200
,,,-0.00003333000,2.48000,-0.02000
,,,-0.00003332000,2.48000,-0.02400
,,,-0.00003331000,2.48000,-0.02200
,,,-0.00003330000,2.56000,-0.02000
,,,-0.00003329000,2.48000,-0.02000
,,,-0.00003328000,2.56000,-0.01600
,,,-0.00003327000,2.48000,-0.01600
,,,-0.00003326000,2.56000,-0.01600
,,,-0.00003325000,2.56000,-0.01600
,,,-0.00003324000,2.56000,-0.01600
,,,-0.00003323000,2.56000,-0.01600
,,,-0.00003322000,2.56000,-0.01000
,,,-0.00003321000,2.56000,-0.01200
,,,-0.00003320000,2.56000,-0.00800
,,,-0.00003319000,2.64000,-0.00800
,,,-0.00003318000,2.56000,-0.00800
,,,-0.00003317000,2.56000,-0.00600
,,,-0.00003316000,2.56000,-0.00800
,,,-0.00003315000,2.56000,-0.00800
,,,-0.00003314000,2.56000,-0.00800
,,,-0.00003313000,2.64000,-0.00800
,,,-0.00003312000,2.64000,-0.00600
,,,-0.00003311000,2.64000,-0.00200
,,,-0.00003310000,2.64000,0.00
,,,-0.00003309000,2.64000,0.00600
,,,-0.00003308000,2.64000,0.01000
,,,-0.00003307000,2.64000,0.01200
,,,-0.00003306000,2.64000,0.01600
,,,-0.00003305000,2.64000,0.01200
,,,-0.00003304000,2.64000,0.00800
,,,-0.00003303000,2.64000,0.00600
,,,-0.00003302000,2.64000,0.00400
,,,-0.00003301000,2.64000,0.00
,,,-0.00003300000,2.80000,-0.00200
,,,-0.00003299000,2.80000,-0.00200
,,,-0.00003298000,2.80000,-0.00200
,,,-0.00003297000,2.72000,0.00200
,,,-0.00003296000,2.72000,0.00400
,,,-0.00003295000,2.80000,0.00800
,,,-0.00003294000,2.80000,0.01200
,,,-0.00003293000,2.64000,0.01200
,,,-0.00003292000,2.80000,0.01400
,,,-0.00003291000,2.80000,0.01400
,,,-0.00003290000,2.80000,0.01400
,,,-0.00003289000,2.80000,0.01400
,,,-0.00003288000,2.80000,0.01200
,,,-0.00003287000,2.80000,0.01400
,,,-0.00003286000,2.80000,0.01400
,,,-0.00003285000,2.88000,0.01200
,,,-0.00003284000,2.80000,0.01400
,,,-0.00003283000,2.88000,0.01200
,,,-0.00003282000,2.88000,0.01000
,,,-0.00003281000,2.88000,0.00800
,,,-0.00003280000,2.80000,0.00800
,,,-0.00003279000,2.80000,0.00800
,,,-0.00003278000,2.88000,0.00800
,,,-0.00003277000,2.88000,0.00800
,,,-0.00003276000,2.88000,0.01200
,,,-0.00003275000,2.88000,0.01200
,,,-0.00003274000,2.88000,0.01400
,,,-0.00003273000,2.96000,0.01200
,,,-0.00003272000,2.96000,0.00800
,,,-0.00003271000,2.96000,0.00400
,,,-0.00003270000,2.88000,0.00
,,,-0.00003269000,2.88000,-0.00800
,,,-0.00003268000,2.88000,-0.01200
,,,-0.00003267000,2.88000,-0.01600
,,,-0.00003266000,2.88000,-0.01600
,,,-0.00003265000,2.88000,-0.01600
,,,-0.00003264000,2.88000,-0.01200
,,,-0.00003263000,2.96000,-0.01000
,,,-0.00003262000,2.88000,-0.00600
,,,-0.00003261000,2.96000,-0.00400
,,,-0.00003260000,2.96000,-0.00400
,,,-0.00003259000,2.96000,-0.00400
,,,-0.00003258000,2.96000,-0.00400
,,,-0.00003257000,2.96000,-0.00800
,,,-0.00003256000,2.96000,-0.00800
,,,-0.00003255000,2.96000,-0.01400
,,,-0.00003254000,2.96000,-0.01600
,,,-0.00003253000,2.96000,-0.01800
,,,-0.00003252000,2.96000,-0.02000
,,,-0.00003251000,2.96000,-0.02000
,,,-0.00003250000,3.04000,-0.02000
,,,-0.00003249000,2.96000,-0.02000
,,,-0.00003248000,3.04000,-0.02000
,,,-0.00003247000,2.96000,-0.01800
,,,-0.00003246000,3.04000,-0.01800
,,,-0.00003245000,3.04000,-0.01800
,,,-0.00003244000,3.04000,-0.02000
,,,-0.00003243000,3.04000,-0.02000
,,,-0.00003242000,3.12000,-0.02000
,,,-0.00003241000,3.12000,-0.02200
,,,-0.00003240000,3.04000,-0.02200
,,,-0.00003239000,3.12000,-0.02400
,,,-0.00003238000,3.12000,-0.02400
,,,-0.00003237000,3.12000,-0.02600
,,,-0.00003236000,3.12000,-0.02600
,,,-0.00003235000,3.12000,-0.02800
,,,-0.00003234000,3.12000,-0.02800
,,,-0.00003233000,3.20000,-0.02800
,,,-0.00003232000,3.12000,-0.02600
,,,-0.00003231000,3.20000,-0.02200
,,,-0.00003230000,3.20000,-0.01800
,,,-0.00003229000,3.20000,-0.01600
,,,-0.00003228000,3.20000,-0.01200
,,,-0.00003227000,3.20000,-0.01000
,,,-0.00003226000,3.20000,-0.00800
,,,-0.00003225000,3.20000,-0.01000
,,,-0.00003224000,3.20000,-0.01200
,,,-0.00003223000,3.20000,-0.01200
,,,-0.00003222000,3.20000,-0.01400
,,,-0.00003221000,3.20000,-0.01600
,,,-0.00003220000,3.20000,-0.01600
,,,-0.00003219000,3.20000,-0.01600
,,,-0.00003218000,3.20000,-0.01200
,,,-0.00003217000,3.20000,-0.01000
,,,-0.00003216000,3.20000,-0.01000
,,,-0.00003215000,3.28000,-0.00600
,,,-0.00003214000,3.20000,-0.00400
,,,-0.00003213000,3.28000,-0.00400
,,,-0.00003212000,3.28000,-0.00200
,,,-0.00003211000,3.28000,0.00
,,,-0.00003210000,3.20000,0.00
,,,-0.00003209000,3.28000,0.00
,,,-0.00003208000,3.28000,0.00200
,,,-0.00003207000,3.28000,0.00
,,,-0.00003206000,3.28000,0.00
,,,-0.00003205000,3.28000,-0.00200
,,,-0.00003204000,3.28000,-0.00200
,,,-0.00003203000,3.28000,-0.00200
,,,-0.00003202000,3.36000,-0.00200
,,,-0.00003201000,3.28000,0.00
,,,-0.00003200000,3.52000,0.00400
,,,-0.00003199000,3.36000,0.00600
,,,-0.00003198000,3.36000,0.01200
,,,-0.00003197000,3.28000,0.01400
,,,-0.00003196000,3.36000,0.01600
,,,-0.00003195000,3.36000,0.01600
,,,-0.00003194000,3.52000,0.01400
,,,-0.00003193000,3.36000,0.01400
,,,-0.00003192000,3.52000,0.01200
,,,-0.00003191000,3.52000,0.00800
,,,-0.00003190000,3.52000,0.00600
,,,-0.00003189000,3.52000,0.00400
,,,-0.00003188000,3.52000,0.00400
,,,-0.00003187000,3.52000,0.00400
,,,-0.00003186000,3.52000,0.00600
,,,-0.00003185000,3.52000,0.00800
,,,-0.00003184000,3.52000,0.00800
,,,-0.00003183000,3.52000,0.00800
,,,-0.00003182000,3.52000,0.01200
,,,-0.00003181000,3.52000,0.01200
,,,-0.00003180000,3.52000,0.01000
,,,-0.00003179000,3.60000,0.01000
,,,-0.00003178000,3.60000,0.00800
,,,-0.00003177000,3.52000,0.00800
,,,-0.00003176000,3.60000,0.00600
,,,-0.00003175000,3.60000,0.00400
,,,-0.00003174000,3.52000,0.00400
,,,-0.00003173000,3.60000,0.00200
,,,-0.00003172000,3.52000,-0.00200
,,,-0.00003171000,3.60000,-0.00400
,,,-0.00003170000,3.60000,-0.00400
,,,-0.00003169000,3.60000,-0.00600
,,,-0.00003168000,3.52000,-0.00600
,,,-0.00003167000,3.60000,-0.00200
,,,-0.00003166000,3.68000,-0.00200
,,,-0.00003165000,3.60000,0.00
,,,-0.00003164000,3.60000,0.00200
,,,-0.00003163000,3.60000,0.00400
,,,-0.00003162000,3.60000,0.00400
,,,-0.00003161000,3.60000,0.00
,,,-0.00003160000,3.68000,-0.00400
,,,-0.00003159000,3.68000,-0.00800
,,,-0.00003158000,3.68000,-0.01200
,,,-0.00003157000,3.68000,-0.01600
,,,-0.00003156000,3.60000,-0.01800
,,,-0.00003155000,3.68000,-0.02000
,,,-0.00003154000,3.68000,-0.01600
,,,-0.00003153000,3.68000,-0.01800
,,,-0.00003152000,3.60000,-0.01400
,,,-0.00003151000,3.68000,-0.01200
,,,-0.00003150000,3.68000,-0.01000
,,,-0.00003149000,3.68000,-0.01000
,,,-0.00003148000,3.68000,-0.01200
,,,-0.00003147000,3.68000,-0.01600
,,,-0.00003146000,3.76000,-0.01600
,,,-0.00003145000,3.68000,-0.02000
,,,-0.00003144000,3.68000,-0.02000
,,,-0.00003143000,3.76000,-0.02000
,,,-0.00003142000,3.68000,-0.02200
,,,-0.00003141000,3.76000,-0.02200
,,,-0.00003140000,3.76000,-0.02000
,,,-0.00003139000,3.76000,-0.02200
,,,-0.00003138000,3.68000,-0.02000
,,,-0.00003137000,3.76000,-0.02000
,,,-0.00003136000,3.76000,-0.02000
,,,-0.00003135000,3.76000,-0.01800
,,,-0.00003134000,3.68000,-0.01800
,,,-0.00003133000,3.76000,-0.01800
,,,-0.00003132000,3.84000,-0.01800
,,,-0.00003131000,3.76000,-0.01800
,,,-0.00003130000,3.76000,-0.01800
,,,-0.00003129000,3.76000,-0.01800
,,,-0.00003128000,3.84000,-0.01800
,,,-0.00003127000,3.76000,-0.01800
,,,-0.00003126000,3.84000,-0.01800
,,,-0.00003125000,3.84000,-0.01800
,,,-0.00003124000,3.84000,-0.01800
,,,-0.00003123000,3.84000,-0.01600
,,,-0.00003122000,3.84000,-0.01600
,,,-0.00003121000,3.84000,-0.01400
,,,-0.00003120000,3.84000,-0.01000
,,,-0.00003119000,3.84000,-0.00600
,,,-0.00003118000,3.92000,-0.00200
,,,-0.00003117000,3.84000,0.00
,,,-0.00003116000,3.92000,0.00200
,,,-0.00003115000,3.92000,0.00200
,,,-0.00003114000,3.84000,0.00200
,,,-0.00003113000,3.84000,0.00
,,,-0.00003112000,3.92000,-0.00200
,,,-0.00003111000,3.92000,-0.00400
,,,-0.00003110000,3.92000,-0.00200
,,,-0.00003109000,3.92000,-0.00200
,,,-0.00003108000,3.92000,0.00
,,,-0.00003107000,3.92000,0.00600
,,,-0.00003106000,3.92000,0.00800
,,,-0.00003105000,3.92000,0.00800
,,,-0.00003104000,3.92000,0.00800
,,,-0.00003103000,3.92000,0.00800
,,,-0.00003102000,3.92000,0.01000
,,,-0.00003101000,4.00000,0.01000
,,,-0.00003100000,3.92000,0.00800
,,,-0.00003099000,4.00000,0.01000
,,,-0.00003098000,4.00000,0.01000
,,,-0.00003097000,3.92000,0.01000
,,,-0.00003096000,3.92000,0.01000
,,,-0.00003095000,3.92000,0.00800
,,,-0.00003094000,4.00000,0.01000
,,,-0.00003093000,3.92000,0.00800
,,,-0.00003092000,4.00000,0.00800
,,,-0.00003091000,3.92000,0.00600
,,,-0.00003090000,3.92000,0.00600
,,,-0.00003089000,4.00000,0.00600
,,,-0.00003088000,4.00000,0.00800
,,,-0.00003087000,3.92000,0.01200
,,,-0.00003086000,4.00000,0.01400
,,,-0.00003085000,4.00000,0.01600
,,,-0.00003084000,4.00000,0.01800
,,,-0.00003083000,4.00000,0.01800
,,,-0.00003082000,4.00000,0.01600
,,,-0.00003081000,4.00000,0.00800
,,,-0.00003080000,4.00000,0.00400
,,,-0.00003079000,4.00000,0.00
,,,-0.00003078000,4.00000,-0.00400
,,,-0.00003077000,4.00000,-0.00600
,,,-0.00003076000,4.08000,-0.00600
,,,-0.00003075000,4.16000,-0.00400
,,,-0.00003074000,4.00000,0.00
,,,-0.00003073000,4.16000,0.00400
,,,-0.00003072000,4.16000,0.00400
,,,-0.00003071000,4.08000,0.00800
,,,-0.00003070000,4.00000,0.00600
,,,-0.00003069000,4.16000,0.00400
,,,-0.00003068000,4.16000,0.00
,,,-0.00003067000,4.16000,-0.00400
,,,-0.00003066000,4.16000,-0.01000
,,,-0.00003065000,4.16000,-0.01600
,,,-0.00003064000,4.16000,-0.01800
,,,-0.00003063000,4.16000,-0.02000
,,,-0.00003062000,4.16000,-0.01800
,,,-0.00003061000,4.16000,-0.01800
,,,-0.00003060000,4.16000,-0.01600
,,,-0.00003059000,4.16000,-0.01600
,,,-0.00003058000,4.16000,-0.01400
,,,-0.00003057000,4.16000,-0.01400
,,,-0.00003056000,4.16000,-0.01600
,,,-0.00003055000,4.24000,-0.01600
,,,-0.00003054000,4.16000,-0.01800
,,,-0.00003053000,4.16000,-0.01800
,,,-0.00003052000,4.16000,-0.01800
,,,-0.00003051000,4.16000,-0.01800
,,,-0.00003050000,4.16000,-0.02000
,,,-0.00003049000,4.24000,-0.02000
,,,-0.00003048000,4.24000,-0.02200
,,,-0.00003047000,4.16000,-0.02600
,,,-0.00003046000,4.16000,-0.02800
,,,-0.00003045000,4.24000,-0.03000
,,,-0.00003044000,4.24000,-0.03000
,,,-0.00003043000,4.16000,-0.03200
,,,-0.00003042000,4.24000,-0.02800
,,,-0.00003041000,4.16000,-0.02600
,,,-0.00003040000,4.24000,-0.02200
,,,-0.00003039000,4.24000,-0.01800
,,,-0.00003038000,4.24000,-0.01600
,,,-0.00003037000,4.24000,-0.01600
,,,-0.00003036000,4.24000,-0.01400
,,,-0.00003035000,4.24000,-0.01600
,,,-0.00003034000,4.24000,-0.02000
,,,-0.00003033000,4.24000,-0.02400
,,,-0.00003032000,4.24000,-0.02600
,,,-0.00003031000,4.24000,-0.02800
,,,-0.00003030000,4.24000,-0.02800
,,,-0.00003029000,4.24000,-0.02600
,,,-0.00003028000,4.24000,-0.02400
,,,-0.00003027000,4.32000,-0.01800
,,,-0.00003026000,4.32000,-0.01400
,,,-0.00003025000,4.32000,-0.01000
,,,-0.00003024000,4.24000,-0.00600
,,,-0.00003023000,4.32000,-0.00600
,,,-0.00003022000,4.32000,-0.00400
,,,-0.00003021000,4.32000,-0.00400
,,,-0.00003020000,4.32000,-0.00400
,,,-0.00003019000,4.32000,-0.00200
,,,-0.00003018000,4.32000,-0.00200
,,,-0.00003017000,4.32000,-0.00200
,,,-0.00003016000,4.32000,0.00
,,,-0.00003015000,4.32000,-0.00200
,,,-0.00003014000,4.32000,0.00
,,,-0.00003013000,4.32000,-0.00200
,,,-0.00003012000,4.32000,-0.00200
,,,-0.00003011000,4.32000,-0.00400
,,,-0.00003010000,4.32000,-0.00400
,,,-0.00003009000,4.32000,-0.00200
,,,-0.00003008000,4.40000,0.00
,,,-0.00003007000,4.32000,0.00400
,,,-0.00003006000,4.32000,0.01000
,,,-0.00003005000,4.40000,0.01200
,,,-0.00003004000,4.32000,0.01600
,,,-0.00003003000,4.40000,0.01600
,,,-0.00003002000,4.32000,0.01800
,,,-0.00003001000,4.40000,0.01400
,,,-0.00003000000,4.32000,0.01200
,,,-0.00002999000,4.40000,0.00800
,,,-0.00002998000,4.40000,0.00600
,,,-0.00002997000,4.40000,0.00600
,,,-0.00002996000,4.40000,0.00800
,,,-0.00002995000,4.40000,0.01200
,,,-0.00002994000,4.40000,0.01600
,,,-0.00002993000,4.40000,0.01800
,,,-0.00002992000,4.40000,0.02200
,,,-0.00002991000,4.40000,0.02400
,,,-0.00002990000,4.40000,0.02200
,,,-0.00002989000,4.48000,0.02200
,,,-0.00002988000,4.48000,0.02000
,,,-0.00002987000,4.40000,0.01400
,,,-0.00002986000,4.40000,0.01400
,,,-0.00002985000,4.40000,0.00800
,,,-0.00002984000,4.40000,0.00800
,,,-0.00002983000,4.40000,0.00600
,,,-0.00002982000,4.48000,0.00600
,,,-0.00002981000,4.48000,0.00600
,,,-0.00002980000,4.48000,0.00400
,,,-0.00002979000,4.48000,0.00400
,,,-0.00002978000,4.40000,0.00400
,,,-0.00002977000,4.48000,0.00400
,,,-0.00002976000,4.48000,0.00600
,,,-0.00002975000,4.48000,0.00600
,,,-0.00002974000,4.48000,0.00600
,,,-0.00002973000,4.40000,0.00600
,,,-0.00002972000,4.48000,0.00600
,,,-0.00002971000,4.48000,0.00400
,,,-0.00002970000,4.48000,0.00200
,,,-0.00002969000,4.48000,-0.00200
,,,-0.00002968000,4.48000,-0.00400
,,,-0.00002967000,4.48000,-0.00600
,,,-0.00002966000,4.48000,-0.00800
,,,-0.00002965000,4.48000,-0.01000
,,,-0.00002964000,4.48000,-0.00800
,,,-0.00002963000,4.56000,-0.01000
,,,-0.00002962000,4.56000,-0.00800
,,,-0.00002961000,4.48000,-0.00800
,,,-0.00002960000,4.48000,-0.00800
,,,-0.00002959000,4.48000,-0.00600
,,,-0.00002958000,4.56000,-0.00800
,,,-0.00002957000,4.56000,-0.01000
,,,-0.00002956000,4.48000,-0.01200
,,,-0.00002955000,4.56000,-0.01800
,,,-0.00002954000,4.56000,-0.02000
,,,-0.00002953000,4.56000,-0.02400
,,,-0.00002952000,4.56000,-0.02400
,,,-0.00002951000,4.48000,-0.02800
,,,-0.00002950000,4.56000,-0.02600
,,,-0.00002949000,4.56000,-0.02400
,,,-0.00002948000,4.56000,-0.02200
,,,-0.00002947000,4.56000,-0.02000
,,,-0.00002946000,4.56000,-0.02000
,,,-0.00002945000,4.56000,-0.02000
,,,-0.00002944000,4.56000,-0.01800
,,,-0.00002943000,4.56000,-0.01600
,,,-0.00002942000,4.56000,-0.01600
,,,-0.00002941000,4.56000,-0.01600
,,,-0.00002940000,4.56000,-0.01200
,,,-0.00002939000,4.56000,-0.01200
,,,-0.00002938000,4.56000,-0.01200
,,,-0.00002937000,4.56000,-0.01200
,,,-0.00002936000,4.56000,-0.01000
,,,-0.00002935000,4.56000,-0.01000
,,,-0.00002934000,4.56000,-0.01200
,,,-0.00002933000,4.56000,-0.01400
,,,-0.00002932000,4.56000,-0.01200
,,,-0.00002931000,4.56000,-0.01200
,,,-0.00002930000,4.56000,-0.01400
,,,-0.00002929000,4.56000,-0.01200
,,,-0.00002928000,4.64000,-0.00400
,,,-0.00002927000,4.56000,-0.00400
,,,-0.00002926000,4.56000,-0.00400
,,,-0.00002925000,4.64000,0.00
,,,-0.00002924000,4.64000,0.00
,,,-0.00002923000,4.56000,-0.00200
,,,-0.00002922000,4.64000,-0.00200
,,,-0.00002921000,4.56000,-0.00200
,,,-0.00002920000,4.64000,-0.00400
,,,-0.00002919000,4.56000,-0.00800
,,,-0.00002918000,4.64000,-0.00400
,,,-0.00002917000,4.56000,-0.00400
,,,-0.00002916000,4.64000,-0.00400
,,,-0.00002915000,4.56000,0.00
,,,-0.00002914000,4.64000,0.00400
,,,-0.00002913000,4.64000,0.00600
,,,-0.00002912000,4.64000,0.01200
,,,-0.00002911000,4.56000,0.01400
,,,-0.00002910000,4.64000,0.01400
,,,-0.00002909000,4.64000,0.02000
,,,-0.00002908000,4.64000,0.02200
,,,-0.00002907000,4.64000,0.01600
,,,-0.00002906000,4.64000,0.01600
,,,-0.00002905000,4.64000,0.01400
,,,-0.00002904000,4.64000,0.01800
,,,-0.00002903000,4.64000,0.01200
,,,-0.00002902000,4.64000,0.01200
,,,-0.00002901000,4.64000,0.01200
,,,-0.00002900000,4.64000,0.01200
,,,-0.00002899000,4.64000,0.01200
,,,-0.00002898000,4.64000,0.01200
,,,-0.00002897000,4.64000,0.01200
,,,-0.00002896000,4.64000,0.01000
,,,-0.00002895000,4.64000,0.01200
,,,-0.00002894000,4.64000,0.01800
,,,-0.00002893000,4.64000,0.01400
,,,-0.00002892000,4.64000,0.01000
,,,-0.00002891000,4.64000,0.00800
,,,-0.00002890000,4.64000,0.00800
,,,-0.00002889000,4.64000,0.00400
,,,-0.00002888000,4.64000,0.00200
,,,-0.00002887000,4.64000,0.00
,,,-0.00002886000,4.72000,0.00
,,,-0.00002885000,4.72000,0.00200
,,,-0.00002884000,4.72000,0.00800
,,,-0.00002883000,4.64000,0.00800
,,,-0.00002882000,4.64000,0.00800
,,,-0.00002881000,4.72000,0.01200
,,,-0.00002880000,4.80000,0.01200
,,,-0.00002879000,4.64000,0.01000
,,,-0.00002878000,4.80000,0.00800
,,,-0.00002877000,4.72000,0.00400
,,,-0.00002876000,4.80000,0.00400
,,,-0.00002875000,4.72000,0.00
,,,-0.00002874000,4.72000,-0.00200
,,,-0.00002873000,4.72000,-0.00400
,,,-0.00002872000,4.72000,-0.00400
,,,-0.00002871000,4.80000,-0.00400
,,,-0.00002870000,4.64000,-0.00400
,,,-0.00002869000,4.80000,-0.00800
,,,-0.00002868000,4.80000,-0.00800
,,,-0.00002867000,4.72000,-0.01000
,,,-0.00002866000,4.72000,-0.01400
,,,-0.00002865000,4.64000,-0.01400
,,,-0.00002864000,4.80000,-0.01600
,,,-0.00002863000,4.72000,-0.01600
,,,-0.00002862000,4.80000,-0.01600
,,,-0.00002861000,4.80000,-0.01600
,,,-0.00002860000,4.72000,-0.01600
,,,-0.00002859000,4.80000,-0.01800
,,,-0.00002858000,4.72000,-0.02000
,,,-0.00002857000,4.80000,-0.02000
,,,-0.00002856000,4.72000,-0.02200
,,,-0.00002855000,4.72000,-0.02400
,,,-0.00002854000,4.80000,-0.02400
,,,-0.00002853000,4.80000,-0.02400
,,,-0.00002852000,4.72000,-0.02000
,,,-0.00002851000,4.80000,-0.01800
,,,-0.00002850000,4.80000,-0.01600
,,,-0.00002849000,4.80000,-0.01600
,,,-0.00002848000,4.72000,-0.01200
,,,-0.00002847000,4.80000,-0.01200
,,,-0.00002846000,4.80000,-0.01400
,,,-0.00002845000,4.80000,-0.01600
,,,-0.00002844000,4.80000,-0.01600
,,,-0.00002843000,4.80000,-0.02000
,,,-0.00002842000,4.80000,-0.02200
,,,-0.00002841000,4.80000,-0.02400
,,,-0.00002840000,4.80000,-0.02400
,,,-0.00002839000,4.80000,-0.02400
,,,-0.00002838000,4.80000,-0.02200
,,,-0.00002837000,4.80000,-0.02000
,,,-0.00002836000,4.80000,-0.01800
,,,-0.00002835000,4.80000,-0.01600
,,,-0.00002834000,4.72000,-0.01600
,,,-0.00002833000,4.80000,-0.01600
,,,-0.00002832000,4.80000,-0.01200
,,,-0.00002831000,4.80000,-0.01200
,,,-0.00002830000,4.80000,-0.01200
,,,-0.00002829000,4.80000,-0.00800
,,,-0.00002828000,4.80000,-0.00800
,,,-0.00002827000,4.80000,-0.00600
,,,-0.00002826000,4.80000,-0.00400
,,,-0.00002825000,4.80000,-0.00600
,,,-0.00002824000,4.80000,-0.00200
,,,-0.00002823000,4.80000,-0.00400
,,,-0.00002822000,4.80000,-0.00400
,,,-0.00002821000,4.80000,-0.00200
,,,-0.00002820000,4.80000,0.00
,,,-0.00002819000,4.80000,0.00400
,,,-0.00002818000,4.80000,0.00800
,,,-0.00002817000,4.80000,0.01200
,,,-0.00002816000,4.80000,0.01600
,,,-0.00002815000,4.80000,0.01800
,,,-0.00002814000,4.80000,0.01800
,,,-0.00002813000,4.80000,0.01800
,,,-0.00002812000,4.80000,0.01400
,,,-0.00002811000,4.80000,0.01200
,,,-0.00002810000,4.80000,0.00600
,,,-0.00002809000,4.80000,0.00400
,,,-0.00002808000,4.80000,0.00200
,,,-0.00002807000,4.80000,0.00200
,,,-0.00002806000,4.80000,0.00400
,,,-0.00002805000,4.80000,0.00600
,,,-0.00002804000,4.80000,0.01200
,,,-0.00002803000,4.80000,0.01400
,,,-0.00002802000,4.80000,0.02000
,,,-0.00002801000,4.80000,0.02200
,,,-0.00002800000,4.80000,0.02200
,,,-0.00002799000,4.88000,0.02200
,,,-0.00002798000,4.80000,0.02000
,,,-0.00002797000,4.80000,0.01600
,,,-0.00002796000,4.80000,0.01600
,,,-0.00002795000,4.80000,0.01400
,,,-0.00002794000,4.80000,0.01400
,,,-0.00002793000,4.80000,0.01400
,,,-0.00002792000,4.88000,0.01600
,,,-0.00002791000,4.80000,0.01600
,,,-0.00002790000,4.80000,0.01800
,,,-0.00002789000,4.80000,0.01600
,,,-0.00002788000,4.80000,0.01600
,,,-0.00002787000,4.88000,0.01400
,,,-0.00002786000,4.80000,0.01400
,,,-0.00002785000,4.80000,0.01200
,,,-0.00002784000,4.80000,0.01200
,,,-0.00002783000,4.80000,0.01200
,,,-0.00002782000,4.88000,0.01200
,,,-0.00002781000,4.80000,0.01000
,,,-0.00002780000,4.88000,0.00800
,,,-0.00002779000,4.80000,0.00400
,,,-0.00002778000,4.80000,0.00
,,,-0.00002777000,4.80000,-0.00400
,,,-0.00002776000,4.80000,-0.01000
,,,-0.00002775000,4.80000,-0.01400
,,,-0.00002774000,4.88000,-0.01400
,,,-0.00002773000,4.80000,-0.01200
,,,-0.00002772000,4.88000,-0.00800
,,,-0.00002771000,4.88000,-0.00400
,,,-0.00002770000,4.88000,0.00
,,,-0.00002769000,4.80000,0.00400
,,,-0.00002768000,4.80000,0.00600
,,,-0.00002767000,4.80000,0.00400
,,,-0.00002766000,4.80000,0.00400
,,,-0.00002765000,4.88000,-0.00200
,,,-0.00002764000,4.80000,-0.00400
,,,-0.00002763000,4.88000,-0.00800
,,,-0.00002762000,4.88000,-0.01000
,,,-0.00002761000,4.80000,-0.01200
,,,-0.00002760000,4.88000,-0.01200
,,,-0.00002759000,4.80000,-0.01200
,,,-0.00002758000,4.80000,-0.01200
,,,-0.00002757000,4.88000,-0.01200
,,,-0.00002756000,4.80000,-0.01200
,,,-0.00002755000,4.80000,-0.01400
,,,-0.00002754000,4.80000,-0.01600
,,,-0.00002753000,4.80000,-0.01600
,,,-0.00002752000,4.80000,-0.01600
,,,-0.00002751000,4.88000,-0.01800
,,,-0.00002750000,4.80000,-0.01800
,,,-0.00002749000,4.88000,-0.01800
,,,-0.00002748000,4.88000,-0.01800
,,,-0.00002747000,4.80000,-0.01800
,,,-0.00002746000,4.88000,-0.01800
,,,-0.00002745000,4.80000,-0.02200
,,,-0.00002744000,4.80000,-0.02000
,,,-0.00002743000,4.80000,-0.02200
,,,-0.00002742000,4.80000,-0.02400
,,,-0.00002741000,4.80000,-0.02200
,,,-0.00002740000,4.88000,-0.02000
,,,-0.00002739000,4.80000,-0.01800
,,,-0.00002738000,4.80000,-0.01200
,,,-0.00002737000,4.80000,-0.00800
,,,-0.00002736000,4.80000,-0.00200
,,,-0.00002735000,4.80000,0.00
,,,-0.00002734000,4.80000,0.00200
,,,-0.00002733000,4.80000,0.00200
,,,-0.00002732000,4.80000,0.00
,,,-0.00002731000,4.80000,-0.00200
,,,-0.00002730000,4.88000,-0.00400
,,,-0.00002729000,4.88000,-0.00800
,,,-0.00002728000,4.80000,-0.01000
,,,-0.00002727000,4.80000,-0.00800
,,,-0.00002726000,4.80000,-0.00600
,,,-0.00002725000,4.80000,-0.00200
,,,-0.00002724000,4.80000,0.00
,,,-0.00002723000,4.80000,0.00400
,,,-0.00002722000,4.80000,0.00600
,,,-0.00002721000,4.88000,0.00800
,,,-0.00002720000,4.80000,0.00800
,,,-0.00002719000,4.80000,0.00600
,,,-0.00002718000,4.80000,0.00600
,,,-0.00002717000,4.80000,0.00400
,,,-0.00002716000,4.88000,0.00400
,,,-0.00002715000,4.80000,0.00400
,,,-0.00002714000,4.88000,0.00400
,,,-0.00002713000,4.80000,0.00400
,,,-0.00002712000,4.80000,0.00400
,,,-0.00002711000,4.88000,0.00800
,,,-0.00002710000,4.80000,0.00800
,,,-0.00002709000,4.80000,0.00800
,,,-0.00002708000,4.80000,0.01200
,,,-0.00002707000,4.80000,0.01200
,,,-0.00002706000,4.80000,0.01600
,,,-0.00002705000,4.80000,0.01800
,,,-0.00002704000,4.80000,0.02000
,,,-0.00002703000,4.88000,0.02200
,,,-0.00002702000,4.80000,0.02400
,,,-0.00002701000,4.88000,0.02200
,,,-0.00002700000,4.80000,0.02200
,,,-0.00002699000,4.80000,0.02000
,,,-0.00002698000,4.80000,0.01400
,,,-0.00002697000,4.80000,0.01200
,,,-0.00002696000,4.80000,0.01000
,,,-0.00002695000,4.80000,0.00800
,,,-0.00002694000,4.80000,0.01000
,,,-0.00002693000,4.80000,0.01200
,,,-0.00002692000,4.80000,0.01200
,,,-0.00002691000,4.80000,0.01600
,,,-0.00002690000,4.80000,0.01600
,,,-0.00002689000,4.80000,0.01600
,,,-0.00002688000,4.88000,0.01400
,,,-0.00002687000,4.80000,0.01400
,,,-0.00002686000,4.80000,0.00800
,,,-0.00002685000,4.80000,0.00600
,,,-0.00002684000,4.80000,0.00400
,,,-0.00002683000,4.80000,0.00
,,,-0.00002682000,4.80000,-0.00200
,,,-0.00002681000,4.80000,-0.00400
,,,-0.00002680000,4.80000,-0.00200
,,,-0.00002679000,4.80000,-0.00200
,,,-0.00002678000,4.80000,0.00
,,,-0.00002677000,4.80000,0.00
,,,-0.00002676000,4.80000,0.00
,,,-0.00002675000,4.80000,0.00
,,,-0.00002674000,4.80000,0.00
,,,-0.00002673000,4.80000,-0.00200
,,,-0.00002672000,4.80000,0.00
,,,-0.00002671000,4.80000,0.00
,,,-0.00002670000,4.80000,-0.00200
,,,-0.00002669000,4.80000,-0.00200
,,,-0.00002668000,4.80000,-0.00400
,,,-0.00002667000,4.80000,-0.00600
,,,-0.00002666000,4.80000,-0.01000
,,,-0.00002665000,4.80000,-0.01400
,,,-0.00002664000,4.80000,-0.01600
,,,-0.00002663000,4.80000,-0.02000
,,,-0.00002662000,4.80000,-0.02000
,,,-0.00002661000,4.80000,-0.02000
,,,-0.00002660000,4.80000,-0.01800
,,,-0.00002659000,4.80000,-0.01800
,,,-0.00002658000,4.80000,-0.01600
,,,-0.00002657000,4.80000,-0.01600
,,,-0.00002656000,4.80000,-0.01400
,,,-0.00002655000,4.80000,-0.01600
,,,-0.00002654000,4.80000,-0.01600
,,,-0.00002653000,4.80000,-0.01800
,,,-0.00002652000,4.80000,-0.02000
,,,-0.00002651000,4.80000,-0.02200
,,,-0.00002650000,4.80000,-0.02200
,,,-0.00002649000,4.80000,-0.02200
,,,-0.00002648000,4.80000,-0.02000
,,,-0.00002647000,4.80000,-0.01800
,,,-0.00002646000,4.80000,-0.01600
,,,-0.00002645000,4.80000,-0.01200
,,,-0.00002644000,4.80000,-0.00800
,,,-0.00002643000,4.80000,-0.00800
,,,-0.00002642000,4.80000,-0.00400
,,,-0.00002641000,4.80000,-0.00400
,,,-0.00002640000,4.80000,-0.00400
,,,-0.00002639000,4.80000,-0.00400
,,,-0.00002638000,4.80000,-0.00400
,,,-0.00002637000,4.80000,-0.00600
,,,-0.00002636000,4.72000,-0.00600
,,,-0.00002635000,4.80000,-0.01000
,,,-0.00002634000,4.80000,-0.01000
,,,-0.00002633000,4.80000,-0.01000
,,,-0.00002632000,4.80000,-0.01000
,,,-0.00002631000,4.72000,-0.00800
,,,-0.00002630000,4.80000,-0.00600
,,,-0.00002629000,4.80000,-0.00400
,,,-0.00002628000,4.80000,0.00
,,,-0.00002627000,4.64000,0.00200
,,,-0.00002626000,4.80000,0.00400
,,,-0.00002625000,4.80000,0.00400
,,,-0.00002624000,4.64000,0.00600
,,,-0.00002623000,4.72000,0.00600
,,,-0.00002622000,4.64000,0.00800
,,,-0.00002621000,4.80000,0.00800
,,,-0.00002620000,4.80000,0.00800
,,,-0.00002619000,4.80000,0.00800
,,,-0.00002618000,4.72000,0.00800
,,,-0.00002617000,4.80000,0.00800
,,,-0.00002616000,4.72000,0.01000
,,,-0.00002615000,4.72000,0.01200
,,,-0.00002614000,4.80000,0.01600
,,,-0.00002613000,4.64000,0.01800
,,,-0.00002612000,4.64000,0.02200
,,,-0.00002611000,4.64000,0.02400
,,,-0.00002610000,4.64000,0.02400
,,,-0.00002609000,4.72000,0.02400
,,,-0.00002608000,4.72000,0.02400
,,,-0.00002607000,4.72000,0.02200
,,,-0.00002606000,4.72000,0.02000
,,,-0.00002605000,4.64000,0.01800
,,,-0.00002604000,4.64000,0.01800
,,,-0.00002603000,4.64000,0.01400
,,,-0.00002602000,4.64000,0.01400
,,,-0.00002601000,4.64000,0.01200
,,,-0.00002600000,4.72000,0.01200
,,,-0.00002599000,4.64000,0.01200
,,,-0.00002598000,4.64000,0.01200
,,,-0.00002597000,4.64000,0.01200
,,,-0.00002596000,4.64000,0.01400
,,,-0.00002595000,4.64000,0.01600
,,,-0.00002594000,4.64000,0.01800
,,,-0.00002593000,4.64000,0.02000
,,,-0.00002592000,4.64000,0.02000
,,,-0.00002591000,4.64000,0.02000
,,,-0.00002590000,4.64000,0.02000
,,,-0.00002589000,4.64000,0.01600
,,,-0.00002588000,4.64000,0.01200
,,,-0.00002587000,4.64000,0.01000
,,,-0.00002586000,4.64000,0.00800
,,,-0.00002585000,4.64000,0.00600
,,,-0.00002584000,4.64000,0.00600
,,,-0.00002583000,4.64000,0.00800
,,,-0.00002582000,4.64000,0.01200
,,,-0.00002581000,4.64000,0.01200
,,,-0.00002580000,4.64000,0.01400
,,,-0.00002579000,4.64000,0.01400
,,,-0.00002578000,4.64000,0.01400
,,,-0.00002577000,4.64000,0.00800
,,,-0.00002576000,4.64000,0.00600
,,,-0.00002575000,4.64000,0.00
,,,-0.00002574000,4.56000,-0.00400
,,,-0.00002573000,4.64000,-0.00800
,,,-0.00002572000,4.64000,-0.01000
,,,-0.00002571000,4.64000,-0.01400
,,,-0.00002570000,4.56000,-0.01200
,,,-0.00002569000,4.64000,-0.01200
,,,-0.00002568000,4.56000,-0.01000
,,,-0.00002567000,4.64000,-0.00800
,,,-0.00002566000,4.56000,-0.00800
,,,-0.00002565000,4.56000,-0.00800
,,,-0.00002564000,4.56000,-0.00800
,,,-0.00002563000,4.56000,-0.00800
,,,-0.00002562000,4.56000,-0.00800
,,,-0.00002561000,4.56000,-0.01000
,,,-0.00002560000,4.56000,-0.00800
,,,-0.00002559000,4.64000,-0.00800
,,,-0.00002558000,4.56000,-0.00800
,,,-0.00002557000,4.56000,-0.00800
,,,-0.00002556000,4.56000,-0.00800
,,,-0.00002555000,4.56000,-0.01000
,,,-0.00002554000,4.56000,-0.01000
,,,-0.00002553000,4.56000,-0.01400
,,,-0.00002552000,4.56000,-0.01400
,,,-0.00002551000,4.56000,-0.01600
,,,-0.00002550000,4.56000,-0.01400
,,,-0.00002549000,4.56000,-0.01200
,,,-0.00002548000,4.56000,-0.00800
,,,-0.00002547000,4.56000,-0.00600
,,,-0.00002546000,4.56000,-0.00200
,,,-0.00002545000,4.56000,-0.00200
,,,-0.00002544000,4.56000,-0.00400
,,,-0.00002543000,4.56000,-0.00600
,,,-0.00002542000,4.56000,-0.01000
,,,-0.00002541000,4.56000,-0.01600
,,,-0.00002540000,4.48000,-0.02000
,,,-0.00002539000,4.56000,-0.02000
,,,-0.00002538000,4.48000,-0.02000
,,,-0.00002537000,4.48000,-0.01800
,,,-0.00002536000,4.48000,-0.01400
,,,-0.00002535000,4.56000,-0.00800
,,,-0.00002534000,4.56000,-0.00200
,,,-0.00002533000,4.56000,0.00200
,,,-0.00002532000,4.48000,0.00600
,,,-0.00002531000,4.48000,0.00800
,,,-0.00002530000,4.56000,0.00800
,,,-0.00002529000,4.48000,0.00800
,,,-0.00002528000,4.56000,0.00800
,,,-0.00002527000,4.48000,0.00800
,,,-0.00002526000,4.56000,0.00800
,,,-0.00002525000,4.56000,0.00800
,,,-0.00002524000,4.48000,0.00800
,,,-0.00002523000,4.56000,0.00800
,,,-0.00002522000,4.48000,0.00800
,,,-0.00002521000,4.48000,0.00800
,,,-0.00002520000,4.48000,0.00800
,,,-0.00002519000,4.48000,0.00800
,,,-0.00002518000,4.48000,0.01200
,,,-0.00002517000,4.48000,0.01200
,,,-0.00002516000,4.48000,0.01400
,,,-0.00002515000,4.48000,0.01600
,,,-0.00002514000,4.48000,0.02000
,,,-0.00002513000,4.48000,0.02000
,,,-0.00002512000,4.48000,0.02000
,,,-0.00002511000,4.40000,0.02000
,,,-0.00002510000,4.48000,0.02000
,,,-0.00002509000,4.48000,0.01600
,,,-0.00002508000,4.48000,0.01200
,,,-0.00002507000,4.40000,0.01000
,,,-0.00002506000,4.40000,0.00800
,,,-0.00002505000,4.48000,0.00800
,,,-0.00002504000,4.40000,0.00800
,,,-0.00002503000,4.40000,0.01400
,,,-0.00002502000,4.40000,0.01800
,,,-0.00002501000,4.40000,0.02200
,,,-0.00002500000,4.40000,0.02600
,,,-0.00002499000,4.40000,0.02800
,,,-0.00002498000,4.40000,0.02800
,,,-0.00002497000,4.40000,0.02400
,,,-0.00002496000,4.40000,0.02200
,,,-0.00002495000,4.40000,0.01800
,,,-0.00002494000,4.40000,0.01400
,,,-0.00002493000,4.40000,0.01200
,,,-0.00002492000,4.32000,0.00800
,,,-0.00002491000,4.40000,0.00800
,,,-0.00002490000,4.32000,0.00800
,,,-0.00002489000,4.40000,0.00800
,,,-0.00002488000,4.32000,0.01000
,,,-0.00002487000,4.32000,0.00800
,,,-0.00002486000,4.40000,0.00800
,,,-0.00002485000,4.32000,0.00600
,,,-0.00002484000,4.32000,0.00400
,,,-0.00002483000,4.40000,0.00400
,,,-0.00002482000,4.32000,0.00400
,,,-0.00002481000,4.32000,0.00200
,,,-0.00002480000,4.32000,0.00400
,,,-0.00002479000,4.32000,0.00400
,,,-0.00002478000,4.32000,0.00400
,,,-0.00002477000,4.32000,0.00
,,,-0.00002476000,4.32000,0.00
,,,-0.00002475000,4.32000,-0.00400
,,,-0.00002474000,4.32000,-0.00800
,,,-0.00002473000,4.32000,-0.01000
,,,-0.00002472000,4.32000,-0.01200
,,,-0.00002471000,4.32000,-0.01000
,,,-0.00002470000,4.40000,-0.00800
,,,-0.00002469000,4.32000,-0.00400
,,,-0.00002468000,4.32000,0.00
,,,-0.00002467000,4.32000,0.00200
,,,-0.00002466000,4.24000,0.00200
,,,-0.00002465000,4.32000,0.00200
,,,-0.00002464000,4.24000,-0.00200
,,,-0.00002463000,4.32000,-0.00600
,,,-0.00002462000,4.24000,-0.01200
,,,-0.00002461000,4.32000,-0.01600
,,,-0.00002460000,4.24000,-0.01800
,,,-0.00002459000,4.32000,-0.02000
,,,-0.00002458000,4.24000,-0.02000
,,,-0.00002457000,4.24000,-0.01800
,,,-0.00002456000,4.24000,-0.01800
,,,-0.00002455000,4.32000,-0.01600
,,,-0.00002454000,4.24000,-0.01000
,,,-0.00002453000,4.32000,-0.01000
,,,-0.00002452000,4.24000,-0.01000
,,,-0.00002451000,4.16000,-0.01000
,,,-0.00002450000,4.24000,-0.01200
,,,-0.00002449000,4.24000,-0.01200
,,,-0.00002448000,4.16000,-0.01200
,,,-0.00002447000,4.24000,-0.01200
,,,-0.00002446000,4.16000,-0.01000
,,,-0.00002445000,4.24000,-0.01000
,,,-0.00002444000,4.16000,-0.00800
,,,-0.00002443000,4.24000,-0.00800
,,,-0.00002442000,4.16000,-0.00800
,,,-0.00002441000,4.24000,-0.00800
,,,-0.00002440000,4.16000,-0.00600
,,,-0.00002439000,4.16000,-0.00800
,,,-0.00002438000,4.16000,-0.00600
,,,-0.00002437000,4.16000,-0.00400
,,,-0.00002436000,4.16000,-0.00200
,,,-0.00002435000,4.16000,0.00
,,,-0.00002434000,4.16000,0.00400
,,,-0.00002433000,4.24000,0.00600
,,,-0.00002432000,4.16000,0.00800
,,,-0.00002431000,4.16000,0.00800
,,,-0.00002430000,4.24000,0.00600
,,,-0.00002429000,4.16000,0.00400
,,,-0.00002428000,4.16000,0.00
,,,-0.00002427000,4.16000,-0.00200
,,,-0.00002426000,4.16000,-0.00200
,,,-0.00002425000,4.16000,-0.00200
,,,-0.00002424000,4.16000,0.00200
,,,-0.00002423000,4.16000,0.00400
,,,-0.00002422000,4.16000,0.00800
,,,-0.00002421000,4.00000,0.01400
,,,-0.00002420000,4.00000,0.01800
,,,-0.00002419000,4.16000,0.02000
,,,-0.00002418000,4.16000,0.02200
,,,-0.00002417000,4.16000,0.02000
,,,-0.00002416000,4.16000,0.02200
,,,-0.00002415000,4.08000,0.02000
,,,-0.00002414000,4.16000,0.01800
,,,-0.00002413000,4.00000,0.01600
,,,-0.00002412000,4.08000,0.01600
,,,-0.00002411000,4.08000,0.01600
,,,-0.00002410000,4.08000,0.01600
,,,-0.00002409000,4.16000,0.01800
,,,-0.00002408000,4.08000,0.02000
,,,-0.00002407000,4.00000,0.02200
,,,-0.00002406000,4.00000,0.02200
,,,-0.00002405000,4.00000,0.02400
,,,-0.00002404000,4.00000,0.02400
,,,-0.00002403000,4.00000,0.02200
,,,-0.00002402000,4.00000,0.02200
,,,-0.00002401000,4.00000,0.01800
,,,-0.00002400000,4.00000,0.01600
,,,-0.00002399000,4.00000,0.01800
,,,-0.00002398000,4.00000,0.01400
,,,-0.00002397000,4.00000,0.01400
,,,-0.00002396000,4.00000,0.01400
,,,-0.00002395000,4.00000,0.01400
,,,-0.00002394000,3.92000,0.01400
,,,-0.00002393000,4.00000,0.01200
,,,-0.00002392000,4.00000,0.01200
,,,-0.00002391000,3.92000,0.01400
,,,-0.00002390000,3.92000,0.01200
,,,-0.00002389000,3.92000,0.01400
,,,-0.00002388000,3.92000,0.01600
,,,-0.00002387000,3.92000,0.01400
,,,-0.00002386000,3.92000,0.01400
,,,-0.00002385000,3.92000,0.01200
,,,-0.00002384000,3.92000,0.00800
,,,-0.00002383000,3.92000,0.00400
,,,-0.00002382000,3.92000,0.00400
,,,-0.00002381000,3.92000,0.00
,,,-0.00002380000,3.92000,0.00
,,,-0.00002379000,3.92000,-0.00200
,,,-0.00002378000,3.92000,0.00
,,,-0.00002377000,3.92000,-0.00200
,,,-0.00002376000,3.92000,-0.00400
,,,-0.00002375000,3.84000,-0.00200
,,,-0.00002374000,3.84000,0.00
,,,-0.00002373000,3.84000,-0.00400
,,,-0.00002372000,3.84000,-0.00600
,,,-0.00002371000,3.84000,-0.00800
,,,-0.00002370000,3.84000,-0.01000
,,,-0.00002369000,3.84000,-0.01200
,,,-0.00002368000,3.92000,-0.01200
,,,-0.00002367000,3.84000,-0.01600
,,,-0.00002366000,3.84000,-0.01200
,,,-0.00002365000,3.84000,-0.01600
,,,-0.00002364000,3.84000,-0.01600
,,,-0.00002363000,3.84000,-0.01600
,,,-0.00002362000,3.76000,-0.01800
,,,-0.00002361000,3.84000,-0.01800
,,,-0.00002360000,3.84000,-0.01800
,,,-0.00002359000,3.84000,-0.01800
,,,-0.00002358000,3.76000,-0.01600
,,,-0.00002357000,3.76000,-0.01400
,,,-0.00002356000,3.76000,-0.01200
,,,-0.00002355000,3.76000,-0.01000
,,,-0.00002354000,3.68000,-0.01000
,,,-0.00002353000,3.76000,-0.01000
,,,-0.00002352000,3.76000,-0.01200
,,,-0.00002351000,3.76000,-0.01400
,,,-0.00002350000,3.68000,-0.01600
,,,-0.00002349000,3.76000,-0.01600
,,,-0.00002348000,3.76000,-0.01800
,,,-0.00002347000,3.68000,-0.01800
,,,-0.00002346000,3.68000,-0.01800
,,,-0.00002345000,3.68000,-0.01600
,,,-0.00002344000,3.68000,-0.01200
,,,-0.00002343000,3.68000,-0.01200
,,,-0.00002342000,3.68000,-0.01000
,,,-0.00002341000,3.60000,-0.00800
,,,-0.00002340000,3.68000,-0.00400
,,,-0.00002339000,3.68000,-0.00400
,,,-0.00002338000,3.68000,-0.00400
,,,-0.00002337000,3.60000,-0.00400
,,,-0.00002336000,3.68000,-0.00200
,,,-0.00002335000,3.68000,-0.00400
,,,-0.00002334000,3.68000,-0.00400
,,,-0.00002333000,3.60000,-0.00400
,,,-0.00002332000,3.68000,-0.00200
,,,-0.00002331000,3.68000,-0.00200
,,,-0.00002330000,3.68000,0.00
,,,-0.00002329000,3.60000,0.00
,,,-0.00002328000,3.60000,0.00400
,,,-0.00002327000,3.60000,0.00600
,,,-0.00002326000,3.60000,0.00800
,,,-0.00002325000,3.60000,0.01200
,,,-0.00002324000,3.60000,0.01400
,,,-0.00002323000,3.60000,0.01400
,,,-0.00002322000,3.60000,0.01600
,,,-0.00002321000,3.60000,0.01400
,,,-0.00002320000,3.60000,0.01600
,,,-0.00002319000,3.60000,0.00800
,,,-0.00002318000,3.60000,0.01200
,,,-0.00002317000,3.60000,0.00800
,,,-0.00002316000,3.60000,0.00800
,,,-0.00002315000,3.60000,0.00400
,,,-0.00002314000,3.60000,0.01000
,,,-0.00002313000,3.60000,0.01200
,,,-0.00002312000,3.60000,0.01600
,,,-0.00002311000,3.60000,0.01600
,,,-0.00002310000,3.52000,0.02000
,,,-0.00002309000,3.52000,0.02200
,,,-0.00002308000,3.52000,0.02200
,,,-0.00002307000,3.52000,0.02000
,,,-0.00002306000,3.52000,0.02000
,,,-0.00002305000,3.52000,0.01600
,,,-0.00002304000,3.52000,0.01400
,,,-0.00002303000,3.52000,0.01400
,,,-0.00002302000,3.52000,0.01400
,,,-0.00002301000,3.52000,0.01200
,,,-0.00002300000,3.52000,0.01400
,,,-0.00002299000,3.52000,0.01200
,,,-0.00002298000,3.52000,0.01800
,,,-0.00002297000,3.52000,0.01400
,,,-0.00002296000,3.52000,0.01400
,,,-0.00002295000,3.52000,0.01600
,,,-0.00002294000,3.52000,0.01600
,,,-0.00002293000,3.52000,0.01400
,,,-0.00002292000,3.52000,0.01400
,,,-0.00002291000,3.52000,0.01200
,,,-0.00002290000,3.36000,0.01200
,,,-0.00002289000,3.36000,0.00800
,,,-0.00002288000,3.52000,0.00600
,,,-0.00002287000,3.52000,0.00400
,,,-0.00002286000,3.36000,0.00200
,,,-0.00002285000,3.36000,-0.00200
,,,-0.00002284000,3.28000,-0.00400
,,,-0.00002283000,3.28000,-0.00600
,,,-0.00002282000,3.28000,-0.00600
,,,-0.00002281000,3.28000,-0.00800
,,,-0.00002280000,3.28000,-0.00600
,,,-0.00002279000,3.36000,-0.00400
,,,-0.00002278000,3.28000,0.00
,,,-0.00002277000,3.28000,0.00
,,,-0.00002276000,3.28000,0.00200
,,,-0.00002275000,3.28000,0.00
,,,-0.00002274000,3.28000,0.00
,,,-0.00002273000,3.28000,-0.00400
,,,-0.00002272000,3.28000,-0.00600
,,,-0.00002271000,3.28000,-0.01200
,,,-0.00002270000,3.20000,-0.01400
,,,-0.00002269000,3.20000,-0.01600
,,,-0.00002268000,3.28000,-0.01800
,,,-0.00002267000,3.20000,-0.01600
,,,-0.00002266000,3.20000,-0.01600
,,,-0.00002265000,3.20000,-0.01200
,,,-0.00002264000,3.12000,-0.01000
,,,-0.00002263000,3.12000,-0.01200
,,,-0.00002262000,3.20000,-0.01000
,,,-0.00002261000,3.20000,-0.01400
,,,-0.00002260000,3.28000,-0.01400
,,,-0.00002259000,3.20000,-0.01600
,,,-0.00002258000,3.20000,-0.01600
,,,-0.00002257000,3.20000,-0.01600
,,,-0.00002256000,3.20000,-0.01400
,,,-0.00002255000,3.04000,-0.01200
,,,-0.00002254000,3.20000,-0.01400
,,,-0.00002253000,3.20000,-0.01600
,,,-0.00002252000,3.12000,-0.01600
,,,-0.00002251000,3.04000,-0.01800
,,,-0.00002250000,3.12000,-0.01800
,,,-0.00002249000,3.20000,-0.01800
,,,-0.00002248000,3.04000,-0.01600
,,,-0.00002247000,3.04000,-0.01000
,,,-0.00002246000,3.04000,-0.00400
,,,-0.00002245000,3.04000,0.00
,,,-0.00002244000,3.04000,0.00400
,,,-0.00002243000,3.04000,0.00600
,,,-0.00002242000,3.04000,0.00800
,,,-0.00002241000,2.96000,0.00600
,,,-0.00002240000,3.04000,0.00400
,,,-0.00002239000,2.96000,0.00
,,,-0.00002238000,3.04000,-0.00200
,,,-0.00002237000,2.96000,-0.00600
,,,-0.00002236000,3.04000,-0.00600
,,,-0.00002235000,3.04000,-0.00600
,,,-0.00002234000,2.96000,0.00
,,,-0.00002233000,3.04000,0.00400
,,,-0.00002232000,2.96000,0.00800
,,,-0.00002231000,2.96000,0.01400
,,,-0.00002230000,2.96000,0.01800
,,,-0.00002229000,3.04000,0.02000
,,,-0.00002228000,2.96000,0.02000
,,,-0.00002227000,2.96000,0.01800
,,,-0.00002226000,2.96000,0.01600
,,,-0.00002225000,2.96000,0.01200
,,,-0.00002224000,2.96000,0.01400
,,,-0.00002223000,2.96000,0.01200
,,,-0.00002222000,2.96000,0.01400
,,,-0.00002221000,2.88000,0.01400
,,,-0.00002220000,2.96000,0.01800
,,,-0.00002219000,2.96000,0.01800
,,,-0.00002218000,2.96000,0.02200
,,,-0.00002217000,2.88000,0.02200
,,,-0.00002216000,2.88000,0.02200
,,,-0.00002215000,2.96000,0.02400
,,,-0.00002214000,2.88000,0.02400
,,,-0.00002213000,2.88000,0.02400
,,,-0.00002212000,2.88000,0.02800
,,,-0.00002211000,2.80000,0.03000
,,,-0.00002210000,2.88000,0.03000
,,,-0.00002209000,2.88000,0.03200
,,,-0.00002208000,2.88000,0.02800
,,,-0.00002207000,2.80000,0.02800
,,,-0.00002206000,2.80000,0.02400
,,,-0.00002205000,2.80000,0.02000
,,,-0.00002204000,2.80000,0.01600
,,,-0.00002203000,2.88000,0.01600
,,,-0.00002202000,2.80000,0.01400
,,,-0.00002201000,2.80000,0.01400
,,,-0.00002200000,2.80000,0.01400
,,,-0.00002199000,2.80000,0.01800
,,,-0.00002198000,2.80000,0.02200
,,,-0.00002197000,2.88000,0.02200
,,,-0.00002196000,2.80000,0.02200
,,,-0.00002195000,2.80000,0.02000
,,,-0.00002194000,2.80000,0.01600
,,,-0.00002193000,2.80000,0.01200
,,,-0.00002192000,2.80000,0.00800
,,,-0.00002191000,2.80000,0.00400
,,,-0.00002190000,2.80000,0.00400
,,,-0.00002189000,2.72000,0.00
,,,-0.00002188000,2.72000,0.00400
,,,-0.00002187000,2.64000,0.00400
,,,-0.00002186000,2.64000,0.00400
,,,-0.00002185000,2.64000,0.00400
,,,-0.00002184000,2.64000,0.00400
,,,-0.00002183000,2.72000,0.00400
,,,-0.00002182000,2.64000,0.00400
,,,-0.00002181000,2.64000,0.00
,,,-0.00002180000,2.72000,0.00
,,,-0.00002179000,2.64000,0.00400
,,,-0.00002178000,2.64000,-0.00600
,,,-0.00002177000,2.64000,0.00600
,,,-0.00002176000,2.64000,-0.00800
,,,-0.00002175000,2.64000,0.00
,,,-0.00002174000,2.64000,-0.00400
,,,-0.00002173000,2.64000,-0.01000
,,,-0.00002172000,2.56000,-0.01000
,,,-0.00002171000,2.56000,-0.01600
,,,-0.00002170000,2.56000,-0.01800
,,,-0.00002169000,2.64000,-0.02000
,,,-0.00002168000,2.56000,-0.01800
,,,-0.00002167000,2.56000,-0.01600
,,,-0.00002166000,2.56000,-0.01400
,,,-0.00002165000,2.56000,-0.01000
,,,-0.00002164000,2.56000,-0.00800
,,,-0.00002163000,2.56000,-0.00800
,,,-0.00002162000,2.56000,-0.00800
,,,-0.00002161000,2.56000,-0.01400
,,,-0.00002160000,2.48000,-0.01600
,,,-0.00002159000,2.56000,-0.01400
,,,-0.00002158000,2.48000,-0.02000
,,,-0.00002157000,2.48000,-0.02200
,,,-0.00002156000,2.48000,-0.01800
,,,-0.00002155000,2.48000,-0.01600
,,,-0.00002154000,2.48000,-0.01600
,,,-0.00002153000,2.48000,-0.00800
,,,-0.00002152000,2.48000,-0.00400
,,,-0.00002151000,2.48000,-0.00200
,,,-0.00002150000,2.48000,0.00
,,,-0.00002149000,2.40000,0.00
,,,-0.00002148000,2.40000,-0.00200
,,,-0.00002147000,2.40000,-0.00600
,,,-0.00002146000,2.40000,-0.00800
,,,-0.00002145000,2.40000,-0.01000
,,,-0.00002144000,2.40000,-0.01000
,,,-0.00002143000,2.40000,-0.01000
,,,-0.00002142000,2.32000,-0.00800
,,,-0.00002141000,2.40000,-0.00800
,,,-0.00002140000,2.40000,-0.00200
,,,-0.00002139000,2.32000,-0.00200
,,,-0.00002138000,2.32000,-0.00200
,,,-0.00002137000,2.32000,-0.00400
,,,-0.00002136000,2.32000,0.00400
,,,-0.00002135000,2.40000,0.00600
,,,-0.00002134000,2.32000,0.00600
,,,-0.00002133000,2.32000,0.00600
,,,-0.00002132000,2.32000,0.01400
,,,-0.00002131000,2.32000,0.01200
,,,-0.00002130000,2.32000,0.01200
,,,-0.00002129000,2.32000,0.01200
,,,-0.00002128000,2.24000,0.01200
,,,-0.00002127000,2.32000,0.00800
,,,-0.00002126000,2.32000,0.01200
,,,-0.00002125000,2.24000,0.01400
,,,-0.00002124000,2.24000,0.01200
,,,-0.00002123000,2.32000,0.01200
,,,-0.00002122000,2.24000,0.01600
,,,-0.00002121000,2.24000,0.02000
,,,-0.00002120000,2.24000,0.02200
,,,-0.00002119000,2.24000,0.02400
,,,-0.00002118000,2.16000,0.02600
,,,-0.00002117000,2.24000,0.02400
,,,-0.00002116000,2.24000,0.02800
,,,-0.00002115000,2.24000,0.02400
,,,-0.00002114000,2.24000,0.02000
,,,-0.00002113000,2.16000,0.01600
,,,-0.00002112000,2.24000,0.01400
,,,-0.00002111000,2.16000,0.01200
,,,-0.00002110000,2.16000,0.01000
,,,-0.00002109000,2.16000,0.00800
,,,-0.00002108000,2.16000,0.01000
,,,-0.00002107000,2.16000,0.01200
,,,-0.00002106000,2.16000,0.01400
,,,-0.00002105000,2.16000,0.01400
,,,-0.00002104000,2.16000,0.01600
,,,-0.00002103000,2.16000,0.01800
,,,-0.00002102000,2.16000,0.02000
,,,-0.00002101000,2.16000,0.01800
,,,-0.00002100000,2.08000,0.01800
,,,-0.00002099000,2.16000,0.01800
,,,-0.00002098000,2.16000,0.01800
,,,-0.00002097000,2.08000,0.01600
,,,-0.00002096000,2.00000,0.01600
,,,-0.00002095000,2.00000,0.01200
,,,-0.00002094000,2.00000,0.01400
,,,-0.00002093000,2.00000,0.01000
,,,-0.00002092000,2.08000,0.00800
,,,-0.00002091000,2.00000,0.00600
,,,-0.00002090000,2.00000,0.00600
,,,-0.00002089000,2.00000,0.00600
,,,-0.00002088000,1.92000,0.00400
,,,-0.00002087000,2.00000,0.00400
,,,-0.00002086000,2.00000,0.00600
,,,-0.00002085000,2.00000,0.00400
,,,-0.00002084000,1.92000,0.00400
,,,-0.00002083000,2.00000,0.00
,,,-0.00002082000,2.00000,-0.00200
,,,-0.00002081000,1.92000,-0.00800
,,,-0.00002080000,1.92000,-0.01000
,,,-0.00002079000,1.92000,-0.01200
,,,-0.00002078000,1.92000,-0.01200
,,,-0.00002077000,1.92000,-0.01400
,,,-0.00002076000,1.92000,-0.01400
,,,-0.00002075000,1.92000,-0.01200
,,,-0.00002074000,1.84000,-0.00800
,,,-0.00002073000,1.84000,-0.00800
,,,-0.00002072000,1.92000,-0.00400
,,,-0.00002071000,1.92000,-0.00400
,,,-0.00002070000,1.84000,-0.00200
,,,-0.00002069000,1.84000,-0.00200
,,,-0.00002068000,1.84000,-0.00400
,,,-0.00002067000,1.76000,-0.00600
,,,-0.00002066000,1.76000,-0.00600
,,,-0.00002065000,1.76000,-0.00800
,,,-0.00002064000,1.76000,-0.01000
,,,-0.00002063000,1.76000,-0.01000
,,,-0.00002062000,1.76000,-0.01200
,,,-0.00002061000,1.76000,-0.01200
,,,-0.00002060000,1.76000,-0.01000
,,,-0.00002059000,1.76000,-0.01200
,,,-0.00002058000,1.76000,-0.01000
,,,-0.00002057000,1.68000,-0.01000
,,,-0.00002056000,1.68000,-0.00800
,,,-0.00002055000,1.76000,-0.00800
,,,-0.00002054000,1.68000,-0.00600
,,,-0.00002053000,1.68000,-0.00800
,,,-0.00002052000,1.68000,-0.00600
,,,-0.00002051000,1.68000,-0.00600
,,,-0.00002050000,1.68000,-0.00800
,,,-0.00002049000,1.68000,-0.00800
,,,-0.00002048000,1.68000,-0.00800
,,,-0.00002047000,1.68000,-0.00800
,,,-0.00002046000,1.60000,-0.00800
,,,-0.00002045000,1.68000,-0.00800
,,,-0.00002044000,1.60000,-0.00400
,,,-0.00002043000,1.68000,0.00
,,,-0.00002042000,1.60000,0.00600
,,,-0.00002041000,1.68000,0.01200
,,,-0.00002040000,1.60000,0.01600
,,,-0.00002039000,1.60000,0.02000
,,,-0.00002038000,1.60000,0.02000
,,,-0.00002037000,1.60000,0.02000
,,,-0.00002036000,1.60000,0.01800
,,,-0.00002035000,1.68000,0.01400
,,,-0.00002034000,1.60000,0.01200
,,,-0.00002033000,1.60000,0.01200
,,,-0.00002032000,1.60000,0.01200
,,,-0.00002031000,1.60000,0.01000
,,,-0.00002030000,1.52000,0.01200
,,,-0.00002029000,1.60000,0.01400
,,,-0.00002028000,1.52000,0.01400
,,,-0.00002027000,1.52000,0.01600
,,,-0.00002026000,1.52000,0.01600
,,,-0.00002025000,1.52000,0.01800
,,,-0.00002024000,1.52000,0.02000
,,,-0.00002023000,1.52000,0.02000
,,,-0.00002022000,1.52000,0.02000
,,,-0.00002021000,1.52000,0.02200
,,,-0.00002020000,1.52000,0.02000
,,,-0.00002019000,1.52000,0.02000
,,,-0.00002018000,1.52000,0.02000
,,,-0.00002017000,1.52000,0.01600
,,,-0.00002016000,1.44000,0.01800
,,,-0.00002015000,1.52000,0.01600
,,,-0.00002014000,1.36000,0.01600
,,,-0.00002013000,1.44000,0.01800
,,,-0.00002012000,1.36000,0.02000
,,,-0.00002011000,1.36000,0.02200
,,,-0.00002010000,1.36000,0.02400
,,,-0.00002009000,1.36000,0.02800
,,,-0.00002008000,1.36000,0.03200
,,,-0.00002007000,1.36000,0.03000
,,,-0.00002006000,1.36000,0.03200
,,,-0.00002005000,1.36000,0.03000
,,,-0.00002004000,1.36000,0.02400
,,,-0.00002003000,1.36000,0.02200
,,,-0.00002002000,1.36000,0.01800
,,,-0.00002001000,1.36000,0.01400
,,,-0.00002000000,1.28000,0.01200
,,,-0.00001999000,1.28000,0.00800
,,,-0.00001998000,1.36000,0.00800
,,,-0.00001997000,1.28000,0.00800
,,,-0.00001996000,1.28000,0.00800
,,,-0.00001995000,1.36000,0.00800
,,,-0.00001994000,1.28000,0.00800
,,,-0.00001993000,1.28000,0.00800
,,,-0.00001992000,1.28000,0.00800
,,,-0.00001991000,1.28000,0.00600
,,,-0.00001990000,1.28000,0.00400
,,,-0.00001989000,1.28000,0.00400
,,,-0.00001988000,1.28000,0.00400
,,,-0.00001987000,1.28000,0.00
,,,-0.00001986000,1.20000,0.00
,,,-0.00001985000,1.20000,-0.00200
,,,-0.00001984000,1.20000,-0.00200
,,,-0.00001983000,1.20000,-0.00200
,,,-0.00001982000,1.20000,-0.00600
,,,-0.00001981000,1.12000,-0.00800
,,,-0.00001980000,1.20000,-0.00800
,,,-0.00001979000,1.12000,-0.00600
,,,-0.00001978000,1.12000,-0.00400
,,,-0.00001977000,1.20000,-0.00600
,,,-0.00001976000,1.12000,-0.00200
,,,-0.00001975000,1.12000,0.00200
,,,-0.00001974000,1.12000,0.00400
,,,-0.00001973000,1.04000,0.00200
,,,-0.00001972000,1.12000,0.00
,,,-0.00001971000,1.12000,-0.00400
,,,-0.00001970000,1.12000,-0.01600
,,,-0.00001969000,1.04000,-0.01400
,,,-0.00001968000,1.12000,-0.02400
,,,-0.00001967000,1.04000,-0.02400
,,,-0.00001966000,1.04000,-0.02600
,,,-0.00001965000,1.04000,-0.02400
,,,-0.00001964000,1.04000,-0.02000
,,,-0.00001963000,1.04000,-0.01400
,,,-0.00001962000,1.04000,-0.01600
,,,-0.00001961000,1.04000,-0.00800
,,,-0.00001960000,0.96000,-0.00800
,,,-0.00001959000,1.04000,-0.00400
,,,-0.00001958000,1.04000,-0.00800
,,,-0.00001957000,0.96000,-0.00800
,,,-0.00001956000,1.04000,-0.00800
,,,-0.00001955000,0.96000,-0.01000
,,,-0.00001954000,0.96000,-0.00800
,,,-0.00001953000,0.96000,-0.00800
,,,-0.00001952000,0.88000,-0.00600
,,,-0.00001951000,0.96000,-0.00400
,,,-0.00001950000,0.96000,-0.00400
,,,-0.00001949000,0.88000,-0.00200
,,,-0.00001948000,0.88000,-0.00200
,,,-0.00001947000,0.88000,-0.00400
,,,-0.00001946000,0.88000,-0.00200
,,,-0.00001945000,0.88000,-0.00200
,,,-0.00001944000,0.88000,0.00
,,,-0.00001943000,0.88000,0.00
,,,-0.00001942000,0.88000,0.00400
,,,-0.00001941000,0.88000,0.00600
,,,-0.00001940000,0.88000,0.00800
,,,-0.00001939000,0.88000,0.00800
,,,-0.00001938000,0.88000,0.00800
,,,-0.00001937000,0.88000,0.00600
,,,-0.00001936000,0.72000,0.00400
,,,-0.00001935000,0.88000,0.00
,,,-0.00001934000,0.72000,0.00
,,,-0.00001933000,0.72000,-0.00200
,,,-0.00001932000,0.72000,0.00
,,,-0.00001931000,0.80000,0.00400
,,,-0.00001930000,0.72000,0.01200
,,,-0.00001929000,0.72000,0.01600
,,,-0.00001928000,0.72000,0.02400
,,,-0.00001927000,0.72000,0.02400
,,,-0.00001926000,0.72000,0.02800
,,,-0.00001925000,0.72000,0.02600
,,,-0.00001924000,0.72000,0.02400
,,,-0.00001923000,0.72000,0.02200
,,,-0.00001922000,0.72000,0.02000
,,,-0.00001921000,0.72000,0.01600
,,,-0.00001920000,0.72000,0.01800
,,,-0.00001919000,0.72000,0.01800
,,,-0.00001918000,0.64000,0.02000
,,,-0.00001917000,0.64000,0.02200
,,,-0.00001916000,0.64000,0.02200
,,,-0.00001915000,0.64000,0.02400
,,,-0.00001914000,0.64000,0.02400
,,,-0.00001913000,0.64000,0.02200
,,,-0.00001912000,0.64000,0.02000
,,,-0.00001911000,0.64000,0.01800
,,,-0.00001910000,0.56000,0.01800
,,,-0.00001909000,0.56000,0.01600
,,,-0.00001908000,0.56000,0.01400
,,,-0.00001907000,0.64000,0.01600
,,,-0.00001906000,0.56000,0.01400
,,,-0.00001905000,0.56000,0.01200
,,,-0.00001904000,0.56000,0.01400
,,,-0.00001903000,0.56000,0.01200
,,,-0.00001902000,0.48000,0.01200
,,,-0.00001901000,0.48000,0.01000
,,,-0.00001900000,0.48000,0.00800
,,,-0.00001899000,0.48000,0.01000
,,,-0.00001898000,0.40000,0.01200
,,,-0.00001897000,0.40000,0.01200
,,,-0.00001896000,0.48000,0.01400
,,,-0.00001895000,0.40000,0.01400
,,,-0.00001894000,0.48000,0.01400
,,,-0.00001893000,0.40000,0.01200
,,,-0.00001892000,0.40000,0.01200
,,,-0.00001891000,0.40000,0.00800
,,,-0.00001890000,0.40000,0.00600
,,,-0.00001889000,0.40000,0.00
,,,-0.00001888000,0.40000,0.00
,,,-0.00001887000,0.40000,-0.00200
,,,-0.00001886000,0.40000,-0.00400
,,,-0.00001885000,0.40000,-0.00400
,,,-0.00001884000,0.40000,-0.00200
,,,-0.00001883000,0.32000,-0.00200
,,,-0.00001882000,0.40000,0.00
,,,-0.00001881000,0.40000,0.00
,,,-0.00001880000,0.32000,-0.00200
,,,-0.00001879000,0.32000,-0.00400
,,,-0.00001878000,0.32000,-0.00600
,,,-0.00001877000,0.32000,-0.01000
,,,-0.00001876000,0.32000,-0.01000
,,,-0.00001875000,0.32000,-0.01400
,,,-0.00001874000,0.32000,-0.01600
,,,-0.00001873000,0.32000,-0.01400
,,,-0.00001872000,0.32000,-0.01600
,,,-0.00001871000,0.24000,-0.01400
,,,-0.00001870000,0.24000,-0.01200
,,,-0.00001869000,0.24000,-0.01000
,,,-0.00001868000,0.24000,-0.01000
,,,-0.00001867000,0.24000,-0.01200
,,,-0.00001866000,0.24000,-0.01000
,,,-0.00001865000,0.24000,-0.01000
,,,-0.00001864000,0.24000,-0.00800
,,,-0.00001863000,0.24000,-0.00600
,,,-0.00001862000,0.24000,-0.00200
,,,-0.00001861000,0.24000,0.00
,,,-0.00001860000,0.24000,0.00
,,,-0.00001859000,0.24000,0.00200
,,,-0.00001858000,0.16000,-0.00200
,,,-0.00001857000,0.16000,-0.00400
,,,-0.00001856000,0.16000,-0.00800
,,,-0.00001855000,0.16000,-0.00800
,,,-0.00001854000,0.08000,-0.01000
,,,-0.00001853000,0.08000,-0.00800
,,,-0.00001852000,0.08000,-0.00400
,,,-0.00001851000,0.08000,-0.00200
,,,-0.00001850000,0.08000,0.00200
,,,-0.00001849000,0.08000,0.00600
,,,-0.00001848000,0.00,0.00800
,,,-0.00001847000,0.08000,0.00800
,,,-0.00001846000,0.08000,0.00800
,,,-0.00001845000,0.08000,0.00400
,,,-0.00001844000,0.00,0.00200
,,,-0.00001843000,0.08000,0.00
,,,-0.00001842000,0.00,-0.00200
,,,-0.00001841000,0.08000,-0.00200
,,,-0.00001840000,0.00,0.00
,,,-0.00001839000,0.00,0.00200
,,,-0.00001838000,0.00,0.00800
,,,-0.00001837000,0.00,0.01200
,,,-0.00001836000,0.00,0.01400
,,,-0.00001835000,0.00,0.01800
,,,-0.00001834000,0.00,0.02000
,,,-0.00001833000,0.00,0.02000
,,,-0.00001832000,-0.08000,0.02200
,,,-0.00001831000,-0.08000,0.02200
,,,-0.00001830000,-0.08000,0.02200
,,,-0.00001829000,-0.08000,0.02000
,,,-0.00001828000,-0.08000,0.02200
,,,-0.00001827000,-0.16000,0.02000
,,,-0.00001826000,-0.08000,0.02200
,,,-0.00001825000,-0.08000,0.02200
,,,-0.00001824000,-0.16000,0.02200
,,,-0.00001823000,-0.08000,0.02000
,,,-0.00001822000,-0.08000,0.01800
,,,-0.00001821000,-0.16000,0.01800
,,,-0.00001820000,-0.16000,0.01800
,,,-0.00001819000,-0.16000,0.01800
,,,-0.00001818000,-0.16000,0.02000
,,,-0.00001817000,-0.24000,0.02000
,,,-0.00001816000,-0.24000,0.02200
,,,-0.00001815000,-0.24000,0.02400
,,,-0.00001814000,-0.16000,0.02400
,,,-0.00001813000,-0.24000,0.02200
,,,-0.00001812000,-0.24000,0.02200
,,,-0.00001811000,-0.32000,0.02000
,,,-0.00001810000,-0.24000,0.01600
,,,-0.00001809000,-0.24000,0.01200
,,,-0.00001808000,-0.24000,0.01200
,,,-0.00001807000,-0.24000,0.01200
,,,-0.00001806000,-0.24000,0.01200
,,,-0.00001805000,-0.32000,0.01400
,,,-0.00001804000,-0.24000,0.01600
,,,-0.00001803000,-0.32000,0.01600
,,,-0.00001802000,-0.32000,0.02000
,,,-0.00001801000,-0.32000,0.01800
,,,-0.00001800000,-0.32000,0.01800
,,,-0.00001799000,-0.32000,0.01200
,,,-0.00001798000,-0.32000,0.01200
,,,-0.00001797000,-0.32000,0.00800
,,,-0.00001796000,-0.32000,0.00400
,,,-0.00001795000,-0.40000,0.00400
,,,-0.00001794000,-0.40000,-0.00200
,,,-0.00001793000,-0.40000,0.00200
,,,-0.00001792000,-0.40000,-0.00400
,,,-0.00001791000,-0.40000,-0.00200
,,,-0.00001790000,-0.40000,-0.00400
,,,-0.00001789000,-0.40000,-0.00400
,,,-0.00001788000,-0.40000,-0.00400
,,,-0.00001787000,-0.40000,-0.00400
,,,-0.00001786000,-0.40000,-0.00800
,,,-0.00001785000,-0.40000,-0.00400
,,,-0.00001784000,-0.48000,-0.00400
,,,-0.00001783000,-0.40000,-0.00400
,,,-0.00001782000,-0.56000,-0.00400
,,,-0.00001781000,-0.48000,-0.00600
,,,-0.00001780000,-0.56000,-0.00800
,,,-0.00001779000,-0.56000,-0.00800
,,,-0.00001778000,-0.56000,-0.01000
,,,-0.00001777000,-0.56000,-0.01200
,,,-0.00001776000,-0.56000,-0.01600
,,,-0.00001775000,-0.56000,-0.01600
,,,-0.00001774000,-0.56000,-0.01400
,,,-0.00001773000,-0.56000,-0.01400
,,,-0.00001772000,-0.56000,-0.01000
,,,-0.00001771000,-0.64000,-0.01000
,,,-0.00001770000,-0.56000,-0.00800
,,,-0.00001769000,-0.56000,-0.00600
,,,-0.00001768000,-0.56000,-0.00400
,,,-0.00001767000,-0.56000,-0.00800
,,,-0.00001766000,-0.56000,-0.00800
,,,-0.00001765000,-0.64000,-0.01200
,,,-0.00001764000,-0.64000,-0.01600
,,,-0.00001763000,-0.64000,-0.01800
,,,-0.00001762000,-0.64000,-0.02000
,,,-0.00001761000,-0.64000,-0.02000
,,,-0.00001760000,-0.64000,-0.01800
,,,-0.00001759000,-0.64000,-0.01600
,,,-0.00001758000,-0.64000,-0.01200
,,,-0.00001757000,-0.72000,-0.01000
,,,-0.00001756000,-0.72000,-0.01000
,,,-0.00001755000,-0.72000,-0.00600
,,,-0.00001754000,-0.72000,-0.00400
,,,-0.00001753000,-0.72000,-0.00200
,,,-0.00001752000,-0.72000,0.00
,,,-0.00001751000,-0.72000,0.00
,,,-0.00001750000,-0.72000,0.00
,,,-0.00001749000,-0.80000,0.00400
,,,-0.00001748000,-0.72000,0.00
,,,-0.00001747000,-0.80000,0.00
,,,-0.00001746000,-0.80000,0.00
,,,-0.00001745000,-0.80000,-0.00200
,,,-0.00001744000,-0.80000,-0.00200
,,,-0.00001743000,-0.72000,-0.00200
,,,-0.00001742000,-0.80000,0.00
,,,-0.00001741000,-0.80000,0.00400
,,,-0.00001740000,-0.80000,0.00800
,,,-0.00001739000,-0.80000,0.01200
,,,-0.00001738000,-0.80000,0.01600
,,,-0.00001737000,-0.88000,0.01600
,,,-0.00001736000,-0.80000,0.01800
,,,-0.00001735000,-0.88000,0.01600
,,,-0.00001734000,-0.88000,0.01200
,,,-0.00001733000,-0.88000,0.00800
,,,-0.00001732000,-0.88000,0.00600
,,,-0.00001731000,-0.88000,0.00400
,,,-0.00001730000,-0.88000,0.00400
,,,-0.00001729000,-0.88000,0.00400
,,,-0.00001728000,-0.96000,0.00600
,,,-0.00001727000,-0.96000,0.01000
,,,-0.00001726000,-0.88000,0.01400
,,,-0.00001725000,-0.96000,0.01600
,,,-0.00001724000,-0.96000,0.02000
,,,-0.00001723000,-0.96000,0.02000
,,,-0.00001722000,-0.96000,0.02200
,,,-0.00001721000,-0.96000,0.02200
,,,-0.00001720000,-0.96000,0.02200
,,,-0.00001719000,-0.96000,0.02200
,,,-0.00001718000,-0.96000,0.02200
,,,-0.00001717000,-0.96000,0.02200
,,,-0.00001716000,-0.96000,0.02200
,,,-0.00001715000,-1.04000,0.01800
,,,-0.00001714000,-1.04000,0.01800
,,,-0.00001713000,-1.04000,0.01400
,,,-0.00001712000,-0.96000,0.01200
,,,-0.00001711000,-1.04000,0.01200
,,,-0.00001710000,-1.04000,0.01000
,,,-0.00001709000,-1.04000,0.00800
,,,-0.00001708000,-1.04000,0.01000
,,,-0.00001707000,-1.04000,0.01000
,,,-0.00001706000,-1.04000,0.01400
,,,-0.00001705000,-1.04000,0.01400
,,,-0.00001704000,-1.04000,0.01400
,,,-0.00001703000,-1.04000,0.01600
,,,-0.00001702000,-1.12000,0.01600
,,,-0.00001701000,-1.12000,0.01200
,,,-0.00001700000,-1.12000,0.00800
,,,-0.00001699000,-1.20000,0.00400
,,,-0.00001698000,-1.20000,0.00
,,,-0.00001697000,-1.20000,-0.00200
,,,-0.00001696000,-1.12000,-0.00400
,,,-0.00001695000,-1.20000,-0.00400
,,,-0.00001694000,-1.20000,-0.00200
,,,-0.00001693000,-1.20000,0.00
,,,-0.00001692000,-1.20000,0.00400
,,,-0.00001691000,-1.20000,0.00600
,,,-0.00001690000,-1.20000,0.00600
,,,-0.00001689000,-1.20000,0.00600
,,,-0.00001688000,-1.28000,0.00400
,,,-0.00001687000,-1.20000,0.00400
,,,-0.00001686000,-1.28000,0.00200
,,,-0.00001685000,-1.28000,-0.00200
,,,-0.00001684000,-1.28000,-0.00200
,,,-0.00001683000,-1.28000,-0.00600
,,,-0.00001682000,-1.28000,-0.00800
,,,-0.00001681000,-1.28000,-0.01000
,,,-0.00001680000,-1.28000,-0.01200
,,,-0.00001679000,-1.28000,-0.01600
,,,-0.00001678000,-1.36000,-0.01400
,,,-0.00001677000,-1.36000,-0.01800
,,,-0.00001676000,-1.36000,-0.01600
,,,-0.00001675000,-1.36000,-0.01600
,,,-0.00001674000,-1.28000,-0.01200
,,,-0.00001673000,-1.36000,-0.01000
,,,-0.00001672000,-1.36000,-0.00800
,,,-0.00001671000,-1.36000,-0.00800
,,,-0.00001670000,-1.44000,-0.00600
,,,-0.00001669000,-1.44000,-0.00800
,,,-0.00001668000,-1.44000,-0.01000
,,,-0.00001667000,-1.44000,-0.01200
,,,-0.00001666000,-1.44000,-0.01600
,,,-0.00001665000,-1.44000,-0.01800
,,,-0.00001664000,-1.44000,-0.01800
,,,-0.00001663000,-1.52000,-0.01800
,,,-0.00001662000,-1.52000,-0.01600
,,,-0.00001661000,-1.52000,-0.01000
,,,-0.00001660000,-1.52000,-0.00800
,,,-0.00001659000,-1.52000,-0.00400
,,,-0.00001658000,-1.52000,0.00
,,,-0.00001657000,-1.52000,0.00
,,,-0.00001656000,-1.52000,0.00
,,,-0.00001655000,-1.52000,-0.00200
,,,-0.00001654000,-1.52000,-0.00400
,,,-0.00001653000,-1.52000,-0.00800
,,,-0.00001652000,-1.52000,-0.01400
,,,-0.00001651000,-1.60000,-0.00800
,,,-0.00001650000,-1.52000,-0.01400
,,,-0.00001649000,-1.52000,-0.00400
,,,-0.00001648000,-1.60000,-0.00200
,,,-0.00001647000,-1.60000,0.00
,,,-0.00001646000,-1.60000,0.01000
,,,-0.00001645000,-1.60000,0.00400
,,,-0.00001644000,-1.60000,0.01200
,,,-0.00001643000,-1.60000,0.00600
,,,-0.00001642000,-1.60000,0.00800
,,,-0.00001641000,-1.60000,0.00600
,,,-0.00001640000,-1.60000,0.00600
,,,-0.00001639000,-1.60000,0.00800
,,,-0.00001638000,-1.60000,0.00800
,,,-0.00001637000,-1.68000,0.01200
,,,-0.00001636000,-1.60000,0.01400
,,,-0.00001635000,-1.60000,0.01400
,,,-0.00001634000,-1.60000,0.01600
,,,-0.00001633000,-1.68000,0.01400
,,,-0.00001632000,-1.68000,0.01400
,,,-0.00001631000,-1.68000,0.01400
,,,-0.00001630000,-1.68000,0.01400
,,,-0.00001629000,-1.68000,0.01400
,,,-0.00001628000,-1.68000,0.01600
,,,-0.00001627000,-1.68000,0.02000
,,,-0.00001626000,-1.68000,0.02200
,,,-0.00001625000,-1.68000,0.02400
,,,-0.00001624000,-1.68000,0.02400
,,,-0.00001623000,-1.68000,0.02400
,,,-0.00001622000,-1.68000,0.02200
,,,-0.00001621000,-1.76000,0.01800
,,,-0.00001620000,-1.68000,0.01600
,,,-0.00001619000,-1.76000,0.01200
,,,-0.00001618000,-1.76000,0.01000
,,,-0.00001617000,-1.84000,0.00800
,,,-0.00001616000,-1.76000,0.01200
,,,-0.00001615000,-1.84000,0.01200
,,,-0.00001614000,-1.84000,0.01400
,,,-0.00001613000,-1.84000,0.01600
,,,-0.00001612000,-1.84000,0.02000
,,,-0.00001611000,-1.84000,0.02000
,,,-0.00001610000,-1.84000,0.02000
,,,-0.00001609000,-1.84000,0.02000
,,,-0.00001608000,-1.84000,0.01600
,,,-0.00001607000,-1.84000,0.01400
,,,-0.00001606000,-1.84000,0.01400
,,,-0.00001605000,-1.92000,0.01000
,,,-0.00001604000,-1.92000,0.00800
,,,-0.00001603000,-1.84000,0.00800
,,,-0.00001602000,-1.92000,0.00600
,,,-0.00001601000,-1.92000,0.00600
,,,-0.00001600000,-1.92000,0.00600
,,,-0.00001599000,-1.92000,0.00400
,,,-0.00001598000,-1.92000,0.00200
,,,-0.00001597000,-1.92000,0.00
,,,-0.00001596000,-1.92000,0.00
,,,-0.00001595000,-1.92000,-0.00200
,,,-0.00001594000,-1.92000,-0.00200
,,,-0.00001593000,-1.92000,-0.00200
,,,-0.00001592000,-1.92000,0.00
,,,-0.00001591000,-2.00000,-0.00200
,,,-0.00001590000,-1.92000,-0.00200
,,,-0.00001589000,-2.00000,-0.00600
,,,-0.00001588000,-2.08000,-0.00800
,,,-0.00001587000,-2.00000,-0.01200
,,,-0.00001586000,-2.00000,-0.01600
,,,-0.00001585000,-2.08000,-0.02000
,,,-0.00001584000,-2.08000,-0.01800
,,,-0.00001583000,-2.08000,-0.01800
,,,-0.00001582000,-2.08000,-0.01600
,,,-0.00001581000,-2.08000,-0.01000
,,,-0.00001580000,-2.08000,-0.00600
,,,-0.00001579000,-2.08000,-0.00400
,,,-0.00001578000,-2.16000,0.00
,,,-0.00001577000,-2.08000,-0.00200
,,,-0.00001576000,-2.08000,-0.00400
,,,-0.00001575000,-2.08000,-0.01000
,,,-0.00001574000,-2.16000,-0.01200
,,,-0.00001573000,-2.08000,-0.01800
,,,-0.00001572000,-2.16000,-0.02200
,,,-0.00001571000,-2.16000,-0.02400
,,,-0.00001570000,-2.16000,-0.02200
,,,-0.00001569000,-2.16000,-0.02000
,,,-0.00001568000,-2.16000,-0.01800
,,,-0.00001567000,-2.16000,-0.01400
,,,-0.00001566000,-2.16000,-0.01200
,,,-0.00001565000,-2.16000,-0.01200
,,,-0.00001564000,-2.16000,-0.01200
,,,-0.00001563000,-2.24000,-0.01200
,,,-0.00001562000,-2.16000,-0.01400
,,,-0.00001561000,-2.24000,-0.01600
,,,-0.00001560000,-2.24000,-0.01400
,,,-0.00001559000,-2.24000,-0.01200
,,,-0.00001558000,-2.24000,-0.01200
,,,-0.00001557000,-2.24000,-0.01200
,,,-0.00001556000,-2.24000,-0.01000
,,,-0.00001555000,-2.24000,-0.00800
,,,-0.00001554000,-2.24000,-0.00400
,,,-0.00001553000,-2.32000,-0.00400
,,,-0.00001552000,-2.32000,-0.00400
,,,-0.00001551000,-2.32000,-0.00200
,,,-0.00001550000,-2.32000,0.00
,,,-0.00001549000,-2.32000,0.00
,,,-0.00001548000,-2.32000,0.00400
,,,-0.00001547000,-2.32000,0.00800
,,,-0.00001546000,-2.32000,0.01200
,,,-0.00001545000,-2.32000,0.01200
,,,-0.00001544000,-2.32000,0.01600
,,,-0.00001543000,-2.32000,0.01400
,,,-0.00001542000,-2.32000,0.01200
,,,-0.00001541000,-2.32000,0.00800
,,,-0.00001540000,-2.32000,0.00600
,,,-0.00001539000,-2.32000,0.00200
,,,-0.00001538000,-2.32000,0.00400
,,,-0.00001537000,-2.40000,0.00400
,,,-0.00001536000,-2.32000,0.00800
,,,-0.00001535000,-2.40000,0.01200
,,,-0.00001534000,-2.48000,0.01600
,,,-0.00001533000,-2.48000,0.01800
,,,-0.00001532000,-2.40000,0.02200
,,,-0.00001531000,-2.48000,0.02000
,,,-0.00001530000,-2.48000,0.02000
,,,-0.00001529000,-2.48000,0.02000
,,,-0.00001528000,-2.48000,0.02000
,,,-0.00001527000,-2.48000,0.01600
,,,-0.00001526000,-2.48000,0.01800
,,,-0.00001525000,-2.48000,0.01800
,,,-0.00001524000,-2.56000,0.02000
,,,-0.00001523000,-2.48000,0.02000
,,,-0.00001522000,-2.48000,0.02200
,,,-0.00001521000,-2.56000,0.02200
,,,-0.00001520000,-2.48000,0.02200
,,,-0.00001519000,-2.48000,0.02000
,,,-0.00001518000,-2.56000,0.02000
,,,-0.00001517000,-2.48000,0.01800
,,,-0.00001516000,-2.56000,0.02000
,,,-0.00001515000,-2.56000,0.02000
,,,-0.00001514000,-2.48000,0.02000
,,,-0.00001513000,-2.48000,0.02000
,,,-0.00001512000,-2.56000,0.02000
,,,-0.00001511000,-2.56000,0.01800
,,,-0.00001510000,-2.56000,0.01600
,,,-0.00001509000,-2.56000,0.01200
,,,-0.00001508000,-2.56000,0.00800
,,,-0.00001507000,-2.64000,0.00600
,,,-0.00001506000,-2.64000,0.00400
,,,-0.00001505000,-2.64000,0.00200
,,,-0.00001504000,-2.64000,0.00400
,,,-0.00001503000,-2.64000,0.00400
,,,-0.00001502000,-2.64000,0.00600
,,,-0.00001501000,-2.64000,0.00800
,,,-0.00001500000,-2.64000,0.00800
,,,-0.00001499000,-2.64000,0.01000
,,,-0.00001498000,-2.72000,0.00800
,,,-0.00001497000,-2.72000,0.00600
,,,-0.00001496000,-2.72000,0.00400
,,,-0.00001495000,-2.72000,0.00
,,,-0.00001494000,-2.64000,-0.00400
,,,-0.00001493000,-2.80000,-0.00800
,,,-0.00001492000,-2.72000,-0.01000
,,,-0.00001491000,-2.80000,-0.01200
,,,-0.00001490000,-2.72000,-0.01200
,,,-0.00001489000,-2.72000,-0.01200
,,,-0.00001488000,-2.72000,-0.01000
,,,-0.00001487000,-2.80000,-0.00600
,,,-0.00001486000,-2.80000,-0.00600
,,,-0.00001485000,-2.80000,-0.00400
,,,-0.00001484000,-2.80000,-0.00400
,,,-0.00001483000,-2.80000,-0.00800
,,,-0.00001482000,-2.80000,-0.00800
,,,-0.00001481000,-2.80000,-0.01200
,,,-0.00001480000,-2.80000,-0.01200
,,,-0.00001479000,-2.88000,-0.01600
,,,-0.00001478000,-2.88000,-0.01800
,,,-0.00001477000,-2.88000,-0.01800
,,,-0.00001476000,-2.80000,-0.02000
,,,-0.00001475000,-2.80000,-0.02400
,,,-0.00001474000,-2.88000,-0.02200
,,,-0.00001473000,-2.88000,-0.02200
,,,-0.00001472000,-2.88000,-0.01800
,,,-0.00001471000,-2.88000,-0.01600
,,,-0.00001470000,-2.88000,-0.01200
,,,-0.00001469000,-2.88000,-0.00800
,,,-0.00001468000,-2.88000,-0.00400
,,,-0.00001467000,-2.88000,-0.00400
,,,-0.00001466000,-2.88000,0.00
,,,-0.00001465000,-2.96000,-0.00200
,,,-0.00001464000,-2.96000,-0.00400
,,,-0.00001463000,-2.96000,-0.00400
,,,-0.00001462000,-2.88000,-0.00800
,,,-0.00001461000,-2.88000,-0.01000
,,,-0.00001460000,-2.96000,-0.00800
,,,-0.00001459000,-2.96000,-0.00800
,,,-0.00001458000,-2.96000,-0.00600
,,,-0.00001457000,-2.96000,-0.00400
,,,-0.00001456000,-2.96000,-0.00200
,,,-0.00001455000,-2.96000,0.00
,,,-0.00001454000,-2.96000,0.00200
,,,-0.00001453000,-2.96000,0.00400
,,,-0.00001452000,-2.96000,0.00400
,,,-0.00001451000,-2.96000,0.00400
,,,-0.00001450000,-2.96000,0.00400
,,,-0.00001449000,-2.96000,0.00400
,,,-0.00001448000,-3.04000,0.00600
,,,-0.00001447000,-3.12000,0.00400
,,,-0.00001446000,-3.12000,0.00600
,,,-0.00001445000,-3.04000,0.00600
,,,-0.00001444000,-2.96000,0.00600
,,,-0.00001443000,-3.04000,0.00800
,,,-0.00001442000,-3.12000,0.00400
,,,-0.00001441000,-3.04000,0.00800
,,,-0.00001440000,-3.12000,0.01000
,,,-0.00001439000,-3.12000,0.00600
,,,-0.00001438000,-2.96000,0.01400
,,,-0.00001437000,-3.12000,0.01400
,,,-0.00001436000,-3.12000,0.02000
,,,-0.00001435000,-3.12000,0.02400
,,,-0.00001434000,-3.12000,0.02600
,,,-0.00001433000,-3.12000,0.03000
,,,-0.00001432000,-3.12000,0.03000
,,,-0.00001431000,-3.12000,0.02800
,,,-0.00001430000,-3.12000,0.02400
,,,-0.00001429000,-3.20000,0.02200
,,,-0.00001428000,-3.12000,0.02000
,,,-0.00001427000,-3.20000,0.01400
,,,-0.00001426000,-3.20000,0.01200
,,,-0.00001425000,-3.12000,0.01400
,,,-0.00001424000,-3.12000,0.01400
,,,-0.00001423000,-3.12000,0.01600
,,,-0.00001422000,-3.20000,0.02000
,,,-0.00001421000,-3.20000,0.02000
,,,-0.00001420000,-3.20000,0.02000
,,,-0.00001419000,-3.20000,0.02000
,,,-0.00001418000,-3.20000,0.01800
,,,-0.00001417000,-3.20000,0.01600
,,,-0.00001416000,-3.28000,0.01400
,,,-0.00001415000,-3.20000,0.01200
,,,-0.00001414000,-3.20000,0.00600
,,,-0.00001413000,-3.20000,0.00600
,,,-0.00001412000,-3.20000,0.00600
,,,-0.00001411000,-3.20000,0.00400
,,,-0.00001410000,-3.28000,0.00800
,,,-0.00001409000,-3.28000,0.00200
,,,-0.00001408000,-3.28000,0.00600
,,,-0.00001407000,-3.28000,0.00400
,,,-0.00001406000,-3.28000,0.00800
,,,-0.00001405000,-3.20000,0.00800
,,,-0.00001404000,-3.28000,0.00800
,,,-0.00001403000,-3.28000,0.00800
,,,-0.00001402000,-3.28000,0.00800
,,,-0.00001401000,-3.36000,0.00600
,,,-0.00001400000,-3.36000,0.00800
,,,-0.00001399000,-3.36000,0.00200
,,,-0.00001398000,-3.36000,0.00
,,,-0.00001397000,-3.36000,-0.00400
,,,-0.00001396000,-3.36000,-0.01000
,,,-0.00001395000,-3.36000,-0.01000
,,,-0.00001394000,-3.36000,-0.01200
,,,-0.00001393000,-3.36000,-0.01800
,,,-0.00001392000,-3.36000,-0.01400
,,,-0.00001391000,-3.36000,-0.01000
,,,-0.00001390000,-3.52000,-0.01200
,,,-0.00001389000,-3.36000,-0.01200
,,,-0.00001388000,-3.52000,-0.01000
,,,-0.00001387000,-3.52000,-0.01000
,,,-0.00001386000,-3.52000,-0.01600
,,,-0.00001385000,-3.52000,-0.01600
,,,-0.00001384000,-3.36000,-0.01600
,,,-0.00001383000,-3.52000,-0.02000
,,,-0.00001382000,-3.52000,-0.02000
,,,-0.00001381000,-3.52000,-0.02000
,,,-0.00001380000,-3.52000,-0.02000
,,,-0.00001379000,-3.52000,-0.02200
,,,-0.00001378000,-3.60000,-0.01600
,,,-0.00001377000,-3.52000,-0.01600
,,,-0.00001376000,-3.52000,-0.01200
,,,-0.00001375000,-3.52000,-0.01200
,,,-0.00001374000,-3.52000,-0.01000
,,,-0.00001373000,-3.52000,-0.01200
,,,-0.00001372000,-3.60000,-0.01200
,,,-0.00001371000,-3.60000,-0.01200
,,,-0.00001370000,-3.60000,-0.01400
,,,-0.00001369000,-3.60000,-0.01200
,,,-0.00001368000,-3.60000,-0.00800
,,,-0.00001367000,-3.60000,-0.01000
,,,-0.00001366000,-3.60000,-0.01000
,,,-0.00001365000,-3.60000,-0.01000
,,,-0.00001364000,-3.52000,-0.00200
,,,-0.00001363000,-3.60000,-0.01000
,,,-0.00001362000,-3.60000,-0.01600
,,,-0.00001361000,-3.68000,-0.01400
,,,-0.00001360000,-3.60000,-0.01600
,,,-0.00001359000,-3.60000,-0.01200
,,,-0.00001358000,-3.60000,-0.00800
,,,-0.00001357000,-3.60000,-0.00600
,,,-0.00001356000,-3.68000,-0.00600
,,,-0.00001355000,-3.68000,-0.00200
,,,-0.00001354000,-3.68000,0.00400
,,,-0.00001353000,-3.60000,0.00400
,,,-0.00001352000,-3.68000,0.00400
,,,-0.00001351000,-3.68000,0.00200
,,,-0.00001350000,-3.68000,0.00
,,,-0.00001349000,-3.68000,0.00
,,,-0.00001348000,-3.68000,0.00200
,,,-0.00001347000,-3.68000,0.00
,,,-0.00001346000,-3.68000,0.00600
,,,-0.00001345000,-3.68000,0.01200
,,,-0.00001344000,-3.68000,0.01600
,,,-0.00001343000,-3.68000,0.02000
,,,-0.00001342000,-3.68000,0.02400
,,,-0.00001341000,-3.68000,0.02400
,,,-0.00001340000,-3.68000,0.02400
,,,-0.00001339000,-3.68000,0.02200
,,,-0.00001338000,-3.68000,0.02000
,,,-0.00001337000,-3.76000,0.01600
,,,-0.00001336000,-3.76000,0.01400
,,,-0.00001335000,-3.68000,0.01400
,,,-0.00001334000,-3.68000,0.01400
,,,-0.00001333000,-3.76000,0.01200
,,,-0.00001332000,-3.68000,0.01400
,,,-0.00001331000,-3.68000,0.01600
,,,-0.00001330000,-3.84000,0.01600
,,,-0.00001329000,-3.76000,0.01600
,,,-0.00001328000,-3.76000,0.01600
,,,-0.00001327000,-3.84000,0.01200
,,,-0.00001326000,-3.84000,0.01600
,,,-0.00001325000,-3.84000,0.01600
,,,-0.00001324000,-3.84000,0.01600
,,,-0.00001323000,-3.84000,0.01800
,,,-0.00001322000,-3.84000,0.02200
,,,-0.00001321000,-3.84000,0.02400
,,,-0.00001320000,-3.84000,0.02400
,,,-0.00001319000,-3.76000,0.02400
,,,-0.00001318000,-3.84000,0.02000
,,,-0.00001317000,-3.84000,0.01600
,,,-0.00001316000,-3.84000,0.01400
,,,-0.00001315000,-3.84000,0.01200
,,,-0.00001314000,-3.84000,0.01200
,,,-0.00001313000,-3.84000,0.01000
,,,-0.00001312000,-3.84000,0.01400
,,,-0.00001311000,-3.92000,0.01600
,,,-0.00001310000,-3.92000,0.02000
,,,-0.00001309000,-3.92000,0.02000
,,,-0.00001308000,-3.92000,0.02000
,,,-0.00001307000,-3.84000,0.01600
,,,-0.00001306000,-3.92000,0.01200
,,,-0.00001305000,-3.92000,0.00800
,,,-0.00001304000,-3.92000,0.00200
,,,-0.00001303000,-3.84000,-0.00400
,,,-0.00001302000,-3.84000,-0.00800
,,,-0.00001301000,-3.92000,-0.01000
,,,-0.00001300000,-3.92000,-0.01000
,,,-0.00001299000,-3.84000,-0.00800
,,,-0.00001298000,-3.92000,-0.00400
,,,-0.00001297000,-3.92000,-0.00400
,,,-0.00001296000,-3.92000,-0.00200
,,,-0.00001295000,-3.92000,-0.00200
,,,-0.00001294000,-3.92000,-0.00200
,,,-0.00001293000,-3.92000,-0.00200
,,,-0.00001292000,-4.00000,-0.00200
,,,-0.00001291000,-4.00000,-0.00400
,,,-0.00001290000,-4.00000,-0.00400
,,,-0.00001289000,-4.00000,-0.00600
,,,-0.00001288000,-4.00000,-0.00400
,,,-0.00001287000,-4.00000,-0.00400
,,,-0.00001286000,-4.00000,-0.00400
,,,-0.00001285000,-4.00000,-0.00800
,,,-0.00001284000,-4.00000,-0.00600
,,,-0.00001283000,-4.00000,-0.00800
,,,-0.00001282000,-4.00000,-0.00800
,,,-0.00001281000,-4.00000,-0.01000
,,,-0.00001280000,-4.08000,-0.01000
,,,-0.00001279000,-4.08000,-0.01000
,,,-0.00001278000,-4.08000,-0.00800
,,,-0.00001277000,-4.08000,-0.01000
,,,-0.00001276000,-4.00000,-0.00800
,,,-0.00001275000,-4.08000,-0.00800
,,,-0.00001274000,-4.08000,-0.00600
,,,-0.00001273000,-4.00000,-0.01000
,,,-0.00001272000,-4.00000,-0.01000
,,,-0.00001271000,-4.08000,-0.01400
,,,-0.00001270000,-4.08000,-0.01600
,,,-0.00001269000,-4.08000,-0.01800
,,,-0.00001268000,-4.08000,-0.01800
,,,-0.00001267000,-4.08000,-0.01600
,,,-0.00001266000,-4.16000,-0.01200
,,,-0.00001265000,-4.08000,-0.00800
,,,-0.00001264000,-4.08000,-0.00200
,,,-0.00001263000,-4.08000,0.00
,,,-0.00001262000,-4.08000,0.00400
,,,-0.00001261000,-4.08000,0.00800
,,,-0.00001260000,-4.08000,0.00800
,,,-0.00001259000,-4.08000,0.00600
,,,-0.00001258000,-4.16000,0.00400
,,,-0.00001257000,-4.16000,0.00400
,,,-0.00001256000,-4.16000,0.00600
,,,-0.00001255000,-4.16000,0.00600
,,,-0.00001254000,-4.16000,0.00800
,,,-0.00001253000,-4.16000,0.00800
,,,-0.00001252000,-4.16000,0.01000
,,,-0.00001251000,-4.24000,0.01200
,,,-0.00001250000,-4.16000,0.01000
,,,-0.00001249000,-4.16000,0.01200
,,,-0.00001248000,-4.16000,0.01200
,,,-0.00001247000,-4.16000,0.01000
,,,-0.00001246000,-4.16000,0.01200
,,,-0.00001245000,-4.16000,0.01400
,,,-0.00001244000,-4.16000,0.01400
,,,-0.00001243000,-4.16000,0.01600
,,,-0.00001242000,-4.16000,0.01800
,,,-0.00001241000,-4.16000,0.01600
,,,-0.00001240000,-4.24000,0.01600
,,,-0.00001239000,-4.24000,0.01400
,,,-0.00001238000,-4.24000,0.01200
,,,-0.00001237000,-4.24000,0.01000
,,,-0.00001236000,-4.16000,0.00800
,,,-0.00001235000,-4.16000,0.01000
,,,-0.00001234000,-4.24000,0.01400
,,,-0.00001233000,-4.24000,0.01800
,,,-0.00001232000,-4.24000,0.02400
,,,-0.00001231000,-4.24000,0.02800
,,,-0.00001230000,-4.24000,0.03200
,,,-0.00001229000,-4.24000,0.03400
,,,-0.00001228000,-4.24000,0.03400
,,,-0.00001227000,-4.24000,0.03200
,,,-0.00001226000,-4.24000,0.03000
,,,-0.00001225000,-4.24000,0.02400
,,,-0.00001224000,-4.24000,0.02000
,,,-0.00001223000,-4.24000,0.01600
,,,-0.00001222000,-4.24000,0.01400
,,,-0.00001221000,-4.24000,0.01200
,,,-0.00001220000,-4.32000,0.01200
,,,-0.00001219000,-4.32000,0.01200
,,,-0.00001218000,-4.24000,0.01200
,,,-0.00001217000,-4.32000,0.01400
,,,-0.00001216000,-4.32000,0.01600
,,,-0.00001215000,-4.32000,0.01400
,,,-0.00001214000,-4.32000,0.01200
,,,-0.00001213000,-4.32000,0.01400
,,,-0.00001212000,-4.32000,0.01200
,,,-0.00001211000,-4.32000,0.00800
,,,-0.00001210000,-4.32000,0.01000
,,,-0.00001209000,-4.32000,0.00800
,,,-0.00001208000,-4.32000,0.00600
,,,-0.00001207000,-4.24000,0.00600
,,,-0.00001206000,-4.32000,0.00400
,,,-0.00001205000,-4.32000,0.00
,,,-0.00001204000,-4.32000,0.00
,,,-0.00001203000,-4.32000,-0.00200
,,,-0.00001202000,-4.32000,-0.00200
,,,-0.00001201000,-4.32000,-0.00200
,,,-0.00001200000,-4.40000,0.00
,,,-0.00001199000,-4.32000,0.00
,,,-0.00001198000,-4.32000,0.00400
,,,-0.00001197000,-4.32000,0.00400
,,,-0.00001196000,-4.32000,0.00400
,,,-0.00001195000,-4.32000,0.00200
,,,-0.00001194000,-4.32000,0.00
,,,-0.00001193000,-4.32000,-0.00200
,,,-0.00001192000,-4.40000,-0.00800
,,,-0.00001191000,-4.48000,-0.01200
,,,-0.00001190000,-4.48000,-0.01600
,,,-0.00001189000,-4.40000,-0.02000
,,,-0.00001188000,-4.32000,-0.02000
,,,-0.00001187000,-4.32000,-0.02000
,,,-0.00001186000,-4.48000,-0.02000
,,,-0.00001185000,-4.48000,-0.01600
,,,-0.00001184000,-4.48000,-0.01600
,,,-0.00001183000,-4.48000,-0.01200
,,,-0.00001182000,-4.48000,-0.01000
,,,-0.00001181000,-4.40000,-0.01000
,,,-0.00001180000,-4.48000,-0.00800
,,,-0.00001179000,-4.48000,-0.00800
,,,-0.00001178000,-4.48000,-0.00800
,,,-0.00001177000,-4.48000,-0.01000
,,,-0.00001176000,-4.48000,-0.01000
,,,-0.00001175000,-4.48000,-0.01400
,,,-0.00001174000,-4.48000,-0.01200
,,,-0.00001173000,-4.48000,-0.01200
,,,-0.00001172000,-4.48000,-0.01200
,,,-0.00001171000,-4.48000,-0.01000
,,,-0.00001170000,-4.48000,-0.00800
,,,-0.00001169000,-4.48000,-0.00600
,,,-0.00001168000,-4.48000,-0.00200
,,,-0.00001167000,-4.48000,-0.00200
,,,-0.00001166000,-4.48000,0.00
,,,-0.00001165000,-4.48000,0.00
,,,-0.00001164000,-4.48000,0.00200
,,,-0.00001163000,-4.48000,0.00400
,,,-0.00001162000,-4.48000,0.00400
,,,-0.00001161000,-4.48000,0.00200
,,,-0.00001160000,-4.48000,0.00400
,,,-0.00001159000,-4.48000,0.00
,,,-0.00001158000,-4.56000,0.00
,,,-0.00001157000,-4.48000,0.00
,,,-0.00001156000,-4.48000,0.00
,,,-0.00001155000,-4.48000,0.00
,,,-0.00001154000,-4.56000,0.00400
,,,-0.00001153000,-4.56000,0.00800
,,,-0.00001152000,-4.56000,0.01200
,,,-0.00001151000,-4.56000,0.01600
,,,-0.00001150000,-4.56000,0.02000
,,,-0.00001149000,-4.56000,0.02200
,,,-0.00001148000,-4.56000,0.02000
,,,-0.00001147000,-4.56000,0.02000
,,,-0.00001146000,-4.56000,0.02000
,,,-0.00001145000,-4.56000,0.01800
,,,-0.00001144000,-4.56000,0.01600
,,,-0.00001143000,-4.56000,0.01400
,,,-0.00001142000,-4.56000,0.01600
,,,-0.00001141000,-4.56000,0.01800
,,,-0.00001140000,-4.56000,0.01800
,,,-0.00001139000,-4.56000,0.02000
,,,-0.00001138000,-4.56000,0.02400
,,,-0.00001137000,-4.56000,0.02000
,,,-0.00001136000,-4.56000,0.02400
,,,-0.00001135000,-4.56000,0.02400
,,,-0.00001134000,-4.56000,0.02600
,,,-0.00001133000,-4.56000,0.02400
,,,-0.00001132000,-4.64000,0.03000
,,,-0.00001131000,-4.56000,0.02800
,,,-0.00001130000,-4.56000,0.03000
,,,-0.00001129000,-4.64000,0.02400
,,,-0.00001128000,-4.56000,0.02600
,,,-0.00001127000,-4.56000,0.01600
,,,-0.00001126000,-4.64000,0.02200
,,,-0.00001125000,-4.64000,0.01200
,,,-0.00001124000,-4.56000,0.01600
,,,-0.00001123000,-4.56000,0.01200
,,,-0.00001122000,-4.56000,0.01200
,,,-0.00001121000,-4.56000,0.02200
,,,-0.00001120000,-4.56000,0.01600
,,,-0.00001119000,-4.56000,0.02400
,,,-0.00001118000,-4.64000,0.02200
,,,-0.00001117000,-4.72000,0.02400
,,,-0.00001116000,-4.56000,0.02200
,,,-0.00001115000,-4.64000,0.02000
,,,-0.00001114000,-4.64000,0.02000
,,,-0.00001113000,-4.56000,0.01400
,,,-0.00001112000,-4.64000,0.01200
,,,-0.00001111000,-4.64000,0.00800
,,,-0.00001110000,-4.72000,0.00800
,,,-0.00001109000,-4.64000,0.00600
,,,-0.00001108000,-4.64000,0.00600
,,,-0.00001107000,-4.64000,0.00600
,,,-0.00001106000,-4.72000,0.00800
,,,-0.00001105000,-4.64000,0.00600
,,,-0.00001104000,-4.64000,0.00600
,,,-0.00001103000,-4.72000,0.00400
,,,-0.00001102000,-4.64000,0.00400
,,,-0.00001101000,-4.64000,0.00
,,,-0.00001100000,-4.72000,0.00
,,,-0.00001099000,-4.72000,-0.00400
,,,-0.00001098000,-4.64000,-0.00400
,,,-0.00001097000,-4.72000,-0.00400
,,,-0.00001096000,-4.72000,-0.00400
,,,-0.00001095000,-4.64000,-0.00600
,,,-0.00001094000,-4.72000,-0.00600
,,,-0.00001093000,-4.72000,-0.01000
,,,-0.00001092000,-4.72000,-0.00800
,,,-0.00001091000,-4.72000,-0.01000
,,,-0.00001090000,-4.72000,-0.00800
,,,-0.00001089000,-4.72000,-0.00800
,,,-0.00001088000,-4.72000,-0.00600
,,,-0.00001087000,-4.72000,-0.00400
,,,-0.00001086000,-4.64000,-0.00200
,,,-0.00001085000,-4.72000,-0.00200
,,,-0.00001084000,-4.72000,0.00
,,,-0.00001083000,-4.80000,-0.00400
,,,-0.00001082000,-4.72000,-0.00400
,,,-0.00001081000,-4.80000,-0.00800
,,,-0.00001080000,-4.72000,-0.01000
,,,-0.00001079000,-4.72000,-0.01400
,,,-0.00001078000,-4.72000,-0.01200
,,,-0.00001077000,-4.72000,-0.01400
,,,-0.00001076000,-4.72000,-0.01000
,,,-0.00001075000,-4.72000,-0.00800
,,,-0.00001074000,-4.72000,-0.00400
,,,-0.00001073000,-4.72000,0.00
,,,-0.00001072000,-4.80000,0.00
,,,-0.00001071000,-4.80000,0.00
,,,-0.00001070000,-4.80000,0.00
,,,-0.00001069000,-4.72000,-0.00200
,,,-0.00001068000,-4.80000,-0.00200
,,,-0.00001067000,-4.72000,-0.00400
,,,-0.00001066000,-4.80000,-0.00400
,,,-0.00001065000,-4.72000,-0.00400
,,,-0.00001064000,-4.72000,-0.00200
,,,-0.00001063000,-4.80000,-0.00200
,,,-0.00001062000,-4.80000,0.00
,,,-0.00001061000,-4.72000,0.00200
,,,-0.00001060000,-4.80000,0.00400
,,,-0.00001059000,-4.80000,0.00600
,,,-0.00001058000,-4.80000,0.00800
,,,-0.00001057000,-4.80000,0.00800
,,,-0.00001056000,-4.80000,0.01000
,,,-0.00001055000,-4.80000,0.01200
,,,-0.00001054000,-4.72000,0.01400
,,,-0.00001053000,-4.80000,0.01600
,,,-0.00001052000,-4.80000,0.01800
,,,-0.00001051000,-4.80000,0.01800
,,,-0.00001050000,-4.80000,0.02200
,,,-0.00001049000,-4.72000,0.01800
,,,-0.00001048000,-4.80000,0.01600
,,,-0.00001047000,-4.80000,0.01200
,,,-0.00001046000,-4.80000,0.01000
,,,-0.00001045000,-4.80000,0.00800
,,,-0.00001044000,-4.80000,0.00800
,,,-0.00001043000,-4.80000,0.01000
,,,-0.00001042000,-4.80000,0.01600
,,,-0.00001041000,-4.80000,0.02000
,,,-0.00001040000,-4.80000,0.02400
,,,-0.00001039000,-4.80000,0.03000
,,,-0.00001038000,-4.80000,0.03200
,,,-0.00001037000,-4.80000,0.03000
,,,-0.00001036000,-4.80000,0.02600
,,,-0.00001035000,-4.80000,0.02200
,,,-0.00001034000,-4.80000,0.01800
,,,-0.00001033000,-4.80000,0.01400
,,,-0.00001032000,-4.80000,0.01200
,,,-0.00001031000,-4.80000,0.01200
,,,-0.00001030000,-4.80000,0.01400
,,,-0.00001029000,-4.80000,0.01600
,,,-0.00001028000,-4.80000,0.02000
,,,-0.00001027000,-4.80000,0.02200
,,,-0.00001026000,-4.80000,0.02400
,,,-0.00001025000,-4.80000,0.02200
,,,-0.00001024000,-4.80000,0.02000
,,,-0.00001023000,-4.80000,0.02000
,,,-0.00001022000,-4.88000,0.01600
,,,-0.00001021000,-4.80000,0.01400
,,,-0.00001020000,-4.80000,0.01600
,,,-0.00001019000,-4.80000,0.01200
,,,-0.00001018000,-4.80000,0.01200
,,,-0.00001017000,-4.80000,0.01200
,,,-0.00001016000,-4.80000,0.01200
,,,-0.00001015000,-4.80000,0.00800
,,,-0.00001014000,-4.80000,0.00600
,,,-0.00001013000,-4.88000,0.00200
,,,-0.00001012000,-4.88000,0.00200
,,,-0.00001011000,-4.80000,0.00
,,,-0.00001010000,-4.80000,0.00
,,,-0.00001009000,-4.80000,0.00200
,,,-0.00001008000,-4.88000,0.00400
,,,-0.00001007000,-4.80000,0.00600
,,,-0.00001006000,-4.80000,0.00800
,,,-0.00001005000,-4.88000,0.00600
,,,-0.00001004000,-4.80000,0.00400
,,,-0.00001003000,-4.80000,0.00200
,,,-0.00001002000,-4.88000,-0.00200
,,,-0.00001001000,-4.80000,-0.00600
,,,-0.00001000000,-4.80000,-0.01000
,,,-0.00000999000,-4.88000,-0.01200
,,,-0.00000998000,-4.80000,-0.01400
,,,-0.00000997000,-4.80000,-0.01200
,,,-0.00000996000,-4.80000,-0.01000
,,,-0.00000995000,-4.88000,-0.00800
,,,-0.00000994000,-4.80000,-0.00400
,,,-0.00000993000,-4.88000,-0.00200
,,,-0.00000992000,-4.88000,0.00
,,,-0.00000991000,-4.80000,-0.00200
,,,-0.00000990000,-4.88000,-0.00400
,,,-0.00000989000,-4.80000,-0.00800
,,,-0.00000988000,-4.80000,-0.01000
,,,-0.00000987000,-4.80000,-0.01200
,,,-0.00000986000,-4.80000,-0.01400
,,,-0.00000985000,-4.80000,-0.01600
,,,-0.00000984000,-4.88000,-0.01400
,,,-0.00000983000,-4.88000,-0.01200
,,,-0.00000982000,-4.88000,-0.01000
,,,-0.00000981000,-4.88000,-0.01000
,,,-0.00000980000,-4.88000,-0.00800
,,,-0.00000979000,-4.80000,-0.00800
,,,-0.00000978000,-4.88000,-0.00600
,,,-0.00000977000,-4.88000,-0.00600
,,,-0.00000976000,-4.88000,-0.00400
,,,-0.00000975000,-4.88000,-0.00200
,,,-0.00000974000,-4.80000,0.00
,,,-0.00000973000,-4.88000,0.00200
,,,-0.00000972000,-4.88000,0.00400
,,,-0.00000971000,-4.88000,0.00400
,,,-0.00000970000,-4.80000,0.00200
,,,-0.00000969000,-4.80000,0.00
,,,-0.00000968000,-4.80000,0.00
,,,-0.00000967000,-4.88000,-0.00400
,,,-0.00000966000,-4.88000,-0.00400
,,,-0.00000965000,-4.80000,-0.00600
,,,-0.00000964000,-4.88000,-0.00200
,,,-0.00000963000,-4.80000,0.00
,,,-0.00000962000,-4.88000,0.00400
,,,-0.00000961000,-4.88000,0.00600
,,,-0.00000960000,-4.80000,0.01000
,,,-0.00000959000,-4.80000,0.01200
,,,-0.00000958000,-4.80000,0.01400
,,,-0.00000957000,-4.88000,0.01400
,,,-0.00000956000,-4.88000,0.01200
,,,-0.00000955000,-4.88000,0.01000
,,,-0.00000954000,-4.88000,0.00800
,,,-0.00000953000,-4.88000,0.00600
,,,-0.00000952000,-4.88000,0.00800
,,,-0.00000951000,-4.88000,0.00800
,,,-0.00000950000,-4.88000,0.01000
,,,-0.00000949000,-4.80000,0.01600
,,,-0.00000948000,-4.80000,0.02000
,,,-0.00000947000,-4.88000,0.02200
,,,-0.00000946000,-4.88000,0.02400
,,,-0.00000945000,-4.80000,0.02600
,,,-0.00000944000,-4.80000,0.02800
,,,-0.00000943000,-4.80000,0.02800
,,,-0.00000942000,-4.80000,0.02800
,,,-0.00000941000,-4.88000,0.02800
,,,-0.00000940000,-4.80000,0.03000
,,,-0.00000939000,-4.88000,0.02800
,,,-0.00000938000,-4.88000,0.02800
,,,-0.00000937000,-4.80000,0.02800
,,,-0.00000936000,-4.88000,0.02400
,,,-0.00000935000,-4.88000,0.02400
,,,-0.00000934000,-4.88000,0.02000
,,,-0.00000933000,-4.88000,0.01800
,,,-0.00000932000,-4.80000,0.01800
,,,-0.00000931000,-4.80000,0.01600
,,,-0.00000930000,-4.80000,0.01800
,,,-0.00000929000,-4.88000,0.02200
,,,-0.00000928000,-4.88000,0.02400
,,,-0.00000927000,-4.88000,0.02600
,,,-0.00000926000,-4.88000,0.02800
,,,-0.00000925000,-4.80000,0.02800
,,,-0.00000924000,-4.88000,0.02600
,,,-0.00000923000,-4.80000,0.02200
,,,-0.00000922000,-4.88000,0.01800
,,,-0.00000921000,-4.80000,0.01400
,,,-0.00000920000,-4.80000,0.01000
,,,-0.00000919000,-4.80000,0.00800
,,,-0.00000918000,-4.88000,0.01000
,,,-0.00000917000,-4.80000,0.01200
,,,-0.00000916000,-4.80000,0.01400
,,,-0.00000915000,-4.88000,0.02000
,,,-0.00000914000,-4.80000,0.02000
,,,-0.00000913000,-4.80000,0.02200
,,,-0.00000912000,-4.88000,0.02200
,,,-0.00000911000,-4.88000,0.02200
,,,-0.00000910000,-4.88000,0.01600
,,,-0.00000909000,-4.88000,0.02000
,,,-0.00000908000,-4.88000,0.00600
,,,-0.00000907000,-4.88000,0.00800
,,,-0.00000906000,-4.88000,0.00600
,,,-0.00000905000,-4.80000,0.00
,,,-0.00000904000,-4.88000,0.00200
,,,-0.00000903000,-4.80000,-0.00400
,,,-0.00000902000,-4.80000,0.00
,,,-0.00000901000,-4.88000,-0.00400
,,,-0.00000900000,-4.80000,-0.00200
,,,-0.00000899000,-4.80000,-0.00200
,,,-0.00000898000,-4.80000,-0.00200
,,,-0.00000897000,-4.80000,-0.00200
,,,-0.00000896000,-4.88000,-0.00200
,,,-0.00000895000,-4.88000,-0.00200
,,,-0.00000894000,-4.88000,-0.00400
,,,-0.00000893000,-4.88000,-0.00400
,,,-0.00000892000,-4.80000,-0.00400
,,,-0.00000891000,-4.80000,-0.00200
,,,-0.00000890000,-4.88000,-0.00400
,,,-0.00000889000,-4.88000,-0.00600
,,,-0.00000888000,-4.88000,-0.00600
,,,-0.00000887000,-4.80000,-0.00800
,,,-0.00000886000,-4.88000,-0.00800
,,,-0.00000885000,-4.80000,-0.01000
,,,-0.00000884000,-4.88000,-0.01000
,,,-0.00000883000,-4.88000,-0.00800
,,,-0.00000882000,-4.80000,-0.00400
,,,-0.00000881000,-4.80000,-0.00400
,,,-0.00000880000,-4.80000,-0.00200
,,,-0.00000879000,-4.80000,-0.00200
,,,-0.00000878000,-4.80000,-0.00200
,,,-0.00000877000,-4.88000,-0.00200
,,,-0.00000876000,-4.88000,-0.00200
,,,-0.00000875000,-4.88000,-0.00400
,,,-0.00000874000,-4.88000,-0.00600
,,,-0.00000873000,-4.80000,-0.00800
,,,-0.00000872000,-4.88000,-0.00800
,,,-0.00000871000,-4.80000,-0.00800
,,,-0.00000870000,-4.80000,-0.01000
,,,-0.00000869000,-4.80000,-0.00800
,,,-0.00000868000,-4.80000,-0.00600
,,,-0.00000867000,-4.88000,-0.00400
,,,-0.00000866000,-4.80000,0.00
,,,-0.00000865000,-4.80000,0.00
,,,-0.00000864000,-4.80000,0.00400
,,,-0.00000863000,-4.80000,0.00800
,,,-0.00000862000,-4.80000,0.01000
,,,-0.00000861000,-4.80000,0.01400
,,,-0.00000860000,-4.80000,0.01600
,,,-0.00000859000,-4.80000,0.01600
,,,-0.00000858000,-4.80000,0.02000
,,,-0.00000857000,-4.80000,0.01600
,,,-0.00000856000,-4.80000,0.01600
,,,-0.00000855000,-4.80000,0.01400
,,,-0.00000854000,-4.80000,0.01200
,,,-0.00000853000,-4.80000,0.01400
,,,-0.00000852000,-4.80000,0.01600
,,,-0.00000851000,-4.80000,0.01800
,,,-0.00000850000,-4.80000,0.02000
,,,-0.00000849000,-4.80000,0.02400
,,,-0.00000848000,-4.80000,0.02400
,,,-0.00000847000,-4.80000,0.02400
,,,-0.00000846000,-4.80000,0.02400
,,,-0.00000845000,-4.80000,0.02000
,,,-0.00000844000,-4.80000,0.02000
,,,-0.00000843000,-4.80000,0.01600
,,,-0.00000842000,-4.80000,0.01200
,,,-0.00000841000,-4.80000,0.01200
,,,-0.00000840000,-4.80000,0.01200
,,,-0.00000839000,-4.80000,0.01400
,,,-0.00000838000,-4.80000,0.01600
,,,-0.00000837000,-4.80000,0.02000
,,,-0.00000836000,-4.80000,0.02200
,,,-0.00000835000,-4.80000,0.02400
,,,-0.00000834000,-4.80000,0.02600
,,,-0.00000833000,-4.80000,0.02800
,,,-0.00000832000,-4.80000,0.02800
,,,-0.00000831000,-4.80000,0.02600
,,,-0.00000830000,-4.80000,0.02600
,,,-0.00000829000,-4.80000,0.02600
,,,-0.00000828000,-4.72000,0.02600
,,,-0.00000827000,-4.80000,0.02400
,,,-0.00000826000,-4.80000,0.02400
,,,-0.00000825000,-4.80000,0.02200
,,,-0.00000824000,-4.80000,0.02200
,,,-0.00000823000,-4.80000,0.02000
,,,-0.00000822000,-4.80000,0.01800
,,,-0.00000821000,-4.80000,0.01400
,,,-0.00000820000,-4.80000,0.01200
,,,-0.00000819000,-4.72000,0.01200
,,,-0.00000818000,-4.80000,0.01200
,,,-0.00000817000,-4.72000,0.01200
,,,-0.00000816000,-4.72000,0.01200
,,,-0.00000815000,-4.72000,0.01000
,,,-0.00000814000,-4.72000,0.01000
,,,-0.00000813000,-4.80000,0.00800
,,,-0.00000812000,-4.80000,0.00400
,,,-0.00000811000,-4.72000,0.00
,,,-0.00000810000,-4.72000,-0.00200
,,,-0.00000809000,-4.72000,-0.00400
,,,-0.00000808000,-4.72000,-0.00400
,,,-0.00000807000,-4.72000,-0.00400
,,,-0.00000806000,-4.72000,-0.00200
,,,-0.00000805000,-4.72000,0.00
,,,-0.00000804000,-4.72000,0.00400
,,,-0.00000803000,-4.80000,0.00600
,,,-0.00000802000,-4.72000,0.00600
,,,-0.00000801000,-4.72000,0.00600
,,,-0.00000800000,-4.72000,0.00400
,,,-0.00000799000,-4.72000,0.00200
,,,-0.00000798000,-4.80000,0.00
,,,-0.00000797000,-4.72000,-0.00400
,,,-0.00000796000,-4.72000,-0.00400
,,,-0.00000795000,-4.72000,-0.00600
,,,-0.00000794000,-4.72000,-0.00600
,,,-0.00000793000,-4.64000,-0.01000
,,,-0.00000792000,-4.72000,-0.00800
,,,-0.00000791000,-4.72000,-0.01000
,,,-0.00000790000,-4.72000,-0.01000
,,,-0.00000789000,-4.72000,-0.01400
,,,-0.00000788000,-4.64000,-0.01600
,,,-0.00000787000,-4.64000,-0.01600
,,,-0.00000786000,-4.72000,-0.01400
,,,-0.00000785000,-4.72000,-0.01200
,,,-0.00000784000,-4.72000,-0.01000
,,,-0.00000783000,-4.72000,-0.01000
,,,-0.00000782000,-4.72000,-0.00800
,,,-0.00000781000,-4.72000,-0.00800
,,,-0.00000780000,-4.72000,-0.00800
,,,-0.00000779000,-4.72000,-0.01000
,,,-0.00000778000,-4.64000,-0.01000
,,,-0.00000777000,-4.56000,-0.01000
,,,-0.00000776000,-4.72000,-0.01200
,,,-0.00000775000,-4.64000,-0.01200
,,,-0.00000774000,-4.72000,-0.00800
,,,-0.00000773000,-4.64000,-0.00800
,,,-0.00000772000,-4.72000,-0.00200
,,,-0.00000771000,-4.64000,0.00400
,,,-0.00000770000,-4.64000,0.01000
,,,-0.00000769000,-4.72000,0.01400
,,,-0.00000768000,-4.64000,0.01600
,,,-0.00000767000,-4.56000,0.01800
,,,-0.00000766000,-4.56000,0.01600
,,,-0.00000765000,-4.64000,0.01200
,,,-0.00000764000,-4.56000,0.01000
,,,-0.00000763000,-4.64000,0.00800
,,,-0.00000762000,-4.64000,0.00600
,,,-0.00000761000,-4.56000,0.00600
,,,-0.00000760000,-4.56000,0.00800
,,,-0.00000759000,-4.56000,0.00800
,,,-0.00000758000,-4.56000,0.01200
,,,-0.00000757000,-4.64000,0.01200
,,,-0.00000756000,-4.56000,0.01600
,,,-0.00000755000,-4.64000,0.01600
,,,-0.00000754000,-4.56000,0.01800
,,,-0.00000753000,-4.64000,0.01800
,,,-0.00000752000,-4.56000,0.01800
,,,-0.00000751000,-4.56000,0.02000
,,,-0.00000750000,-4.64000,0.02200
,,,-0.00000749000,-4.56000,0.02200
,,,-0.00000748000,-4.56000,0.02400
,,,-0.00000747000,-4.56000,0.02400
,,,-0.00000746000,-4.56000,0.02400
,,,-0.00000745000,-4.64000,0.02400
,,,-0.00000744000,-4.56000,0.02400
,,,-0.00000743000,-4.56000,0.02200
,,,-0.00000742000,-4.56000,0.02400
,,,-0.00000741000,-4.56000,0.02600
,,,-0.00000740000,-4.56000,0.03000
,,,-0.00000739000,-4.56000,0.03200
,,,-0.00000738000,-4.56000,0.03600
,,,-0.00000737000,-4.56000,0.03800
,,,-0.00000736000,-4.56000,0.04000
,,,-0.00000735000,-4.56000,0.04000
,,,-0.00000734000,-4.56000,0.03600
,,,-0.00000733000,-4.56000,0.03200
,,,-0.00000732000,-4.56000,0.02400
,,,-0.00000731000,-4.56000,0.02000
,,,-0.00000730000,-4.56000,0.01600
,,,-0.00000729000,-4.48000,0.01200
,,,-0.00000728000,-4.48000,0.01200
,,,-0.00000727000,-4.56000,0.01200
,,,-0.00000726000,-4.48000,0.01600
,,,-0.00000725000,-4.48000,0.01600
,,,-0.00000724000,-4.48000,0.02000
,,,-0.00000723000,-4.56000,0.02000
,,,-0.00000722000,-4.48000,0.02000
,,,-0.00000721000,-4.56000,0.01800
,,,-0.00000720000,-4.48000,0.01600
,,,-0.00000719000,-4.48000,0.01000
,,,-0.00000718000,-4.48000,0.00800
,,,-0.00000717000,-4.48000,0.00600
,,,-0.00000716000,-4.48000,0.00600
,,,-0.00000715000,-4.48000,0.00400
,,,-0.00000714000,-4.48000,0.00600
,,,-0.00000713000,-4.48000,0.00600
,,,-0.00000712000,-4.48000,0.00600
,,,-0.00000711000,-4.48000,0.00600
,,,-0.00000710000,-4.48000,0.00400
,,,-0.00000709000,-4.48000,0.00200
,,,-0.00000708000,-4.48000,0.00
,,,-0.00000707000,-4.48000,0.00
,,,-0.00000706000,-4.48000,-0.00200
,,,-0.00000705000,-4.40000,-0.00200
,,,-0.00000704000,-4.48000,-0.00200
,,,-0.00000703000,-4.48000,0.00200
,,,-0.00000702000,-4.40000,0.00200
,,,-0.00000701000,-4.48000,0.00
,,,-0.00000700000,-4.48000,0.00
,,,-0.00000699000,-4.48000,-0.00400
,,,-0.00000698000,-4.48000,-0.00800
,,,-0.00000697000,-4.48000,-0.01400
,,,-0.00000696000,-4.48000,-0.01800
,,,-0.00000695000,-4.40000,-0.02000
,,,-0.00000694000,-4.32000,-0.02000
,,,-0.00000693000,-4.40000,-0.01800
,,,-0.00000692000,-4.48000,-0.01400
,,,-0.00000691000,-4.32000,-0.01000
,,,-0.00000690000,-4.40000,-0.00600
,,,-0.00000689000,-4.40000,-0.00200
,,,-0.00000688000,-4.32000,-0.00200
,,,-0.00000687000,-4.32000,-0.00400
,,,-0.00000686000,-4.32000,-0.00400
,,,-0.00000685000,-4.32000,-0.00600
,,,-0.00000684000,-4.32000,-0.00800
,,,-0.00000683000,-4.32000,-0.01000
,,,-0.00000682000,-4.40000,-0.00800
,,,-0.00000681000,-4.32000,-0.01000
,,,-0.00000680000,-4.32000,-0.00800
,,,-0.00000679000,-4.32000,-0.00600
,,,-0.00000678000,-4.32000,-0.00400
,,,-0.00000677000,-4.32000,-0.00200
,,,-0.00000676000,-4.32000,0.00
,,,-0.00000675000,-4.32000,0.00400
,,,-0.00000674000,-4.32000,0.00400
,,,-0.00000673000,-4.32000,0.00600
,,,-0.00000672000,-4.24000,0.00600
,,,-0.00000671000,-4.32000,0.00400
,,,-0.00000670000,-4.32000,0.00400
,,,-0.00000669000,-4.32000,0.00400
,,,-0.00000668000,-4.32000,0.00400
,,,-0.00000667000,-4.32000,0.00400
,,,-0.00000666000,-4.32000,0.00400
,,,-0.00000665000,-4.32000,0.00200
,,,-0.00000664000,-4.32000,0.00200
,,,-0.00000663000,-4.32000,0.00
,,,-0.00000662000,-4.32000,0.00400
,,,-0.00000661000,-4.32000,0.00600
,,,-0.00000660000,-4.32000,0.01200
,,,-0.00000659000,-4.24000,0.01400
,,,-0.00000658000,-4.24000,0.02000
,,,-0.00000657000,-4.32000,0.02200
,,,-0.00000656000,-4.24000,0.02600
,,,-0.00000655000,-4.24000,0.02600
,,,-0.00000654000,-4.24000,0.02800
,,,-0.00000653000,-4.24000,0.02200
,,,-0.00000652000,-4.24000,0.02000
,,,-0.00000651000,-4.24000,0.01600
,,,-0.00000650000,-4.24000,0.01400
,,,-0.00000649000,-4.24000,0.01200
,,,-0.00000648000,-4.24000,0.01400
,,,-0.00000647000,-4.24000,0.01600
,,,-0.00000646000,-4.24000,0.02200
,,,-0.00000645000,-4.16000,0.02400
,,,-0.00000644000,-4.16000,0.02800
,,,-0.00000643000,-4.24000,0.02800
,,,-0.00000642000,-4.16000,0.02800
,,,-0.00000641000,-4.16000,0.02400
,,,-0.00000640000,-4.16000,0.02400
,,,-0.00000639000,-4.16000,0.02000
,,,-0.00000638000,-4.16000,0.01600
,,,-0.00000637000,-4.24000,0.01600
,,,-0.00000636000,-4.24000,0.01400
,,,-0.00000635000,-4.16000,0.01600
,,,-0.00000634000,-4.16000,0.01600
,,,-0.00000633000,-4.16000,0.01600
,,,-0.00000632000,-4.16000,0.01600
,,,-0.00000631000,-4.16000,0.01600
,,,-0.00000630000,-4.16000,0.01800
,,,-0.00000629000,-4.16000,0.01400
,,,-0.00000628000,-4.16000,0.01800
,,,-0.00000627000,-4.16000,0.01600
,,,-0.00000626000,-4.16000,0.01600
,,,-0.00000625000,-4.16000,0.02000
,,,-0.00000624000,-4.08000,0.02400
,,,-0.00000623000,-4.16000,0.02200
,,,-0.00000622000,-4.16000,0.02000
,,,-0.00000621000,-4.16000,0.02200
,,,-0.00000620000,-4.08000,0.01800
,,,-0.00000619000,-4.08000,0.00800
,,,-0.00000618000,-4.16000,0.00800
,,,-0.00000617000,-4.08000,0.00200
,,,-0.00000616000,-4.16000,-0.00200
,,,-0.00000615000,-4.08000,-0.00400
,,,-0.00000614000,-4.16000,-0.00400
,,,-0.00000613000,-4.08000,-0.00400
,,,-0.00000612000,-4.00000,-0.00200
,,,-0.00000611000,-4.00000,0.00
,,,-0.00000610000,-4.08000,0.00200
,,,-0.00000609000,-4.16000,0.00
,,,-0.00000608000,-4.00000,0.00
,,,-0.00000607000,-4.00000,-0.00200
,,,-0.00000606000,-4.00000,-0.00400
,,,-0.00000605000,-4.00000,-0.00800
,,,-0.00000604000,-4.08000,-0.00800
,,,-0.00000603000,-4.00000,-0.01400
,,,-0.00000602000,-4.00000,-0.01000
,,,-0.00000601000,-4.08000,-0.00800
,,,-0.00000600000,-4.00000,-0.00800
,,,-0.00000599000,-4.00000,-0.01400
,,,-0.00000598000,-4.00000,-0.00600
,,,-0.00000597000,-4.00000,-0.00400
,,,-0.00000596000,-4.00000,-0.01400
,,,-0.00000595000,-3.92000,0.00200
,,,-0.00000594000,-4.00000,-0.00800
,,,-0.00000593000,-3.92000,0.00
,,,-0.00000592000,-4.00000,-0.00200
,,,-0.00000591000,-3.92000,0.00
,,,-0.00000590000,-3.92000,-0.00200
,,,-0.00000589000,-3.92000,-0.00400
,,,-0.00000588000,-3.92000,-0.00200
,,,-0.00000587000,-3.92000,-0.00200
,,,-0.00000586000,-3.92000,-0.00400
,,,-0.00000585000,-3.92000,-0.00600
,,,-0.00000584000,-3.92000,-0.00800
,,,-0.00000583000,-3.92000,-0.00800
,,,-0.00000582000,-3.92000,-0.00400
,,,-0.00000581000,-3.92000,-0.00200
,,,-0.00000580000,-3.92000,-0.00200
,,,-0.00000579000,-3.92000,0.00
,,,-0.00000578000,-3.92000,0.00400
,,,-0.00000577000,-3.92000,0.00600
,,,-0.00000576000,-3.92000,0.00400
,,,-0.00000575000,-3.92000,0.00200
,,,-0.00000574000,-3.92000,0.00200
,,,-0.00000573000,-3.92000,0.00
,,,-0.00000572000,-3.92000,0.00
,,,-0.00000571000,-3.84000,0.00
,,,-0.00000570000,-3.84000,0.00
,,,-0.00000569000,-3.92000,0.00400
,,,-0.00000568000,-3.84000,0.00800
,,,-0.00000567000,-3.84000,0.01000
,,,-0.00000566000,-3.84000,0.01400
,,,-0.00000565000,-3.84000,0.01800
,,,-0.00000564000,-3.84000,0.02200
,,,-0.00000563000,-3.84000,0.02400
,,,-0.00000562000,-3.84000,0.02400
,,,-0.00000561000,-3.84000,0.02400
,,,-0.00000560000,-3.84000,0.02400
,,,-0.00000559000,-3.84000,0.02400
,,,-0.00000558000,-3.84000,0.02400
,,,-0.00000557000,-3.84000,0.02200
,,,-0.00000556000,-3.84000,0.02000
,,,-0.00000555000,-3.84000,0.02200
,,,-0.00000554000,-3.84000,0.02200
,,,-0.00000553000,-3.84000,0.02200
,,,-0.00000552000,-3.84000,0.02400
,,,-0.00000551000,-3.84000,0.02200
,,,-0.00000550000,-3.84000,0.02400
,,,-0.00000549000,-3.76000,0.02600
,,,-0.00000548000,-3.76000,0.02600
,,,-0.00000547000,-3.76000,0.02600
,,,-0.00000546000,-3.68000,0.02800
,,,-0.00000545000,-3.68000,0.03000
,,,-0.00000544000,-3.76000,0.02800
,,,-0.00000543000,-3.68000,0.02800
,,,-0.00000542000,-3.76000,0.02600
,,,-0.00000541000,-3.68000,0.02200
,,,-0.00000540000,-3.68000,0.02000
,,,-0.00000539000,-3.68000,0.01800
,,,-0.00000538000,-3.68000,0.01800
,,,-0.00000537000,-3.68000,0.01600
,,,-0.00000536000,-3.68000,0.02000
,,,-0.00000535000,-3.68000,0.02200
,,,-0.00000534000,-3.68000,0.02400
,,,-0.00000533000,-3.68000,0.02800
,,,-0.00000532000,-3.68000,0.03000
,,,-0.00000531000,-3.68000,0.02800
,,,-0.00000530000,-3.68000,0.02800
,,,-0.00000529000,-3.68000,0.02200
,,,-0.00000528000,-3.68000,0.02000
,,,-0.00000527000,-3.68000,0.01800
,,,-0.00000526000,-3.68000,0.01400
,,,-0.00000525000,-3.68000,0.01200
,,,-0.00000524000,-3.68000,0.01200
,,,-0.00000523000,-3.60000,0.01000
,,,-0.00000522000,-3.60000,0.00800
,,,-0.00000521000,-3.68000,0.00800
,,,-0.00000520000,-3.60000,0.00800
,,,-0.00000519000,-3.60000,0.00600
,,,-0.00000518000,-3.60000,0.00600
,,,-0.00000517000,-3.60000,0.00400
,,,-0.00000516000,-3.60000,0.00600
,,,-0.00000515000,-3.60000,0.00600
,,,-0.00000514000,-3.60000,0.00800
,,,-0.00000513000,-3.60000,0.00800
,,,-0.00000512000,-3.60000,0.00800
,,,-0.00000511000,-3.52000,0.00800
,,,-0.00000510000,-3.52000,0.00600
,,,-0.00000509000,-3.52000,0.00200
,,,-0.00000508000,-3.60000,0.00
,,,-0.00000507000,-3.52000,-0.00400
,,,-0.00000506000,-3.52000,-0.00800
,,,-0.00000505000,-3.52000,-0.01000
,,,-0.00000504000,-3.52000,-0.01000
,,,-0.00000503000,-3.52000,-0.00800
,,,-0.00000502000,-3.52000,-0.00600
,,,-0.00000501000,-3.52000,-0.00400
,,,-0.00000500000,-3.52000,-0.00200
,,,-0.00000499000,-3.52000,0.00
,,,-0.00000498000,-3.52000,-0.00200
,,,-0.00000497000,-3.52000,-0.00400
,,,-0.00000496000,-3.52000,-0.00400
,,,-0.00000495000,-3.52000,-0.01000
,,,-0.00000494000,-3.36000,-0.01400
,,,-0.00000493000,-3.52000,-0.01600
,,,-0.00000492000,-3.52000,-0.01800
,,,-0.00000491000,-3.52000,-0.01600
,,,-0.00000490000,-3.52000,-0.01600
,,,-0.00000489000,-3.36000,-0.01400
,,,-0.00000488000,-3.36000,-0.01000
,,,-0.00000487000,-3.36000,-0.00800
,,,-0.00000486000,-3.36000,-0.00400
,,,-0.00000485000,-3.36000,-0.00400
,,,-0.00000484000,-3.36000,-0.00200
,,,-0.00000483000,-3.28000,0.00
,,,-0.00000482000,-3.36000,0.00
,,,-0.00000481000,-3.36000,0.00
,,,-0.00000480000,-3.28000,0.00
,,,-0.00000479000,-3.28000,0.00
,,,-0.00000478000,-3.28000,0.00
,,,-0.00000477000,-3.28000,0.00
,,,-0.00000476000,-3.28000,0.00
,,,-0.00000475000,-3.36000,-0.00200
,,,-0.00000474000,-3.28000,-0.00400
,,,-0.00000473000,-3.28000,-0.00400
,,,-0.00000472000,-3.28000,-0.00400
,,,-0.00000471000,-3.20000,-0.00400
,,,-0.00000470000,-3.20000,0.00
,,,-0.00000469000,-3.28000,0.00400
,,,-0.00000468000,-3.20000,0.00800
,,,-0.00000467000,-3.28000,0.01200
,,,-0.00000466000,-3.20000,0.01400
,,,-0.00000465000,-3.20000,0.01400
,,,-0.00000464000,-3.20000,0.01600
,,,-0.00000463000,-3.20000,0.01400
,,,-0.00000462000,-3.20000,0.01400
,,,-0.00000461000,-3.20000,0.01000
,,,-0.00000460000,-3.20000,0.01200
,,,-0.00000459000,-3.12000,0.00800
,,,-0.00000458000,-3.20000,0.01200
,,,-0.00000457000,-3.20000,0.01200
,,,-0.00000456000,-3.20000,0.01800
,,,-0.00000455000,-3.12000,0.02000
,,,-0.00000454000,-3.20000,0.02400
,,,-0.00000453000,-3.12000,0.02600
,,,-0.00000452000,-3.12000,0.02800
,,,-0.00000451000,-3.12000,0.02600
,,,-0.00000450000,-3.12000,0.02600
,,,-0.00000449000,-3.12000,0.02400
,,,-0.00000448000,-3.12000,0.02200
,,,-0.00000447000,-3.12000,0.02000
,,,-0.00000446000,-3.12000,0.02000
,,,-0.00000445000,-3.12000,0.02000
,,,-0.00000444000,-3.12000,0.02000
,,,-0.00000443000,-3.12000,0.02000
,,,-0.00000442000,-3.04000,0.02200
,,,-0.00000441000,-3.12000,0.02000
,,,-0.00000440000,-3.12000,0.02000
,,,-0.00000439000,-3.12000,0.01800
,,,-0.00000438000,-3.12000,0.01600
,,,-0.00000437000,-3.04000,0.01400
,,,-0.00000436000,-3.04000,0.01600
,,,-0.00000435000,-3.12000,0.01600
,,,-0.00000434000,-3.04000,0.02000
,,,-0.00000433000,-2.96000,0.02000
,,,-0.00000432000,-2.96000,0.02200
,,,-0.00000431000,-3.04000,0.02200
,,,-0.00000430000,-2.96000,0.02200
,,,-0.00000429000,-2.96000,0.01600
,,,-0.00000428000,-2.96000,0.01400
,,,-0.00000427000,-2.96000,0.00800
,,,-0.00000426000,-2.96000,0.00400
,,,-0.00000425000,-2.96000,0.00200
,,,-0.00000424000,-2.96000,0.00400
,,,-0.00000423000,-2.96000,0.00400
,,,-0.00000422000,-2.96000,0.00800
,,,-0.00000421000,-2.96000,0.01000
,,,-0.00000420000,-2.96000,0.01400
,,,-0.00000419000,-2.96000,0.01400
,,,-0.00000418000,-2.96000,0.01200
,,,-0.00000417000,-2.96000,0.00800
,,,-0.00000416000,-2.96000,0.00400
,,,-0.00000415000,-2.96000,-0.00200
,,,-0.00000414000,-2.96000,-0.00400
,,,-0.00000413000,-2.96000,-0.01000
,,,-0.00000412000,-2.88000,-0.01000
,,,-0.00000411000,-2.80000,-0.01000
,,,-0.00000410000,-2.88000,-0.01000
,,,-0.00000409000,-2.88000,-0.00800
,,,-0.00000408000,-2.88000,-0.00400
,,,-0.00000407000,-2.88000,-0.00400
,,,-0.00000406000,-2.88000,-0.00200
,,,-0.00000405000,-2.88000,-0.00200
,,,-0.00000404000,-2.88000,-0.00400
,,,-0.00000403000,-2.88000,-0.00400
,,,-0.00000402000,-2.80000,-0.00400
,,,-0.00000401000,-2.88000,-0.00600
,,,-0.00000400000,-2.88000,-0.00600
,,,-0.00000399000,-2.80000,-0.00800
,,,-0.00000398000,-2.80000,-0.00600
,,,-0.00000397000,-2.80000,-0.00800
,,,-0.00000396000,-2.80000,-0.00800
,,,-0.00000395000,-2.72000,-0.01000
,,,-0.00000394000,-2.80000,-0.01000
,,,-0.00000393000,-2.80000,-0.01200
,,,-0.00000392000,-2.80000,-0.01200
,,,-0.00000391000,-2.80000,-0.01200
,,,-0.00000390000,-2.80000,-0.01000
,,,-0.00000389000,-2.80000,-0.00800
,,,-0.00000388000,-2.72000,-0.00400
,,,-0.00000387000,-2.80000,-0.00200
,,,-0.00000386000,-2.72000,0.00
,,,-0.00000385000,-2.72000,0.00
,,,-0.00000384000,-2.72000,-0.00200
,,,-0.00000383000,-2.72000,0.00200
,,,-0.00000382000,-2.64000,-0.00400
,,,-0.00000381000,-2.64000,-0.00400
,,,-0.00000380000,-2.64000,-0.01000
,,,-0.00000379000,-2.64000,-0.01600
,,,-0.00000378000,-2.56000,-0.00200
,,,-0.00000377000,-2.64000,-0.00800
,,,-0.00000376000,-2.64000,0.00200
,,,-0.00000375000,-2.64000,0.00400
,,,-0.00000374000,-2.56000,0.00800
,,,-0.00000373000,-2.64000,0.01200
,,,-0.00000372000,-2.56000,0.01400
,,,-0.00000371000,-2.56000,0.01600
,,,-0.00000370000,-2.64000,0.01400
,,,-0.00000369000,-2.64000,0.01400
,,,-0.00000368000,-2.56000,0.01200
,,,-0.00000367000,-2.56000,0.01400
,,,-0.00000366000,-2.56000,0.01200
,,,-0.00000365000,-2.56000,0.01400
,,,-0.00000364000,-2.56000,0.01400
,,,-0.00000363000,-2.56000,0.01400
,,,-0.00000362000,-2.56000,0.01400
,,,-0.00000361000,-2.56000,0.01400
,,,-0.00000360000,-2.56000,0.01200
,,,-0.00000359000,-2.56000,0.01200
,,,-0.00000358000,-2.56000,0.01200
,,,-0.00000357000,-2.56000,0.01200
,,,-0.00000356000,-2.56000,0.01600
,,,-0.00000355000,-2.48000,0.01600
,,,-0.00000354000,-2.48000,0.02000
,,,-0.00000353000,-2.48000,0.02400
,,,-0.00000352000,-2.48000,0.02400
,,,-0.00000351000,-2.48000,0.02400
,,,-0.00000350000,-2.48000,0.02200
,,,-0.00000349000,-2.48000,0.02200
,,,-0.00000348000,-2.48000,0.02000
,,,-0.00000347000,-2.48000,0.01600
,,,-0.00000346000,-2.48000,0.01600
,,,-0.00000345000,-2.48000,0.01600
,,,-0.00000344000,-2.40000,0.01800
,,,-0.00000343000,-2.32000,0.02000
,,,-0.00000342000,-2.32000,0.02400
,,,-0.00000341000,-2.48000,0.02800
,,,-0.00000340000,-2.32000,0.03000
,,,-0.00000339000,-2.32000,0.02800
,,,-0.00000338000,-2.32000,0.03000
,,,-0.00000337000,-2.32000,0.02400
,,,-0.00000336000,-2.32000,0.02000
,,,-0.00000335000,-2.32000,0.01600
,,,-0.00000334000,-2.32000,0.01400
,,,-0.00000333000,-2.32000,0.01200
,,,-0.00000332000,-2.32000,0.01000
,,,-0.00000331000,-2.32000,0.00800
,,,-0.00000330000,-2.24000,0.01000
,,,-0.00000329000,-2.32000,0.00800
,,,-0.00000328000,-2.32000,0.00800
,,,-0.00000327000,-2.32000,0.00800
,,,-0.00000326000,-2.32000,0.00600
,,,-0.00000325000,-2.32000,0.00400
,,,-0.00000324000,-2.24000,0.00200
,,,-0.00000323000,-2.32000,0.00
,,,-0.00000322000,-2.24000,0.00
,,,-0.00000321000,-2.24000,0.00
,,,-0.00000320000,-2.24000,0.00
,,,-0.00000319000,-2.24000,0.00
,,,-0.00000318000,-2.24000,0.00200
,,,-0.00000317000,-2.16000,0.00
,,,-0.00000316000,-2.16000,0.00
,,,-0.00000315000,-2.16000,-0.00200
,,,-0.00000314000,-2.24000,-0.00400
,,,-0.00000313000,-2.16000,-0.00800
,,,-0.00000312000,-2.16000,-0.00800
,,,-0.00000311000,-2.16000,-0.00800
,,,-0.00000310000,-2.16000,-0.00600
,,,-0.00000309000,-2.16000,-0.00400
,,,-0.00000308000,-2.16000,-0.00200
,,,-0.00000307000,-2.16000,0.00
,,,-0.00000306000,-2.16000,-0.00200
,,,-0.00000305000,-2.16000,-0.00400
,,,-0.00000304000,-2.16000,-0.00800
,,,-0.00000303000,-2.16000,-0.01200
,,,-0.00000302000,-2.16000,-0.01600
,,,-0.00000301000,-2.08000,-0.02000
,,,-0.00000300000,-2.08000,-0.02200
,,,-0.00000299000,-2.08000,-0.02200
,,,-0.00000298000,-2.08000,-0.02000
,,,-0.00000297000,-2.08000,-0.02000
,,,-0.00000296000,-2.08000,-0.01600
,,,-0.00000295000,-2.08000,-0.01600
,,,-0.00000294000,-2.08000,-0.01200
,,,-0.00000293000,-2.00000,-0.01000
,,,-0.00000292000,-2.08000,-0.00800
,,,-0.00000291000,-2.00000,-0.00800
,,,-0.00000290000,-2.08000,-0.00800
,,,-0.00000289000,-2.08000,-0.01000
,,,-0.00000288000,-2.00000,-0.01000
,,,-0.00000287000,-2.00000,-0.01000
,,,-0.00000286000,-2.00000,-0.01000
,,,-0.00000285000,-2.00000,-0.00800
,,,-0.00000284000,-1.92000,-0.00800
,,,-0.00000283000,-1.92000,-0.00600
,,,-0.00000282000,-2.00000,-0.00200
,,,-0.00000281000,-2.00000,0.00
,,,-0.00000280000,-1.92000,0.00200
,,,-0.00000279000,-1.92000,0.00400
,,,-0.00000278000,-1.92000,0.00600
,,,-0.00000277000,-1.92000,0.00800
,,,-0.00000276000,-1.92000,0.00800
,,,-0.00000275000,-1.92000,0.00800
,,,-0.00000274000,-1.92000,0.00800
,,,-0.00000273000,-1.84000,0.00800
,,,-0.00000272000,-1.84000,0.00600
,,,-0.00000271000,-1.84000,0.00600
,,,-0.00000270000,-1.84000,0.00400
,,,-0.00000269000,-1.84000,0.00
,,,-0.00000268000,-1.84000,0.00
,,,-0.00000267000,-1.84000,0.00
,,,-0.00000266000,-1.84000,0.00
,,,-0.00000265000,-1.84000,0.00200
,,,-0.00000264000,-1.84000,0.00600
,,,-0.00000263000,-1.84000,0.00800
,,,-0.00000262000,-1.84000,0.01400
,,,-0.00000261000,-1.84000,0.01400
,,,-0.00000260000,-1.84000,0.01800
,,,-0.00000259000,-1.76000,0.01600
,,,-0.00000258000,-1.68000,0.01800
,,,-0.00000257000,-1.68000,0.01600
,,,-0.00000256000,-1.84000,0.01600
,,,-0.00000255000,-1.68000,0.01400
,,,-0.00000254000,-1.68000,0.01400
,,,-0.00000253000,-1.68000,0.01400
,,,-0.00000252000,-1.68000,0.01400
,,,-0.00000251000,-1.68000,0.01400
,,,-0.00000250000,-1.68000,0.01600
,,,-0.00000249000,-1.68000,0.01400
,,,-0.00000248000,-1.68000,0.01600
,,,-0.00000247000,-1.68000,0.01600
,,,-0.00000246000,-1.68000,0.01800
,,,-0.00000245000,-1.68000,0.02000
,,,-0.00000244000,-1.68000,0.02000
,,,-0.00000243000,-1.60000,0.01800
,,,-0.00000242000,-1.60000,0.01600
,,,-0.00000241000,-1.68000,0.01400
,,,-0.00000240000,-1.60000,0.01200
,,,-0.00000239000,-1.60000,0.00800
,,,-0.00000238000,-1.60000,0.00800
,,,-0.00000237000,-1.60000,0.00400
,,,-0.00000236000,-1.60000,0.00200
,,,-0.00000235000,-1.60000,0.00
,,,-0.00000234000,-1.60000,0.00
,,,-0.00000233000,-1.60000,0.00
,,,-0.00000232000,-1.60000,0.00400
,,,-0.00000231000,-1.60000,0.00600
,,,-0.00000230000,-1.60000,0.01000
,,,-0.00000229000,-1.60000,0.01200
,,,-0.00000228000,-1.52000,0.01400
,,,-0.00000227000,-1.52000,0.01400
,,,-0.00000226000,-1.52000,0.01200
,,,-0.00000225000,-1.52000,0.00800
,,,-0.00000224000,-1.52000,0.00600
,,,-0.00000223000,-1.52000,0.00
,,,-0.00000222000,-1.52000,-0.00200
,,,-0.00000221000,-1.52000,-0.00400
,,,-0.00000220000,-1.52000,-0.00600
,,,-0.00000219000,-1.52000,-0.00600
,,,-0.00000218000,-1.44000,-0.00800
,,,-0.00000217000,-1.44000,-0.00400
,,,-0.00000216000,-1.52000,-0.00400
,,,-0.00000215000,-1.52000,-0.00400
,,,-0.00000214000,-1.44000,-0.00400
,,,-0.00000213000,-1.44000,-0.00600
,,,-0.00000212000,-1.44000,-0.00800
,,,-0.00000211000,-1.44000,-0.00800
,,,-0.00000210000,-1.44000,-0.00800
,,,-0.00000209000,-1.44000,-0.01000
,,,-0.00000208000,-1.44000,-0.01000
,,,-0.00000207000,-1.44000,-0.01200
,,,-0.00000206000,-1.44000,-0.01400
,,,-0.00000205000,-1.44000,-0.01600
,,,-0.00000204000,-1.44000,-0.01600
,,,-0.00000203000,-1.36000,-0.01800
,,,-0.00000202000,-1.36000,-0.01800
,,,-0.00000201000,-1.36000,-0.01800
,,,-0.00000200000,-1.36000,-0.01800
,,,-0.00000199000,-1.36000,-0.01400
,,,-0.00000198000,-1.36000,-0.01000
,,,-0.00000197000,-1.28000,-0.00600
,,,-0.00000196000,-1.28000,0.00
,,,-0.00000195000,-1.28000,0.00
,,,-0.00000194000,-1.28000,0.00200
,,,-0.00000193000,-1.28000,0.00
,,,-0.00000192000,-1.28000,-0.00200
,,,-0.00000191000,-1.28000,-0.00600
,,,-0.00000190000,-1.28000,-0.01000
,,,-0.00000189000,-1.28000,-0.01200
,,,-0.00000188000,-1.28000,-0.01200
,,,-0.00000187000,-1.20000,-0.01200
,,,-0.00000186000,-1.28000,-0.01000
,,,-0.00000185000,-1.20000,-0.00800
,,,-0.00000184000,-1.20000,-0.00600
,,,-0.00000183000,-1.20000,-0.00400
,,,-0.00000182000,-1.12000,-0.00200
,,,-0.00000181000,-1.12000,-0.00200
,,,-0.00000180000,-1.04000,-0.00200
,,,-0.00000179000,-1.20000,-0.00200
,,,-0.00000178000,-1.20000,-0.00200
,,,-0.00000177000,-1.04000,-0.00400
,,,-0.00000176000,-1.20000,-0.00400
,,,-0.00000175000,-1.12000,-0.00400
,,,-0.00000174000,-1.04000,-0.00200
,,,-0.00000173000,-1.12000,-0.00200
,,,-0.00000172000,-1.04000,0.00
,,,-0.00000171000,-1.04000,0.00400
,,,-0.00000170000,-1.04000,0.00600
,,,-0.00000169000,-1.04000,0.00800
,,,-0.00000168000,-1.04000,0.01000
,,,-0.00000167000,-1.04000,0.01200
,,,-0.00000166000,-0.96000,0.01600
,,,-0.00000165000,-1.04000,0.01600
,,,-0.00000164000,-1.04000,0.02200
,,,-0.00000163000,-1.04000,0.02200
,,,-0.00000162000,-1.04000,0.02400
,,,-0.00000161000,-1.04000,0.02400
,,,-0.00000160000,-0.96000,0.02200
,,,-0.00000159000,-0.96000,0.02000
,,,-0.00000158000,-0.96000,0.01800
,,,-0.00000157000,-0.96000,0.01400
,,,-0.00000156000,-0.96000,0.01200
,,,-0.00000155000,-0.96000,0.01000
,,,-0.00000154000,-0.96000,0.01000
,,,-0.00000153000,-0.96000,0.01200
,,,-0.00000152000,-0.96000,0.01400
,,,-0.00000151000,-0.96000,0.01600
,,,-0.00000150000,-0.88000,0.02000
,,,-0.00000149000,-0.96000,0.02000
,,,-0.00000148000,-0.88000,0.02000
,,,-0.00000147000,-0.96000,0.01800
,,,-0.00000146000,-0.88000,0.01400
,,,-0.00000145000,-0.88000,0.00800
,,,-0.00000144000,-0.88000,0.00600
,,,-0.00000143000,-0.88000,0.00400
,,,-0.00000142000,-0.88000,0.00400
,,,-0.00000141000,-0.80000,0.00600
,,,-0.00000140000,-0.88000,0.00800
,,,-0.00000139000,-0.80000,0.01200
,,,-0.00000138000,-0.80000,0.01400
,,,-0.00000137000,-0.80000,0.01400
,,,-0.00000136000,-0.80000,0.01600
,,,-0.00000135000,-0.80000,0.01400
,,,-0.00000134000,-0.80000,0.01400
,,,-0.00000133000,-0.80000,0.01200
,,,-0.00000132000,-0.80000,0.01200
,,,-0.00000131000,-0.72000,0.00800
,,,-0.00000130000,-0.80000,0.01000
,,,-0.00000129000,-0.80000,0.00600
,,,-0.00000128000,-0.72000,0.00600
,,,-0.00000127000,-0.72000,0.00400
,,,-0.00000126000,-0.72000,0.00
,,,-0.00000125000,-0.72000,-0.00400
,,,-0.00000124000,-0.72000,-0.01000
,,,-0.00000123000,-0.72000,-0.01600
,,,-0.00000122000,-0.72000,-0.01600
,,,-0.00000121000,-0.72000,-0.01800
,,,-0.00000120000,-0.72000,-0.01600
,,,-0.00000119000,-0.64000,-0.01600
,,,-0.00000118000,-0.64000,-0.01200
,,,-0.00000117000,-0.64000,-0.00800
,,,-0.00000116000,-0.64000,-0.00400
,,,-0.00000115000,-0.64000,-0.00400
,,,-0.00000114000,-0.64000,-0.00600
,,,-0.00000113000,-0.64000,-0.01000
,,,-0.00000112000,-0.64000,-0.01200
,,,-0.00000111000,-0.64000,-0.01800
,,,-0.00000110000,-0.64000,-0.02200
,,,-0.00000109000,-0.64000,-0.02400
,,,-0.00000108000,-0.64000,-0.02400
,,,-0.00000107000,-0.64000,-0.02400
,,,-0.00000106000,-0.56000,-0.01800
,,,-0.00000105000,-0.56000,-0.01600
,,,-0.00000104000,-0.56000,-0.01000
,,,-0.00000103000,-0.56000,-0.01000
,,,-0.00000102000,-0.56000,-0.00800
,,,-0.00000101000,-0.56000,-0.01000
,,,-0.00000100000,-0.56000,-0.01400
,,,-0.00000099000,-0.48000,-0.01800
,,,-0.00000098000,-0.48000,-0.01800
,,,-0.00000097000,-0.48000,-0.02200
,,,-0.00000096000,-0.56000,-0.02400
,,,-0.00000095000,-0.40000,-0.02400
,,,-0.00000094000,-0.40000,-0.02200
,,,-0.00000093000,-0.48000,-0.02200
,,,-0.00000092000,-0.48000,-0.02200
,,,-0.00000091000,-0.40000,-0.02200
,,,-0.00000090000,-0.40000,-0.02200
,,,-0.00000089000,-0.48000,-0.02200
,,,-0.00000088000,-0.40000,-0.02000
,,,-0.00000087000,-0.40000,-0.02000
,,,-0.00000086000,-0.40000,-0.01600
,,,-0.00000085000,-0.40000,-0.01600
,,,-0.00000084000,-0.40000,-0.01200
,,,-0.00000083000,-0.40000,-0.01000
,,,-0.00000082000,-0.40000,-0.00800
,,,-0.00000081000,-0.32000,-0.00600
,,,-0.00000080000,-0.40000,-0.00600
,,,-0.00000079000,-0.40000,-0.00800
,,,-0.00000078000,-0.32000,-0.00800
,,,-0.00000077000,-0.32000,-0.00800
,,,-0.00000076000,-0.32000,-0.00800
,,,-0.00000075000,-0.32000,-0.00800
,,,-0.00000074000,-0.32000,-0.00400
,,,-0.00000073000,-0.32000,-0.00200
,,,-0.00000072000,-0.24000,0.00
,,,-0.00000071000,-0.32000,0.00400
,,,-0.00000070000,-0.24000,0.00800
,,,-0.00000069000,-0.32000,0.00800
,,,-0.00000068000,-0.24000,0.00800
,,,-0.00000067000,-0.24000,0.00600
,,,-0.00000066000,-0.24000,0.00400
,,,-0.00000065000,-0.24000,0.00
,,,-0.00000064000,-0.24000,0.00
,,,-0.00000063000,-0.24000,0.00
,,,-0.00000062000,-0.24000,0.00
,,,-0.00000061000,-0.16000,0.00
,,,-0.00000060000,-0.16000,0.00400
,,,-0.00000059000,-0.16000,0.00800
,,,-0.00000058000,-0.16000,0.01000
,,,-0.00000057000,-0.16000,0.01200
,,,-0.00000056000,-0.16000,0.01400
,,,-0.00000055000,-0.16000,0.01400
,,,-0.00000054000,-0.16000,0.01400
,,,-0.00000053000,-0.08000,0.01400
,,,-0.00000052000,-0.16000,0.01200
,,,-0.00000051000,-0.08000,0.01400
,,,-0.00000050000,-0.08000,0.01400
,,,-0.00000049000,-0.08000,0.01400
,,,-0.00000048000,-0.08000,0.01600
,,,-0.00000047000,-0.08000,0.01600
,,,-0.00000046000,-0.08000,0.01800
,,,-0.00000045000,-0.08000,0.01600
,,,-0.00000044000,0.00,0.01200
,,,-0.00000043000,0.00,0.01000
,,,-0.00000042000,0.00,0.00800
,,,-0.00000041000,0.00,0.00600
,,,-0.00000040000,0.00,0.00800
,,,-0.00000039000,0.00,0.00800
,,,-0.00000038000,0.00,0.01000
,,,-0.00000037000,0.08000,0.01000
,,,-0.00000036000,0.00,0.01000
,,,-0.00000035000,0.00,0.00800
,,,-0.00000034000,0.00,0.00600
,,,-0.00000033000,0.08000,0.00
,,,-0.00000032000,0.08000,-0.00400
,,,-0.00000031000,0.08000,-0.00800
,,,-0.00000030000,0.00,-0.01200
,,,-0.00000029000,0.08000,-0.01200
,,,-0.00000028000,0.08000,-0.01200
,,,-0.00000027000,0.08000,-0.01000
,,,-0.00000026000,0.08000,-0.00400
,,,-0.00000025000,0.24000,-0.00400
,,,-0.00000024000,0.16000,0.00
,,,-0.00000023000,0.08000,0.00
,,,-0.00000022000,0.08000,0.00
,,,-0.00000021000,0.16000,-0.00200
,,,-0.00000020000,0.24000,-0.00400
,,,-0.00000019000,0.16000,-0.00800
,,,-0.00000018000,0.24000,-0.01000
,,,-0.00000017000,0.24000,-0.01600
,,,-0.00000016000,0.24000,-0.01600
,,,-0.00000015000,0.24000,-0.01600
,,,-0.00000014000,0.24000,-0.01600
,,,-0.00000013000,0.24000,-0.01600
,,,-0.00000012000,0.24000,-0.01600
,,,-0.00000011000,0.24000,-0.01600
,,,-0.00000010000,0.24000,-0.01600
,,,-0.00000009000,0.24000,-0.01800
,,,-0.00000008000,0.24000,-0.01800
,,,-0.00000007000,0.24000,-0.01800
,,,-0.00000006000,0.24000,-0.02000
,,,-0.00000005000,0.32000,-0.02000
,,,-0.00000004000,0.32000,-0.01800
,,,-0.00000003000,0.32000,-0.02000
,,,-0.00000002000,0.32000,-0.02000
,,,-0.00000001000,0.32000,-0.02000
,,, 0.00000000000,0.32000,-0.02000
,,, 0.00000001000,0.32000,-0.02400
,,, 0.00000002000,0.32000,-0.02400
,,, 0.00000003000,0.32000,-0.02600
,,, 0.00000004000,0.32000,-0.02400
,,, 0.00000005000,0.32000,-0.02200
,,, 0.00000006000,0.40000,-0.01800
,,, 0.00000007000,0.40000,-0.01400
,,, 0.00000008000,0.40000,-0.00800
,,, 0.00000009000,0.40000,-0.00400
,,, 0.00000010000,0.40000,-0.00200
,,, 0.00000011000,0.40000,-0.00200
,,, 0.00000012000,0.40000,0.00
,,, 0.00000013000,0.40000,-0.00400
,,, 0.00000014000,0.40000,-0.00600
,,, 0.00000015000,0.40000,-0.01000
,,, 0.00000016000,0.40000,-0.01200
,,, 0.00000017000,0.40000,-0.01200
,,, 0.00000018000,0.48000,-0.01200
,,, 0.00000019000,0.40000,-0.01000
,,, 0.00000020000,0.48000,-0.00600
,,, 0.00000021000,0.48000,-0.00200
,,, 0.00000022000,0.48000,0.00
,,, 0.00000023000,0.48000,0.00
,,, 0.00000024000,0.48000,0.00200
,,, 0.00000025000,0.48000,0.00400
,,, 0.00000026000,0.48000,0.00400
,,, 0.00000027000,0.56000,0.00400
,,, 0.00000028000,0.56000,0.00400
,,, 0.00000029000,0.48000,0.00400
,,, 0.00000030000,0.56000,0.00400
,,, 0.00000031000,0.56000,0.00400
,,, 0.00000032000,0.64000,0.00600
,,, 0.00000033000,0.64000,0.00400
,,, 0.00000034000,0.64000,0.00600
,,, 0.00000035000,0.64000,0.00600
,,, 0.00000036000,0.64000,0.00400
,,, 0.00000037000,0.64000,0.00600
,,, 0.00000038000,0.64000,0.00800
,,, 0.00000039000,0.64000,0.01000
,,, 0.00000040000,0.64000,0.01200
,,, 0.00000041000,0.64000,0.01400
,,, 0.00000042000,0.64000,0.01800
,,, 0.00000043000,0.64000,0.02000
,,, 0.00000044000,0.64000,0.02000
,,, 0.00000045000,0.64000,0.02000
,,, 0.00000046000,0.72000,0.02000
,,, 0.00000047000,0.72000,0.01400
,,, 0.00000048000,0.72000,0.01000
,,, 0.00000049000,0.72000,0.00600
,,, 0.00000050000,0.72000,0.00400
,,, 0.00000051000,0.72000,0.00400
,,, 0.00000052000,0.72000,0.00400
,,, 0.00000053000,0.80000,0.00400
,,, 0.00000054000,0.80000,0.00800
,,, 0.00000055000,0.72000,0.00800
,,, 0.00000056000,0.88000,0.01000
,,, 0.00000057000,0.80000,0.00800
,,, 0.00000058000,0.80000,0.00800
,,, 0.00000059000,0.80000,0.00800
,,, 0.00000060000,0.88000,0.00600
,,, 0.00000061000,0.88000,0.00400
,,, 0.00000062000,0.88000,0.00400
,,, 0.00000063000,0.88000,0.00
,,, 0.00000064000,0.88000,0.00
,,, 0.00000065000,0.88000,-0.00200
,,, 0.00000066000,0.88000,-0.00400
,,, 0.00000067000,0.88000,-0.00600
,,, 0.00000068000,0.88000,-0.00600
,,, 0.00000069000,0.96000,-0.01000
,,, 0.00000070000,0.88000,-0.00800
,,, 0.00000071000,0.96000,-0.00800
,,, 0.00000072000,0.96000,-0.00800
,,, 0.00000073000,0.88000,-0.00600
,,, 0.00000074000,0.96000,-0.00400
,,, 0.00000075000,0.96000,-0.00400
,,, 0.00000076000,0.96000,-0.00200
,,, 0.00000077000,0.96000,-0.00800
,,, 0.00000078000,0.96000,-0.00800
,,, 0.00000079000,0.96000,-0.01400
,,, 0.00000080000,0.96000,-0.02000
,,, 0.00000081000,0.96000,-0.02400
,,, 0.00000082000,0.96000,-0.02600
,,, 0.00000083000,0.96000,-0.02600
,,, 0.00000084000,1.04000,-0.02400
,,, 0.00000085000,0.96000,-0.02400
,,, 0.00000086000,0.96000,-0.01800
,,, 0.00000087000,1.04000,-0.01800
,,, 0.00000088000,1.04000,-0.01600
,,, 0.00000089000,1.04000,-0.01600
,,, 0.00000090000,1.04000,-0.01400
,,, 0.00000091000,1.04000,-0.01800
,,, 0.00000092000,1.04000,-0.02000
,,, 0.00000093000,1.04000,-0.02200
,,, 0.00000094000,1.04000,-0.02400
,,, 0.00000095000,1.12000,-0.02800
,,, 0.00000096000,1.04000,-0.02800
,,, 0.00000097000,1.04000,-0.02600
,,, 0.00000098000,1.12000,-0.02600
,,, 0.00000099000,1.12000,-0.02600
,,, 0.00000100000,1.20000,-0.02000
,,, 0.00000101000,1.12000,-0.02200
,,, 0.00000102000,1.20000,-0.02000
,,, 0.00000103000,1.20000,-0.01800
,,, 0.00000104000,1.20000,-0.01600
,,, 0.00000105000,1.20000,-0.01800
,,, 0.00000106000,1.20000,-0.01600
,,, 0.00000107000,1.28000,-0.01600
,,, 0.00000108000,1.20000,-0.01400
,,, 0.00000109000,1.20000,-0.01400
,,, 0.00000110000,1.20000,-0.01200
,,, 0.00000111000,1.28000,-0.01200
,,, 0.00000112000,1.28000,-0.01200
,,, 0.00000113000,1.20000,-0.01200
,,, 0.00000114000,1.20000,-0.01200
,,, 0.00000115000,1.28000,-0.01400
,,, 0.00000116000,1.28000,-0.01400
,,, 0.00000117000,1.28000,-0.01000
,,, 0.00000118000,1.28000,-0.00800
,,, 0.00000119000,1.28000,-0.00400
,,, 0.00000120000,1.28000,0.00
,,, 0.00000121000,1.28000,0.00400
,,, 0.00000122000,1.28000,0.00600
,,, 0.00000123000,1.36000,0.00800
,,, 0.00000124000,1.36000,0.00800
,,, 0.00000125000,1.36000,0.00800
,,, 0.00000126000,1.36000,0.00800
,,, 0.00000127000,1.36000,0.00600
,,, 0.00000128000,1.36000,0.00600
,,, 0.00000129000,1.36000,0.00600
,,, 0.00000130000,1.44000,0.00600
,,, 0.00000131000,1.36000,0.00800
,,, 0.00000132000,1.36000,0.00800
,,, 0.00000133000,1.44000,0.00800
,,, 0.00000134000,1.36000,0.01000
,,, 0.00000135000,1.44000,0.01000
,,, 0.00000136000,1.52000,0.01200
,,, 0.00000137000,1.44000,0.01200
,,, 0.00000138000,1.52000,0.01200
,,, 0.00000139000,1.52000,0.01400
,,, 0.00000140000,1.44000,0.01600
,,, 0.00000141000,1.52000,0.01400
,,, 0.00000142000,1.52000,0.01200
,,, 0.00000143000,1.52000,0.01400
,,, 0.00000144000,1.52000,0.01000
,,, 0.00000145000,1.52000,0.00600
,,, 0.00000146000,1.52000,0.00600
,,, 0.00000147000,1.52000,0.00400
,,, 0.00000148000,1.52000,0.00200
,,, 0.00000149000,1.52000,0.00200
,,, 0.00000150000,1.52000,0.00600
,,, 0.00000151000,1.52000,0.00600
,,, 0.00000152000,1.52000,0.00800
,,, 0.00000153000,1.60000,0.01200
,,, 0.00000154000,1.60000,0.01600
,,, 0.00000155000,1.60000,0.01800
,,, 0.00000156000,1.60000,0.01800
,,, 0.00000157000,1.60000,0.01200
,,, 0.00000158000,1.60000,0.01000
,,, 0.00000159000,1.60000,0.00600
,,, 0.00000160000,1.60000,0.00200
,,, 0.00000161000,1.60000,-0.00200
,,, 0.00000162000,1.60000,-0.00400
,,, 0.00000163000,1.60000,-0.00600
,,, 0.00000164000,1.68000,-0.00600
,,, 0.00000165000,1.68000,-0.00200
,,, 0.00000166000,1.68000,0.00400
,,, 0.00000167000,1.68000,0.00200
,,, 0.00000168000,1.68000,0.00
,,, 0.00000169000,1.68000,0.00200
,,, 0.00000170000,1.68000,0.00
,,, 0.00000171000,1.68000,-0.00800
,,, 0.00000172000,1.76000,-0.01000
,,, 0.00000173000,1.68000,-0.01600
,,, 0.00000174000,1.68000,-0.01800
,,, 0.00000175000,1.76000,-0.01600
,,, 0.00000176000,1.76000,-0.01600
,,, 0.00000177000,1.76000,-0.01600
,,, 0.00000178000,1.76000,-0.01400
,,, 0.00000179000,1.76000,-0.01200
,,, 0.00000180000,1.76000,-0.01200
,,, 0.00000181000,1.76000,-0.01200
,,, 0.00000182000,1.76000,-0.01400
,,, 0.00000183000,1.76000,-0.01600
,,, 0.00000184000,1.76000,-0.01600
,,, 0.00000185000,1.76000,-0.01400
,,, 0.00000186000,1.76000,-0.01200
,,, 0.00000187000,1.84000,-0.01400
,,, 0.00000188000,1.76000,-0.01000
,,, 0.00000189000,1.84000,-0.01000
,,, 0.00000190000,1.84000,-0.01000
,,, 0.00000191000,1.84000,-0.01400
,,, 0.00000192000,1.84000,-0.01600
,,, 0.00000193000,1.92000,-0.02000
,,, 0.00000194000,1.84000,-0.02000
,,, 0.00000195000,1.84000,-0.02200
,,, 0.00000196000,1.92000,-0.02200
,,, 0.00000197000,1.92000,-0.02000
,,, 0.00000198000,1.92000,-0.01800
,,, 0.00000199000,1.92000,-0.01400
,,, 0.00000200000,1.92000,-0.01000
,,, 0.00000201000,1.92000,-0.00800
,,, 0.00000202000,1.92000,-0.00800
,,, 0.00000203000,1.92000,-0.00800
,,, 0.00000204000,1.92000,-0.00800
,,, 0.00000205000,1.92000,-0.01000
,,, 0.00000206000,2.00000,-0.01200
,,, 0.00000207000,2.00000,-0.01400
,,, 0.00000208000,2.00000,-0.01200
,,, 0.00000209000,2.00000,-0.01200
,,, 0.00000210000,2.00000,-0.01000
,,, 0.00000211000,2.00000,-0.00400
,,, 0.00000212000,2.00000,-0.00200
,,, 0.00000213000,2.08000,0.00
,,, 0.00000214000,2.00000,0.00400
,,, 0.00000215000,2.00000,0.00200
,,, 0.00000216000,2.16000,0.00200
,,, 0.00000217000,2.00000,0.00200
,,, 0.00000218000,2.08000,0.00
,,, 0.00000219000,2.16000,0.00
,,, 0.00000220000,2.08000,0.00
,,, 0.00000221000,2.16000,0.00
,,, 0.00000222000,2.16000,0.00400
,,, 0.00000223000,2.16000,0.00200
,,, 0.00000224000,2.16000,0.00400
,,, 0.00000225000,2.16000,0.00400
,,, 0.00000226000,2.16000,0.00400
,,, 0.00000227000,2.16000,0.00400
,,, 0.00000228000,2.16000,0.00400
,,, 0.00000229000,2.16000,0.00400
,,, 0.00000230000,2.16000,0.00600
,,, 0.00000231000,2.16000,0.00800
,,, 0.00000232000,2.16000,0.01400
,,, 0.00000233000,2.24000,0.01600
,,, 0.00000234000,2.16000,0.02000
,,, 0.00000235000,2.16000,0.02200
,,, 0.00000236000,2.24000,0.02200
,,, 0.00000237000,2.24000,0.02000
,,, 0.00000238000,2.24000,0.01600
,,, 0.00000239000,2.24000,0.01200
,,, 0.00000240000,2.24000,0.00800
,,, 0.00000241000,2.24000,0.00800
,,, 0.00000242000,2.24000,0.00800
,,, 0.00000243000,2.24000,0.00800
,,, 0.00000244000,2.24000,0.01400
,,, 0.00000245000,2.24000,0.01600
,,, 0.00000246000,2.32000,0.02000
,,, 0.00000247000,2.32000,0.02000
,,, 0.00000248000,2.24000,0.02000
,,, 0.00000249000,2.32000,0.01800
,,, 0.00000250000,2.32000,0.01400
,,, 0.00000251000,2.32000,0.00800
,,, 0.00000252000,2.24000,0.00800
,,, 0.00000253000,2.32000,0.00400
,,, 0.00000254000,2.32000,0.00
,,, 0.00000255000,2.32000,-0.00200
,,, 0.00000256000,2.32000,0.00
,,, 0.00000257000,2.32000,0.00
,,, 0.00000258000,2.40000,0.00400
,,, 0.00000259000,2.32000,0.00400
,,, 0.00000260000,2.32000,0.00600
,,, 0.00000261000,2.40000,0.00800
,,, 0.00000262000,2.40000,0.00400
,,, 0.00000263000,2.40000,0.00600
,,, 0.00000264000,2.40000,0.00400
,,, 0.00000265000,2.40000,0.00200
,,, 0.00000266000,2.40000,0.00400
,,, 0.00000267000,2.40000,0.00
,,, 0.00000268000,2.48000,0.00
,,, 0.00000269000,2.48000,-0.00200
,,, 0.00000270000,2.48000,-0.00400
,,, 0.00000271000,2.48000,-0.00800
,,, 0.00000272000,2.48000,-0.01400
,,, 0.00000273000,2.48000,-0.02000
,,, 0.00000274000,2.56000,-0.01800
,,, 0.00000275000,2.48000,-0.02200
,,, 0.00000276000,2.48000,-0.02000
,,, 0.00000277000,2.48000,-0.01600
,,, 0.00000278000,2.48000,-0.01400
,,, 0.00000279000,2.56000,-0.01000
,,, 0.00000280000,2.48000,-0.00800
,,, 0.00000281000,2.56000,-0.01000
,,, 0.00000282000,2.56000,-0.01000
,,, 0.00000283000,2.56000,-0.01600
,,, 0.00000284000,2.56000,-0.02000
,,, 0.00000285000,2.56000,-0.02400
,,, 0.00000286000,2.64000,-0.02800
,,, 0.00000287000,2.56000,-0.03000
,,, 0.00000288000,2.56000,-0.02800
,,, 0.00000289000,2.56000,-0.02600
,,, 0.00000290000,2.56000,-0.02200
,,, 0.00000291000,2.56000,-0.01800
,,, 0.00000292000,2.64000,-0.01600
,,, 0.00000293000,2.56000,-0.01200
,,, 0.00000294000,2.64000,-0.01000
,,, 0.00000295000,2.64000,-0.01000
,,, 0.00000296000,2.56000,-0.01200
,,, 0.00000297000,2.64000,-0.01200
,,, 0.00000298000,2.64000,-0.01200
,,, 0.00000299000,2.64000,-0.01200
,,, 0.00000300000,2.56000,-0.01000
,,, 0.00000301000,2.64000,-0.01200
,,, 0.00000302000,2.72000,-0.01000
,,, 0.00000303000,2.64000,-0.01200
,,, 0.00000304000,2.64000,-0.01400
,,, 0.00000305000,2.72000,-0.01600
,,, 0.00000306000,2.64000,-0.01800
,,, 0.00000307000,2.64000,-0.01800
,,, 0.00000308000,2.72000,-0.01800
,,, 0.00000309000,2.72000,-0.01800
,,, 0.00000310000,2.64000,-0.01400
,,, 0.00000311000,2.80000,-0.01000
,,, 0.00000312000,2.80000,-0.00600
,,, 0.00000313000,2.80000,-0.00400
,,, 0.00000314000,2.80000,0.00
,,, 0.00000315000,2.80000,0.00
,,, 0.00000316000,2.80000,0.00200
,,, 0.00000317000,2.80000,0.00200
,,, 0.00000318000,2.80000,0.00
,,, 0.00000319000,2.80000,-0.00200
,,, 0.00000320000,2.80000,-0.00400
,,, 0.00000321000,2.80000,-0.00400
,,, 0.00000322000,2.80000,-0.00200
,,, 0.00000323000,2.80000,-0.00200
,,, 0.00000324000,2.88000,0.00400
,,, 0.00000325000,2.80000,0.00800
,,, 0.00000326000,2.80000,0.01600
,,, 0.00000327000,2.80000,0.02000
,,, 0.00000328000,2.80000,0.02200
,,, 0.00000329000,2.88000,0.02200
,,, 0.00000330000,2.88000,0.02200
,,, 0.00000331000,2.88000,0.01600
,,, 0.00000332000,2.88000,0.01600
,,, 0.00000333000,2.88000,0.01000
,,, 0.00000334000,2.88000,0.00800
,,, 0.00000335000,2.88000,0.00600
,,, 0.00000336000,2.96000,0.00600
,,, 0.00000337000,2.96000,0.00800
,,, 0.00000338000,2.88000,0.00800
,,, 0.00000339000,2.96000,0.00800
,,, 0.00000340000,2.88000,0.01000
,,, 0.00000341000,2.96000,0.01000
,,, 0.00000342000,2.96000,0.01200
,,, 0.00000343000,2.96000,0.01200
,,, 0.00000344000,2.96000,0.01200
,,, 0.00000345000,2.96000,0.01400
,,, 0.00000346000,2.96000,0.01400
,,, 0.00000347000,2.96000,0.01200
,,, 0.00000348000,2.96000,0.01400
,,, 0.00000349000,2.96000,0.01200
,,, 0.00000350000,3.04000,0.00800
,,, 0.00000351000,2.96000,0.00800
,,, 0.00000352000,3.04000,0.00600
,,, 0.00000353000,2.96000,0.00400
,,, 0.00000354000,3.04000,0.00600
,,, 0.00000355000,3.04000,0.00800
,,, 0.00000356000,3.04000,0.00800
,,, 0.00000357000,3.04000,0.01000
,,, 0.00000358000,3.04000,0.01200
,,, 0.00000359000,3.04000,0.01400
,,, 0.00000360000,3.12000,0.01400
,,, 0.00000361000,3.04000,0.01000
,,, 0.00000362000,3.12000,0.00800
,,, 0.00000363000,3.04000,0.00200
,,, 0.00000364000,3.04000,-0.00200
,,, 0.00000365000,3.12000,-0.00600
,,, 0.00000366000,3.04000,-0.01000
,,, 0.00000367000,3.12000,-0.01400
,,, 0.00000368000,3.04000,-0.01200
,,, 0.00000369000,3.12000,-0.01400
,,, 0.00000370000,3.12000,-0.01200
,,, 0.00000371000,3.20000,-0.01000
,,, 0.00000372000,3.20000,-0.01000
,,, 0.00000373000,3.12000,-0.00800
,,, 0.00000374000,3.20000,-0.00800
,,, 0.00000375000,3.20000,-0.00800
,,, 0.00000376000,3.20000,-0.00800
,,, 0.00000377000,3.12000,-0.01000
,,, 0.00000378000,3.20000,-0.01000
,,, 0.00000379000,3.20000,-0.01000
,,, 0.00000380000,3.20000,-0.01200
,,, 0.00000381000,3.20000,-0.01200
,,, 0.00000382000,3.20000,-0.01000
,,, 0.00000383000,3.20000,-0.01400
,,, 0.00000384000,3.20000,-0.01400
,,, 0.00000385000,3.20000,-0.01600
,,, 0.00000386000,3.20000,-0.01800
,,, 0.00000387000,3.20000,-0.01800
,,, 0.00000388000,3.28000,-0.01800
,,, 0.00000389000,3.20000,-0.01600
,,, 0.00000390000,3.20000,-0.01600
,,, 0.00000391000,3.28000,-0.01600
,,, 0.00000392000,3.28000,-0.01200
,,, 0.00000393000,3.28000,-0.01200
,,, 0.00000394000,3.28000,-0.01000
,,, 0.00000395000,3.28000,-0.01200
,,, 0.00000396000,3.28000,-0.01400
,,, 0.00000397000,3.28000,-0.01600
,,, 0.00000398000,3.28000,-0.01800
,,, 0.00000399000,3.28000,-0.02000
,,, 0.00000400000,3.28000,-0.02000
,,, 0.00000401000,3.28000,-0.01800
,,, 0.00000402000,3.28000,-0.01600
,,, 0.00000403000,3.28000,-0.01200
,,, 0.00000404000,3.28000,-0.00800
,,, 0.00000405000,3.28000,-0.00600
,,, 0.00000406000,3.28000,-0.00200
,,, 0.00000407000,3.36000,0.00
,,, 0.00000408000,3.36000,0.00200
,,, 0.00000409000,3.52000,0.00400
,,, 0.00000410000,3.52000,0.00600
,,, 0.00000411000,3.28000,0.00400
,,, 0.00000412000,3.52000,0.00400
,,, 0.00000413000,3.36000,0.00400
,,, 0.00000414000,3.52000,0.00400
,,, 0.00000415000,3.52000,0.00200
,,, 0.00000416000,3.52000,0.00200
,,, 0.00000417000,3.52000,0.00400
,,, 0.00000418000,3.52000,0.00400
,,, 0.00000419000,3.52000,0.00400
,,, 0.00000420000,3.52000,0.00800
,,, 0.00000421000,3.52000,0.00800
,,, 0.00000422000,3.52000,0.01000
,,, 0.00000423000,3.52000,0.00800
,,, 0.00000424000,3.52000,0.01200
,,, 0.00000425000,3.52000,0.01200
,,, 0.00000426000,3.52000,0.01200
,,, 0.00000427000,3.52000,0.01000
,,, 0.00000428000,3.60000,0.01000
,,, 0.00000429000,3.60000,0.00800
,,, 0.00000430000,3.60000,0.00600
,,, 0.00000431000,3.60000,0.00600
,,, 0.00000432000,3.60000,0.00600
,,, 0.00000433000,3.60000,0.00600
,,, 0.00000434000,3.60000,0.01000
,,, 0.00000435000,3.60000,0.01200
,,, 0.00000436000,3.60000,0.01600
,,, 0.00000437000,3.60000,0.02000
,,, 0.00000438000,3.60000,0.02200
,,, 0.00000439000,3.60000,0.02200
,,, 0.00000440000,3.60000,0.02200
,,, 0.00000441000,3.60000,0.02000
,,, 0.00000442000,3.60000,0.02000
,,, 0.00000443000,3.60000,0.01400
,,, 0.00000444000,3.60000,0.01000
,,, 0.00000445000,3.60000,0.00800
,,, 0.00000446000,3.68000,0.00800
,,, 0.00000447000,3.60000,0.00600
,,, 0.00000448000,3.68000,0.00600
,,, 0.00000449000,3.68000,0.00600
,,, 0.00000450000,3.68000,0.00800
,,, 0.00000451000,3.60000,0.00600
,,, 0.00000452000,3.68000,0.00400
,,, 0.00000453000,3.68000,0.00400
,,, 0.00000454000,3.68000,0.00
,,, 0.00000455000,3.60000,-0.00200
,,, 0.00000456000,3.68000,-0.00200
,,, 0.00000457000,3.68000,-0.00400
,,, 0.00000458000,3.68000,-0.00400
,,, 0.00000459000,3.68000,-0.00400
,,, 0.00000460000,3.68000,-0.00400
,,, 0.00000461000,3.68000,-0.00600
,,, 0.00000462000,3.68000,-0.00600
,,, 0.00000463000,3.68000,-0.01000
,,, 0.00000464000,3.68000,-0.01000
,,, 0.00000465000,3.68000,-0.01200
,,, 0.00000466000,3.68000,-0.01200
,,, 0.00000467000,3.76000,-0.01000
,,, 0.00000468000,3.76000,-0.00800
,,, 0.00000469000,3.76000,-0.00400
,,, 0.00000470000,3.68000,0.00
,,, 0.00000471000,3.76000,-0.00200
,,, 0.00000472000,3.76000,-0.00200
,,, 0.00000473000,3.76000,-0.00400
,,, 0.00000474000,3.68000,-0.00800
,,, 0.00000475000,3.76000,-0.01000
,,, 0.00000476000,3.84000,-0.01400
,,, 0.00000477000,3.76000,-0.01600
,,, 0.00000478000,3.84000,-0.02000
,,, 0.00000479000,3.76000,-0.02000
,,, 0.00000480000,3.76000,-0.01800
,,, 0.00000481000,3.76000,-0.01800
,,, 0.00000482000,3.84000,-0.01800
,,, 0.00000483000,3.84000,-0.01600
,,, 0.00000484000,3.84000,-0.01600
,,, 0.00000485000,3.84000,-0.01800
,,, 0.00000486000,3.84000,-0.01600
,,, 0.00000487000,3.84000,-0.01800
,,, 0.00000488000,3.92000,-0.02000
,,, 0.00000489000,3.84000,-0.02000
,,, 0.00000490000,3.84000,-0.02000
,,, 0.00000491000,3.84000,-0.02000
,,, 0.00000492000,3.92000,-0.01800
,,, 0.00000493000,3.92000,-0.01600
,,, 0.00000494000,3.92000,-0.01400
,,, 0.00000495000,3.92000,-0.01600
,,, 0.00000496000,3.84000,-0.01400
,,, 0.00000497000,3.92000,-0.01200
,,, 0.00000498000,3.92000,-0.01400
,,, 0.00000499000,3.92000,-0.01200
,,, 0.00000500000,3.92000,-0.01000
,,, 0.00000501000,3.92000,-0.00800
,,, 0.00000502000,3.92000,-0.00400
,,, 0.00000503000,3.92000,0.00
,,, 0.00000504000,3.92000,0.00
,,, 0.00000505000,3.92000,0.00200
,,, 0.00000506000,3.92000,0.00200
,,, 0.00000507000,3.92000,0.00
,,, 0.00000508000,3.92000,-0.00200
,,, 0.00000509000,4.00000,-0.00400
,,, 0.00000510000,4.00000,-0.00800
,,, 0.00000511000,3.92000,-0.00800
,,, 0.00000512000,3.92000,-0.00800
,,, 0.00000513000,4.00000,-0.00600
,,, 0.00000514000,4.00000,-0.00200
,,, 0.00000515000,3.92000,0.00200
,,, 0.00000516000,4.00000,0.00800
,,, 0.00000517000,3.92000,0.01000
,,, 0.00000518000,4.00000,0.01000
,,, 0.00000519000,4.00000,0.01200
,,, 0.00000520000,4.00000,0.00800
,,, 0.00000521000,4.00000,0.00800
,,, 0.00000522000,4.00000,0.00600
,,, 0.00000523000,4.00000,0.00400
,,, 0.00000524000,4.00000,0.00400
,,, 0.00000525000,4.00000,0.00600
,,, 0.00000526000,4.00000,0.00800
,,, 0.00000527000,4.16000,0.01200
,,, 0.00000528000,4.16000,0.01400
,,, 0.00000529000,4.08000,0.01600
,,, 0.00000530000,4.00000,0.02000
,,, 0.00000531000,4.16000,0.02000
,,, 0.00000532000,4.16000,0.02200
,,, 0.00000533000,4.08000,0.02200
,,, 0.00000534000,4.16000,0.02200
,,, 0.00000535000,4.16000,0.02000
,,, 0.00000536000,4.16000,0.02000
,,, 0.00000537000,4.08000,0.02000
,,, 0.00000538000,4.16000,0.02000
,,, 0.00000539000,4.16000,0.01600
,,, 0.00000540000,4.16000,0.01400
,,, 0.00000541000,4.16000,0.01200
,,, 0.00000542000,4.16000,0.00800
,,, 0.00000543000,4.16000,0.00600
,,, 0.00000544000,4.16000,0.00400
,,, 0.00000545000,4.16000,0.00400
,,, 0.00000546000,4.16000,0.00400
,,, 0.00000547000,4.16000,0.00800
,,, 0.00000548000,4.16000,0.01000
,,, 0.00000549000,4.16000,0.01200
,,, 0.00000550000,4.16000,0.01600
,,, 0.00000551000,4.16000,0.01600
,,, 0.00000552000,4.16000,0.01600
,,, 0.00000553000,4.16000,0.01200
,,, 0.00000554000,4.16000,0.00800
,,, 0.00000555000,4.24000,0.00600
,,, 0.00000556000,4.16000,0.00200
,,, 0.00000557000,4.24000,0.00
,,, 0.00000558000,4.24000,0.00
,,, 0.00000559000,4.24000,0.00
,,, 0.00000560000,4.16000,0.00200
,,, 0.00000561000,4.24000,0.00400
,,, 0.00000562000,4.24000,0.00600
,,, 0.00000563000,4.24000,0.00600
,,, 0.00000564000,4.24000,0.00600
,,, 0.00000565000,4.24000,0.00400
,,, 0.00000566000,4.24000,0.00
,,, 0.00000567000,4.24000,-0.00200
,,, 0.00000568000,4.24000,-0.00400
,,, 0.00000569000,4.24000,-0.00800
,,, 0.00000570000,4.24000,-0.01000
,,, 0.00000571000,4.24000,-0.01000
,,, 0.00000572000,4.24000,-0.01200
,,, 0.00000573000,4.24000,-0.01200
,,, 0.00000574000,4.24000,-0.01600
,,, 0.00000575000,4.32000,-0.01800
,,, 0.00000576000,4.24000,-0.02000
,,, 0.00000577000,4.32000,-0.02200
,,, 0.00000578000,4.32000,-0.02400
,,, 0.00000579000,4.24000,-0.02000
,,, 0.00000580000,4.24000,-0.01800
,,, 0.00000581000,4.24000,-0.01400
,,, 0.00000582000,4.32000,-0.01000
,,, 0.00000583000,4.24000,-0.00400
,,, 0.00000584000,4.32000,-0.00200
,,, 0.00000585000,4.32000,-0.00200
,,, 0.00000586000,4.24000,-0.00200
,,, 0.00000587000,4.32000,-0.00600
,,, 0.00000588000,4.32000,-0.00800
,,, 0.00000589000,4.32000,-0.01400
,,, 0.00000590000,4.40000,-0.01600
,,, 0.00000591000,4.32000,-0.02000
,,, 0.00000592000,4.40000,-0.01800
,,, 0.00000593000,4.32000,-0.01800
,,, 0.00000594000,4.32000,-0.01200
,,, 0.00000595000,4.32000,-0.01000
,,, 0.00000596000,4.40000,-0.00400
,,, 0.00000597000,4.32000,-0.00400
,,, 0.00000598000,4.32000,-0.00200
,,, 0.00000599000,4.32000,-0.00200
,,, 0.00000600000,4.32000,-0.00600
,,, 0.00000601000,4.32000,-0.00800
,,, 0.00000602000,4.32000,-0.01000
,,, 0.00000603000,4.40000,-0.01600
,,, 0.00000604000,4.32000,-0.01600
,,, 0.00000605000,4.32000,-0.01600
,,, 0.00000606000,4.40000,-0.01200
,,, 0.00000607000,4.40000,-0.01200
,,, 0.00000608000,4.40000,-0.00600
,,, 0.00000609000,4.32000,-0.00400
,,, 0.00000610000,4.32000,0.00
,,, 0.00000611000,4.32000,0.00
,,, 0.00000612000,4.40000,0.00
,,, 0.00000613000,4.40000,0.00400
,,, 0.00000614000,4.32000,0.00400
,,, 0.00000615000,4.40000,0.00400
,,, 0.00000616000,4.40000,0.00600
,,, 0.00000617000,4.40000,0.00800
,,, 0.00000618000,4.40000,0.01200
,,, 0.00000619000,4.48000,0.01000
,,, 0.00000620000,4.40000,0.01200
,,, 0.00000621000,4.40000,0.00800
,,, 0.00000622000,4.48000,0.00800
,,, 0.00000623000,4.40000,0.00600
,,, 0.00000624000,4.40000,0.00600
,,, 0.00000625000,4.48000,0.00400
,,, 0.00000626000,4.40000,0.00600
,,, 0.00000627000,4.40000,0.00600
,,, 0.00000628000,4.48000,0.00800
,,, 0.00000629000,4.40000,0.01200
,,, 0.00000630000,4.48000,0.01400
,,, 0.00000631000,4.48000,0.01200
,,, 0.00000632000,4.48000,0.01400
,,, 0.00000633000,4.48000,0.01000
,,, 0.00000634000,4.48000,0.01000
,,, 0.00000635000,4.48000,0.00800
,,, 0.00000636000,4.48000,0.00400
,,, 0.00000637000,4.48000,0.00400
,,, 0.00000638000,4.48000,0.00200
,,, 0.00000639000,4.48000,0.00200
,,, 0.00000640000,4.48000,0.00600
,,, 0.00000641000,4.56000,0.00800
,,, 0.00000642000,4.48000,0.01000
,,, 0.00000643000,4.48000,0.01200
,,, 0.00000644000,4.56000,0.01400
,,, 0.00000645000,4.56000,0.01400
,,, 0.00000646000,4.56000,0.01400
,,, 0.00000647000,4.56000,0.01200
,,, 0.00000648000,4.56000,0.01200
,,, 0.00000649000,4.48000,0.01200
,,, 0.00000650000,4.56000,0.00800
,,, 0.00000651000,4.56000,0.00800
,,, 0.00000652000,4.56000,0.00600
,,, 0.00000653000,4.56000,0.00400
,,, 0.00000654000,4.56000,0.00200
,,, 0.00000655000,4.56000,0.00
,,, 0.00000656000,4.56000,-0.00400
,,, 0.00000657000,4.56000,-0.00600
,,, 0.00000658000,4.56000,-0.00800
,,, 0.00000659000,4.56000,-0.00800
,,, 0.00000660000,4.56000,-0.00800
,,, 0.00000661000,4.56000,-0.00800
,,, 0.00000662000,4.56000,-0.00600
,,, 0.00000663000,4.56000,-0.00600
,,, 0.00000664000,4.56000,-0.00800
,,, 0.00000665000,4.56000,-0.00800
,,, 0.00000666000,4.56000,-0.01000
,,, 0.00000667000,4.56000,-0.01400
,,, 0.00000668000,4.56000,-0.01600
,,, 0.00000669000,4.56000,-0.02000
,,, 0.00000670000,4.56000,-0.02000
,,, 0.00000671000,4.56000,-0.02000
,,, 0.00000672000,4.56000,-0.01800
,,, 0.00000673000,4.56000,-0.01600
,,, 0.00000674000,4.56000,-0.01000
,,, 0.00000675000,4.56000,-0.00800
,,, 0.00000676000,4.56000,-0.00800
,,, 0.00000677000,4.56000,-0.00800
,,, 0.00000678000,4.56000,-0.01000
,,, 0.00000679000,4.56000,-0.01200
,,, 0.00000680000,4.64000,-0.01600
,,, 0.00000681000,4.64000,-0.01800
,,, 0.00000682000,4.56000,-0.01800
,,, 0.00000683000,4.64000,-0.02000
,,, 0.00000684000,4.56000,-0.02000
,,, 0.00000685000,4.64000,-0.02000
,,, 0.00000686000,4.64000,-0.02000
,,, 0.00000687000,4.56000,-0.02000
,,, 0.00000688000,4.64000,-0.02000
,,, 0.00000689000,4.56000,-0.02000
,,, 0.00000690000,4.64000,-0.01800
,,, 0.00000691000,4.64000,-0.01800
,,, 0.00000692000,4.56000,-0.01600
,,, 0.00000693000,4.64000,-0.01600
,,, 0.00000694000,4.56000,-0.01200
,,, 0.00000695000,4.64000,-0.01200
,,, 0.00000696000,4.56000,-0.01000
,,, 0.00000697000,4.64000,-0.01000
,,, 0.00000698000,4.64000,-0.00800
,,, 0.00000699000,4.64000,-0.01000
,,, 0.00000700000,4.64000,-0.01000
,,, 0.00000701000,4.64000,-0.00800
,,, 0.00000702000,4.64000,-0.01000
,,, 0.00000703000,4.64000,-0.00800
,,, 0.00000704000,4.64000,-0.00400
,,, 0.00000705000,4.64000,-0.00200
,,, 0.00000706000,4.64000,0.00
,,, 0.00000707000,4.64000,0.00400
,,, 0.00000708000,4.64000,0.00800
,,, 0.00000709000,4.72000,0.01200
,,, 0.00000710000,4.64000,0.01200
,,, 0.00000711000,4.64000,0.00800
,,, 0.00000712000,4.64000,0.01000
,,, 0.00000713000,4.72000,0.00600
,,, 0.00000714000,4.64000,0.00400
,,, 0.00000715000,4.64000,0.00400
,,, 0.00000716000,4.72000,0.00200
,,, 0.00000717000,4.64000,0.00200
,,, 0.00000718000,4.64000,0.00400
,,, 0.00000719000,4.72000,0.00400
,,, 0.00000720000,4.64000,0.01000
,,, 0.00000721000,4.64000,0.01200
,,, 0.00000722000,4.64000,0.01600
,,, 0.00000723000,4.64000,0.02000
,,, 0.00000724000,4.64000,0.02000
,,, 0.00000725000,4.64000,0.02200
,,, 0.00000726000,4.72000,0.02200
,,, 0.00000727000,4.72000,0.02200
,,, 0.00000728000,4.72000,0.02000
,,, 0.00000729000,4.72000,0.02000
,,, 0.00000730000,4.72000,0.02000
,,, 0.00000731000,4.80000,0.02000
,,, 0.00000732000,4.80000,0.02000
,,, 0.00000733000,4.80000,0.01600
,,, 0.00000734000,4.80000,0.01800
,,, 0.00000735000,4.72000,0.01600
,,, 0.00000736000,4.80000,0.01800
,,, 0.00000737000,4.80000,0.01800
,,, 0.00000738000,4.80000,0.02000
,,, 0.00000739000,4.80000,0.02000
,,, 0.00000740000,4.80000,0.02200
,,, 0.00000741000,4.80000,0.02000
,,, 0.00000742000,4.80000,0.02000
,,, 0.00000743000,4.80000,0.01600
,,, 0.00000744000,4.80000,0.01400
,,, 0.00000745000,4.72000,0.01000
,,, 0.00000746000,4.80000,0.00800
,,, 0.00000747000,4.80000,0.00400
,,, 0.00000748000,4.72000,0.00400
,,, 0.00000749000,4.80000,0.00200
,,, 0.00000750000,4.80000,0.00400
,,, 0.00000751000,4.80000,0.00400
,,, 0.00000752000,4.80000,0.00400
,,, 0.00000753000,4.80000,0.00600
,,, 0.00000754000,4.80000,0.00600
,,, 0.00000755000,4.80000,0.00600
,,, 0.00000756000,4.80000,0.00600
,,, 0.00000757000,4.80000,0.00400
,,, 0.00000758000,4.80000,0.00200
,,, 0.00000759000,4.80000,0.00
,,, 0.00000760000,4.80000,-0.00200
,,, 0.00000761000,4.80000,-0.00200
,,, 0.00000762000,4.80000,-0.00200
,,, 0.00000763000,4.80000,-0.00400
,,, 0.00000764000,4.80000,-0.00400
,,, 0.00000765000,4.80000,-0.00600
,,, 0.00000766000,4.80000,-0.00800
,,, 0.00000767000,4.80000,-0.00800
,,, 0.00000768000,4.80000,-0.01000
,,, 0.00000769000,4.80000,-0.01200
,,, 0.00000770000,4.80000,-0.01000
,,, 0.00000771000,4.80000,-0.01000
,,, 0.00000772000,4.80000,-0.01000
,,, 0.00000773000,4.80000,-0.01000
,,, 0.00000774000,4.80000,-0.00800
,,, 0.00000775000,4.80000,-0.01200
,,, 0.00000776000,4.80000,-0.01000
,,, 0.00000777000,4.80000,-0.01600
,,, 0.00000778000,4.80000,-0.02000
,,, 0.00000779000,4.80000,-0.02400
,,, 0.00000780000,4.80000,-0.02600
,,, 0.00000781000,4.80000,-0.02800
,,, 0.00000782000,4.80000,-0.02600
,,, 0.00000783000,4.80000,-0.02400
,,, 0.00000784000,4.80000,-0.01800
,,, 0.00000785000,4.80000,-0.01400
,,, 0.00000786000,4.80000,-0.01000
,,, 0.00000787000,4.80000,-0.00600
,,, 0.00000788000,4.80000,-0.00400
,,, 0.00000789000,4.80000,-0.00400
,,, 0.00000790000,4.80000,-0.00800
,,, 0.00000791000,4.80000,-0.01000
,,, 0.00000792000,4.80000,-0.01200
,,, 0.00000793000,4.80000,-0.01600
,,, 0.00000794000,4.80000,-0.01600
,,, 0.00000795000,4.80000,-0.01600
,,, 0.00000796000,4.80000,-0.01200
,,, 0.00000797000,4.80000,-0.01000
,,, 0.00000798000,4.80000,-0.00800
,,, 0.00000799000,4.80000,-0.00800
,,, 0.00000800000,4.80000,-0.00400
,,, 0.00000801000,4.80000,-0.00400
,,, 0.00000802000,4.80000,-0.00200
,,, 0.00000803000,4.80000,-0.00200
,,, 0.00000804000,4.80000,0.00
,,, 0.00000805000,4.80000,0.00200
,,, 0.00000806000,4.80000,0.00200
,,, 0.00000807000,4.80000,0.00400
,,, 0.00000808000,4.80000,0.00400
,,, 0.00000809000,4.88000,0.00400
,,, 0.00000810000,4.80000,0.00
,,, 0.00000811000,4.80000,0.00
,,, 0.00000812000,4.80000,0.00
,,, 0.00000813000,4.80000,0.00
,,, 0.00000814000,4.80000,0.00
,,, 0.00000815000,4.80000,0.00200
,,, 0.00000816000,4.80000,0.00600
,,, 0.00000817000,4.80000,0.00800
,,, 0.00000818000,4.80000,0.01200
,,, 0.00000819000,4.80000,0.01800
,,, 0.00000820000,4.80000,0.02200
,,, 0.00000821000,4.80000,0.02200
,,, 0.00000822000,4.88000,0.02200
,,, 0.00000823000,4.80000,0.02000
,,, 0.00000824000,4.88000,0.01800
,,, 0.00000825000,4.80000,0.01400
,,, 0.00000826000,4.88000,0.01000
,,, 0.00000827000,4.80000,0.00600
,,, 0.00000828000,4.80000,0.00600
,,, 0.00000829000,4.80000,0.00600
,,, 0.00000830000,4.80000,0.00800
,,, 0.00000831000,4.80000,0.01200
,,, 0.00000832000,4.80000,0.01400
,,, 0.00000833000,4.80000,0.01800
,,, 0.00000834000,4.80000,0.02000
,,, 0.00000835000,4.80000,0.02000
,,, 0.00000836000,4.88000,0.01800
,,, 0.00000837000,4.80000,0.01400
,,, 0.00000838000,4.88000,0.01200
,,, 0.00000839000,4.80000,0.01200
,,, 0.00000840000,4.80000,0.00800
,,, 0.00000841000,4.80000,0.00600
,,, 0.00000842000,4.80000,0.00800
,,, 0.00000843000,4.88000,0.00600
,,, 0.00000844000,4.80000,0.00600
,,, 0.00000845000,4.80000,0.00400
,,, 0.00000846000,4.80000,0.00400
,,, 0.00000847000,4.80000,0.00200
,,, 0.00000848000,4.80000,0.00
,,, 0.00000849000,4.80000,0.00
,,, 0.00000850000,4.88000,0.00400
,,, 0.00000851000,4.80000,0.00400
,,, 0.00000852000,4.80000,0.00400
,,, 0.00000853000,4.88000,0.00600
,,, 0.00000854000,4.80000,0.00400
,,, 0.00000855000,4.88000,0.00400
,,, 0.00000856000,4.80000,0.00
,,, 0.00000857000,4.80000,-0.00400
,,, 0.00000858000,4.80000,-0.00800
,,, 0.00000859000,4.80000,-0.01400
,,, 0.00000860000,4.80000,-0.01600
,,, 0.00000861000,4.80000,-0.01800
,,, 0.00000862000,4.80000,-0.01800
,,, 0.00000863000,4.88000,-0.01600
,,, 0.00000864000,4.88000,-0.01200
,,, 0.00000865000,4.80000,-0.01000
,,, 0.00000866000,4.88000,-0.00800
,,, 0.00000867000,4.80000,-0.00600
,,, 0.00000868000,4.88000,-0.00800
,,, 0.00000869000,4.80000,-0.01000
,,, 0.00000870000,4.80000,-0.01200
,,, 0.00000871000,4.88000,-0.01600
,,, 0.00000872000,4.80000,-0.01800
,,, 0.00000873000,4.80000,-0.02000
,,, 0.00000874000,4.80000,-0.02000
,,, 0.00000875000,4.80000,-0.01800
,,, 0.00000876000,4.80000,-0.01800
,,, 0.00000877000,4.80000,-0.01600
,,, 0.00000878000,4.80000,-0.01400
,,, 0.00000879000,4.80000,-0.01600
,,, 0.00000880000,4.80000,-0.01400
,,, 0.00000881000,4.80000,-0.01600
,,, 0.00000882000,4.80000,-0.01600
,,, 0.00000883000,4.80000,-0.01600
,,, 0.00000884000,4.80000,-0.01400
,,, 0.00000885000,4.80000,-0.01200
,,, 0.00000886000,4.80000,-0.01000
,,, 0.00000887000,4.80000,-0.00800
,,, 0.00000888000,4.80000,-0.00400
,,, 0.00000889000,4.80000,-0.00800
,,, 0.00000890000,4.88000,-0.00800
,,, 0.00000891000,4.88000,-0.01000
,,, 0.00000892000,4.88000,-0.01200
,,, 0.00000893000,4.80000,-0.01600
,,, 0.00000894000,4.80000,-0.01600
,,, 0.00000895000,4.88000,-0.01600
,,, 0.00000896000,4.80000,-0.01200
,,, 0.00000897000,4.80000,-0.00800
,,, 0.00000898000,4.88000,-0.00200
,,, 0.00000899000,4.80000,0.00400
,,, 0.00000900000,4.80000,0.00800
,,, 0.00000901000,4.80000,0.01000
,,, 0.00000902000,4.80000,0.01200
,,, 0.00000903000,4.80000,0.00800
,,, 0.00000904000,4.80000,0.00600
,,, 0.00000905000,4.80000,0.00
,,, 0.00000906000,4.80000,0.00400
,,, 0.00000907000,4.88000,0.00400
,,, 0.00000908000,4.80000,0.00400
,,, 0.00000909000,4.80000,0.00600
,,, 0.00000910000,4.88000,0.01400
,,, 0.00000911000,4.80000,0.01400
,,, 0.00000912000,4.80000,0.01400
,,, 0.00000913000,4.80000,0.02000
,,, 0.00000914000,4.80000,0.02000
,,, 0.00000915000,4.80000,0.01600
,,, 0.00000916000,4.88000,0.01800
,,, 0.00000917000,4.80000,0.01800
,,, 0.00000918000,4.80000,0.01400
,,, 0.00000919000,4.80000,0.01200
,,, 0.00000920000,4.80000,0.01200
,,, 0.00000921000,4.80000,0.01400
,,, 0.00000922000,4.80000,0.01400
,,, 0.00000923000,4.80000,0.01400
,,, 0.00000924000,4.80000,0.01800
,,, 0.00000925000,4.80000,0.01600
,,, 0.00000926000,4.80000,0.02000
,,, 0.00000927000,4.80000,0.01800
,,, 0.00000928000,4.80000,0.01800
,,, 0.00000929000,4.80000,0.01600
,,, 0.00000930000,4.80000,0.02200
,,, 0.00000931000,4.80000,0.01600
,,, 0.00000932000,4.88000,0.02000
,,, 0.00000933000,4.80000,0.02400
,,, 0.00000934000,4.80000,0.02200
,,, 0.00000935000,4.80000,0.02000
,,, 0.00000936000,4.80000,0.01800
,,, 0.00000937000,4.80000,0.01400
,,, 0.00000938000,4.80000,0.01200
,,, 0.00000939000,4.80000,0.01000
,,, 0.00000940000,4.80000,0.00800
,,, 0.00000941000,4.80000,0.00600
,,, 0.00000942000,4.80000,0.00800
,,, 0.00000943000,4.80000,0.01200
,,, 0.00000944000,4.80000,0.01400
,,, 0.00000945000,4.80000,0.01400
,,, 0.00000946000,4.80000,0.01400
,,, 0.00000947000,4.80000,0.01200
,,, 0.00000948000,4.80000,0.00800
,,, 0.00000949000,4.80000,0.00800
,,, 0.00000950000,4.80000,0.00
,,, 0.00000951000,4.80000,-0.00400
,,, 0.00000952000,4.80000,-0.00400
,,, 0.00000953000,4.80000,-0.00600
,,, 0.00000954000,4.80000,-0.00600
,,, 0.00000955000,4.80000,-0.00600
,,, 0.00000956000,4.80000,-0.00400
,,, 0.00000957000,4.80000,-0.00400
,,, 0.00000958000,4.80000,-0.00400
,,, 0.00000959000,4.80000,-0.00400
,,, 0.00000960000,4.80000,-0.00800
,,, 0.00000961000,4.80000,-0.01000
,,, 0.00000962000,4.80000,-0.00800
,,, 0.00000963000,4.80000,-0.00800
,,, 0.00000964000,4.80000,-0.00800
,,, 0.00000965000,4.80000,-0.00800
,,, 0.00000966000,4.80000,-0.00800
,,, 0.00000967000,4.80000,-0.00800
,,, 0.00000968000,4.80000,-0.00800
,,, 0.00000969000,4.80000,-0.01200
,,, 0.00000970000,4.80000,-0.01600
,,, 0.00000971000,4.80000,-0.01800
,,, 0.00000972000,4.80000,-0.01800
,,, 0.00000973000,4.72000,-0.02200
,,, 0.00000974000,4.72000,-0.02000
,,, 0.00000975000,4.80000,-0.02000
,,, 0.00000976000,4.80000,-0.01600
,,, 0.00000977000,4.72000,-0.01600
,,, 0.00000978000,4.72000,-0.01400
,,, 0.00000979000,4.80000,-0.01200
,,, 0.00000980000,4.72000,-0.01000
,,, 0.00000981000,4.72000,-0.01200
,,, 0.00000982000,4.80000,-0.01400
,,, 0.00000983000,4.72000,-0.01600
,,, 0.00000984000,4.72000,-0.01800
,,, 0.00000985000,4.72000,-0.02000
,,, 0.00000986000,4.64000,-0.02200
,,, 0.00000987000,4.72000,-0.02200
,,, 0.00000988000,4.64000,-0.02000
,,, 0.00000989000,4.72000,-0.01800
,,, 0.00000990000,4.64000,-0.01200
,,, 0.00000991000,4.80000,-0.01000
,,, 0.00000992000,4.64000,-0.00800
,,, 0.00000993000,4.80000,-0.00400
,,, 0.00000994000,4.72000,-0.00200
,,, 0.00000995000,4.72000,0.00
,,, 0.00000996000,4.72000,0.00
,,, 0.00000997000,4.72000,-0.00200
,,, 0.00000998000,4.72000,-0.00200
,,, 0.00000999000,4.64000,-0.00200
,,, 0.00001000000,4.80000,-0.00200
,,, 0.00001001000,4.64000,-0.00400
,,, 0.00001002000,4.72000,-0.00200
,,, 0.00001003000,4.64000,-0.00400
,,, 0.00001004000,4.72000,-0.00200
,,, 0.00001005000,4.64000,-0.00200
,,, 0.00001006000,4.64000,0.00
,,, 0.00001007000,4.64000,0.00200
,,, 0.00001008000,4.64000,0.00400
,,, 0.00001009000,4.64000,0.00600
,,, 0.00001010000,4.56000,0.00800
,,, 0.00001011000,4.64000,0.00800
,,, 0.00001012000,4.64000,0.01200
,,, 0.00001013000,4.64000,0.01000
,,, 0.00001014000,4.64000,0.01000
,,, 0.00001015000,4.64000,0.00800
,,, 0.00001016000,4.64000,0.00800
,,, 0.00001017000,4.64000,0.00800
,,, 0.00001018000,4.64000,0.00800
,,, 0.00001019000,4.64000,0.00800
,,, 0.00001020000,4.64000,0.01200
,,, 0.00001021000,4.64000,0.01600
,,, 0.00001022000,4.64000,0.01600
,,, 0.00001023000,4.64000,0.01800
,,, 0.00001024000,4.64000,0.02000
,,, 0.00001025000,4.56000,0.02000
,,, 0.00001026000,4.64000,0.02000
,,, 0.00001027000,4.64000,0.01800
,,, 0.00001028000,4.64000,0.01600
,,, 0.00001029000,4.64000,0.01400
,,, 0.00001030000,4.64000,0.01200
,,, 0.00001031000,4.64000,0.01000
,,, 0.00001032000,4.64000,0.00800
,,, 0.00001033000,4.64000,0.00400
,,, 0.00001034000,4.64000,0.00400
,,, 0.00001035000,4.56000,0.00400
,,, 0.00001036000,4.64000,0.00400
,,, 0.00001037000,4.64000,0.00400
,,, 0.00001038000,4.64000,0.00600
,,, 0.00001039000,4.56000,0.00600
,,, 0.00001040000,4.56000,0.01200
,,, 0.00001041000,4.64000,0.00400
,,, 0.00001042000,4.64000,0.01200
,,, 0.00001043000,4.56000,0.00800
,,, 0.00001044000,4.64000,0.01000
,,, 0.00001045000,4.56000,0.00600
,,, 0.00001046000,4.64000,0.00800
,,, 0.00001047000,4.56000,0.00400
,,, 0.00001048000,4.56000,0.00200
,,, 0.00001049000,4.56000,0.00
,,, 0.00001050000,4.56000,-0.00200
,,, 0.00001051000,4.56000,-0.00400
,,, 0.00001052000,4.64000,-0.00600
,,, 0.00001053000,4.64000,-0.00600
,,, 0.00001054000,4.56000,-0.00400
,,, 0.00001055000,4.64000,-0.00400
,,, 0.00001056000,4.56000,-0.00200
,,, 0.00001057000,4.56000,-0.00200
,,, 0.00001058000,4.48000,-0.00200
,,, 0.00001059000,4.56000,-0.00400
,,, 0.00001060000,4.56000,-0.00800
,,, 0.00001061000,4.56000,-0.01200
,,, 0.00001062000,4.56000,-0.01400
,,, 0.00001063000,4.56000,-0.01800
,,, 0.00001064000,4.56000,-0.02000
,,, 0.00001065000,4.56000,-0.02200
,,, 0.00001066000,4.56000,-0.02200
,,, 0.00001067000,4.56000,-0.02000
,,, 0.00001068000,4.56000,-0.02000
,,, 0.00001069000,4.56000,-0.02000
,,, 0.00001070000,4.56000,-0.01800
,,, 0.00001071000,4.56000,-0.01600
,,, 0.00001072000,4.56000,-0.01400
,,, 0.00001073000,4.48000,-0.01200
,,, 0.00001074000,4.48000,-0.01000
,,, 0.00001075000,4.48000,-0.00600
,,, 0.00001076000,4.56000,-0.00400
,,, 0.00001077000,4.56000,-0.00400
,,, 0.00001078000,4.48000,-0.00400
,,, 0.00001079000,4.48000,-0.00800
,,, 0.00001080000,4.48000,-0.00800
,,, 0.00001081000,4.48000,-0.01400
,,, 0.00001082000,4.48000,-0.01600
,,, 0.00001083000,4.48000,-0.01800
,,, 0.00001084000,4.48000,-0.01800
,,, 0.00001085000,4.48000,-0.01800
,,, 0.00001086000,4.48000,-0.01200
,,, 0.00001087000,4.48000,-0.01000
,,, 0.00001088000,4.48000,-0.00400
,,, 0.00001089000,4.48000,-0.00200
,,, 0.00001090000,4.40000,0.00200
,,, 0.00001091000,4.48000,0.00200
,,, 0.00001092000,4.48000,0.00400
,,, 0.00001093000,4.48000,0.00
,,, 0.00001094000,4.40000,-0.00200
,,, 0.00001095000,4.48000,-0.00600
,,, 0.00001096000,4.48000,-0.00800
,,, 0.00001097000,4.48000,-0.01000
,,, 0.00001098000,4.32000,-0.00800
,,, 0.00001099000,4.48000,-0.00600
,,, 0.00001100000,4.48000,0.00
,,, 0.00001101000,4.40000,0.00400
,,, 0.00001102000,4.40000,0.00800
,,, 0.00001103000,4.40000,0.01200
,,, 0.00001104000,4.32000,0.01400
,,, 0.00001105000,4.40000,0.01600
,,, 0.00001106000,4.48000,0.01800
,,, 0.00001107000,4.40000,0.01600
,,, 0.00001108000,4.40000,0.01800
,,, 0.00001109000,4.40000,0.01600
,,, 0.00001110000,4.40000,0.01600
,,, 0.00001111000,4.40000,0.01600
,,, 0.00001112000,4.40000,0.01600
,,, 0.00001113000,4.40000,0.01400
,,, 0.00001114000,4.40000,0.01600
,,, 0.00001115000,4.40000,0.01600
,,, 0.00001116000,4.40000,0.01400
,,, 0.00001117000,4.40000,0.01400
,,, 0.00001118000,4.40000,0.01600
,,, 0.00001119000,4.40000,0.01600
,,, 0.00001120000,4.40000,0.01800
,,, 0.00001121000,4.40000,0.02000
,,, 0.00001122000,4.32000,0.02400
,,, 0.00001123000,4.40000,0.02400
,,, 0.00001124000,4.40000,0.02400
,,, 0.00001125000,4.32000,0.02200
,,, 0.00001126000,4.32000,0.02000
,,, 0.00001127000,4.32000,0.01600
,,, 0.00001128000,4.32000,0.01400
,,, 0.00001129000,4.32000,0.01200
,,, 0.00001130000,4.32000,0.01000
,,, 0.00001131000,4.32000,0.01000
,,, 0.00001132000,4.32000,0.01200
,,, 0.00001133000,4.32000,0.01400
,,, 0.00001134000,4.32000,0.01600
,,, 0.00001135000,4.32000,0.01800
,,, 0.00001136000,4.32000,0.02000
,,, 0.00001137000,4.32000,0.02000
,,, 0.00001138000,4.32000,0.01800
,,, 0.00001139000,4.32000,0.01800
,,, 0.00001140000,4.32000,0.01600
,,, 0.00001141000,4.32000,0.01200
,,, 0.00001142000,4.24000,0.01200
,,, 0.00001143000,4.32000,0.00800
,,, 0.00001144000,4.32000,0.00600
,,, 0.00001145000,4.24000,0.00600
,,, 0.00001146000,4.32000,0.00400
,,, 0.00001147000,4.32000,0.00400
,,, 0.00001148000,4.32000,0.00200
,,, 0.00001149000,4.24000,-0.00200
,,, 0.00001150000,4.32000,-0.00400
,,, 0.00001151000,4.24000,-0.00800
,,, 0.00001152000,4.24000,-0.00800
,,, 0.00001153000,4.24000,-0.00800
,,, 0.00001154000,4.24000,-0.00400
,,, 0.00001155000,4.24000,-0.00400
,,, 0.00001156000,4.24000,0.00
,,, 0.00001157000,4.24000,0.00
,,, 0.00001158000,4.24000,0.00200
,,, 0.00001159000,4.24000,-0.00200
,,, 0.00001160000,4.16000,-0.00400
,,, 0.00001161000,4.24000,-0.00800
,,, 0.00001162000,4.24000,-0.01200
,,, 0.00001163000,4.16000,-0.01600
,,, 0.00001164000,4.16000,-0.01800
,,, 0.00001165000,4.16000,-0.01800
,,, 0.00001166000,4.16000,-0.01200
,,, 0.00001167000,4.16000,-0.01000
,,, 0.00001168000,4.24000,-0.00400
,,, 0.00001169000,4.24000,-0.00200
,,, 0.00001170000,4.16000,0.00
,,, 0.00001171000,4.16000,-0.00200
,,, 0.00001172000,4.16000,-0.00400
,,, 0.00001173000,4.16000,-0.01000
,,, 0.00001174000,4.16000,-0.01600
,,, 0.00001175000,4.16000,-0.01800
,,, 0.00001176000,4.16000,-0.02400
,,, 0.00001177000,4.16000,-0.02200
,,, 0.00001178000,4.16000,-0.01800
,,, 0.00001179000,4.16000,-0.02200
,,, 0.00001180000,4.16000,-0.00400
,,, 0.00001181000,4.16000,-0.01400
,,, 0.00001182000,4.16000,-0.00400
,,, 0.00001183000,4.16000,-0.01000
,,, 0.00001184000,4.16000,-0.00600
,,, 0.00001185000,4.16000,-0.01000
,,, 0.00001186000,4.16000,-0.00800
,,, 0.00001187000,4.16000,-0.01000
,,, 0.00001188000,4.08000,-0.00800
,,, 0.00001189000,4.16000,-0.00800
,,, 0.00001190000,4.00000,-0.00400
,,, 0.00001191000,4.16000,-0.00200
,,, 0.00001192000,4.08000,0.00
,,, 0.00001193000,4.16000,0.00
,,, 0.00001194000,4.00000,0.00400
,,, 0.00001195000,4.00000,0.00200
,,, 0.00001196000,4.00000,0.00200
,,, 0.00001197000,4.00000,0.00400
,,, 0.00001198000,4.00000,0.00600
,,, 0.00001199000,4.08000,0.00600
,,, 0.00001200000,4.00000,0.00800
,,, 0.00001201000,4.00000,0.01000
,,, 0.00001202000,4.00000,0.01200
,,, 0.00001203000,4.00000,0.01200
,,, 0.00001204000,4.00000,0.01200
,,, 0.00001205000,4.00000,0.00800
,,, 0.00001206000,4.00000,0.00800
,,, 0.00001207000,4.00000,0.00200
,,, 0.00001208000,4.00000,0.00200
,,, 0.00001209000,4.00000,0.00
,,, 0.00001210000,4.00000,0.00
,,, 0.00001211000,4.00000,0.00200
,,, 0.00001212000,4.00000,0.00600
,,, 0.00001213000,4.00000,0.01000
,,, 0.00001214000,4.00000,0.01400
,,, 0.00001215000,3.92000,0.01600
,,, 0.00001216000,3.92000,0.02000
,,, 0.00001217000,4.00000,0.02000
,,, 0.00001218000,3.92000,0.02000
,,, 0.00001219000,3.84000,0.01800
,,, 0.00001220000,3.92000,0.01600
,,, 0.00001221000,3.92000,0.01400
,,, 0.00001222000,3.92000,0.01400
,,, 0.00001223000,3.92000,0.01200
,,, 0.00001224000,3.92000,0.01400
,,, 0.00001225000,3.92000,0.01400
,,, 0.00001226000,3.92000,0.01600
,,, 0.00001227000,3.92000,0.01600
,,, 0.00001228000,3.92000,0.01800
,,, 0.00001229000,3.92000,0.01800
,,, 0.00001230000,3.84000,0.01800
,,, 0.00001231000,3.92000,0.01400
,,, 0.00001232000,3.92000,0.01400
,,, 0.00001233000,3.84000,0.01200
,,, 0.00001234000,3.92000,0.01200
,,, 0.00001235000,3.84000,0.01200
,,, 0.00001236000,3.92000,0.00800
,,, 0.00001237000,3.84000,0.00600
,,, 0.00001238000,3.92000,0.00600
,,, 0.00001239000,3.92000,0.00
,,, 0.00001240000,3.84000,-0.00200
,,, 0.00001241000,3.84000,-0.00400
,,, 0.00001242000,3.84000,-0.00800
,,, 0.00001243000,3.84000,-0.00800
,,, 0.00001244000,3.76000,-0.00800
,,, 0.00001245000,3.84000,-0.00400
,,, 0.00001246000,3.84000,-0.00200
,,, 0.00001247000,3.84000,0.00
,,, 0.00001248000,3.76000,0.00400
,,, 0.00001249000,3.76000,0.00600
,,, 0.00001250000,3.84000,0.00800
,,, 0.00001251000,3.76000,0.00400
,,, 0.00001252000,3.84000,0.00400
,,, 0.00001253000,3.76000,0.00
,,, 0.00001254000,3.76000,-0.00200
,,, 0.00001255000,3.76000,-0.00600
,,, 0.00001256000,3.76000,-0.00800
,,, 0.00001257000,3.68000,-0.01000
,,, 0.00001258000,3.76000,-0.00800
,,, 0.00001259000,3.76000,-0.00800
,,, 0.00001260000,3.76000,-0.00800
,,, 0.00001261000,3.68000,-0.00800
,,, 0.00001262000,3.68000,-0.00600
,,, 0.00001263000,3.68000,-0.00600
,,, 0.00001264000,3.68000,-0.00800
,,, 0.00001265000,3.68000,-0.00800
,,, 0.00001266000,3.68000,-0.01000
,,, 0.00001267000,3.76000,-0.01400
,,, 0.00001268000,3.68000,-0.01400
,,, 0.00001269000,3.68000,-0.01600
,,, 0.00001270000,3.68000,-0.01600
,,, 0.00001271000,3.68000,-0.01800
,,, 0.00001272000,3.68000,-0.01800
,,, 0.00001273000,3.68000,-0.02000
,,, 0.00001274000,3.68000,-0.02000
,,, 0.00001275000,3.60000,-0.01800
,,, 0.00001276000,3.68000,-0.01600
,,, 0.00001277000,3.60000,-0.01600
,,, 0.00001278000,3.68000,-0.01000
,,, 0.00001279000,3.60000,-0.00600
,,, 0.00001280000,3.60000,0.00
,,, 0.00001281000,3.60000,0.00
,,, 0.00001282000,3.60000,0.00200
,,, 0.00001283000,3.60000,0.00
,,, 0.00001284000,3.60000,0.00200
,,, 0.00001285000,3.60000,-0.00200
,,, 0.00001286000,3.60000,-0.00600
,,, 0.00001287000,3.60000,-0.00800
,,, 0.00001288000,3.60000,-0.00800
,,, 0.00001289000,3.52000,-0.00800
,,, 0.00001290000,3.60000,-0.00400
,,, 0.00001291000,3.60000,-0.00200
,,, 0.00001292000,3.60000,0.00
,,, 0.00001293000,3.60000,0.00400
,,, 0.00001294000,3.52000,0.00800
,,, 0.00001295000,3.60000,0.00600
,,, 0.00001296000,3.52000,0.00800
,,, 0.00001297000,3.60000,0.00600
,,, 0.00001298000,3.52000,0.00400
,,, 0.00001299000,3.52000,0.00200
,,, 0.00001300000,3.52000,0.00400
,,, 0.00001301000,3.52000,0.00
,,, 0.00001302000,3.52000,0.00
,,, 0.00001303000,3.52000,0.00
,,, 0.00001304000,3.52000,0.00400
,,, 0.00001305000,3.52000,0.00400
,,, 0.00001306000,3.52000,0.00800
,,, 0.00001307000,3.52000,0.01200
,,, 0.00001308000,3.52000,0.01400
,,, 0.00001309000,3.52000,0.01600
,,, 0.00001310000,3.52000,0.02000
,,, 0.00001311000,3.52000,0.02000
,,, 0.00001312000,3.52000,0.02200
,,, 0.00001313000,3.52000,0.02400
,,, 0.00001314000,3.52000,0.02200
,,, 0.00001315000,3.52000,0.02200
,,, 0.00001316000,3.52000,0.02000
,,, 0.00001317000,3.36000,0.01800
,,, 0.00001318000,3.52000,0.01600
,,, 0.00001319000,3.28000,0.01400
,,, 0.00001320000,3.28000,0.01400
,,, 0.00001321000,3.36000,0.01200
,,, 0.00001322000,3.28000,0.01200
,,, 0.00001323000,3.36000,0.01000
,,, 0.00001324000,3.36000,0.01200
,,, 0.00001325000,3.28000,0.01200
,,, 0.00001326000,3.28000,0.01400
,,, 0.00001327000,3.28000,0.01400
,,, 0.00001328000,3.36000,0.01600
,,, 0.00001329000,3.28000,0.01600
,,, 0.00001330000,3.28000,0.01600
,,, 0.00001331000,3.28000,0.01200
,,, 0.00001332000,3.20000,0.01000
,,, 0.00001333000,3.28000,0.00600
,,, 0.00001334000,3.28000,0.00400
,,, 0.00001335000,3.28000,0.00200
,,, 0.00001336000,3.20000,0.00200
,,, 0.00001337000,3.20000,0.00
,,, 0.00001338000,3.28000,0.00400
,,, 0.00001339000,3.20000,0.00400
,,, 0.00001340000,3.20000,0.00800
,,, 0.00001341000,3.20000,0.00600
,,, 0.00001342000,3.20000,0.00800
,,, 0.00001343000,3.20000,0.00800
,,, 0.00001344000,3.20000,0.00800
,,, 0.00001345000,3.20000,0.00800
,,, 0.00001346000,3.20000,0.00800
,,, 0.00001347000,3.20000,0.00600
,,, 0.00001348000,3.20000,0.00
,,, 0.00001349000,3.20000,-0.00200
,,, 0.00001350000,3.20000,-0.00600
,,, 0.00001351000,3.20000,-0.01000
,,, 0.00001352000,3.12000,-0.01800
,,, 0.00001353000,3.04000,-0.02000
,,, 0.00001354000,3.12000,-0.02000
,,, 0.00001355000,3.12000,-0.02000
,,, 0.00001356000,3.12000,-0.01800
,,, 0.00001357000,3.12000,-0.01600
,,, 0.00001358000,3.04000,-0.01400
,,, 0.00001359000,3.04000,-0.01200
,,, 0.00001360000,3.12000,-0.01000
,,, 0.00001361000,3.04000,-0.01200
,,, 0.00001362000,3.04000,-0.01200
,,, 0.00001363000,3.04000,-0.01600
,,, 0.00001364000,3.04000,-0.01800
,,, 0.00001365000,3.04000,-0.02000
,,, 0.00001366000,3.04000,-0.02200
,,, 0.00001367000,3.04000,-0.02400
,,, 0.00001368000,3.04000,-0.02000
,,, 0.00001369000,3.04000,-0.02000
,,, 0.00001370000,3.04000,-0.01600
,,, 0.00001371000,2.96000,-0.01200
,,, 0.00001372000,2.96000,-0.01000
,,, 0.00001373000,2.96000,-0.00800
,,, 0.00001374000,2.96000,-0.00800
,,, 0.00001375000,2.96000,-0.01000
,,, 0.00001376000,2.96000,-0.00800
,,, 0.00001377000,2.96000,-0.01000
,,, 0.00001378000,2.96000,-0.01000
,,, 0.00001379000,2.96000,-0.01000
,,, 0.00001380000,2.96000,-0.01200
,,, 0.00001381000,2.96000,-0.01600
,,, 0.00001382000,2.96000,-0.01600
,,, 0.00001383000,2.96000,-0.01800
,,, 0.00001384000,2.88000,-0.01800
,,, 0.00001385000,2.88000,-0.02000
,,, 0.00001386000,2.96000,-0.02000
,,, 0.00001387000,2.88000,-0.02000
,,, 0.00001388000,2.88000,-0.01800
,,, 0.00001389000,2.88000,-0.01600
,,, 0.00001390000,2.88000,-0.01000
,,, 0.00001391000,2.88000,-0.00800
,,, 0.00001392000,2.88000,0.00200
,,, 0.00001393000,2.80000,0.00
,,, 0.00001394000,2.88000,0.00800
,,, 0.00001395000,2.88000,0.00400
,,, 0.00001396000,2.88000,0.00
,,, 0.00001397000,2.88000,0.00600
,,, 0.00001398000,2.88000,-0.00200
,,, 0.00001399000,2.88000,0.00200
,,, 0.00001400000,2.88000,-0.00200
,,, 0.00001401000,2.88000,0.00400
,,, 0.00001402000,2.80000,0.00400
,,, 0.00001403000,2.80000,0.00800
,,, 0.00001404000,2.80000,0.01200
,,, 0.00001405000,2.80000,0.01400
,,, 0.00001406000,2.80000,0.01600
,,, 0.00001407000,2.80000,0.01400
,,, 0.00001408000,2.80000,0.01200
,,, 0.00001409000,2.80000,0.01000
,,, 0.00001410000,2.80000,0.00800
,,, 0.00001411000,2.80000,0.00600
,,, 0.00001412000,2.80000,0.00600
,,, 0.00001413000,2.80000,0.00600
,,, 0.00001414000,2.80000,0.00600
,,, 0.00001415000,2.80000,0.00800
,,, 0.00001416000,2.80000,0.00600
,,, 0.00001417000,2.80000,0.00800
,,, 0.00001418000,2.80000,0.00800
,,, 0.00001419000,2.80000,0.00800
,,, 0.00001420000,2.72000,0.00800
,,, 0.00001421000,2.72000,0.00800
,,, 0.00001422000,2.72000,0.01000
,,, 0.00001423000,2.64000,0.01200
,,, 0.00001424000,2.72000,0.01400
,,, 0.00001425000,2.64000,0.01400
,,, 0.00001426000,2.64000,0.01800
,,, 0.00001427000,2.64000,0.01600
,,, 0.00001428000,2.64000,0.01800
,,, 0.00001429000,2.72000,0.01600
,,, 0.00001430000,2.64000,0.01400
,,, 0.00001431000,2.64000,0.01200
,,, 0.00001432000,2.64000,0.01000
,,, 0.00001433000,2.64000,0.00800
,,, 0.00001434000,2.56000,0.01000
,,, 0.00001435000,2.64000,0.00800
,,, 0.00001436000,2.64000,0.01000
,,, 0.00001437000,2.64000,0.01200
,,, 0.00001438000,2.56000,0.01200
,,, 0.00001439000,2.56000,0.01200
,,, 0.00001440000,2.56000,0.01000
,,, 0.00001441000,2.56000,0.00400
,,, 0.00001442000,2.56000,0.00
,,, 0.00001443000,2.64000,-0.00400
,,, 0.00001444000,2.56000,-0.00800
,,, 0.00001445000,2.56000,-0.01200
,,, 0.00001446000,2.56000,-0.01400
,,, 0.00001447000,2.48000,-0.01200
,,, 0.00001448000,2.56000,-0.01000
,,, 0.00001449000,2.56000,-0.01000
,,, 0.00001450000,2.48000,-0.00600
,,, 0.00001451000,2.56000,-0.00600
,,, 0.00001452000,2.48000,-0.00400
,,, 0.00001453000,2.48000,-0.00600
,,, 0.00001454000,2.40000,-0.00800
,,, 0.00001455000,2.48000,-0.01000
,,, 0.00001456000,2.48000,-0.01200
,,, 0.00001457000,2.48000,-0.01200
,,, 0.00001458000,2.40000,-0.01200
,,, 0.00001459000,2.40000,-0.01200
,,, 0.00001460000,2.48000,-0.01200
,,, 0.00001461000,2.40000,-0.01000
,,, 0.00001462000,2.40000,-0.01000
,,, 0.00001463000,2.40000,-0.01200
,,, 0.00001464000,2.40000,-0.01400
,,, 0.00001465000,2.32000,-0.01600
,,, 0.00001466000,2.40000,-0.01600
,,, 0.00001467000,2.40000,-0.01800
,,, 0.00001468000,2.32000,-0.01600
,,, 0.00001469000,2.40000,-0.01200
,,, 0.00001470000,2.32000,-0.01200
,,, 0.00001471000,2.32000,-0.00800
,,, 0.00001472000,2.32000,-0.00800
,,, 0.00001473000,2.32000,-0.01000
,,, 0.00001474000,2.32000,-0.01200
,,, 0.00001475000,2.32000,-0.01600
,,, 0.00001476000,2.32000,-0.01800
,,, 0.00001477000,2.24000,-0.02400
,,, 0.00001478000,2.32000,-0.02400
,,, 0.00001479000,2.32000,-0.02400
,,, 0.00001480000,2.24000,-0.02000
,,, 0.00001481000,2.24000,-0.01600
,,, 0.00001482000,2.32000,-0.01000
,,, 0.00001483000,2.24000,-0.00400
,,, 0.00001484000,2.24000,0.00
,,, 0.00001485000,2.24000,0.00400
,,, 0.00001486000,2.24000,0.00600
,,, 0.00001487000,2.24000,0.00600
,,, 0.00001488000,2.24000,0.00600
,,, 0.00001489000,2.16000,0.00200
,,, 0.00001490000,2.24000,0.00400
,,, 0.00001491000,2.16000,0.00
,,, 0.00001492000,2.16000,0.00
,,, 0.00001493000,2.24000,0.00
,,, 0.00001494000,2.16000,0.00200
,,, 0.00001495000,2.24000,0.00400
,,, 0.00001496000,2.16000,0.00600
,,, 0.00001497000,2.16000,0.00800
,,, 0.00001498000,2.16000,0.00800
,,, 0.00001499000,2.16000,0.00800
,,, 0.00001500000,2.16000,0.00800
,,, 0.00001501000,2.16000,0.00800
,,, 0.00001502000,2.16000,0.00800
,,, 0.00001503000,2.16000,0.00800
,,, 0.00001504000,2.16000,0.01200
,,, 0.00001505000,2.16000,0.01400
,,, 0.00001506000,2.16000,0.01400
,,, 0.00001507000,2.16000,0.01400
,,, 0.00001508000,2.16000,0.01400
,,, 0.00001509000,2.08000,0.01200
,,, 0.00001510000,2.08000,0.01200
,,, 0.00001511000,2.00000,0.00800
,,, 0.00001512000,2.08000,0.00800
,,, 0.00001513000,2.00000,0.01000
,,, 0.00001514000,2.00000,0.01200
,,, 0.00001515000,2.00000,0.01600
,,, 0.00001516000,2.00000,0.02000
,,, 0.00001517000,2.00000,0.02400
,,, 0.00001518000,2.00000,0.02600
,,, 0.00001519000,2.00000,0.02400
,,, 0.00001520000,2.00000,0.02400
,,, 0.00001521000,2.00000,0.02200
,,, 0.00001522000,2.00000,0.02000
,,, 0.00001523000,1.92000,0.01400
,,, 0.00001524000,1.92000,0.01000
,,, 0.00001525000,1.92000,0.00800
,,, 0.00001526000,2.00000,0.00600
,,, 0.00001527000,1.92000,0.00400
,,, 0.00001528000,1.92000,0.00600
,,, 0.00001529000,1.92000,0.00600
,,, 0.00001530000,1.92000,0.00800
,,, 0.00001531000,1.92000,0.00800
,,, 0.00001532000,1.92000,0.00800
,,, 0.00001533000,1.84000,0.00600
,,, 0.00001534000,1.84000,0.00400
,,, 0.00001535000,1.92000,0.00200
,,, 0.00001536000,1.84000,0.00
,,, 0.00001537000,1.84000,0.00
,,, 0.00001538000,1.92000,-0.00200
,,, 0.00001539000,1.84000,-0.00200
,,, 0.00001540000,1.84000,-0.00200
,,, 0.00001541000,1.84000,-0.00400
,,, 0.00001542000,1.84000,-0.00200
,,, 0.00001543000,1.84000,-0.00400
,,, 0.00001544000,1.76000,-0.00400
,,, 0.00001545000,1.76000,-0.00400
,,, 0.00001546000,1.76000,-0.00600
,,, 0.00001547000,1.76000,-0.00400
,,, 0.00001548000,1.76000,-0.00400
,,, 0.00001549000,1.76000,-0.00400
,,, 0.00001550000,1.68000,-0.00200
,,, 0.00001551000,1.76000,-0.00200
,,, 0.00001552000,1.76000,-0.00200
,,, 0.00001553000,1.68000,-0.00400
,,, 0.00001554000,1.68000,-0.00600
,,, 0.00001555000,1.68000,-0.01000
,,, 0.00001556000,1.68000,-0.01600
,,, 0.00001557000,1.68000,-0.02200
,,, 0.00001558000,1.68000,-0.02400
,,, 0.00001559000,1.68000,-0.02800
,,, 0.00001560000,1.68000,-0.02600
,,, 0.00001561000,1.68000,-0.02600
,,, 0.00001562000,1.68000,-0.02000
,,, 0.00001563000,1.60000,-0.01800
,,, 0.00001564000,1.68000,-0.01600
,,, 0.00001565000,1.68000,-0.01200
,,, 0.00001566000,1.60000,-0.01600
,,, 0.00001567000,1.60000,-0.01400
,,, 0.00001568000,1.68000,-0.02000
,,, 0.00001569000,1.60000,-0.01800
,,, 0.00001570000,1.60000,-0.02000
,,, 0.00001571000,1.52000,-0.02000
,,, 0.00001572000,1.60000,-0.01800
,,, 0.00001573000,1.60000,-0.01800
,,, 0.00001574000,1.60000,-0.01800
,,, 0.00001575000,1.52000,-0.01400
,,, 0.00001576000,1.52000,-0.01400
,,, 0.00001577000,1.52000,-0.01200
,,, 0.00001578000,1.52000,-0.01000
,,, 0.00001579000,1.52000,-0.00800
,,, 0.00001580000,1.52000,-0.00600
,,, 0.00001581000,1.52000,-0.00600
,,, 0.00001582000,1.52000,-0.00200
,,, 0.00001583000,1.52000,-0.00200
,,, 0.00001584000,1.52000,0.00
,,, 0.00001585000,1.52000,0.00
,,, 0.00001586000,1.52000,0.00
,,, 0.00001587000,1.52000,-0.00400
,,, 0.00001588000,1.44000,-0.00400
,,, 0.00001589000,1.52000,-0.00800
,,, 0.00001590000,1.44000,-0.01000
,,, 0.00001591000,1.44000,-0.01000
,,, 0.00001592000,1.44000,-0.00800
,,, 0.00001593000,1.36000,-0.00800
,,, 0.00001594000,1.44000,-0.00200
,,, 0.00001595000,1.36000,0.00
,,, 0.00001596000,1.36000,0.00600
,,, 0.00001597000,1.36000,0.00800
,,, 0.00001598000,1.36000,0.01200
,,, 0.00001599000,1.36000,0.01200
,,, 0.00001600000,1.36000,0.01200
,,, 0.00001601000,1.36000,0.01000
,,, 0.00001602000,1.36000,0.01200
,,, 0.00001603000,1.36000,0.00800
,,, 0.00001604000,1.36000,0.01000
,,, 0.00001605000,1.36000,0.00800
,,, 0.00001606000,1.28000,0.01000
,,, 0.00001607000,1.28000,0.01400
,,, 0.00001608000,1.28000,0.01600
,,, 0.00001609000,1.36000,0.01800
,,, 0.00001610000,1.28000,0.02200
,,, 0.00001611000,1.28000,0.02200
,,, 0.00001612000,1.28000,0.02200
,,, 0.00001613000,1.28000,0.02200
,,, 0.00001614000,1.28000,0.02200
,,, 0.00001615000,1.28000,0.02000
,,, 0.00001616000,1.28000,0.02000
,,, 0.00001617000,1.28000,0.01600
,,, 0.00001618000,1.20000,0.01600
,,, 0.00001619000,1.20000,0.01400
,,, 0.00001620000,1.20000,0.01200
,,, 0.00001621000,1.20000,0.01000
,,, 0.00001622000,1.28000,0.00800
,,, 0.00001623000,1.20000,0.00600
,,, 0.00001624000,1.20000,0.00600
,,, 0.00001625000,1.20000,0.00800
,,, 0.00001626000,1.12000,0.01000
,,, 0.00001627000,1.12000,0.01000
,,, 0.00001628000,1.12000,0.01200
,,, 0.00001629000,1.12000,0.01200
,,, 0.00001630000,1.12000,0.01400
,,, 0.00001631000,1.12000,0.01200
,,, 0.00001632000,1.12000,0.01200
,,, 0.00001633000,1.12000,0.00800
,,, 0.00001634000,1.12000,0.00600
,,, 0.00001635000,1.04000,0.00400
,,, 0.00001636000,1.04000,0.00400
,,, 0.00001637000,1.04000,0.00
,,, 0.00001638000,1.04000,0.00
,,, 0.00001639000,1.04000,-0.00200
,,, 0.00001640000,1.04000,-0.00200
,,, 0.00001641000,1.04000,-0.00200
,,, 0.00001642000,1.04000,-0.00200
,,, 0.00001643000,1.04000,-0.00200
,,, 0.00001644000,1.04000,-0.00200
,,, 0.00001645000,0.96000,-0.00400
,,, 0.00001646000,0.96000,-0.00200
,,, 0.00001647000,1.04000,-0.00400
,,, 0.00001648000,0.88000,-0.00400
,,, 0.00001649000,0.96000,-0.00400
,,, 0.00001650000,0.96000,-0.00600
,,, 0.00001651000,0.96000,-0.00800
,,, 0.00001652000,0.96000,-0.01000
,,, 0.00001653000,0.88000,-0.01400
,,, 0.00001654000,0.88000,-0.01600
,,, 0.00001655000,0.88000,-0.01800
,,, 0.00001656000,0.96000,-0.01800
,,, 0.00001657000,0.88000,-0.01800
,,, 0.00001658000,0.88000,-0.01600
,,, 0.00001659000,0.88000,-0.01600
,,, 0.00001660000,0.96000,-0.01200
,,, 0.00001661000,0.88000,-0.00800
,,, 0.00001662000,0.88000,-0.00600
,,, 0.00001663000,0.88000,-0.00400
,,, 0.00001664000,0.88000,-0.00400
,,, 0.00001665000,0.88000,-0.00400
,,, 0.00001666000,0.88000,-0.00800
,,, 0.00001667000,0.88000,-0.01200
,,, 0.00001668000,0.88000,-0.01400
,,, 0.00001669000,0.80000,-0.02000
,,, 0.00001670000,0.80000,-0.02000
,,, 0.00001671000,0.88000,-0.01600
,,, 0.00001672000,0.72000,-0.01200
,,, 0.00001673000,0.80000,-0.01400
,,, 0.00001674000,0.72000,-0.00800
,,, 0.00001675000,0.72000,-0.00200
,,, 0.00001676000,0.72000,-0.00200
,,, 0.00001677000,0.72000,-0.00200
,,, 0.00001678000,0.72000,-0.00200
,,, 0.00001679000,0.72000,-0.00400
,,, 0.00001680000,0.72000,-0.00800
,,, 0.00001681000,0.72000,-0.00800
,,, 0.00001682000,0.72000,-0.00600
,,, 0.00001683000,0.72000,-0.00800
,,, 0.00001684000,0.72000,-0.00400
,,, 0.00001685000,0.72000,-0.00200
,,, 0.00001686000,0.64000,0.00200
,,, 0.00001687000,0.64000,0.00400
,,, 0.00001688000,0.64000,0.00600
,,, 0.00001689000,0.64000,0.00600
,,, 0.00001690000,0.64000,0.00800
,,, 0.00001691000,0.64000,0.00800
,,, 0.00001692000,0.64000,0.01200
,,, 0.00001693000,0.64000,0.01200
,,, 0.00001694000,0.64000,0.01400
,,, 0.00001695000,0.64000,0.01600
,,, 0.00001696000,0.64000,0.01400
,,, 0.00001697000,0.64000,0.01200
,,, 0.00001698000,0.64000,0.01800
,,, 0.00001699000,0.56000,0.01400
,,, 0.00001700000,0.56000,0.00800
,,, 0.00001701000,0.56000,0.01200
,,, 0.00001702000,0.48000,0.01200
,,, 0.00001703000,0.48000,0.01200
,,, 0.00001704000,0.48000,0.01800
,,, 0.00001705000,0.48000,0.01200
,,, 0.00001706000,0.48000,0.02000
,,, 0.00001707000,0.48000,0.01600
,,, 0.00001708000,0.40000,0.02600
,,, 0.00001709000,0.48000,0.02000
,,, 0.00001710000,0.48000,0.01800
,,, 0.00001711000,0.40000,0.02000
,,, 0.00001712000,0.40000,0.01600
,,, 0.00001713000,0.40000,0.01400
,,, 0.00001714000,0.48000,0.01200
,,, 0.00001715000,0.48000,0.01200
,,, 0.00001716000,0.40000,0.01000
,,, 0.00001717000,0.40000,0.01200
,,, 0.00001718000,0.40000,0.02000
,,, 0.00001719000,0.40000,0.01800
,,, 0.00001720000,0.40000,0.02000
,,, 0.00001721000,0.40000,0.02200
,,, 0.00001722000,0.32000,0.02200
,,, 0.00001723000,0.40000,0.02000
,,, 0.00001724000,0.32000,0.02000
,,, 0.00001725000,0.40000,0.01600
,,, 0.00001726000,0.32000,0.01400
,,, 0.00001727000,0.32000,0.01200
,,, 0.00001728000,0.32000,0.01200
,,, 0.00001729000,0.32000,0.00800
,,, 0.00001730000,0.32000,0.00800
,,, 0.00001731000,0.32000,0.00600
,,, 0.00001732000,0.32000,0.00600
,,, 0.00001733000,0.24000,0.00200
,,, 0.00001734000,0.24000,0.00
,,, 0.00001735000,0.24000,-0.00200
,,, 0.00001736000,0.32000,-0.00200
,,, 0.00001737000,0.32000,-0.00200
,,, 0.00001738000,0.24000,0.00
,,, 0.00001739000,0.24000,-0.00200
,,, 0.00001740000,0.24000,0.00400
,,, 0.00001741000,0.24000,0.00400
,,, 0.00001742000,0.24000,0.00400
,,, 0.00001743000,0.24000,0.00200
,,, 0.00001744000,0.24000,0.00
,,, 0.00001745000,0.16000,-0.00600
,,, 0.00001746000,0.24000,-0.01000
,,, 0.00001747000,0.24000,-0.01600
,,, 0.00001748000,0.16000,-0.01800
,,, 0.00001749000,0.08000,-0.02000
,,, 0.00001750000,0.24000,-0.01800
,,, 0.00001751000,0.08000,-0.01600
,,, 0.00001752000,0.08000,-0.01400
,,, 0.00001753000,0.08000,-0.01000
,,, 0.00001754000,0.08000,-0.00600
,,, 0.00001755000,0.08000,-0.00400
,,, 0.00001756000,0.08000,-0.00600
,,, 0.00001757000,0.08000,-0.00800
,,, 0.00001758000,0.08000,-0.01000
,,, 0.00001759000,0.08000,-0.01400
,,, 0.00001760000,0.08000,-0.01600
,,, 0.00001761000,0.08000,-0.01800
,,, 0.00001762000,0.00,-0.01800
,,, 0.00001763000,0.08000,-0.02000
,,, 0.00001764000,0.08000,-0.01800
,,, 0.00001765000,0.00,-0.02000
,,, 0.00001766000,0.00,-0.01600
,,, 0.00001767000,0.00,-0.01600
,,, 0.00001768000,0.00,-0.01600
,,, 0.00001769000,0.00,-0.01400
,,, 0.00001770000,0.00,-0.01200
,,, 0.00001771000,0.00,-0.01000
,,, 0.00001772000,-0.08000,-0.00800
,,, 0.00001773000,-0.08000,-0.00400
,,, 0.00001774000,-0.08000,-0.00400
,,, 0.00001775000,-0.08000,-0.00200
,,, 0.00001776000,0.00,-0.00200
,,, 0.00001777000,-0.08000,-0.00200
,,, 0.00001778000,-0.08000,-0.00200
,,, 0.00001779000,-0.16000,-0.00400
,,, 0.00001780000,-0.16000,-0.00800
,,, 0.00001781000,-0.08000,-0.01000
,,, 0.00001782000,-0.16000,-0.01000
,,, 0.00001783000,-0.08000,-0.00800
,,, 0.00001784000,-0.16000,-0.00200
,,, 0.00001785000,-0.16000,0.00400
,,, 0.00001786000,-0.16000,0.01000
,,, 0.00001787000,-0.16000,0.01600
,,, 0.00001788000,-0.16000,0.01600
,,, 0.00001789000,-0.24000,0.02000
,,, 0.00001790000,-0.16000,0.01600
,,, 0.00001791000,-0.24000,0.01400
,,, 0.00001792000,-0.24000,0.01000
,,, 0.00001793000,-0.16000,0.00600
,,, 0.00001794000,-0.24000,0.00400
,,, 0.00001795000,-0.16000,0.00400
,,, 0.00001796000,-0.24000,0.00800
,,, 0.00001797000,-0.24000,0.01000
,,, 0.00001798000,-0.24000,0.01600
,,, 0.00001799000,-0.24000,0.01800
,,, 0.00001800000,-0.24000,0.02200
,,, 0.00001801000,-0.24000,0.02200
,,, 0.00001802000,-0.32000,0.02200
,,, 0.00001803000,-0.32000,0.02200
,,, 0.00001804000,-0.32000,0.02200
,,, 0.00001805000,-0.32000,0.02000
,,, 0.00001806000,-0.32000,0.02000
,,, 0.00001807000,-0.32000,0.01800
,,, 0.00001808000,-0.32000,0.01600
,,, 0.00001809000,-0.40000,0.01800
,,, 0.00001810000,-0.32000,0.02000
,,, 0.00001811000,-0.32000,0.02000
,,, 0.00001812000,-0.40000,0.02000
,,, 0.00001813000,-0.40000,0.01800
,,, 0.00001814000,-0.40000,0.01600
,,, 0.00001815000,-0.40000,0.01600
,,, 0.00001816000,-0.40000,0.01600
,,, 0.00001817000,-0.40000,0.01600
,,, 0.00001818000,-0.40000,0.01800
,,, 0.00001819000,-0.40000,0.01600
,,, 0.00001820000,-0.40000,0.02000
,,, 0.00001821000,-0.40000,0.02000
,,, 0.00001822000,-0.48000,0.02000
,,, 0.00001823000,-0.40000,0.02000
,,, 0.00001824000,-0.48000,0.01800
,,, 0.00001825000,-0.40000,0.01400
,,, 0.00001826000,-0.48000,0.01200
,,, 0.00001827000,-0.56000,0.00600
,,, 0.00001828000,-0.56000,0.00400
,,, 0.00001829000,-0.56000,0.00400
,,, 0.00001830000,-0.48000,0.00400
,,, 0.00001831000,-0.48000,0.00600
,,, 0.00001832000,-0.56000,0.00800
,,, 0.00001833000,-0.48000,0.01200
,,, 0.00001834000,-0.56000,0.01600
,,, 0.00001835000,-0.56000,0.01400
,,, 0.00001836000,-0.56000,0.01600
,,, 0.00001837000,-0.56000,0.01200
,,, 0.00001838000,-0.64000,0.01000
,,, 0.00001839000,-0.56000,0.00400
,,, 0.00001840000,-0.64000,0.00200
,,, 0.00001841000,-0.56000,-0.00200
,,, 0.00001842000,-0.56000,-0.00200
,,, 0.00001843000,-0.56000,-0.00400
,,, 0.00001844000,-0.56000,-0.00600
,,, 0.00001845000,-0.64000,-0.00600
,,, 0.00001846000,-0.64000,-0.00600
,,, 0.00001847000,-0.64000,-0.00800
,,, 0.00001848000,-0.64000,-0.00800
,,, 0.00001849000,-0.64000,-0.00800
,,, 0.00001850000,-0.64000,-0.00600
,,, 0.00001851000,-0.64000,-0.00600
,,, 0.00001852000,-0.64000,-0.00400
,,, 0.00001853000,-0.72000,-0.00200
,,, 0.00001854000,-0.72000,-0.00200
,,, 0.00001855000,-0.72000,-0.00200
,,, 0.00001856000,-0.72000,-0.00400
,,, 0.00001857000,-0.72000,-0.00600
,,, 0.00001858000,-0.80000,-0.00800
,,, 0.00001859000,-0.80000,-0.01000
,,, 0.00001860000,-0.80000,-0.01200
,,, 0.00001861000,-0.80000,-0.01200
,,, 0.00001862000,-0.80000,-0.01000
,,, 0.00001863000,-0.80000,-0.00800
,,, 0.00001864000,-0.80000,-0.00200
,,, 0.00001865000,-0.80000,0.00200
,,, 0.00001866000,-0.80000,0.00600
,,, 0.00001867000,-0.80000,0.00800
,,, 0.00001868000,-0.80000,0.00600
,,, 0.00001869000,-0.88000,0.00600
,,, 0.00001870000,-0.80000,0.00400
,,, 0.00001871000,-0.88000,-0.00200
,,, 0.00001872000,-0.88000,-0.00200
,,, 0.00001873000,-0.88000,-0.00800
,,, 0.00001874000,-0.88000,-0.00600
,,, 0.00001875000,-0.88000,-0.00800
,,, 0.00001876000,-0.88000,-0.00400
,,, 0.00001877000,-0.88000,-0.00200
,,, 0.00001878000,-0.88000,0.00
,,, 0.00001879000,-0.88000,0.00400
,,, 0.00001880000,-0.96000,0.00800
,,, 0.00001881000,-0.96000,0.00800
,,, 0.00001882000,-0.96000,0.00800
,,, 0.00001883000,-0.96000,0.00800
,,, 0.00001884000,-0.96000,0.01000
,,, 0.00001885000,-0.96000,0.00800
,,, 0.00001886000,-0.96000,0.01200
,,, 0.00001887000,-0.96000,0.01200
,,, 0.00001888000,-0.96000,0.01400
,,, 0.00001889000,-0.96000,0.01400
,,, 0.00001890000,-1.04000,0.01600
,,, 0.00001891000,-1.04000,0.01600
,,, 0.00001892000,-1.04000,0.01800
,,, 0.00001893000,-1.04000,0.01600
,,, 0.00001894000,-1.04000,0.01800
,,, 0.00001895000,-1.04000,0.01800
,,, 0.00001896000,-1.04000,0.02000
,,, 0.00001897000,-1.04000,0.02200
,,, 0.00001898000,-1.04000,0.02400
,,, 0.00001899000,-1.04000,0.02600
,,, 0.00001900000,-1.04000,0.03000
,,, 0.00001901000,-1.04000,0.02800
,,, 0.00001902000,-1.04000,0.02800
,,, 0.00001903000,-1.12000,0.02400
,,, 0.00001904000,-1.04000,0.02200
,,, 0.00001905000,-1.12000,0.02000
,,, 0.00001906000,-1.04000,0.01800
,,, 0.00001907000,-1.20000,0.01400
,,, 0.00001908000,-1.20000,0.01400
,,, 0.00001909000,-1.20000,0.01400
,,, 0.00001910000,-1.12000,0.01600
,,, 0.00001911000,-1.20000,0.02000
,,, 0.00001912000,-1.12000,0.02200
,,, 0.00001913000,-1.20000,0.02000
,,, 0.00001914000,-1.20000,0.02400
,,, 0.00001915000,-1.20000,0.02400
,,, 0.00001916000,-1.20000,0.02400
,,, 0.00001917000,-1.28000,0.02200
,,, 0.00001918000,-1.20000,0.02000
,,, 0.00001919000,-1.20000,0.01400
,,, 0.00001920000,-1.28000,0.01600
,,, 0.00001921000,-1.28000,0.01600
,,, 0.00001922000,-1.28000,0.01000
,,, 0.00001923000,-1.28000,0.01200
,,, 0.00001924000,-1.28000,0.00800
,,, 0.00001925000,-1.28000,0.00800
,,, 0.00001926000,-1.28000,0.01000
,,, 0.00001927000,-1.28000,0.01000
,,, 0.00001928000,-1.36000,0.00800
,,, 0.00001929000,-1.28000,0.01200
,,, 0.00001930000,-1.36000,0.00400
,,, 0.00001931000,-1.36000,0.01000
,,, 0.00001932000,-1.36000,0.00600
,,, 0.00001933000,-1.36000,0.00600
,,, 0.00001934000,-1.36000,0.00200
,,, 0.00001935000,-1.36000,0.00
,,, 0.00001936000,-1.36000,0.00
,,, 0.00001937000,-1.36000,-0.00400
,,, 0.00001938000,-1.36000,-0.00600
,,, 0.00001939000,-1.36000,-0.00800
,,, 0.00001940000,-1.44000,-0.01000
,,, 0.00001941000,-1.44000,-0.01200
,,, 0.00001942000,-1.44000,-0.00800
,,, 0.00001943000,-1.44000,-0.01000
,,, 0.00001944000,-1.44000,-0.00400
,,, 0.00001945000,-1.44000,-0.00400
,,, 0.00001946000,-1.52000,-0.00200
,,, 0.00001947000,-1.52000,0.00
,,, 0.00001948000,-1.52000,-0.00600
,,, 0.00001949000,-1.52000,-0.00200
,,, 0.00001950000,-1.52000,-0.01000
,,, 0.00001951000,-1.52000,-0.00600
,,, 0.00001952000,-1.44000,-0.01000
,,, 0.00001953000,-1.44000,-0.01200
,,, 0.00001954000,-1.60000,-0.01000
,,, 0.00001955000,-1.52000,-0.01200
,,, 0.00001956000,-1.52000,-0.00800
,,, 0.00001957000,-1.52000,-0.01000
,,, 0.00001958000,-1.60000,-0.00800
,,, 0.00001959000,-1.60000,-0.00800
,,, 0.00001960000,-1.60000,-0.00800
,,, 0.00001961000,-1.60000,-0.00800
,,, 0.00001962000,-1.60000,-0.00800
,,, 0.00001963000,-1.60000,-0.00800
,,, 0.00001964000,-1.60000,-0.00800
,,, 0.00001965000,-1.60000,-0.00800
,,, 0.00001966000,-1.60000,-0.00800
,,, 0.00001967000,-1.60000,-0.01000
,,, 0.00001968000,-1.68000,-0.00800
,,, 0.00001969000,-1.60000,-0.01000
,,, 0.00001970000,-1.68000,-0.01000
,,, 0.00001971000,-1.68000,-0.01000
,,, 0.00001972000,-1.68000,-0.00800
,,, 0.00001973000,-1.68000,-0.00800
,,, 0.00001974000,-1.60000,-0.00200
,,, 0.00001975000,-1.68000,0.00200
,,, 0.00001976000,-1.68000,0.00800
,,, 0.00001977000,-1.68000,0.01000
,,, 0.00001978000,-1.68000,0.01400
,,, 0.00001979000,-1.68000,0.01400
,,, 0.00001980000,-1.68000,0.01200
,,, 0.00001981000,-1.68000,0.01000
,,, 0.00001982000,-1.68000,0.00800
,,, 0.00001983000,-1.68000,0.00600
,,, 0.00001984000,-1.76000,0.00400
,,, 0.00001985000,-1.68000,0.00400
,,, 0.00001986000,-1.68000,0.00600
,,, 0.00001987000,-1.76000,0.00400
,,, 0.00001988000,-1.76000,0.00800
,,, 0.00001989000,-1.76000,0.01000
,,, 0.00001990000,-1.84000,0.01200
,,, 0.00001991000,-1.84000,0.01400
,,, 0.00001992000,-1.84000,0.02000
,,, 0.00001993000,-1.84000,0.01400
,,, 0.00001994000,-1.84000,0.02000
,,, 0.00001995000,-1.84000,0.01400
,,, 0.00001996000,-1.84000,0.01200
,,, 0.00001997000,-1.84000,0.01600
,,, 0.00001998000,-1.84000,0.01200
,,, 0.00001999000,-1.84000,0.01600
,,, 0.00002000000,-1.84000,0.01400
,,, 0.00002001000,-1.84000,0.01800
,,, 0.00002002000,-1.92000,0.01800
,,, 0.00002003000,-1.84000,0.01800
,,, 0.00002004000,-1.92000,0.02000
,,, 0.00002005000,-1.92000,0.02000
,,, 0.00002006000,-1.92000,0.02200
,,, 0.00002007000,-1.92000,0.02200
,,, 0.00002008000,-1.92000,0.02600
,,, 0.00002009000,-1.92000,0.02800
,,, 0.00002010000,-1.92000,0.03200
,,, 0.00002011000,-1.92000,0.03200
,,, 0.00002012000,-1.92000,0.03200
,,, 0.00002013000,-1.92000,0.03000
,,, 0.00002014000,-2.00000,0.02800
,,, 0.00002015000,-1.92000,0.02400
,,, 0.00002016000,-1.92000,0.02000
,,, 0.00002017000,-2.00000,0.01400
,,, 0.00002018000,-2.00000,0.01200
,,, 0.00002019000,-2.00000,0.01000
,,, 0.00002020000,-2.08000,0.01000
,,, 0.00002021000,-2.08000,0.01200
,,, 0.00002022000,-2.08000,0.01400
,,, 0.00002023000,-2.08000,0.01400
,,, 0.00002024000,-2.08000,0.01600
,,, 0.00002025000,-2.08000,0.01800
,,, 0.00002026000,-2.08000,0.01600
,,, 0.00002027000,-2.16000,0.01400
,,, 0.00002028000,-2.08000,0.01200
,,, 0.00002029000,-2.08000,0.00800
,,, 0.00002030000,-2.08000,0.00600
,,, 0.00002031000,-2.16000,0.00400
,,, 0.00002032000,-2.08000,0.00400
,,, 0.00002033000,-2.08000,0.00400
,,, 0.00002034000,-2.16000,0.00400
,,, 0.00002035000,-2.16000,0.00600
,,, 0.00002036000,-2.16000,0.00800
,,, 0.00002037000,-2.16000,0.00600
,,, 0.00002038000,-2.16000,0.00800
,,, 0.00002039000,-2.16000,0.00800
,,, 0.00002040000,-2.16000,0.00800
,,, 0.00002041000,-2.16000,0.00600
,,, 0.00002042000,-2.24000,0.00800
,,, 0.00002043000,-2.24000,0.00600
,,, 0.00002044000,-2.24000,0.00600
,,, 0.00002045000,-2.24000,0.00400
,,, 0.00002046000,-2.24000,0.00200
,,, 0.00002047000,-2.24000,0.00
,,, 0.00002048000,-2.24000,-0.00400
,,, 0.00002049000,-2.32000,-0.00800
,,, 0.00002050000,-2.24000,-0.01200
,,, 0.00002051000,-2.24000,-0.01600
,,, 0.00002052000,-2.24000,-0.01600
,,, 0.00002053000,-2.24000,-0.01800
,,, 0.00002054000,-2.24000,-0.01600
,,, 0.00002055000,-2.24000,-0.01200
,,, 0.00002056000,-2.32000,-0.00800
,,, 0.00002057000,-2.24000,-0.00200
,,, 0.00002058000,-2.32000,0.00
,,, 0.00002059000,-2.32000,0.00200
,,, 0.00002060000,-2.32000,0.00
,,, 0.00002061000,-2.32000,-0.00200
,,, 0.00002062000,-2.32000,-0.00400
,,, 0.00002063000,-2.32000,-0.00800
,,, 0.00002064000,-2.32000,-0.01000
,,, 0.00002065000,-2.32000,-0.01000
,,, 0.00002066000,-2.32000,-0.00600
,,, 0.00002067000,-2.48000,-0.00400
,,, 0.00002068000,-2.32000,0.00
,,, 0.00002069000,-2.48000,0.00400
,,, 0.00002070000,-2.32000,0.00600
,,, 0.00002071000,-2.48000,0.00800
,,, 0.00002072000,-2.32000,0.00800
,,, 0.00002073000,-2.48000,0.00600
,,, 0.00002074000,-2.40000,0.00600
,,, 0.00002075000,-2.48000,0.00400
,,, 0.00002076000,-2.48000,0.00400
,,, 0.00002077000,-2.48000,0.00600
,,, 0.00002078000,-2.48000,0.00600
,,, 0.00002079000,-2.48000,0.00600
,,, 0.00002080000,-2.48000,0.00600
,,, 0.00002081000,-2.48000,0.00600
,,, 0.00002082000,-2.48000,0.00400
,,, 0.00002083000,-2.56000,0.00200
,,, 0.00002084000,-2.56000,0.00200
,,, 0.00002085000,-2.56000,0.00200
,,, 0.00002086000,-2.56000,0.00400
,,, 0.00002087000,-2.48000,0.00600
,,, 0.00002088000,-2.56000,0.01200
,,, 0.00002089000,-2.56000,0.01400
,,, 0.00002090000,-2.56000,0.02200
,,, 0.00002091000,-2.48000,0.02400
,,, 0.00002092000,-2.48000,0.02400
,,, 0.00002093000,-2.56000,0.02600
,,, 0.00002094000,-2.56000,0.02400
,,, 0.00002095000,-2.48000,0.02000
,,, 0.00002096000,-2.64000,0.01800
,,, 0.00002097000,-2.56000,0.01600
,,, 0.00002098000,-2.56000,0.01400
,,, 0.00002099000,-2.56000,0.01600
,,, 0.00002100000,-2.56000,0.01800
,,, 0.00002101000,-2.56000,0.02200
,,, 0.00002102000,-2.64000,0.02400
,,, 0.00002103000,-2.64000,0.02400
,,, 0.00002104000,-2.64000,0.03000
,,, 0.00002105000,-2.64000,0.02800
,,, 0.00002106000,-2.64000,0.02600
,,, 0.00002107000,-2.72000,0.02200
,,, 0.00002108000,-2.72000,0.01800
,,, 0.00002109000,-2.72000,0.01200
,,, 0.00002110000,-2.72000,0.01200
,,, 0.00002111000,-2.72000,0.00800
,,, 0.00002112000,-2.72000,0.01000
,,, 0.00002113000,-2.72000,0.01200
,,, 0.00002114000,-2.72000,0.01200
,,, 0.00002115000,-2.80000,0.01400
,,, 0.00002116000,-2.72000,0.01400
,,, 0.00002117000,-2.80000,0.01400
,,, 0.00002118000,-2.72000,0.01400
,,, 0.00002119000,-2.72000,0.01200
,,, 0.00002120000,-2.80000,0.01200
,,, 0.00002121000,-2.80000,0.01000
,,, 0.00002122000,-2.80000,0.01000
,,, 0.00002123000,-2.80000,0.01200
,,, 0.00002124000,-2.80000,0.01400
,,, 0.00002125000,-2.80000,0.01200
,,, 0.00002126000,-2.80000,0.01200
,,, 0.00002127000,-2.80000,0.01200
,,, 0.00002128000,-2.80000,0.00800
,,, 0.00002129000,-2.88000,0.00600
,,, 0.00002130000,-2.88000,0.00400
,,, 0.00002131000,-2.88000,0.00
,,, 0.00002132000,-2.88000,0.00
,,, 0.00002133000,-2.80000,-0.00200
,,, 0.00002134000,-2.88000,0.00
,,, 0.00002135000,-2.88000,0.00
,,, 0.00002136000,-2.88000,0.00200
,,, 0.00002137000,-2.80000,0.00400
,,, 0.00002138000,-2.88000,0.00400
,,, 0.00002139000,-2.88000,0.00
,,, 0.00002140000,-2.88000,-0.00200
,,, 0.00002141000,-2.88000,-0.00800
,,, 0.00002142000,-2.88000,-0.01000
,,, 0.00002143000,-2.96000,-0.01400
,,, 0.00002144000,-2.88000,-0.01600
,,, 0.00002145000,-2.96000,-0.01800
,,, 0.00002146000,-2.96000,-0.01600
,,, 0.00002147000,-2.96000,-0.01600
,,, 0.00002148000,-2.96000,-0.01200
,,, 0.00002149000,-2.96000,-0.01000
,,, 0.00002150000,-2.96000,-0.00800
,,, 0.00002151000,-2.96000,-0.00600
,,, 0.00002152000,-2.96000,-0.00400
,,, 0.00002153000,-2.96000,-0.00600
,,, 0.00002154000,-2.96000,-0.00400
,,, 0.00002155000,-3.04000,-0.00800
,,, 0.00002156000,-2.96000,-0.00800
,,, 0.00002157000,-2.96000,-0.00800
,,, 0.00002158000,-3.04000,-0.00800
,,, 0.00002159000,-2.96000,-0.00800
,,, 0.00002160000,-2.96000,-0.00800
,,, 0.00002161000,-3.04000,-0.00800
,,, 0.00002162000,-3.12000,-0.00800
,,, 0.00002163000,-3.12000,-0.01000
,,, 0.00002164000,-3.12000,-0.01000
,,, 0.00002165000,-3.12000,-0.01000
,,, 0.00002166000,-3.12000,-0.00800
,,, 0.00002167000,-3.12000,-0.00800
,,, 0.00002168000,-3.12000,-0.00400
,,, 0.00002169000,-3.12000,-0.00200
,,, 0.00002170000,-3.12000,0.00400
,,, 0.00002171000,-3.12000,0.00
,,, 0.00002172000,-3.12000,0.00
,,, 0.00002173000,-3.12000,0.00
,,, 0.00002174000,-3.12000,-0.00200
,,, 0.00002175000,-3.12000,-0.00600
,,, 0.00002176000,-3.12000,-0.00600
,,, 0.00002177000,-3.20000,-0.00800
,,, 0.00002178000,-3.12000,-0.00400
,,, 0.00002179000,-3.12000,0.00
,,, 0.00002180000,-3.20000,0.00600
,,, 0.00002181000,-3.12000,0.01200
,,, 0.00002182000,-3.12000,0.01800
,,, 0.00002183000,-3.20000,0.02200
,,, 0.00002184000,-3.20000,0.02600
,,, 0.00002185000,-3.20000,0.02400
,,, 0.00002186000,-3.20000,0.02400
,,, 0.00002187000,-3.12000,0.02200
,,, 0.00002188000,-3.20000,0.02200
,,, 0.00002189000,-3.20000,0.02000
,,, 0.00002190000,-3.28000,0.01800
,,, 0.00002191000,-3.20000,0.01600
,,, 0.00002192000,-3.20000,0.01600
,,, 0.00002193000,-3.28000,0.02000
,,, 0.00002194000,-3.20000,0.02000
,,, 0.00002195000,-3.28000,0.02000
,,, 0.00002196000,-3.28000,0.02200
,,, 0.00002197000,-3.28000,0.02200
,,, 0.00002198000,-3.20000,0.02200
,,, 0.00002199000,-3.28000,0.02000
,,, 0.00002200000,-3.28000,0.02000
,,, 0.00002201000,-3.28000,0.02000
,,, 0.00002202000,-3.28000,0.02000
,,, 0.00002203000,-3.36000,0.01800
,,, 0.00002204000,-3.36000,0.01800
,,, 0.00002205000,-3.36000,0.01800
,,, 0.00002206000,-3.36000,0.02000
,,, 0.00002207000,-3.28000,0.02000
,,, 0.00002208000,-3.28000,0.02200
,,, 0.00002209000,-3.36000,0.02000
,,, 0.00002210000,-3.36000,0.02400
,,, 0.00002211000,-3.36000,0.02200
,,, 0.00002212000,-3.36000,0.02400
,,, 0.00002213000,-3.36000,0.02400
,,, 0.00002214000,-3.36000,0.02800
,,, 0.00002215000,-3.36000,0.02800
,,, 0.00002216000,-3.52000,0.03000
,,, 0.00002217000,-3.36000,0.03000
,,, 0.00002218000,-3.52000,0.02800
,,, 0.00002219000,-3.36000,0.02400
,,, 0.00002220000,-3.36000,0.02000
,,, 0.00002221000,-3.52000,0.01400
,,, 0.00002222000,-3.52000,0.01000
,,, 0.00002223000,-3.52000,0.00600
,,, 0.00002224000,-3.52000,0.00400
,,, 0.00002225000,-3.52000,0.00400
,,, 0.00002226000,-3.52000,0.00400
,,, 0.00002227000,-3.52000,0.00400
,,, 0.00002228000,-3.52000,0.00600
,,, 0.00002229000,-3.52000,0.00600
,,, 0.00002230000,-3.52000,0.00600
,,, 0.00002231000,-3.52000,0.00400
,,, 0.00002232000,-3.60000,0.00400
,,, 0.00002233000,-3.60000,0.00
,,, 0.00002234000,-3.60000,0.00
,,, 0.00002235000,-3.60000,-0.00400
,,, 0.00002236000,-3.60000,-0.00400
,,, 0.00002237000,-3.60000,-0.00400
,,, 0.00002238000,-3.60000,-0.00400
,,, 0.00002239000,-3.60000,-0.00600
,,, 0.00002240000,-3.60000,-0.00400
,,, 0.00002241000,-3.60000,-0.00600
,,, 0.00002242000,-3.60000,-0.00400
,,, 0.00002243000,-3.60000,-0.00400
,,, 0.00002244000,-3.60000,-0.00400
,,, 0.00002245000,-3.60000,-0.00200
,,, 0.00002246000,-3.60000,-0.00200
,,, 0.00002247000,-3.68000,0.00
,,, 0.00002248000,-3.68000,0.00200
,,, 0.00002249000,-3.68000,0.00200
,,, 0.00002250000,-3.60000,0.00400
,,, 0.00002251000,-3.60000,0.00
,,, 0.00002252000,-3.68000,-0.00200
,,, 0.00002253000,-3.68000,-0.00600
,,, 0.00002254000,-3.68000,-0.00800
,,, 0.00002255000,-3.68000,-0.01400
,,, 0.00002256000,-3.60000,-0.01200
,,, 0.00002257000,-3.68000,-0.01600
,,, 0.00002258000,-3.68000,-0.01200
,,, 0.00002259000,-3.68000,-0.01000
,,, 0.00002260000,-3.68000,-0.00600
,,, 0.00002261000,-3.68000,-0.00400
,,, 0.00002262000,-3.68000,0.00
,,, 0.00002263000,-3.68000,0.00200
,,, 0.00002264000,-3.68000,0.00400
,,, 0.00002265000,-3.68000,0.00400
,,, 0.00002266000,-3.68000,0.00200
,,, 0.00002267000,-3.68000,0.00200
,,, 0.00002268000,-3.68000,0.00
,,, 0.00002269000,-3.76000,-0.00200
,,, 0.00002270000,-3.68000,-0.00200
,,, 0.00002271000,-3.76000,-0.00200
,,, 0.00002272000,-3.68000,0.00
,,, 0.00002273000,-3.68000,0.00200
,,, 0.00002274000,-3.68000,0.00400
,,, 0.00002275000,-3.76000,0.00600
,,, 0.00002276000,-3.76000,0.00800
,,, 0.00002277000,-3.76000,0.01200
,,, 0.00002278000,-3.84000,0.01400
,,, 0.00002279000,-3.84000,0.01400
,,, 0.00002280000,-3.84000,0.01800
,,, 0.00002281000,-3.84000,0.01800
,,, 0.00002282000,-3.84000,0.01800
,,, 0.00002283000,-3.84000,0.01600
,,, 0.00002284000,-3.84000,0.01600
,,, 0.00002285000,-3.84000,0.01000
,,, 0.00002286000,-3.84000,0.00800
,,, 0.00002287000,-3.84000,0.00400
,,, 0.00002288000,-3.84000,0.00600
,,, 0.00002289000,-3.84000,0.00600
,,, 0.00002290000,-3.84000,0.01000
,,, 0.00002291000,-3.84000,0.01200
,,, 0.00002292000,-3.84000,0.01800
,,, 0.00002293000,-3.92000,0.02000
,,, 0.00002294000,-3.92000,0.02600
,,, 0.00002295000,-3.84000,0.02400
,,, 0.00002296000,-3.84000,0.02600
,,, 0.00002297000,-3.84000,0.02600
,,, 0.00002298000,-3.84000,0.02400
,,, 0.00002299000,-3.84000,0.02000
,,, 0.00002300000,-3.92000,0.02000
,,, 0.00002301000,-3.92000,0.01800
,,, 0.00002302000,-3.92000,0.01800
,,, 0.00002303000,-3.92000,0.01600
,,, 0.00002304000,-3.92000,0.02000
,,, 0.00002305000,-3.92000,0.02200
,,, 0.00002306000,-3.92000,0.02200
,,, 0.00002307000,-3.92000,0.02200
,,, 0.00002308000,-3.92000,0.02400
,,, 0.00002309000,-3.92000,0.02200
,,, 0.00002310000,-3.92000,0.02000
,,, 0.00002311000,-4.00000,0.02000
,,, 0.00002312000,-3.92000,0.01800
,,, 0.00002313000,-4.00000,0.01400
,,, 0.00002314000,-4.00000,0.01600
,,, 0.00002315000,-4.00000,0.01200
,,, 0.00002316000,-4.00000,0.01200
,,, 0.00002317000,-4.00000,0.00800
,,, 0.00002318000,-4.00000,0.00600
,,, 0.00002319000,-4.00000,0.00400
,,, 0.00002320000,-4.00000,0.00
,,, 0.00002321000,-4.08000,0.00
,,, 0.00002322000,-4.00000,0.00
,,, 0.00002323000,-4.08000,-0.00200
,,, 0.00002324000,-4.00000,0.00
,,, 0.00002325000,-4.00000,0.00400
,,, 0.00002326000,-4.00000,0.00600
,,, 0.00002327000,-4.00000,0.00800
,,, 0.00002328000,-3.92000,0.01000
,,, 0.00002329000,-4.08000,0.01000
,,, 0.00002330000,-4.08000,0.01200
,,, 0.00002331000,-4.08000,0.00600
,,, 0.00002332000,-4.08000,0.00400
,,, 0.00002333000,-4.08000,0.00
,,, 0.00002334000,-4.08000,-0.00400
,,, 0.00002335000,-4.00000,-0.01000
,,, 0.00002336000,-4.08000,-0.01000
,,, 0.00002337000,-4.08000,-0.01200
,,, 0.00002338000,-4.00000,-0.01000
,,, 0.00002339000,-4.08000,-0.00800
,,, 0.00002340000,-4.16000,-0.00800
,,, 0.00002341000,-4.16000,-0.00800
,,, 0.00002342000,-4.16000,-0.00600
,,, 0.00002343000,-4.08000,-0.01000
,,, 0.00002344000,-4.16000,-0.01000
,,, 0.00002345000,-4.16000,-0.01200
,,, 0.00002346000,-4.16000,-0.01200
,,, 0.00002347000,-4.16000,-0.01400
,,, 0.00002348000,-4.16000,-0.01600
,,, 0.00002349000,-4.16000,-0.01800
,,, 0.00002350000,-4.16000,-0.01600
,,, 0.00002351000,-4.16000,-0.01800
,,, 0.00002352000,-4.16000,-0.01800
,,, 0.00002353000,-4.16000,-0.01800
,,, 0.00002354000,-4.16000,-0.01600
,,, 0.00002355000,-4.16000,-0.01400
,,, 0.00002356000,-4.16000,-0.01000
,,, 0.00002357000,-4.16000,-0.00800
,,, 0.00002358000,-4.16000,-0.00400
,,, 0.00002359000,-4.16000,-0.00200
,,, 0.00002360000,-4.16000,0.00200
,,, 0.00002361000,-4.16000,0.00400
,,, 0.00002362000,-4.24000,0.00400
,,, 0.00002363000,-4.16000,0.00200
,,, 0.00002364000,-4.16000,0.00
,,, 0.00002365000,-4.24000,-0.00400
,,, 0.00002366000,-4.24000,-0.00600
,,, 0.00002367000,-4.24000,-0.00800
,,, 0.00002368000,-4.24000,-0.00600
,,, 0.00002369000,-4.16000,-0.00400
,,, 0.00002370000,-4.24000,0.00
,,, 0.00002371000,-4.24000,0.00200
,,, 0.00002372000,-4.32000,0.00800
,,, 0.00002373000,-4.24000,0.00800
,,, 0.00002374000,-4.24000,0.01000
,,, 0.00002375000,-4.24000,0.00800
,,, 0.00002376000,-4.24000,0.00800
,,, 0.00002377000,-4.32000,0.00600
,,, 0.00002378000,-4.24000,0.00400
,,, 0.00002379000,-4.24000,0.00400
,,, 0.00002380000,-4.32000,0.00400
,,, 0.00002381000,-4.32000,0.00600
,,, 0.00002382000,-4.24000,0.00800
,,, 0.00002383000,-4.32000,0.01200
,,, 0.00002384000,-4.24000,0.01600
,,, 0.00002385000,-4.32000,0.02000
,,, 0.00002386000,-4.24000,0.02400
,,, 0.00002387000,-4.24000,0.02200
,,, 0.00002388000,-4.32000,0.02400
,,, 0.00002389000,-4.32000,0.02400
,,, 0.00002390000,-4.32000,0.02200
,,, 0.00002391000,-4.32000,0.02400
,,, 0.00002392000,-4.24000,0.02400
,,, 0.00002393000,-4.32000,0.02400
,,, 0.00002394000,-4.32000,0.02400
,,, 0.00002395000,-4.24000,0.02400
,,, 0.00002396000,-4.32000,0.02600
,,, 0.00002397000,-4.32000,0.02400
,,, 0.00002398000,-4.32000,0.02200
,,, 0.00002399000,-4.32000,0.02000
,,, 0.00002400000,-4.32000,0.01800
,,, 0.00002401000,-4.32000,0.01600
,,, 0.00002402000,-4.32000,0.01600
,,, 0.00002403000,-4.32000,0.01600
,,, 0.00002404000,-4.32000,0.02000
,,, 0.00002405000,-4.32000,0.02200
,,, 0.00002406000,-4.32000,0.02600
,,, 0.00002407000,-4.32000,0.02600
,,, 0.00002408000,-4.32000,0.02600
,,, 0.00002409000,-4.32000,0.02400
,,, 0.00002410000,-4.32000,0.02200
,,, 0.00002411000,-4.40000,0.01600
,,, 0.00002412000,-4.40000,0.01200
,,, 0.00002413000,-4.32000,0.00800
,,, 0.00002414000,-4.40000,0.00600
,,, 0.00002415000,-4.32000,0.00600
,,, 0.00002416000,-4.32000,0.01000
,,, 0.00002417000,-4.32000,0.01200
,,, 0.00002418000,-4.32000,0.01600
,,, 0.00002419000,-4.40000,0.01800
,,, 0.00002420000,-4.32000,0.02000
,,, 0.00002421000,-4.48000,0.01800
,,, 0.00002422000,-4.40000,0.02000
,,, 0.00002423000,-4.48000,0.01400
,,, 0.00002424000,-4.40000,0.01000
,,, 0.00002425000,-4.40000,0.00600
,,, 0.00002426000,-4.40000,0.00400
,,, 0.00002427000,-4.48000,0.00
,,, 0.00002428000,-4.48000,0.00
,,, 0.00002429000,-4.48000,-0.00200
,,, 0.00002430000,-4.48000,0.00
,,, 0.00002431000,-4.48000,-0.00200
,,, 0.00002432000,-4.48000,-0.00200
,,, 0.00002433000,-4.48000,-0.00400
,,, 0.00002434000,-4.48000,-0.00200
,,, 0.00002435000,-4.48000,-0.00400
,,, 0.00002436000,-4.48000,-0.00600
,,, 0.00002437000,-4.48000,-0.00800
,,, 0.00002438000,-4.48000,-0.00400
,,, 0.00002439000,-4.56000,-0.00200
,,, 0.00002440000,-4.48000,-0.00400
,,, 0.00002441000,-4.48000,-0.00200
,,, 0.00002442000,-4.56000,0.00200
,,, 0.00002443000,-4.48000,-0.00400
,,, 0.00002444000,-4.48000,-0.00600
,,, 0.00002445000,-4.56000,-0.01000
,,, 0.00002446000,-4.48000,-0.01200
,,, 0.00002447000,-4.48000,-0.01800
,,, 0.00002448000,-4.48000,-0.01600
,,, 0.00002449000,-4.56000,-0.01200
,,, 0.00002450000,-4.48000,-0.01200
,,, 0.00002451000,-4.48000,-0.00800
,,, 0.00002452000,-4.48000,-0.00200
,,, 0.00002453000,-4.48000,0.00200
,,, 0.00002454000,-4.56000,-0.00600
,,, 0.00002455000,-4.56000,0.00800
,,, 0.00002456000,-4.56000,-0.00600
,,, 0.00002457000,-4.48000,-0.00400
,,, 0.00002458000,-4.48000,-0.01000
,,, 0.00002459000,-4.48000,-0.01200
,,, 0.00002460000,-4.48000,-0.01600
,,, 0.00002461000,-4.56000,-0.01200
,,, 0.00002462000,-4.56000,-0.01000
,,, 0.00002463000,-4.56000,-0.00800
,,, 0.00002464000,-4.56000,-0.00400
,,, 0.00002465000,-4.56000,0.00200
,,, 0.00002466000,-4.56000,0.00
,,, 0.00002467000,-4.56000,0.00
,,, 0.00002468000,-4.56000,0.00400
,,, 0.00002469000,-4.56000,0.00400
,,, 0.00002470000,-4.56000,0.00400
,,, 0.00002471000,-4.56000,0.00600
,,, 0.00002472000,-4.56000,0.00400
,,, 0.00002473000,-4.56000,0.00400
,,, 0.00002474000,-4.56000,0.00600
,,, 0.00002475000,-4.64000,0.01000
,,, 0.00002476000,-4.56000,0.00800
,,, 0.00002477000,-4.56000,0.00600
,,, 0.00002478000,-4.56000,0.00800
,,, 0.00002479000,-4.64000,0.01000
,,, 0.00002480000,-4.56000,0.01200
,,, 0.00002481000,-4.56000,0.01200
,,, 0.00002482000,-4.56000,0.01600
,,, 0.00002483000,-4.56000,0.01600
,,, 0.00002484000,-4.56000,0.02200
,,, 0.00002485000,-4.64000,0.02400
,,, 0.00002486000,-4.56000,0.02400
,,, 0.00002487000,-4.64000,0.02400
,,, 0.00002488000,-4.64000,0.02600
,,, 0.00002489000,-4.64000,0.02200
,,, 0.00002490000,-4.64000,0.02000
,,, 0.00002491000,-4.72000,0.01400
,,, 0.00002492000,-4.72000,0.01400
,,, 0.00002493000,-4.72000,0.01200
,,, 0.00002494000,-4.72000,0.01200
,,, 0.00002495000,-4.64000,0.01400
,,, 0.00002496000,-4.72000,0.01600
,,, 0.00002497000,-4.72000,0.02200
,,, 0.00002498000,-4.72000,0.02400
,,, 0.00002499000,-4.64000,0.02600
,,, 0.00002500000,-4.64000,0.02600
,,, 0.00002501000,-4.72000,0.02400
,,, 0.00002502000,-4.72000,0.02400
,,, 0.00002503000,-4.72000,0.02000
,,, 0.00002504000,-4.72000,0.02000
,,, 0.00002505000,-4.72000,0.01600
,,, 0.00002506000,-4.72000,0.01600
,,, 0.00002507000,-4.64000,0.01400
,,, 0.00002508000,-4.72000,0.01600
,,, 0.00002509000,-4.72000,0.01400
,,, 0.00002510000,-4.72000,0.01400
,,, 0.00002511000,-4.64000,0.01200
,,, 0.00002512000,-4.72000,0.01200
,,, 0.00002513000,-4.72000,0.01200
,,, 0.00002514000,-4.72000,0.00800
,,, 0.00002515000,-4.72000,0.00800
,,, 0.00002516000,-4.72000,0.00800
,,, 0.00002517000,-4.72000,0.00800
,,, 0.00002518000,-4.72000,0.00800
,,, 0.00002519000,-4.80000,0.00600
,,, 0.00002520000,-4.72000,0.00800
,,, 0.00002521000,-4.80000,0.00400
,,, 0.00002522000,-4.72000,0.00200
,,, 0.00002523000,-4.80000,-0.00200
,,, 0.00002524000,-4.72000,-0.00600
,,, 0.00002525000,-4.72000,-0.00800
,,, 0.00002526000,-4.72000,-0.01000
,,, 0.00002527000,-4.72000,-0.01200
,,, 0.00002528000,-4.72000,-0.01000
,,, 0.00002529000,-4.72000,-0.00800
,,, 0.00002530000,-4.80000,-0.00400
,,, 0.00002531000,-4.80000,0.00
,,, 0.00002532000,-4.80000,0.00400
,,, 0.00002533000,-4.80000,0.00400
,,, 0.00002534000,-4.80000,0.00400
,,, 0.00002535000,-4.72000,0.00200
,,, 0.00002536000,-4.72000,-0.00200
,,, 0.00002537000,-4.80000,-0.00400
,,, 0.00002538000,-4.80000,-0.01000
,,, 0.00002539000,-4.72000,-0.01400
,,, 0.00002540000,-4.72000,-0.01200
,,, 0.00002541000,-4.72000,-0.01600
,,, 0.00002542000,-4.80000,-0.01400
,,, 0.00002543000,-4.80000,-0.01200
,,, 0.00002544000,-4.72000,-0.00800
,,, 0.00002545000,-4.80000,-0.01000
,,, 0.00002546000,-4.80000,-0.00800
,,, 0.00002547000,-4.72000,-0.00800
,,, 0.00002548000,-4.80000,-0.00800
,,, 0.00002549000,-4.80000,-0.00800
,,, 0.00002550000,-4.80000,-0.00800
,,, 0.00002551000,-4.80000,-0.00800
,,, 0.00002552000,-4.80000,-0.00800
,,, 0.00002553000,-4.80000,-0.00600
,,, 0.00002554000,-4.80000,-0.00400
,,, 0.00002555000,-4.80000,-0.00800
,,, 0.00002556000,-4.80000,-0.00400
,,, 0.00002557000,-4.80000,-0.00800
,,, 0.00002558000,-4.80000,-0.00800
,,, 0.00002559000,-4.80000,-0.00600
,,, 0.00002560000,-4.88000,-0.00200
,,, 0.00002561000,-4.80000,-0.00200
,,, 0.00002562000,-4.80000,0.00400
,,, 0.00002563000,-4.88000,0.00800
,,, 0.00002564000,-4.80000,0.01200
,,, 0.00002565000,-4.80000,0.01600
,,, 0.00002566000,-4.80000,0.01800
,,, 0.00002567000,-4.80000,0.01800
,,, 0.00002568000,-4.72000,0.01800
,,, 0.00002569000,-4.80000,0.01400
,,, 0.00002570000,-4.80000,0.01400
,,, 0.00002571000,-4.80000,0.00800
,,, 0.00002572000,-4.80000,0.00800
,,, 0.00002573000,-4.80000,0.00800
,,, 0.00002574000,-4.80000,0.01000
,,, 0.00002575000,-4.80000,0.00800
,,, 0.00002576000,-4.80000,0.01400
,,, 0.00002577000,-4.80000,0.01400
,,, 0.00002578000,-4.88000,0.01800
,,, 0.00002579000,-4.88000,0.01800
,,, 0.00002580000,-4.80000,0.02000
,,, 0.00002581000,-4.88000,0.02400
,,, 0.00002582000,-4.80000,0.02600
,,, 0.00002583000,-4.88000,0.02600
,,, 0.00002584000,-4.80000,0.02800
,,, 0.00002585000,-4.80000,0.02400
,,, 0.00002586000,-4.80000,0.02400
,,, 0.00002587000,-4.80000,0.02200
,,, 0.00002588000,-4.80000,0.02400
,,, 0.00002589000,-4.88000,0.02200
,,, 0.00002590000,-4.80000,0.02200
,,, 0.00002591000,-4.88000,0.02400
,,, 0.00002592000,-4.80000,0.02600
,,, 0.00002593000,-4.80000,0.02600
,,, 0.00002594000,-4.80000,0.02800
,,, 0.00002595000,-4.80000,0.03200
,,, 0.00002596000,-4.80000,0.03000
,,, 0.00002597000,-4.88000,0.03000
,,, 0.00002598000,-4.88000,0.03200
,,, 0.00002599000,-4.80000,0.02800
,,, 0.00002600000,-4.80000,0.02600
,,, 0.00002601000,-4.80000,0.02400
,,, 0.00002602000,-4.88000,0.02200
,,, 0.00002603000,-4.80000,0.01600
,,, 0.00002604000,-4.80000,0.01600
,,, 0.00002605000,-4.80000,0.01400
,,, 0.00002606000,-4.80000,0.01600
,,, 0.00002607000,-4.80000,0.01600
,,, 0.00002608000,-4.88000,0.02000
,,, 0.00002609000,-4.88000,0.02000
,,, 0.00002610000,-4.80000,0.02200
,,, 0.00002611000,-4.88000,0.02000
,,, 0.00002612000,-4.80000,0.02200
,,, 0.00002613000,-4.80000,0.02000
,,, 0.00002614000,-4.80000,0.01800
,,, 0.00002615000,-4.80000,0.01400
,,, 0.00002616000,-4.80000,0.01200
,,, 0.00002617000,-4.80000,0.00800
,,, 0.00002618000,-4.88000,0.00800
,,, 0.00002619000,-4.88000,0.00800
,,, 0.00002620000,-4.88000,0.00800
,,, 0.00002621000,-4.88000,0.00600
,,, 0.00002622000,-4.88000,0.00600
,,, 0.00002623000,-4.88000,0.00600
,,, 0.00002624000,-4.88000,0.00200
,,, 0.00002625000,-4.88000,0.00
,,, 0.00002626000,-4.88000,0.00
,,, 0.00002627000,-4.88000,-0.00200
,,, 0.00002628000,-4.80000,-0.00200
,,, 0.00002629000,-4.88000,-0.00400
,,, 0.00002630000,-4.80000,-0.00200
,,, 0.00002631000,-4.80000,-0.00400
,,, 0.00002632000,-4.88000,-0.00200
,,, 0.00002633000,-4.88000,-0.00400
,,, 0.00002634000,-4.88000,-0.00400
,,, 0.00002635000,-4.88000,-0.00800
,,, 0.00002636000,-4.88000,-0.01000
,,, 0.00002637000,-4.88000,-0.01200
,,, 0.00002638000,-4.88000,-0.01200
,,, 0.00002639000,-4.88000,-0.01200
,,, 0.00002640000,-4.88000,-0.01000
,,, 0.00002641000,-4.88000,-0.00800
,,, 0.00002642000,-4.88000,-0.00400
,,, 0.00002643000,-4.96000,-0.00200
,,, 0.00002644000,-4.88000,0.00
,,, 0.00002645000,-4.88000,0.00
,,, 0.00002646000,-4.88000,0.00
,,, 0.00002647000,-4.88000,-0.00200
,,, 0.00002648000,-4.88000,-0.00400
,,, 0.00002649000,-4.88000,-0.00800
,,, 0.00002650000,-4.88000,-0.00800
,,, 0.00002651000,-4.80000,-0.00800
,,, 0.00002652000,-4.88000,-0.00800
,,, 0.00002653000,-4.88000,-0.00800
,,, 0.00002654000,-4.88000,-0.00400
,,, 0.00002655000,-4.88000,-0.00400
,,, 0.00002656000,-4.88000,0.00
,,, 0.00002657000,-4.88000,0.00
,,, 0.00002658000,-4.88000,0.00200
,,, 0.00002659000,-4.88000,0.00200
,,, 0.00002660000,-4.80000,0.00
,,, 0.00002661000,-4.88000,0.00
,,, 0.00002662000,-4.88000,0.00400
,,, 0.00002663000,-4.80000,0.00
,,, 0.00002664000,-4.88000,0.00200
,,, 0.00002665000,-4.88000,0.00400
,,, 0.00002666000,-4.88000,0.00400
,,, 0.00002667000,-4.88000,0.00400
,,, 0.00002668000,-4.80000,0.00200
,,, 0.00002669000,-4.88000,0.00400
,,, 0.00002670000,-4.88000,0.00600
,,, 0.00002671000,-4.88000,0.00400
,,, 0.00002672000,-4.80000,0.01000
,,, 0.00002673000,-4.80000,0.01200
,,, 0.00002674000,-4.80000,0.01600
,,, 0.00002675000,-4.88000,0.02200
,,, 0.00002676000,-4.88000,0.02400
,,, 0.00002677000,-4.88000,0.02400
,,, 0.00002678000,-4.88000,0.02600
,,, 0.00002679000,-4.80000,0.02200
,,, 0.00002680000,-4.80000,0.02200
,,, 0.00002681000,-4.88000,0.01600
,,, 0.00002682000,-4.88000,0.01200
,,, 0.00002683000,-4.88000,0.01000
,,, 0.00002684000,-4.88000,0.00800
,,, 0.00002685000,-4.80000,0.00800
,,, 0.00002686000,-4.80000,0.01200
,,, 0.00002687000,-4.88000,0.01600
,,, 0.00002688000,-4.88000,0.02000
,,, 0.00002689000,-4.88000,0.02200
,,, 0.00002690000,-4.88000,0.02400
,,, 0.00002691000,-4.88000,0.02200
,,, 0.00002692000,-4.88000,0.02200
,,, 0.00002693000,-4.88000,0.01800
,,, 0.00002694000,-4.88000,0.01800
,,, 0.00002695000,-4.80000,0.01600
,,, 0.00002696000,-4.88000,0.01400
,,, 0.00002697000,-4.88000,0.01400
,,, 0.00002698000,-4.80000,0.01400
,,, 0.00002699000,-4.88000,0.01400
,,, 0.00002700000,-4.80000,0.01600
,,, 0.00002701000,-4.80000,0.01600
,,, 0.00002702000,-4.88000,0.02000
,,, 0.00002703000,-4.88000,0.02000
,,, 0.00002704000,-4.80000,0.02000
,,, 0.00002705000,-4.80000,0.01800
,,, 0.00002706000,-4.88000,0.02000
,,, 0.00002707000,-4.80000,0.01600
,,, 0.00002708000,-4.88000,0.01800
,,, 0.00002709000,-4.88000,0.01600
,,, 0.00002710000,-4.80000,0.01600
,,, 0.00002711000,-4.80000,0.01600
,,, 0.00002712000,-4.80000,0.01400
,,, 0.00002713000,-4.88000,0.01200
,,, 0.00002714000,-4.80000,0.00800
,,, 0.00002715000,-4.80000,0.00400
,,, 0.00002716000,-4.88000,0.00
,,, 0.00002717000,-4.80000,-0.00200
,,, 0.00002718000,-4.80000,-0.00400
,,, 0.00002719000,-4.80000,-0.00400
,,, 0.00002720000,-4.80000,0.00
,,, 0.00002721000,-4.80000,0.00200
,,, 0.00002722000,-4.88000,0.00600
,,, 0.00002723000,-4.88000,0.00600
,,, 0.00002724000,-4.80000,0.00800
,,, 0.00002725000,-4.88000,0.00600
,,, 0.00002726000,-4.80000,0.00400
,,, 0.00002727000,-4.88000,-0.00200
,,, 0.00002728000,-4.80000,-0.00400
,,, 0.00002729000,-4.80000,-0.00800
,,, 0.00002730000,-4.80000,-0.00800
,,, 0.00002731000,-4.72000,-0.00600
,,, 0.00002732000,-4.80000,-0.00400
,,, 0.00002733000,-4.80000,-0.00200
,,, 0.00002734000,-4.88000,0.00200
,,, 0.00002735000,-4.88000,0.00400
,,, 0.00002736000,-4.80000,0.00400
,,, 0.00002737000,-4.80000,0.00400
,,, 0.00002738000,-4.80000,0.00
,,, 0.00002739000,-4.80000,0.00
,,, 0.00002740000,-4.80000,0.00
,,, 0.00002741000,-4.80000,-0.00400
,,, 0.00002742000,-4.80000,-0.00200
,,, 0.00002743000,-4.80000,-0.00200
,,, 0.00002744000,-4.80000,0.00
,,, 0.00002745000,-4.80000,-0.00200
,,, 0.00002746000,-4.80000,-0.00200
,,, 0.00002747000,-4.88000,-0.00400
,,, 0.00002748000,-4.80000,-0.00800
,,, 0.00002749000,-4.80000,-0.00800
,,, 0.00002750000,-4.88000,-0.00800
,,, 0.00002751000,-4.80000,-0.01000
,,, 0.00002752000,-4.80000,-0.00400
,,, 0.00002753000,-4.80000,-0.00200
,,, 0.00002754000,-4.80000,0.00400
,,, 0.00002755000,-4.80000,0.00800
,,, 0.00002756000,-4.80000,0.01200
,,, 0.00002757000,-4.80000,0.01200
,,, 0.00002758000,-4.80000,0.01200
,,, 0.00002759000,-4.80000,0.00800
,,, 0.00002760000,-4.80000,0.00800
,,, 0.00002761000,-4.80000,0.00200
,,, 0.00002762000,-4.80000,-0.00200
,,, 0.00002763000,-4.88000,0.00200
,,, 0.00002764000,-4.80000,-0.00200
,,, 0.00002765000,-4.80000,0.00800
,,, 0.00002766000,-4.72000,0.00600
,,, 0.00002767000,-4.72000,0.01600
,,, 0.00002768000,-4.72000,0.02000
,,, 0.00002769000,-4.72000,0.02200
,,, 0.00002770000,-4.72000,0.02600
,,, 0.00002771000,-4.80000,0.02400
,,, 0.00002772000,-4.80000,0.02400
,,, 0.00002773000,-4.80000,0.02000
,,, 0.00002774000,-4.80000,0.01600
,,, 0.00002775000,-4.80000,0.01400
,,, 0.00002776000,-4.80000,0.01000
,,, 0.00002777000,-4.80000,0.01000
,,, 0.00002778000,-4.72000,0.01200
,,, 0.00002779000,-4.72000,0.01400
,,, 0.00002780000,-4.80000,0.02000
,,, 0.00002781000,-4.80000,0.02000
,,, 0.00002782000,-4.80000,0.02200
,,, 0.00002783000,-4.72000,0.02400
,,, 0.00002784000,-4.80000,0.02400
,,, 0.00002785000,-4.72000,0.02600
,,, 0.00002786000,-4.80000,0.02600
,,, 0.00002787000,-4.80000,0.02800
,,, 0.00002788000,-4.72000,0.03000
,,, 0.00002789000,-4.80000,0.03000
,,, 0.00002790000,-4.72000,0.03000
,,, 0.00002791000,-4.80000,0.03000
,,, 0.00002792000,-4.72000,0.02800
,,, 0.00002793000,-4.80000,0.02400
,,, 0.00002794000,-4.80000,0.02400
,,, 0.00002795000,-4.80000,0.02000
,,, 0.00002796000,-4.72000,0.02000
,,, 0.00002797000,-4.72000,0.02000
,,, 0.00002798000,-4.80000,0.02000
,,, 0.00002799000,-4.80000,0.02200
,,, 0.00002800000,-4.80000,0.02400
,,, 0.00002801000,-4.72000,0.02400
,,, 0.00002802000,-4.72000,0.02800
,,, 0.00002803000,-4.72000,0.02600
,,, 0.00002804000,-4.72000,0.02400
,,, 0.00002805000,-4.72000,0.02200
,,, 0.00002806000,-4.72000,0.01600
,,, 0.00002807000,-4.80000,0.01400
,,, 0.00002808000,-4.72000,0.01000
,,, 0.00002809000,-4.72000,0.00600
,,, 0.00002810000,-4.72000,0.00600
,,, 0.00002811000,-4.72000,0.00400
,,, 0.00002812000,-4.72000,0.00400
,,, 0.00002813000,-4.64000,0.00800
,,, 0.00002814000,-4.72000,0.01000
,,, 0.00002815000,-4.72000,0.01200
,,, 0.00002816000,-4.72000,0.01400
,,, 0.00002817000,-4.64000,0.01400
,,, 0.00002818000,-4.72000,0.01400
,,, 0.00002819000,-4.72000,0.01200
,,, 0.00002820000,-4.72000,0.01000
,,, 0.00002821000,-4.72000,0.00800
,,, 0.00002822000,-4.72000,0.01000
,,, 0.00002823000,-4.64000,0.00600
,,, 0.00002824000,-4.72000,0.00600
,,, 0.00002825000,-4.72000,0.00400
,,, 0.00002826000,-4.72000,0.00200
,,, 0.00002827000,-4.64000,0.00
,,, 0.00002828000,-4.64000,-0.00400
,,, 0.00002829000,-4.64000,-0.00600
,,, 0.00002830000,-4.64000,-0.00800
,,, 0.00002831000,-4.64000,-0.01000
,,, 0.00002832000,-4.56000,-0.00800
,,, 0.00002833000,-4.64000,-0.00600
,,, 0.00002834000,-4.64000,-0.00400
,,, 0.00002835000,-4.72000,0.00
,,, 0.00002836000,-4.64000,0.00
,,, 0.00002837000,-4.64000,-0.00200
,,, 0.00002838000,-4.64000,-0.00200
,,, 0.00002839000,-4.64000,-0.00600
,,, 0.00002840000,-4.64000,-0.01000
,,, 0.00002841000,-4.56000,-0.01200
,,, 0.00002842000,-4.72000,-0.01600
,,, 0.00002843000,-4.64000,-0.01600
,,, 0.00002844000,-4.64000,-0.01600
,,, 0.00002845000,-4.64000,-0.01400
,,, 0.00002846000,-4.64000,-0.00800
,,, 0.00002847000,-4.56000,-0.00400
,,, 0.00002848000,-4.64000,-0.00200
,,, 0.00002849000,-4.64000,0.00400
,,, 0.00002850000,-4.56000,0.00600
,,, 0.00002851000,-4.56000,0.00600
,,, 0.00002852000,-4.64000,0.00600
,,, 0.00002853000,-4.56000,0.00400
,,, 0.00002854000,-4.56000,0.00400
,,, 0.00002855000,-4.56000,0.00400
,,, 0.00002856000,-4.56000,0.00400
,,, 0.00002857000,-4.56000,0.00
,,, 0.00002858000,-4.56000,0.00
,,, 0.00002859000,-4.56000,0.00
,,, 0.00002860000,-4.56000,0.00200
,,, 0.00002861000,-4.56000,0.00
,,, 0.00002862000,-4.56000,0.00
,,, 0.00002863000,-4.56000,0.00400
,,, 0.00002864000,-4.56000,0.00400
,,, 0.00002865000,-4.56000,0.00400
,,, 0.00002866000,-4.56000,0.00600
,,, 0.00002867000,-4.56000,0.00600
,,, 0.00002868000,-4.56000,0.00800
,,, 0.00002869000,-4.56000,0.00800
,,, 0.00002870000,-4.56000,0.00800
,,, 0.00002871000,-4.56000,0.01000
,,, 0.00002872000,-4.56000,0.01200
,,, 0.00002873000,-4.56000,0.00800
,,, 0.00002874000,-4.56000,0.01000
,,, 0.00002875000,-4.56000,0.01200
,,, 0.00002876000,-4.56000,0.01400
,,, 0.00002877000,-4.56000,0.01600
,,, 0.00002878000,-4.56000,0.02000
,,, 0.00002879000,-4.48000,0.02200
,,, 0.00002880000,-4.56000,0.02600
,,, 0.00002881000,-4.48000,0.02800
,,, 0.00002882000,-4.48000,0.03200
,,, 0.00002883000,-4.48000,0.03000
,,, 0.00002884000,-4.48000,0.02800
,,, 0.00002885000,-4.48000,0.02600
,,, 0.00002886000,-4.48000,0.02400
,,, 0.00002887000,-4.48000,0.02000
,,, 0.00002888000,-4.48000,0.02000
,,, 0.00002889000,-4.48000,0.02000
,,, 0.00002890000,-4.48000,0.02000
,,, 0.00002891000,-4.48000,0.02000
,,, 0.00002892000,-4.48000,0.02000
,,, 0.00002893000,-4.48000,0.02200
,,, 0.00002894000,-4.48000,0.02200
,,, 0.00002895000,-4.48000,0.02000
,,, 0.00002896000,-4.48000,0.02000
,,, 0.00002897000,-4.48000,0.01800
,,, 0.00002898000,-4.48000,0.01600
,,, 0.00002899000,-4.48000,0.01400
,,, 0.00002900000,-4.48000,0.01200
,,, 0.00002901000,-4.48000,0.01400
,,, 0.00002902000,-4.48000,0.01400
,,, 0.00002903000,-4.48000,0.01200
,,, 0.00002904000,-4.48000,0.01400
,,, 0.00002905000,-4.48000,0.01200
,,, 0.00002906000,-4.48000,0.01400
,,, 0.00002907000,-4.40000,0.01200
,,, 0.00002908000,-4.40000,0.01400
,,, 0.00002909000,-4.48000,0.01400
,,, 0.00002910000,-4.40000,0.01600
,,, 0.00002911000,-4.32000,0.01600
,,, 0.00002912000,-4.40000,0.01600
,,, 0.00002913000,-4.40000,0.01800
,,, 0.00002914000,-4.32000,0.01800
,,, 0.00002915000,-4.32000,0.01400
,,, 0.00002916000,-4.40000,0.01200
,,, 0.00002917000,-4.40000,0.00800
,,, 0.00002918000,-4.32000,0.00400
,,, 0.00002919000,-4.32000,-0.00200
,,, 0.00002920000,-4.32000,-0.00400
,,, 0.00002921000,-4.32000,-0.00800
,,, 0.00002922000,-4.40000,-0.00800
,,, 0.00002923000,-4.32000,-0.01000
,,, 0.00002924000,-4.40000,-0.00800
,,, 0.00002925000,-4.32000,-0.00800
,,, 0.00002926000,-4.32000,-0.00400
,,, 0.00002927000,-4.32000,-0.00400
,,, 0.00002928000,-4.32000,-0.00400
,,, 0.00002929000,-4.32000,-0.00400
,,, 0.00002930000,-4.32000,-0.00200
,,, 0.00002931000,-4.32000,-0.00400
,,, 0.00002932000,-4.32000,-0.00600
,,, 0.00002933000,-4.32000,-0.00800
,,, 0.00002934000,-4.32000,-0.00800
,,, 0.00002935000,-4.32000,-0.00800
,,, 0.00002936000,-4.32000,-0.00800
,,, 0.00002937000,-4.32000,-0.00800
,,, 0.00002938000,-4.32000,-0.00600
,,, 0.00002939000,-4.32000,-0.00800
,,, 0.00002940000,-4.32000,-0.00600
,,, 0.00002941000,-4.32000,-0.00800
,,, 0.00002942000,-4.32000,-0.00400
,,, 0.00002943000,-4.24000,-0.00400
,,, 0.00002944000,-4.32000,-0.00200
,,, 0.00002945000,-4.32000,0.00
,,, 0.00002946000,-4.24000,0.00400
,,, 0.00002947000,-4.24000,0.00200
,,, 0.00002948000,-4.32000,0.00
,,, 0.00002949000,-4.24000,0.00
,,, 0.00002950000,-4.24000,-0.00400
,,, 0.00002951000,-4.24000,-0.00800
,,, 0.00002952000,-4.24000,-0.01000
,,, 0.00002953000,-4.24000,-0.01200
,,, 0.00002954000,-4.24000,-0.01000
,,, 0.00002955000,-4.24000,-0.00800
,,, 0.00002956000,-4.32000,-0.00200
,,, 0.00002957000,-4.24000,0.00200
,,, 0.00002958000,-4.24000,0.00600
,,, 0.00002959000,-4.24000,0.01000
,,, 0.00002960000,-4.24000,0.01400
,,, 0.00002961000,-4.16000,0.01400
,,, 0.00002962000,-4.24000,0.01600
,,, 0.00002963000,-4.24000,0.01200
,,, 0.00002964000,-4.24000,0.01400
,,, 0.00002965000,-4.16000,0.01200
,,, 0.00002966000,-4.16000,0.01200
,,, 0.00002967000,-4.16000,0.01200
,,, 0.00002968000,-4.16000,0.01600
,,, 0.00002969000,-4.16000,0.01600
,,, 0.00002970000,-4.16000,0.02000
,,, 0.00002971000,-4.16000,0.02000
,,, 0.00002972000,-4.16000,0.02200
,,, 0.00002973000,-4.16000,0.02200
,,, 0.00002974000,-4.16000,0.02200
,,, 0.00002975000,-4.16000,0.02400
,,, 0.00002976000,-4.16000,0.02600
,,, 0.00002977000,-4.16000,0.02200
,,, 0.00002978000,-4.16000,0.02600
,,, 0.00002979000,-4.16000,0.01600
,,, 0.00002980000,-4.16000,0.03000
,,, 0.00002981000,-4.16000,0.01800
,,, 0.00002982000,-4.16000,0.02200
,,, 0.00002983000,-4.16000,0.01800
,,, 0.00002984000,-4.08000,0.01800
,,, 0.00002985000,-4.16000,0.01400
,,, 0.00002986000,-4.16000,0.01400
,,, 0.00002987000,-4.08000,0.01600
,,, 0.00002988000,-4.16000,0.01800
,,, 0.00002989000,-4.08000,0.02000
,,, 0.00002990000,-4.08000,0.02000
,,, 0.00002991000,-4.08000,0.02400
,,, 0.00002992000,-4.16000,0.02400
,,, 0.00002993000,-4.08000,0.03000
,,, 0.00002994000,-4.08000,0.02800
,,, 0.00002995000,-4.16000,0.02800
,,, 0.00002996000,-4.08000,0.02400
,,, 0.00002997000,-4.08000,0.02000
,,, 0.00002998000,-4.08000,0.01800
,,, 0.00002999000,-4.08000,0.01400
,,, 0.00003000000,-4.08000,0.01200
,,, 0.00003001000,-4.08000,0.01200
,,, 0.00003002000,-4.00000,0.01400
,,, 0.00003003000,-4.00000,0.01400
,,, 0.00003004000,-4.00000,0.01600
,,, 0.00003005000,-4.00000,0.01600
,,, 0.00003006000,-4.00000,0.01600
,,, 0.00003007000,-4.08000,0.01400
,,, 0.00003008000,-4.00000,0.01200
,,, 0.00003009000,-4.00000,0.00800
,,, 0.00003010000,-4.00000,0.00600
,,, 0.00003011000,-4.00000,0.00200
,,, 0.00003012000,-4.00000,0.00200
,,, 0.00003013000,-4.00000,0.00
,,, 0.00003014000,-4.00000,0.00
,,, 0.00003015000,-4.00000,-0.00400
,,, 0.00003016000,-4.00000,-0.00400
,,, 0.00003017000,-4.00000,-0.00400
,,, 0.00003018000,-4.00000,-0.00400
,,, 0.00003019000,-3.92000,-0.00800
,,, 0.00003020000,-3.92000,-0.00600
,,, 0.00003021000,-3.92000,-0.00600
,,, 0.00003022000,-3.92000,-0.00400
,,, 0.00003023000,-4.00000,-0.00200
,,, 0.00003024000,-3.92000,0.00
,,, 0.00003025000,-3.92000,0.00200
,,, 0.00003026000,-3.92000,0.00400
,,, 0.00003027000,-3.92000,0.00
,,, 0.00003028000,-3.92000,-0.00200
,,, 0.00003029000,-3.92000,-0.00600
,,, 0.00003030000,-3.92000,-0.01000
,,, 0.00003031000,-3.92000,-0.01600
,,, 0.00003032000,-3.84000,-0.02000
,,, 0.00003033000,-3.84000,-0.02200
,,, 0.00003034000,-3.92000,-0.02000
,,, 0.00003035000,-3.84000,-0.02000
,,, 0.00003036000,-3.84000,-0.01600
,,, 0.00003037000,-3.84000,-0.01200
,,, 0.00003038000,-3.84000,-0.01000
,,, 0.00003039000,-3.84000,-0.00800
,,, 0.00003040000,-3.84000,-0.00800
,,, 0.00003041000,-3.92000,-0.01000
,,, 0.00003042000,-3.92000,-0.01200
,,, 0.00003043000,-3.84000,-0.01600
,,, 0.00003044000,-3.92000,-0.01800
,,, 0.00003045000,-3.84000,-0.01800
,,, 0.00003046000,-3.84000,-0.01800
,,, 0.00003047000,-3.84000,-0.01800
,,, 0.00003048000,-3.68000,-0.01600
,,, 0.00003049000,-3.76000,-0.01200
,,, 0.00003050000,-3.84000,-0.00800
,,, 0.00003051000,-3.84000,-0.00600
,,, 0.00003052000,-3.76000,-0.00400
,,, 0.00003053000,-3.84000,-0.00200
,,, 0.00003054000,-3.84000,0.00
,,, 0.00003055000,-3.84000,0.00
,,, 0.00003056000,-3.68000,0.00200
,,, 0.00003057000,-3.76000,0.00400
,,, 0.00003058000,-3.68000,0.00600
,,, 0.00003059000,-3.76000,0.00600
,,, 0.00003060000,-3.76000,0.00800
,,, 0.00003061000,-3.68000,0.00800
,,, 0.00003062000,-3.68000,0.00600
,,, 0.00003063000,-3.68000,0.00200
,,, 0.00003064000,-3.68000,0.00
,,, 0.00003065000,-3.68000,-0.00400
,,, 0.00003066000,-3.68000,-0.00400
,,, 0.00003067000,-3.68000,-0.00400
,,, 0.00003068000,-3.68000,-0.00200
,,, 0.00003069000,-3.68000,0.00
,,, 0.00003070000,-3.68000,0.00800
,,, 0.00003071000,-3.68000,0.01200
,,, 0.00003072000,-3.68000,0.01600
,,, 0.00003073000,-3.68000,0.01600
,,, 0.00003074000,-3.68000,0.01800
,,, 0.00003075000,-3.68000,0.01600
,,, 0.00003076000,-3.68000,0.01400
,,, 0.00003077000,-3.68000,0.01000
,,, 0.00003078000,-3.68000,0.00800
,,, 0.00003079000,-3.60000,0.00600
,,, 0.00003080000,-3.60000,0.00800
,,, 0.00003081000,-3.68000,0.01000
,,, 0.00003082000,-3.60000,0.01200
,,, 0.00003083000,-3.60000,0.01400
,,, 0.00003084000,-3.60000,0.02000
,,, 0.00003085000,-3.60000,0.02200
,,, 0.00003086000,-3.60000,0.02600
,,, 0.00003087000,-3.60000,0.02600
,,, 0.00003088000,-3.60000,0.02400
,,, 0.00003089000,-3.60000,0.02400
,,, 0.00003090000,-3.60000,0.02000
,,, 0.00003091000,-3.60000,0.02000
,,, 0.00003092000,-3.60000,0.01600
,,, 0.00003093000,-3.60000,0.01400
,,, 0.00003094000,-3.60000,0.01400
,,, 0.00003095000,-3.60000,0.01200
,,, 0.00003096000,-3.60000,0.01000
,,, 0.00003097000,-3.52000,0.01000
,,, 0.00003098000,-3.52000,0.00800
,,, 0.00003099000,-3.60000,0.00600
,,, 0.00003100000,-3.52000,0.00600
,,, 0.00003101000,-3.52000,0.00400
,,, 0.00003102000,-3.52000,0.00400
,,, 0.00003103000,-3.52000,0.00400
,,, 0.00003104000,-3.52000,0.00600
,,, 0.00003105000,-3.52000,0.00800
,,, 0.00003106000,-3.52000,0.01000
,,, 0.00003107000,-3.52000,0.00800
,,, 0.00003108000,-3.52000,0.00800
,,, 0.00003109000,-3.52000,0.00400
,,, 0.00003110000,-3.52000,0.00
,,, 0.00003111000,-3.52000,-0.00200
,,, 0.00003112000,-3.52000,-0.00600
,,, 0.00003113000,-3.52000,-0.00800
,,, 0.00003114000,-3.36000,-0.00600
,,, 0.00003115000,-3.36000,-0.00400
,,, 0.00003116000,-3.36000,-0.00200
,,, 0.00003117000,-3.52000,0.00
,,, 0.00003118000,-3.36000,0.00400
,,, 0.00003119000,-3.36000,0.00400
,,, 0.00003120000,-3.52000,0.00400
,,, 0.00003121000,-3.28000,0.00
,,, 0.00003122000,-3.28000,-0.00200
,,, 0.00003123000,-3.36000,-0.00600
,,, 0.00003124000,-3.36000,-0.00800
,,, 0.00003125000,-3.28000,-0.01000
,,, 0.00003126000,-3.28000,-0.01000
,,, 0.00003127000,-3.28000,-0.01000
,,, 0.00003128000,-3.36000,-0.00800
,,, 0.00003129000,-3.28000,-0.00800
,,, 0.00003130000,-3.28000,-0.00800
,,, 0.00003131000,-3.36000,-0.01000
,,, 0.00003132000,-3.28000,-0.01200
,,, 0.00003133000,-3.28000,-0.01200
,,, 0.00003134000,-3.36000,-0.01200
,,, 0.00003135000,-3.28000,-0.01400
,,, 0.00003136000,-3.28000,-0.01000
,,, 0.00003137000,-3.28000,-0.01000
,,, 0.00003138000,-3.28000,-0.00800
,,, 0.00003139000,-3.20000,-0.00600
,,, 0.00003140000,-3.20000,-0.00400
,,, 0.00003141000,-3.28000,-0.00600
,,, 0.00003142000,-3.20000,-0.00600
,,, 0.00003143000,-3.28000,-0.00800
,,, 0.00003144000,-3.20000,-0.00800
,,, 0.00003145000,-3.20000,-0.01200
,,, 0.00003146000,-3.20000,-0.01000
,,, 0.00003147000,-3.20000,-0.00800
,,, 0.00003148000,-3.20000,-0.00600
,,, 0.00003149000,-3.20000,-0.00400
,,, 0.00003150000,-3.20000,0.00
,,, 0.00003151000,-3.20000,0.00200
,,, 0.00003152000,-3.12000,0.00600
,,, 0.00003153000,-3.12000,0.00600
,,, 0.00003154000,-3.12000,0.00600
,,, 0.00003155000,-3.12000,0.00400
,,, 0.00003156000,-3.12000,0.00
,,, 0.00003157000,-3.12000,-0.00200
,,, 0.00003158000,-3.12000,-0.00200
,,, 0.00003159000,-3.12000,-0.00400
,,, 0.00003160000,-3.12000,-0.00200
,,, 0.00003161000,-3.12000,0.00
,,, 0.00003162000,-3.12000,0.00400
,,, 0.00003163000,-3.12000,0.00600
,,, 0.00003164000,-3.12000,0.01200
,,, 0.00003165000,-3.12000,0.01200
,,, 0.00003166000,-3.12000,0.01600
,,, 0.00003167000,-3.12000,0.01600
,,, 0.00003168000,-3.12000,0.01400
,,, 0.00003169000,-3.12000,0.01400
,,, 0.00003170000,-3.04000,0.01600
,,, 0.00003171000,-2.96000,0.01400
,,, 0.00003172000,-2.96000,0.01400
,,, 0.00003173000,-2.96000,0.01400
,,, 0.00003174000,-2.96000,0.01400
,,, 0.00003175000,-2.96000,0.01400
,,, 0.00003176000,-2.96000,0.01400
,,, 0.00003177000,-2.96000,0.01600
,,, 0.00003178000,-3.04000,0.01600
,,, 0.00003179000,-3.04000,0.01600
,,, 0.00003180000,-2.96000,0.01800
,,, 0.00003181000,-2.96000,0.01800
,,, 0.00003182000,-2.96000,0.02000
,,, 0.00003183000,-2.96000,0.02000
,,, 0.00003184000,-2.96000,0.02000
,,, 0.00003185000,-2.96000,0.02000
,,, 0.00003186000,-2.96000,0.02000
,,, 0.00003187000,-2.96000,0.01600
,,, 0.00003188000,-2.96000,0.01200
,,, 0.00003189000,-2.96000,0.00800
,,, 0.00003190000,-2.96000,0.00800
,,, 0.00003191000,-2.96000,0.00400
,,, 0.00003192000,-2.96000,0.00600
,,, 0.00003193000,-2.96000,0.00600
,,, 0.00003194000,-2.88000,0.00800
,,, 0.00003195000,-2.96000,0.01000
,,, 0.00003196000,-2.88000,0.01200
,,, 0.00003197000,-2.88000,0.01600
,,, 0.00003198000,-2.88000,0.01600
,,, 0.00003199000,-2.88000,0.01400
,,, 0.00003200000,-2.80000,0.01400
,,, 0.00003201000,-2.80000,0.01200
,,, 0.00003202000,-2.88000,0.01000
,,, 0.00003203000,-2.80000,0.00400
,,, 0.00003204000,-2.80000,0.00400
,,, 0.00003205000,-2.80000,0.00200
,,, 0.00003206000,-2.80000,-0.00400
,,, 0.00003207000,-2.80000,-0.00200
,,, 0.00003208000,-2.80000,0.00
,,, 0.00003209000,-2.80000,-0.00200
,,, 0.00003210000,-2.72000,-0.00400
,,, 0.00003211000,-2.80000,0.00
,,, 0.00003212000,-2.80000,-0.00200
,,, 0.00003213000,-2.72000,-0.00600
,,, 0.00003214000,-2.80000,-0.00400
,,, 0.00003215000,-2.72000,-0.00600
,,, 0.00003216000,-2.72000,-0.01000
,,, 0.00003217000,-2.80000,-0.01000
,,, 0.00003218000,-2.72000,-0.00800
,,, 0.00003219000,-2.80000,-0.01000
,,, 0.00003220000,-2.72000,-0.01600
,,, 0.00003221000,-2.72000,-0.01600
,,, 0.00003222000,-2.72000,-0.01600
,,, 0.00003223000,-2.64000,-0.02000
,,, 0.00003224000,-2.72000,-0.01800
,,, 0.00003225000,-2.72000,-0.02000
,,, 0.00003226000,-2.72000,-0.01800
,,, 0.00003227000,-2.72000,-0.01600
,,, 0.00003228000,-2.72000,-0.01200
,,, 0.00003229000,-2.64000,-0.01400
,,, 0.00003230000,-2.72000,-0.00800
,,, 0.00003231000,-2.64000,-0.00800
,,, 0.00003232000,-2.64000,-0.00800
,,, 0.00003233000,-2.64000,-0.01600
,,, 0.00003234000,-2.56000,-0.01200
,,, 0.00003235000,-2.64000,-0.01600
,,, 0.00003236000,-2.64000,-0.01800
,,, 0.00003237000,-2.56000,-0.02000
,,, 0.00003238000,-2.64000,-0.01800
,,, 0.00003239000,-2.56000,-0.02000
,,, 0.00003240000,-2.56000,-0.01800
,,, 0.00003241000,-2.56000,-0.01600
,,, 0.00003242000,-2.56000,-0.01600
,,, 0.00003243000,-2.64000,-0.01800
,,, 0.00003244000,-2.56000,-0.01400
,,, 0.00003245000,-2.56000,-0.01000
,,, 0.00003246000,-2.56000,-0.00800
,,, 0.00003247000,-2.56000,-0.00800
,,, 0.00003248000,-2.56000,-0.00600
,,, 0.00003249000,-2.48000,-0.00400
,,, 0.00003250000,-2.48000,-0.00200
,,, 0.00003251000,-2.56000,-0.00200
,,, 0.00003252000,-2.48000,-0.00400
,,, 0.00003253000,-2.48000,-0.00800
,,, 0.00003254000,-2.48000,-0.00800
,,, 0.00003255000,-2.48000,-0.00800
,,, 0.00003256000,-2.48000,-0.00800
,,, 0.00003257000,-2.48000,-0.00400
,,, 0.00003258000,-2.48000,0.00
,,, 0.00003259000,-2.48000,0.00200
,,, 0.00003260000,-2.48000,0.00800
,,, 0.00003261000,-2.48000,0.01200
,,, 0.00003262000,-2.40000,0.01400
,,, 0.00003263000,-2.40000,0.01400
,,, 0.00003264000,-2.48000,0.01400
,,, 0.00003265000,-2.32000,0.01200
,,, 0.00003266000,-2.40000,0.00800
,,, 0.00003267000,-2.32000,0.00800
,,, 0.00003268000,-2.32000,0.00400
,,, 0.00003269000,-2.32000,0.00200
,,, 0.00003270000,-2.32000,0.00200
,,, 0.00003271000,-2.32000,0.00400
,,, 0.00003272000,-2.32000,0.00600
,,, 0.00003273000,-2.32000,0.01000
,,, 0.00003274000,-2.32000,0.01600
,,, 0.00003275000,-2.32000,0.01800
,,, 0.00003276000,-2.32000,0.02000
,,, 0.00003277000,-2.32000,0.02200
,,, 0.00003278000,-2.32000,0.02200
,,, 0.00003279000,-2.32000,0.02000
,,, 0.00003280000,-2.32000,0.01800
,,, 0.00003281000,-2.24000,0.01400
,,, 0.00003282000,-2.32000,0.01400
,,, 0.00003283000,-2.24000,0.01200
,,, 0.00003284000,-2.24000,0.01400
,,, 0.00003285000,-2.24000,0.01200
,,, 0.00003286000,-2.24000,0.01200
,,, 0.00003287000,-2.24000,0.01400
,,, 0.00003288000,-2.24000,0.01400
,,, 0.00003289000,-2.24000,0.01200
,,, 0.00003290000,-2.24000,0.01200
,,, 0.00003291000,-2.24000,0.01200
,,, 0.00003292000,-2.16000,0.01200
,,, 0.00003293000,-2.16000,0.01200
,,, 0.00003294000,-2.24000,0.01200
,,, 0.00003295000,-2.16000,0.01200
,,, 0.00003296000,-2.16000,0.01400
,,, 0.00003297000,-2.16000,0.01000
,,, 0.00003298000,-2.16000,0.00800
,,, 0.00003299000,-2.16000,0.00400
,,, 0.00003300000,-2.16000,0.00
,,, 0.00003301000,-2.16000,-0.00200
,,, 0.00003302000,-2.16000,-0.00400
,,, 0.00003303000,-2.08000,-0.00600
,,, 0.00003304000,-2.16000,-0.00400
,,, 0.00003305000,-2.08000,-0.00400
,,, 0.00003306000,-2.08000,0.00
,,, 0.00003307000,-2.08000,0.00400
,,, 0.00003308000,-2.08000,0.00400
,,, 0.00003309000,-2.08000,0.00600
,,, 0.00003310000,-2.08000,0.00600
,,, 0.00003311000,-2.00000,0.00400
,,, 0.00003312000,-2.08000,0.00
,,, 0.00003313000,-2.00000,-0.00400
,,, 0.00003314000,-2.00000,-0.00800
,,, 0.00003315000,-2.00000,-0.01200
,,, 0.00003316000,-2.00000,-0.01400
,,, 0.00003317000,-2.00000,-0.01600
,,, 0.00003318000,-2.00000,-0.01600
,,, 0.00003319000,-2.00000,-0.01600
,,, 0.00003320000,-2.00000,-0.01600
,,, 0.00003321000,-1.92000,-0.01200
,,, 0.00003322000,-1.92000,-0.01200
,,, 0.00003323000,-2.00000,-0.01200
,,, 0.00003324000,-1.92000,-0.01200
,,, 0.00003325000,-2.00000,-0.01200
,,, 0.00003326000,-1.92000,-0.01000
,,, 0.00003327000,-1.92000,-0.01000
,,, 0.00003328000,-1.92000,-0.01000
,,, 0.00003329000,-1.92000,-0.00800
,,, 0.00003330000,-1.92000,-0.00800
,,, 0.00003331000,-1.92000,-0.01000
,,, 0.00003332000,-1.92000,-0.01200
,,, 0.00003333000,-1.84000,-0.01600
,,, 0.00003334000,-1.92000,-0.01800
,,, 0.00003335000,-1.92000,-0.01800
,,, 0.00003336000,-1.92000,-0.02000
,,, 0.00003337000,-1.92000,-0.01800
,,, 0.00003338000,-1.84000,-0.01400
,,, 0.00003339000,-1.84000,-0.01000
,,, 0.00003340000,-1.84000,-0.00400
,,, 0.00003341000,-1.84000,0.00
,,, 0.00003342000,-1.84000,0.00400
,,, 0.00003343000,-1.84000,0.00600
,,, 0.00003344000,-1.76000,0.00600
,,, 0.00003345000,-1.84000,0.00200
,,, 0.00003346000,-1.84000,-0.00200
,,, 0.00003347000,-1.76000,-0.00600
,,, 0.00003348000,-1.76000,-0.00800
,,, 0.00003349000,-1.68000,-0.01200
,,, 0.00003350000,-1.68000,-0.01000
,,, 0.00003351000,-1.76000,-0.00800
,,, 0.00003352000,-1.68000,-0.00400
,,, 0.00003353000,-1.68000,0.00
,,, 0.00003354000,-1.68000,0.00400
,,, 0.00003355000,-1.76000,0.00600
,,, 0.00003356000,-1.68000,0.00800
,,, 0.00003357000,-1.68000,0.00800
,,, 0.00003358000,-1.68000,0.00800
,,, 0.00003359000,-1.68000,0.01000
,,, 0.00003360000,-1.68000,0.01000
,,, 0.00003361000,-1.68000,0.00800
,,, 0.00003362000,-1.68000,0.01200
,,, 0.00003363000,-1.60000,0.01200
,,, 0.00003364000,-1.60000,0.01200
,,, 0.00003365000,-1.60000,0.01200
,,, 0.00003366000,-1.60000,0.01400
,,, 0.00003367000,-1.60000,0.01400
,,, 0.00003368000,-1.60000,0.01400
,,, 0.00003369000,-1.60000,0.01200
,,, 0.00003370000,-1.60000,0.01400
,,, 0.00003371000,-1.60000,0.01600
,,, 0.00003372000,-1.60000,0.01600
,,, 0.00003373000,-1.60000,0.01800
,,, 0.00003374000,-1.52000,0.02000
,,, 0.00003375000,-1.60000,0.02000
,,, 0.00003376000,-1.52000,0.02200
,,, 0.00003377000,-1.52000,0.02000
,,, 0.00003378000,-1.52000,0.02000
,,, 0.00003379000,-1.52000,0.01800
,,, 0.00003380000,-1.52000,0.01200
,,, 0.00003381000,-1.52000,0.00800
,,, 0.00003382000,-1.52000,0.00600
,,, 0.00003383000,-1.52000,0.00400
,,, 0.00003384000,-1.52000,0.00400
,,, 0.00003385000,-1.52000,0.00800
,,, 0.00003386000,-1.44000,0.01200
,,, 0.00003387000,-1.44000,0.01400
,,, 0.00003388000,-1.44000,0.01600
,,, 0.00003389000,-1.44000,0.01600
,,, 0.00003390000,-1.44000,0.01400
,,, 0.00003391000,-1.44000,0.01200
,,, 0.00003392000,-1.44000,0.00800
,,, 0.00003393000,-1.44000,0.00400
,,, 0.00003394000,-1.36000,0.00200
,,, 0.00003395000,-1.44000,0.00
,,, 0.00003396000,-1.44000,0.00200
,,, 0.00003397000,-1.44000,0.00200
,,, 0.00003398000,-1.44000,0.00600
,,, 0.00003399000,-1.36000,0.00600
,,, 0.00003400000,-1.44000,0.00800
,,, 0.00003401000,-1.36000,0.00800
,,, 0.00003402000,-1.36000,0.00400
,,, 0.00003403000,-1.36000,0.00
,,, 0.00003404000,-1.36000,-0.00200
,,, 0.00003405000,-1.28000,-0.00800
,,, 0.00003406000,-1.36000,-0.00800
,,, 0.00003407000,-1.36000,-0.01000
,,, 0.00003408000,-1.28000,-0.01000
,,, 0.00003409000,-1.28000,-0.00800
,,, 0.00003410000,-1.28000,-0.00800
,,, 0.00003411000,-1.28000,-0.01000
,,, 0.00003412000,-1.28000,-0.01200
,,, 0.00003413000,-1.28000,-0.01800
,,, 0.00003414000,-1.28000,-0.01800
,,, 0.00003415000,-1.28000,-0.02000
,,, 0.00003416000,-1.20000,-0.02200
,,, 0.00003417000,-1.28000,-0.02000
,,, 0.00003418000,-1.28000,-0.01800
,,, 0.00003419000,-1.28000,-0.01600
,,, 0.00003420000,-1.20000,-0.01200
,,, 0.00003421000,-1.20000,-0.00800
,,, 0.00003422000,-1.20000,-0.00800
,,, 0.00003423000,-1.28000,-0.00800
,,, 0.00003424000,-1.20000,-0.00800
,,, 0.00003425000,-1.12000,-0.01200
,,, 0.00003426000,-1.20000,-0.01400
,,, 0.00003427000,-1.20000,-0.01800
,,, 0.00003428000,-1.20000,-0.02000
,,, 0.00003429000,-1.12000,-0.02000
,,, 0.00003430000,-1.04000,-0.02000
,,, 0.00003431000,-1.12000,-0.01800
,,, 0.00003432000,-1.04000,-0.01600
,,, 0.00003433000,-1.04000,-0.01200
,,, 0.00003434000,-1.04000,-0.01000
,,, 0.00003435000,-1.04000,-0.00800
,,, 0.00003436000,-1.04000,-0.00800
,,, 0.00003437000,-1.04000,-0.01000
,,, 0.00003438000,-1.04000,-0.01200
,,, 0.00003439000,-1.04000,-0.01400
,,, 0.00003440000,-1.04000,-0.01600
,,, 0.00003441000,-1.04000,-0.01600
,,, 0.00003442000,-1.04000,-0.01600
,,, 0.00003443000,-1.04000,-0.01400
,,, 0.00003444000,-0.96000,-0.01400
,,, 0.00003445000,-0.96000,-0.01200
,,, 0.00003446000,-0.96000,-0.00800
,,, 0.00003447000,-0.96000,-0.00800
,,, 0.00003448000,-1.04000,-0.00400
,,, 0.00003449000,-0.96000,-0.00400
,,, 0.00003450000,-0.96000,0.00
,,, 0.00003451000,-0.96000,0.00200
,,, 0.00003452000,-0.96000,0.00400
,,, 0.00003453000,-0.96000,0.00600
,,, 0.00003454000,-0.96000,0.00800
,,, 0.00003455000,-0.88000,0.00800
,,, 0.00003456000,-0.88000,0.00800
,,, 0.00003457000,-0.88000,0.00600
,,, 0.00003458000,-0.88000,0.00400
,,, 0.00003459000,-0.88000,0.00400
,,, 0.00003460000,-0.88000,0.00
,,, 0.00003461000,-0.88000,0.00
,,, 0.00003462000,-0.88000,0.00
,,, 0.00003463000,-0.88000,0.00200
,,, 0.00003464000,-0.88000,0.00600
,,, 0.00003465000,-0.80000,0.00800
,,, 0.00003466000,-0.80000,0.01200
,,, 0.00003467000,-0.88000,0.01200
,,, 0.00003468000,-0.88000,0.01400
,,, 0.00003469000,-0.80000,0.01400
,,, 0.00003470000,-0.80000,0.01400
,,, 0.00003471000,-0.80000,0.01200
,,, 0.00003472000,-0.80000,0.00800
,,, 0.00003473000,-0.80000,0.00600
,,, 0.00003474000,-0.80000,0.00600
,,, 0.00003475000,-0.80000,0.00600
,,, 0.00003476000,-0.72000,0.00800
,,, 0.00003477000,-0.80000,0.00800
,,, 0.00003478000,-0.80000,0.01000
,,, 0.00003479000,-0.72000,0.01200
,,, 0.00003480000,-0.72000,0.01600
,,, 0.00003481000,-0.72000,0.01600
,,, 0.00003482000,-0.72000,0.01800
,,, 0.00003483000,-0.64000,0.01800
,,, 0.00003484000,-0.72000,0.01800
,,, 0.00003485000,-0.64000,0.01400
,,, 0.00003486000,-0.72000,0.01400
,,, 0.00003487000,-0.64000,0.01200
,,, 0.00003488000,-0.64000,0.01200
,,, 0.00003489000,-0.64000,0.01200
,,, 0.00003490000,-0.64000,0.01000
,,, 0.00003491000,-0.64000,0.00800
,,, 0.00003492000,-0.64000,0.00600
,,, 0.00003493000,-0.64000,0.00400
,,, 0.00003494000,-0.64000,0.00200
,,, 0.00003495000,-0.64000,0.00
,,, 0.00003496000,-0.56000,0.00
,,, 0.00003497000,-0.64000,0.00
,,, 0.00003498000,-0.56000,0.00200
,,, 0.00003499000,-0.56000,0.00400
,,, 0.00003500000,-0.56000,0.00400
,,, 0.00003501000,-0.56000,0.00400
,,, 0.00003502000,-0.56000,0.00200
,,, 0.00003503000,-0.56000,-0.00200
,,, 0.00003504000,-0.56000,-0.00400
,,, 0.00003505000,-0.56000,-0.00800
,,, 0.00003506000,-0.56000,-0.01000
,,, 0.00003507000,-0.56000,-0.01400
,,, 0.00003508000,-0.56000,-0.01200
,,, 0.00003509000,-0.48000,-0.01000
,,, 0.00003510000,-0.48000,-0.00800
,,, 0.00003511000,-0.56000,-0.00600
,,, 0.00003512000,-0.48000,-0.00200
,,, 0.00003513000,-0.40000,0.00
,,, 0.00003514000,-0.40000,0.00200
,,, 0.00003515000,-0.40000,0.00200
,,, 0.00003516000,-0.40000,0.00
,,, 0.00003517000,-0.40000,-0.00200
,,, 0.00003518000,-0.40000,-0.00400
,,, 0.00003519000,-0.40000,-0.00600
,,, 0.00003520000,-0.40000,-0.00800
,,, 0.00003521000,-0.40000,-0.01200
,,, 0.00003522000,-0.40000,-0.01000
,,, 0.00003523000,-0.40000,-0.01200
,,, 0.00003524000,-0.32000,-0.01600
,,, 0.00003525000,-0.32000,-0.01400
,,, 0.00003526000,-0.32000,-0.01600
,,, 0.00003527000,-0.32000,-0.01600
,,, 0.00003528000,-0.32000,-0.01600
,,, 0.00003529000,-0.32000,-0.01600
,,, 0.00003530000,-0.32000,-0.01400
,,, 0.00003531000,-0.32000,-0.01200
,,, 0.00003532000,-0.32000,-0.01000
,,, 0.00003533000,-0.32000,-0.01000
,,, 0.00003534000,-0.24000,-0.00800
,,, 0.00003535000,-0.32000,-0.00800
,,, 0.00003536000,-0.24000,-0.00800
,,, 0.00003537000,-0.24000,-0.01000
,,, 0.00003538000,-0.24000,-0.01000
,,, 0.00003539000,-0.24000,-0.01000
,,, 0.00003540000,-0.24000,-0.01000
,,, 0.00003541000,-0.24000,-0.01000
,,, 0.00003542000,-0.24000,-0.00800
,,, 0.00003543000,-0.24000,-0.00400
,,, 0.00003544000,-0.24000,-0.00200
,,, 0.00003545000,-0.16000,0.00200
,,, 0.00003546000,-0.16000,0.00400
,,, 0.00003547000,-0.16000,0.00800
,,, 0.00003548000,-0.16000,0.00800
,,, 0.00003549000,-0.16000,0.00800
,,, 0.00003550000,-0.16000,0.00800
,,, 0.00003551000,-0.08000,0.00600
,,, 0.00003552000,-0.08000,0.00400
,,, 0.00003553000,-0.16000,0.00
,,, 0.00003554000,-0.08000,0.00
,,, 0.00003555000,-0.08000,-0.00200
,,, 0.00003556000,-0.08000,-0.00200
,,, 0.00003557000,-0.08000,-0.00200
,,, 0.00003558000,-0.08000,0.00
,,, 0.00003559000,0.00,0.00
,,, 0.00003560000,-0.08000,0.00400
,,, 0.00003561000,-0.08000,0.00800
,,, 0.00003562000,-0.08000,0.00800
,,, 0.00003563000,0.00,0.00800
,,, 0.00003564000,0.00,0.01200
,,, 0.00003565000,0.00,0.01200
,,, 0.00003566000,0.00,0.01400
,,, 0.00003567000,0.00,0.01400
,,, 0.00003568000,0.00,0.01400
,,, 0.00003569000,0.00,0.01200
,,, 0.00003570000,0.00,0.01200
,,, 0.00003571000,0.00,0.01000
,,, 0.00003572000,0.08000,0.01000
,,, 0.00003573000,0.00,0.00800
,,, 0.00003574000,0.08000,0.01200
,,, 0.00003575000,0.08000,0.01400
,,, 0.00003576000,0.08000,0.01600
,,, 0.00003577000,0.08000,0.02000
,,, 0.00003578000,0.08000,0.02200
,,, 0.00003579000,0.08000,0.02000
,,, 0.00003580000,0.08000,0.02200
,,, 0.00003581000,0.08000,0.01800
,,, 0.00003582000,0.08000,0.01400
,,, 0.00003583000,0.08000,0.01000
,,, 0.00003584000,0.08000,0.00400
,,, 0.00003585000,0.08000,0.00
,,, 0.00003586000,0.08000,-0.00200
,,, 0.00003587000,0.24000,-0.00400
,,, 0.00003588000,0.24000,-0.00400
,,, 0.00003589000,0.24000,-0.00400
,,, 0.00003590000,0.24000,-0.00200
,,, 0.00003591000,0.24000,0.00
,,, 0.00003592000,0.24000,0.00200
,,, 0.00003593000,0.24000,0.00400
,,, 0.00003594000,0.24000,0.00400
,,, 0.00003595000,0.24000,0.00400
,,, 0.00003596000,0.24000,0.00400
,,, 0.00003597000,0.24000,0.00200
,,, 0.00003598000,0.24000,0.00200
,,, 0.00003599000,0.24000,0.00200
,,, 0.00003600000,0.32000,0.00400
,,, 0.00003601000,0.24000,0.00
,,, 0.00003602000,0.24000,0.00
,,, 0.00003603000,0.24000,-0.00400
,,, 0.00003604000,0.32000,-0.00600
,,, 0.00003605000,0.32000,-0.00800
,,, 0.00003606000,0.32000,-0.01000
,,, 0.00003607000,0.32000,-0.01200
,,, 0.00003608000,0.32000,-0.01200
,,, 0.00003609000,0.32000,-0.01000
,,, 0.00003610000,0.32000,-0.00800
,,, 0.00003611000,0.40000,-0.00800
,,, 0.00003612000,0.32000,-0.00600
,,, 0.00003613000,0.40000,-0.00800
,,, 0.00003614000,0.40000,-0.01000
,,, 0.00003615000,0.40000,-0.01600
,,, 0.00003616000,0.40000,-0.01800
,,, 0.00003617000,0.40000,-0.02400
,,, 0.00003618000,0.40000,-0.02800
,,, 0.00003619000,0.40000,-0.02800
,,, 0.00003620000,0.40000,-0.03000
,,, 0.00003621000,0.40000,-0.02800
,,, 0.00003622000,0.40000,-0.02400
,,, 0.00003623000,0.40000,-0.02000
,,, 0.00003624000,0.40000,-0.01600
,,, 0.00003625000,0.40000,-0.01200
,,, 0.00003626000,0.48000,-0.01200
,,, 0.00003627000,0.48000,-0.01200
,,, 0.00003628000,0.48000,-0.01000
,,, 0.00003629000,0.48000,-0.01600
,,, 0.00003630000,0.48000,-0.01200
,,, 0.00003631000,0.48000,-0.01200
,,, 0.00003632000,0.48000,-0.01000
,,, 0.00003633000,0.48000,-0.01000
,,, 0.00003634000,0.56000,-0.01000
,,, 0.00003635000,0.56000,-0.01000
,,, 0.00003636000,0.56000,-0.01000
,,, 0.00003637000,0.56000,-0.01400
,,, 0.00003638000,0.56000,-0.01600
,,, 0.00003639000,0.64000,-0.01600
,,, 0.00003640000,0.64000,-0.01600
,,, 0.00003641000,0.64000,-0.01800
,,, 0.00003642000,0.64000,-0.01600
,,, 0.00003643000,0.64000,-0.01200
,,, 0.00003644000,0.64000,-0.01000
,,, 0.00003645000,0.64000,-0.00800
,,, 0.00003646000,0.64000,-0.00400
,,, 0.00003647000,0.64000,-0.00400
,,, 0.00003648000,0.64000,-0.00400
,,, 0.00003649000,0.64000,-0.00600
,,, 0.00003650000,0.64000,-0.00800
,,, 0.00003651000,0.64000,-0.00800
,,, 0.00003652000,0.64000,-0.00800
,,, 0.00003653000,0.72000,-0.01000
,,, 0.00003654000,0.72000,-0.00600
,,, 0.00003655000,0.72000,-0.00200
,,, 0.00003656000,0.72000,0.00400
,,, 0.00003657000,0.72000,0.01000
,,, 0.00003658000,0.80000,0.01400
,,, 0.00003659000,0.72000,0.01600
,,, 0.00003660000,0.72000,0.02000
,,, 0.00003661000,0.80000,0.01600
,,, 0.00003662000,0.80000,0.01400
,,, 0.00003663000,0.80000,0.01200
,,, 0.00003664000,0.88000,0.00800
,,, 0.00003665000,0.88000,0.00400
,,, 0.00003666000,0.80000,0.00400
,,, 0.00003667000,0.88000,0.00400
,,, 0.00003668000,0.88000,0.00600
,,, 0.00003669000,0.88000,0.00800
,,, 0.00003670000,0.88000,0.01000
,,, 0.00003671000,0.88000,0.01200
,,, 0.00003672000,0.88000,0.01400
,,, 0.00003673000,0.88000,0.01200
,,, 0.00003674000,0.88000,0.01200
,,, 0.00003675000,0.88000,0.01000
,,, 0.00003676000,0.96000,0.00800
,,, 0.00003677000,0.96000,0.00800
,,, 0.00003678000,0.96000,0.00800
,,, 0.00003679000,0.96000,0.00800
,,, 0.00003680000,0.96000,0.00800
,,, 0.00003681000,0.96000,0.00800
,,, 0.00003682000,0.96000,0.00800
,,, 0.00003683000,0.88000,0.00800
,,, 0.00003684000,0.96000,0.00600
,,, 0.00003685000,0.96000,0.00400
,,, 0.00003686000,0.96000,0.00600
,,, 0.00003687000,1.04000,0.00600
,,, 0.00003688000,1.04000,0.01000
,,, 0.00003689000,1.04000,0.01000
,,, 0.00003690000,1.04000,0.01400
,,, 0.00003691000,0.96000,0.01400
,,, 0.00003692000,1.04000,0.01400
,,, 0.00003693000,1.04000,0.01200
,,, 0.00003694000,1.04000,0.00800
,,, 0.00003695000,1.04000,0.00200
,,, 0.00003696000,1.04000,0.00
,,, 0.00003697000,1.04000,-0.00400
,,, 0.00003698000,1.04000,-0.00800
,,, 0.00003699000,1.12000,-0.01000
,,, 0.00003700000,1.12000,-0.01000
,,, 0.00003701000,1.12000,-0.01000
,,, 0.00003702000,1.12000,-0.00600
,,, 0.00003703000,1.04000,-0.00800
,,, 0.00003704000,1.12000,-0.00400
,,, 0.00003705000,1.04000,-0.00400
,,, 0.00003706000,1.12000,-0.00800
,,, 0.00003707000,1.20000,-0.01000
,,, 0.00003708000,1.20000,-0.01400
,,, 0.00003709000,1.12000,-0.01600
,,, 0.00003710000,1.12000,-0.01800
,,, 0.00003711000,1.12000,-0.02000
,,, 0.00003712000,1.20000,-0.01800
,,, 0.00003713000,1.20000,-0.01600
,,, 0.00003714000,1.20000,-0.01400
,,, 0.00003715000,1.20000,-0.01200
,,, 0.00003716000,1.20000,-0.01000
,,, 0.00003717000,1.28000,-0.01200
,,, 0.00003718000,1.20000,-0.01200
,,, 0.00003719000,1.20000,-0.01400
,,, 0.00003720000,1.28000,-0.01600
,,, 0.00003721000,1.20000,-0.01600
,,, 0.00003722000,1.28000,-0.01200
,,, 0.00003723000,1.28000,-0.01200
,,, 0.00003724000,1.28000,-0.01000
,,, 0.00003725000,1.28000,-0.01000
,,, 0.00003726000,1.28000,-0.00800
,,, 0.00003727000,1.28000,-0.01200
,,, 0.00003728000,1.28000,-0.01400
,,, 0.00003729000,1.28000,-0.01800
,,, 0.00003730000,1.28000,-0.02000
,,, 0.00003731000,1.36000,-0.02400
,,, 0.00003732000,1.28000,-0.02200
,,, 0.00003733000,1.36000,-0.02400
,,, 0.00003734000,1.36000,-0.02000
,,, 0.00003735000,1.36000,-0.01800
,,, 0.00003736000,1.36000,-0.01200
,,, 0.00003737000,1.36000,-0.01000
,,, 0.00003738000,1.36000,-0.00400
,,, 0.00003739000,1.36000,-0.00200
,,, 0.00003740000,1.36000,-0.00200
,,, 0.00003741000,1.36000,-0.00400
,,, 0.00003742000,1.36000,-0.00600
,,, 0.00003743000,1.44000,-0.00800
,,, 0.00003744000,1.44000,-0.00800
,,, 0.00003745000,1.44000,-0.01000
,,, 0.00003746000,1.44000,-0.00600
,,, 0.00003747000,1.52000,-0.00400
,,, 0.00003748000,1.52000,0.00
,,, 0.00003749000,1.52000,0.00400
,,, 0.00003750000,1.52000,0.00600
,,, 0.00003751000,1.52000,0.00800
,,, 0.00003752000,1.52000,0.01200
,,, 0.00003753000,1.52000,0.00800
,,, 0.00003754000,1.52000,0.01200
,,, 0.00003755000,1.52000,0.00800
,,, 0.00003756000,1.52000,0.00600
,,, 0.00003757000,1.52000,0.00400
,,, 0.00003758000,1.52000,0.00400
,,, 0.00003759000,1.60000,0.00200
,,, 0.00003760000,1.60000,0.00
,,, 0.00003761000,1.52000,0.00
,,, 0.00003762000,1.60000,0.00
,,, 0.00003763000,1.60000,0.00
,,, 0.00003764000,1.60000,0.00
,,, 0.00003765000,1.60000,0.00400
,,, 0.00003766000,1.60000,0.00400
,,, 0.00003767000,1.60000,0.00400
,,, 0.00003768000,1.60000,0.00800
,,, 0.00003769000,1.60000,0.01000
,,, 0.00003770000,1.60000,0.01400
,,, 0.00003771000,1.60000,0.01800
,,, 0.00003772000,1.60000,0.01800
,,, 0.00003773000,1.68000,0.01800
,,, 0.00003774000,1.68000,0.01600
,,, 0.00003775000,1.68000,0.01000
,,, 0.00003776000,1.68000,0.00600
,,, 0.00003777000,1.68000,0.00400
,,, 0.00003778000,1.68000,0.00
,,, 0.00003779000,1.68000,0.00
,,, 0.00003780000,1.76000,0.00200
,,, 0.00003781000,1.76000,0.00600
,,, 0.00003782000,1.76000,0.01200
,,, 0.00003783000,1.76000,0.01000
,,, 0.00003784000,1.76000,0.01400
,,, 0.00003785000,1.76000,0.01200
,,, 0.00003786000,1.76000,0.01000
,,, 0.00003787000,1.76000,0.00600
,,, 0.00003788000,1.76000,0.00200
,,, 0.00003789000,1.68000,-0.00400
,,, 0.00003790000,1.76000,-0.00600
,,, 0.00003791000,1.84000,-0.00800
,,, 0.00003792000,1.84000,-0.00800
,,, 0.00003793000,1.76000,-0.00800
,,, 0.00003794000,1.84000,-0.00800
,,, 0.00003795000,1.84000,-0.00800
,,, 0.00003796000,1.84000,-0.00800
,,, 0.00003797000,1.84000,-0.00800
,,, 0.00003798000,1.84000,-0.00800
,,, 0.00003799000,1.84000,-0.01000
,,, 0.00003800000,1.84000,-0.00800
,,, 0.00003801000,1.92000,-0.00800
,,, 0.00003802000,1.84000,-0.00800
,,, 0.00003803000,1.92000,-0.00800
,,, 0.00003804000,1.92000,-0.00800
,,, 0.00003805000,1.92000,-0.01000
,,, 0.00003806000,1.92000,-0.01000
,,, 0.00003807000,1.92000,-0.01400
,,, 0.00003808000,1.92000,-0.01600
,,, 0.00003809000,1.92000,-0.01800
,,, 0.00003810000,2.00000,-0.02000
,,, 0.00003811000,1.92000,-0.02400
,,, 0.00003812000,2.00000,-0.02400
,,, 0.00003813000,2.00000,-0.02400
,,, 0.00003814000,2.00000,-0.02000
,,, 0.00003815000,2.00000,-0.01800
,,, 0.00003816000,2.00000,-0.01800
,,, 0.00003817000,2.00000,-0.01600
,,, 0.00003818000,2.00000,-0.01200
,,, 0.00003819000,2.00000,-0.01600
,,, 0.00003820000,2.08000,-0.01600
,,, 0.00003821000,2.00000,-0.01800
,,, 0.00003822000,2.00000,-0.02000
,,, 0.00003823000,2.08000,-0.02400
,,, 0.00003824000,2.08000,-0.02400
,,, 0.00003825000,2.00000,-0.02600
,,, 0.00003826000,2.08000,-0.02400
,,, 0.00003827000,2.00000,-0.02400
,,, 0.00003828000,2.08000,-0.02200
,,, 0.00003829000,2.16000,-0.01800
,,, 0.00003830000,2.00000,-0.01600
,,, 0.00003831000,2.16000,-0.01200
,,, 0.00003832000,2.16000,-0.01200
,,, 0.00003833000,2.16000,-0.00800
,,, 0.00003834000,2.16000,-0.00600
,,, 0.00003835000,2.16000,-0.00800
,,, 0.00003836000,2.16000,-0.00800
,,, 0.00003837000,2.16000,-0.00600
,,, 0.00003838000,2.16000,-0.00800
,,, 0.00003839000,2.16000,-0.01000
,,, 0.00003840000,2.16000,-0.00800
,,, 0.00003841000,2.16000,-0.01000
,,, 0.00003842000,2.16000,-0.01200
,,, 0.00003843000,2.24000,-0.01000
,,, 0.00003844000,2.24000,-0.01000
,,, 0.00003845000,2.24000,-0.00800
,,, 0.00003846000,2.24000,-0.00400
,,, 0.00003847000,2.24000,-0.00200
,,, 0.00003848000,2.24000,0.00400
,,, 0.00003849000,2.16000,0.00600
,,, 0.00003850000,2.24000,0.01000
,,, 0.00003851000,2.24000,0.00800
,,, 0.00003852000,2.24000,0.00800
,,, 0.00003853000,2.32000,0.00400
,,, 0.00003854000,2.32000,0.00200
,,, 0.00003855000,2.32000,0.00
,,, 0.00003856000,2.24000,0.00
,,, 0.00003857000,2.32000,0.00
,,, 0.00003858000,2.32000,0.00
,,, 0.00003859000,2.32000,0.00400
,,, 0.00003860000,2.32000,0.00800
,,, 0.00003861000,2.32000,0.01200
,,, 0.00003862000,2.40000,0.01600
,,, 0.00003863000,2.32000,0.01800
,,, 0.00003864000,2.32000,0.02000
,,, 0.00003865000,2.40000,0.02000
,,, 0.00003866000,2.32000,0.02000
,,, 0.00003867000,2.40000,0.01600
,,, 0.00003868000,2.40000,0.01400
,,, 0.00003869000,2.48000,0.01200
,,, 0.00003870000,2.48000,0.01000
,,, 0.00003871000,2.48000,0.00800
,,, 0.00003872000,2.40000,0.00800
,,, 0.00003873000,2.40000,0.00800
,,, 0.00003874000,2.40000,0.00800
,,, 0.00003875000,2.40000,0.00800
,,, 0.00003876000,2.40000,0.00800
,,, 0.00003877000,2.48000,0.00800
,,, 0.00003878000,2.48000,0.00800
,,, 0.00003879000,2.48000,0.00800
,,, 0.00003880000,2.48000,0.01000
,,, 0.00003881000,2.48000,0.01000
,,, 0.00003882000,2.56000,0.01200
,,, 0.00003883000,2.56000,0.01000
,,, 0.00003884000,2.56000,0.01000
,,, 0.00003885000,2.48000,0.00800
,,, 0.00003886000,2.48000,0.00600
,,, 0.00003887000,2.56000,0.00400
,,, 0.00003888000,2.56000,0.00
,,, 0.00003889000,2.56000,-0.00200
,,, 0.00003890000,2.56000,-0.00200
,,, 0.00003891000,2.56000,-0.00400
,,, 0.00003892000,2.56000,-0.00200
,,, 0.00003893000,2.56000,0.00
,,, 0.00003894000,2.64000,0.00
,,, 0.00003895000,2.56000,0.00200
,,, 0.00003896000,2.56000,0.00400
,,, 0.00003897000,2.56000,0.00200
,,, 0.00003898000,2.56000,0.00
,,, 0.00003899000,2.56000,-0.00200
,,, 0.00003900000,2.64000,-0.00400
,,, 0.00003901000,2.64000,-0.00800
,,, 0.00003902000,2.64000,-0.01000
,,, 0.00003903000,2.56000,-0.01200
,,, 0.00003904000,2.56000,-0.01200
,,, 0.00003905000,2.64000,-0.01600
,,, 0.00003906000,2.64000,-0.01400
,,, 0.00003907000,2.64000,-0.01600
,,, 0.00003908000,2.64000,-0.01600
,,, 0.00003909000,2.64000,-0.01800
,,, 0.00003910000,2.72000,-0.01600
,,, 0.00003911000,2.64000,-0.01600
,,, 0.00003912000,2.64000,-0.01400
,,, 0.00003913000,2.72000,-0.01400
,,, 0.00003914000,2.64000,-0.01000
,,, 0.00003915000,2.80000,-0.01200
,,, 0.00003916000,2.80000,-0.01000
,,, 0.00003917000,2.80000,-0.01200
,,, 0.00003918000,2.72000,-0.01400
,,, 0.00003919000,2.80000,-0.01600
,,, 0.00003920000,2.80000,-0.01800
,,, 0.00003921000,2.80000,-0.02000
,,, 0.00003922000,2.80000,-0.01800
,,, 0.00003923000,2.80000,-0.01800
,,, 0.00003924000,2.80000,-0.01800
,,, 0.00003925000,2.80000,-0.01600
,,, 0.00003926000,2.80000,-0.01200
,,, 0.00003927000,2.88000,-0.01000
,,, 0.00003928000,2.80000,-0.00800
,,, 0.00003929000,2.80000,-0.00800
,,, 0.00003930000,2.80000,-0.00800
,,, 0.00003931000,2.80000,-0.00800
,,, 0.00003932000,2.80000,-0.00800
,,, 0.00003933000,2.88000,-0.01200
,,, 0.00003934000,2.88000,-0.01400
,,, 0.00003935000,2.80000,-0.01600
,,, 0.00003936000,2.88000,-0.01600
,,, 0.00003937000,2.80000,-0.01400
,,, 0.00003938000,2.88000,-0.01000
,,, 0.00003939000,2.88000,-0.00800
,,, 0.00003940000,2.88000,-0.00400
,,, 0.00003941000,2.88000,-0.00200
,,, 0.00003942000,2.88000,0.00
,,, 0.00003943000,2.88000,0.00
,,, 0.00003944000,2.88000,0.00200
,,, 0.00003945000,2.96000,0.00200
,,, 0.00003946000,2.88000,0.00200
,,, 0.00003947000,2.96000,0.00200
,,, 0.00003948000,2.96000,0.00400
,,, 0.00003949000,2.96000,0.00200
,,, 0.00003950000,2.96000,0.00400
,,, 0.00003951000,2.96000,0.00400
,,, 0.00003952000,2.96000,0.00400
,,, 0.00003953000,2.96000,0.00400
,,, 0.00003954000,2.96000,0.00600
,,, 0.00003955000,2.96000,0.00600
,,, 0.00003956000,2.96000,0.00600
,,, 0.00003957000,3.04000,0.00600
,,, 0.00003958000,2.96000,0.00800
,,, 0.00003959000,3.04000,0.00800
,,, 0.00003960000,3.04000,0.01200
,,, 0.00003961000,3.04000,0.01200
,,, 0.00003962000,3.04000,0.01400
,,, 0.00003963000,3.04000,0.01400
,,, 0.00003964000,3.04000,0.01400
,,, 0.00003965000,3.04000,0.01000
,,, 0.00003966000,3.04000,0.00800
,,, 0.00003967000,3.04000,0.00600
,,, 0.00003968000,3.04000,0.00400
,,, 0.00003969000,3.04000,0.00400
,,, 0.00003970000,3.04000,0.00600
,,, 0.00003971000,3.04000,0.00800
,,, 0.00003972000,3.12000,0.01200
,,, 0.00003973000,3.12000,0.01600
,,, 0.00003974000,3.04000,0.01800
,,, 0.00003975000,3.12000,0.01400
,,, 0.00003976000,3.12000,0.01600
,,, 0.00003977000,3.20000,0.01600
,,, 0.00003978000,3.12000,0.01200
,,, 0.00003979000,3.12000,0.00400
,,, 0.00003980000,3.20000,0.00400
,,, 0.00003981000,3.20000,0.00
,,, 0.00003982000,3.20000,-0.00200
,,, 0.00003983000,3.20000,-0.00200
,,, 0.00003984000,3.20000,0.00
,,, 0.00003985000,3.20000,-0.00200
,,, 0.00003986000,3.20000,0.00
,,, 0.00003987000,3.20000,0.00
,,, 0.00003988000,3.12000,0.00200
,,, 0.00003989000,3.20000,-0.00200
,,, 0.00003990000,3.20000,-0.00400
,,, 0.00003991000,3.20000,-0.00600
,,, 0.00003992000,3.20000,-0.00600
,,, 0.00003993000,3.20000,-0.00800
,,, 0.00003994000,3.28000,-0.00600
,,, 0.00003995000,3.20000,-0.00800
,,, 0.00003996000,3.28000,-0.00800
,,, 0.00003997000,3.20000,-0.00800
,,, 0.00003998000,3.20000,-0.01200
,,, 0.00003999000,3.20000,-0.01200
,,, 0.00004000000,3.28000,-0.01000
,,, 0.00004001000,3.20000,-0.01600
,,, 0.00004002000,3.28000,-0.02000
,,, 0.00004003000,3.28000,-0.01800
,,, 0.00004004000,3.28000,-0.01400
,,, 0.00004005000,3.28000,-0.01400
,,, 0.00004006000,3.36000,-0.01000
,,, 0.00004007000,3.36000,-0.01000
,,, 0.00004008000,3.28000,-0.01000
,,, 0.00004009000,3.36000,-0.01000
,,, 0.00004010000,3.28000,-0.01000
,,, 0.00004011000,3.36000,-0.01600
,,, 0.00004012000,3.52000,-0.02400
,,, 0.00004013000,3.36000,-0.02800
,,, 0.00004014000,3.36000,-0.02800
,,, 0.00004015000,3.36000,-0.03200
,,, 0.00004016000,3.36000,-0.03200
,,, 0.00004017000,3.52000,-0.03000
,,, 0.00004018000,3.52000,-0.02600
,,, 0.00004019000,3.36000,-0.02200
,,, 0.00004020000,3.52000,-0.01600
,,, 0.00004021000,3.36000,-0.01600
,,, 0.00004022000,3.52000,-0.01600
,,, 0.00004023000,3.36000,-0.01200
,,, 0.00004024000,3.52000,-0.01000
,,, 0.00004025000,3.52000,-0.01200
,,, 0.00004026000,3.52000,-0.01400
,,, 0.00004027000,3.52000,-0.01400
,,, 0.00004028000,3.52000,-0.01200
,,, 0.00004029000,3.52000,-0.01200
,,, 0.00004030000,3.52000,-0.01000
,,, 0.00004031000,3.52000,-0.01200
,,, 0.00004032000,3.52000,-0.01000
,,, 0.00004033000,3.52000,-0.00800
,,, 0.00004034000,3.60000,-0.00800
,,, 0.00004035000,3.52000,-0.00800
,,, 0.00004036000,3.60000,-0.00800
,,, 0.00004037000,3.60000,-0.00800
,,, 0.00004038000,3.60000,-0.00200
,,, 0.00004039000,3.52000,0.00
,,, 0.00004040000,3.60000,0.00
,,, 0.00004041000,3.60000,0.00200
,,, 0.00004042000,3.60000,0.00600
,,, 0.00004043000,3.52000,0.00600
,,, 0.00004044000,3.68000,0.00400
,,, 0.00004045000,3.60000,0.00200
,,, 0.00004046000,3.60000,0.00
,,, 0.00004047000,3.60000,-0.00400
,,, 0.00004048000,3.60000,-0.00600
,,, 0.00004049000,3.60000,-0.00400
,,, 0.00004050000,3.60000,-0.00200
,,, 0.00004051000,3.60000,0.00
,,, 0.00004052000,3.68000,0.00800
,,, 0.00004053000,3.60000,0.01200
,,, 0.00004054000,3.68000,0.01600
,,, 0.00004055000,3.60000,0.02000
,,, 0.00004056000,3.68000,0.02000
,,, 0.00004057000,3.60000,0.02000
,,, 0.00004058000,3.60000,0.01800
,,, 0.00004059000,3.68000,0.01400
,,, 0.00004060000,3.76000,0.01200
,,, 0.00004061000,3.68000,0.01000
,,, 0.00004062000,3.68000,0.01200
,,, 0.00004063000,3.68000,0.01400
,,, 0.00004064000,3.68000,0.01400
,,, 0.00004065000,3.68000,0.01600
,,, 0.00004066000,3.76000,0.01600
,,, 0.00004067000,3.68000,0.01600
,,, 0.00004068000,3.76000,0.01400
,,, 0.00004069000,3.68000,0.01400
,,, 0.00004070000,3.76000,0.01200
,,, 0.00004071000,3.76000,0.01200
,,, 0.00004072000,3.68000,0.01200
,,, 0.00004073000,3.76000,0.01200
,,, 0.00004074000,3.76000,0.01200
,,, 0.00004075000,3.76000,0.01000
,,, 0.00004076000,3.84000,0.01200
,,, 0.00004077000,3.84000,0.00800
,,, 0.00004078000,3.84000,0.00600
,,, 0.00004079000,3.76000,0.00400
,,, 0.00004080000,3.76000,0.00200
,,, 0.00004081000,3.84000,0.00
,,, 0.00004082000,3.76000,0.00
,,, 0.00004083000,3.76000,0.00
,,, 0.00004084000,3.84000,0.00400
,,, 0.00004085000,3.84000,0.00800
,,, 0.00004086000,3.84000,0.01000
,,, 0.00004087000,3.84000,0.01200
,,, 0.00004088000,3.84000,0.01400
,,, 0.00004089000,3.84000,0.01200
,,, 0.00004090000,3.92000,0.00800
,,, 0.00004091000,3.84000,0.00400
,,, 0.00004092000,3.84000,-0.00200
,,, 0.00004093000,3.92000,-0.00400
,,, 0.00004094000,3.92000,-0.00800
,,, 0.00004095000,3.84000,-0.01000
,,, 0.00004096000,3.84000,-0.01000
,,, 0.00004097000,3.92000,-0.01000
,,, 0.00004098000,3.92000,-0.00800
,,, 0.00004099000,3.84000,-0.00600
,,, 0.00004100000,3.92000,-0.00400
,,, 0.00004101000,3.84000,-0.00600
,,, 0.00004102000,3.92000,-0.00800
,,, 0.00004103000,3.92000,-0.00800
,,, 0.00004104000,3.84000,-0.01200
,,, 0.00004105000,3.92000,-0.01600
,,, 0.00004106000,3.92000,-0.01600
,,, 0.00004107000,3.92000,-0.01800
,,, 0.00004108000,3.92000,-0.01800
,,, 0.00004109000,3.92000,-0.01800
,,, 0.00004110000,3.92000,-0.01600
,,, 0.00004111000,3.92000,-0.01800
,,, 0.00004112000,3.92000,-0.01400
,,, 0.00004113000,3.92000,-0.01600
,,, 0.00004114000,3.92000,-0.01600
,,, 0.00004115000,3.92000,-0.01600
,,, 0.00004116000,3.92000,-0.01200
,,, 0.00004117000,4.00000,-0.01200
,,, 0.00004118000,4.00000,-0.00800
,,, 0.00004119000,3.92000,-0.00600
,,, 0.00004120000,4.00000,-0.00400
,,, 0.00004121000,4.00000,-0.00200
,,, 0.00004122000,4.00000,-0.00200
,,, 0.00004123000,4.00000,-0.00400
,,, 0.00004124000,4.00000,-0.00800
,,, 0.00004125000,4.00000,-0.01000
,,, 0.00004126000,4.08000,-0.01400
,,, 0.00004127000,4.00000,-0.01600
,,, 0.00004128000,4.00000,-0.01600
,,, 0.00004129000,4.08000,-0.01800
,,, 0.00004130000,4.00000,-0.01600
,,, 0.00004131000,4.00000,-0.01200
,,, 0.00004132000,4.08000,-0.01000
,,, 0.00004133000,4.00000,-0.00600
,,, 0.00004134000,4.00000,-0.00200
,,, 0.00004135000,4.00000,0.00
,,, 0.00004136000,4.08000,0.00
,,, 0.00004137000,4.16000,0.00200
,,, 0.00004138000,4.16000,0.00400
,,, 0.00004139000,4.00000,0.00
,,, 0.00004140000,4.16000,0.00
,,, 0.00004141000,4.16000,0.00
,,, 0.00004142000,4.16000,0.00
,,, 0.00004143000,4.16000,0.00400
,,, 0.00004144000,4.16000,0.00400
,,, 0.00004145000,4.16000,0.00600
,,, 0.00004146000,4.16000,0.00800
,,, 0.00004147000,4.16000,0.01200
,,, 0.00004148000,4.16000,0.01400
,,, 0.00004149000,4.16000,0.01400
,,, 0.00004150000,4.16000,0.01600
,,, 0.00004151000,4.16000,0.01600
,,, 0.00004152000,4.16000,0.01400
,,, 0.00004153000,4.16000,0.01400
,,, 0.00004154000,4.16000,0.01600
,,, 0.00004155000,4.16000,0.01200
,,, 0.00004156000,4.16000,0.01200
,,, 0.00004157000,4.24000,0.01000
,,, 0.00004158000,4.16000,0.00800
,,, 0.00004159000,4.24000,0.00400
,,, 0.00004160000,4.24000,0.00400
,,, 0.00004161000,4.16000,0.00
,,, 0.00004162000,4.24000,0.00200
,,, 0.00004163000,4.16000,0.00400
,,, 0.00004164000,4.24000,0.00800
,,, 0.00004165000,4.24000,0.01200
,,, 0.00004166000,4.24000,0.01400
,,, 0.00004167000,4.16000,0.01400
,,, 0.00004168000,4.24000,0.01600
,,, 0.00004169000,4.24000,0.01600
,,, 0.00004170000,4.24000,0.01400
,,, 0.00004171000,4.24000,0.01200
,,, 0.00004172000,4.16000,0.00800
,,, 0.00004173000,4.24000,0.00600
,,, 0.00004174000,4.24000,0.00600
,,, 0.00004175000,4.24000,0.00600
,,, 0.00004176000,4.24000,0.00800
,,, 0.00004177000,4.24000,0.00600
,,, 0.00004178000,4.24000,0.00800
,,, 0.00004179000,4.24000,0.01000
,,, 0.00004180000,4.24000,0.00600
,,, 0.00004181000,4.24000,0.00800
,,, 0.00004182000,4.24000,0.00600
,,, 0.00004183000,4.32000,0.00200
,,, 0.00004184000,4.24000,0.00200
,,, 0.00004185000,4.32000,-0.00200
,,, 0.00004186000,4.32000,-0.00400
,,, 0.00004187000,4.24000,-0.00600
,,, 0.00004188000,4.32000,-0.00800
,,, 0.00004189000,4.24000,-0.01000
,,, 0.00004190000,4.32000,-0.01000
,,, 0.00004191000,4.32000,-0.01600
,,, 0.00004192000,4.32000,-0.01400
,,, 0.00004193000,4.24000,-0.01600
,,, 0.00004194000,4.32000,-0.01600
,,, 0.00004195000,4.32000,-0.01400
,,, 0.00004196000,4.32000,-0.01200
,,, 0.00004197000,4.32000,-0.01000
,,, 0.00004198000,4.32000,-0.00800
,,, 0.00004199000,4.32000,-0.00800
,,, 0.00004200000,4.32000,-0.00800
,,, 0.00004201000,4.32000,-0.00800
,,, 0.00004202000,4.32000,-0.00800
,,, 0.00004203000,4.32000,-0.00800
,,, 0.00004204000,4.40000,-0.01000
,,, 0.00004205000,4.32000,-0.01200
,,, 0.00004206000,4.32000,-0.01200
,,, 0.00004207000,4.32000,-0.01200
,,, 0.00004208000,4.32000,-0.01200
,,, 0.00004209000,4.40000,-0.01200
,,, 0.00004210000,4.40000,-0.01000
,,, 0.00004211000,4.32000,-0.01000
,,, 0.00004212000,4.32000,-0.00800
,,, 0.00004213000,4.40000,-0.01000
,,, 0.00004214000,4.32000,-0.00800
,,, 0.00004215000,4.40000,-0.01200
,,, 0.00004216000,4.40000,-0.01200
,,, 0.00004217000,4.40000,-0.01400
,,, 0.00004218000,4.40000,-0.01600
,,, 0.00004219000,4.32000,-0.01600
,,, 0.00004220000,4.40000,-0.01600
,,, 0.00004221000,4.40000,-0.01400
,,, 0.00004222000,4.40000,-0.01600
,,, 0.00004223000,4.40000,-0.01400
,,, 0.00004224000,4.40000,-0.01200
,,, 0.00004225000,4.40000,-0.01000
,,, 0.00004226000,4.40000,-0.00800
,,, 0.00004227000,4.40000,-0.00800
,,, 0.00004228000,4.40000,-0.00600
,,, 0.00004229000,4.48000,-0.00200
,,, 0.00004230000,4.40000,0.00
,,, 0.00004231000,4.40000,0.00200
,,, 0.00004232000,4.40000,0.00600
,,, 0.00004233000,4.40000,0.00600
,,, 0.00004234000,4.40000,0.00800
,,, 0.00004235000,4.48000,0.00600
,,, 0.00004236000,4.48000,0.00600
,,, 0.00004237000,4.48000,0.00400
,,, 0.00004238000,4.48000,0.00200
,,, 0.00004239000,4.48000,0.00200
,,, 0.00004240000,4.56000,0.00200
,,, 0.00004241000,4.48000,0.00400
,,, 0.00004242000,4.48000,0.00800
,,, 0.00004243000,4.48000,0.01000
,,, 0.00004244000,4.48000,0.01400
,,, 0.00004245000,4.56000,0.01600
,,, 0.00004246000,4.48000,0.01800
,,, 0.00004247000,4.48000,0.01600
,,, 0.00004248000,4.56000,0.01400
,,, 0.00004249000,4.48000,0.01200
,,, 0.00004250000,4.48000,0.00800
,,, 0.00004251000,4.48000,0.00800
,,, 0.00004252000,4.48000,0.00400
,,, 0.00004253000,4.56000,0.00600
,,, 0.00004254000,4.56000,0.00600
,,, 0.00004255000,4.56000,0.00800
,,, 0.00004256000,4.48000,0.01200
,,, 0.00004257000,4.56000,0.01600
,,, 0.00004258000,4.56000,0.02000
,,, 0.00004259000,4.48000,0.02200
,,, 0.00004260000,4.56000,0.02400
,,, 0.00004261000,4.56000,0.02400
,,, 0.00004262000,4.56000,0.02400
,,, 0.00004263000,4.56000,0.02200
,,, 0.00004264000,4.56000,0.02400
,,, 0.00004265000,4.56000,0.02200
,,, 0.00004266000,4.56000,0.02000
,,, 0.00004267000,4.56000,0.02000
,,, 0.00004268000,4.56000,0.01600
,,, 0.00004269000,4.56000,0.01400
,,, 0.00004270000,4.56000,0.01200
,,, 0.00004271000,4.56000,0.00800
,,, 0.00004272000,4.56000,0.01000
,,, 0.00004273000,4.56000,0.00800
,,, 0.00004274000,4.56000,0.00800
,,, 0.00004275000,4.56000,0.01200
,,, 0.00004276000,4.56000,0.01400
,,, 0.00004277000,4.64000,0.01400
,,, 0.00004278000,4.56000,0.01600
,,, 0.00004279000,4.56000,0.01400
,,, 0.00004280000,4.56000,0.01200
,,, 0.00004281000,4.56000,0.00800
,,, 0.00004282000,4.56000,0.00200
,,, 0.00004283000,4.56000,-0.00200
,,, 0.00004284000,4.56000,-0.00400
,,, 0.00004285000,4.64000,-0.00800
,,, 0.00004286000,4.64000,-0.00600
,,, 0.00004287000,4.64000,-0.00400
,,, 0.00004288000,4.64000,-0.00200
,,, 0.00004289000,4.56000,0.00200
,,, 0.00004290000,4.56000,0.00400
,,, 0.00004291000,4.64000,0.00400
,,, 0.00004292000,4.64000,0.00600
,,, 0.00004293000,4.56000,0.00200
,,, 0.00004294000,4.64000,0.00
,,, 0.00004295000,4.64000,-0.00200
,,, 0.00004296000,4.64000,-0.00400
,,, 0.00004297000,4.64000,-0.00400
,,, 0.00004298000,4.64000,-0.00600
,,, 0.00004299000,4.64000,-0.00800
,,, 0.00004300000,4.64000,-0.00600
,,, 0.00004301000,4.64000,-0.01000
,,, 0.00004302000,4.64000,-0.01000
,,, 0.00004303000,4.64000,-0.01400
,,, 0.00004304000,4.64000,-0.01600
,,, 0.00004305000,4.64000,-0.01600
,,, 0.00004306000,4.64000,-0.01600
,,, 0.00004307000,4.64000,-0.01800
,,, 0.00004308000,4.64000,-0.01600
,,, 0.00004309000,4.64000,-0.01400
,,, 0.00004310000,4.64000,-0.01000
,,, 0.00004311000,4.64000,-0.00800
,,, 0.00004312000,4.64000,-0.00600
,,, 0.00004313000,4.64000,-0.00600
,,, 0.00004314000,4.64000,-0.00600
,,, 0.00004315000,4.64000,-0.01000
,,, 0.00004316000,4.64000,-0.01200
,,, 0.00004317000,4.64000,-0.01600
,,, 0.00004318000,4.64000,-0.01800
,,, 0.00004319000,4.64000,-0.01600
,,, 0.00004320000,4.64000,-0.01600
,,, 0.00004321000,4.72000,-0.01200
,,, 0.00004322000,4.64000,-0.00600
,,, 0.00004323000,4.64000,-0.00200
,,, 0.00004324000,4.72000,0.00
,,, 0.00004325000,4.64000,0.00400
,,, 0.00004326000,4.72000,0.00600
,,, 0.00004327000,4.80000,0.00400
,,, 0.00004328000,4.64000,0.00200
,,, 0.00004329000,4.72000,-0.00200
,,, 0.00004330000,4.72000,-0.00400
,,, 0.00004331000,4.64000,-0.00800
,,, 0.00004332000,4.72000,-0.01000
,,, 0.00004333000,4.64000,-0.01000
,,, 0.00004334000,4.80000,-0.00800
,,, 0.00004335000,4.80000,-0.00600
,,, 0.00004336000,4.72000,-0.00400
,,, 0.00004337000,4.80000,-0.00200
,,, 0.00004338000,4.64000,0.00
,,, 0.00004339000,4.64000,0.00200
,,, 0.00004340000,4.72000,0.00200
,,, 0.00004341000,4.80000,0.00400
,,, 0.00004342000,4.64000,0.00400
,,, 0.00004343000,4.80000,0.00400
,,, 0.00004344000,4.80000,0.00800
,,, 0.00004345000,4.64000,0.00800
,,, 0.00004346000,4.80000,0.01200
,,, 0.00004347000,4.72000,0.01000
,,, 0.00004348000,4.80000,0.01000
,,, 0.00004349000,4.80000,0.00800
,,, 0.00004350000,4.80000,0.00800
,,, 0.00004351000,4.80000,0.00600
,,, 0.00004352000,4.80000,0.00800
,,, 0.00004353000,4.72000,0.00800
,,, 0.00004354000,4.80000,0.01200
,,, 0.00004355000,4.80000,0.01600
,,, 0.00004356000,4.72000,0.02000
,,, 0.00004357000,4.80000,0.02000
,,, 0.00004358000,4.80000,0.02000
,,, 0.00004359000,4.80000,0.02000
,,, 0.00004360000,4.80000,0.01600
,,, 0.00004361000,4.80000,0.01200
,,, 0.00004362000,4.80000,0.00800
,,, 0.00004363000,4.80000,0.00200
,,, 0.00004364000,4.80000,0.00
,,, 0.00004365000,4.72000,-0.00200
,,, 0.00004366000,4.80000,0.00
,,, 0.00004367000,4.80000,0.00
,,, 0.00004368000,4.80000,0.00600
,,, 0.00004369000,4.80000,0.00800
,,, 0.00004370000,4.80000,0.01200
,,, 0.00004371000,4.80000,0.01400
,,, 0.00004372000,4.80000,0.01400
,,, 0.00004373000,4.80000,0.01000
,,, 0.00004374000,4.80000,0.01000
,,, 0.00004375000,4.80000,0.00800
,,, 0.00004376000,4.80000,0.00400
,,, 0.00004377000,4.80000,0.00400
,,, 0.00004378000,4.80000,0.00400
,,, 0.00004379000,4.80000,0.00400
,,, 0.00004380000,4.80000,0.00600
,,, 0.00004381000,4.88000,0.00400
,,, 0.00004382000,4.80000,0.00600
,,, 0.00004383000,4.80000,0.00400
,,, 0.00004384000,4.80000,0.00200
,,, 0.00004385000,4.80000,0.00
,,, 0.00004386000,4.80000,0.00
,,, 0.00004387000,4.80000,-0.00200
,,, 0.00004388000,4.80000,-0.00200
,,, 0.00004389000,4.80000,-0.00200
,,, 0.00004390000,4.80000,-0.00200
,,, 0.00004391000,4.80000,-0.00200
,,, 0.00004392000,4.80000,-0.00200
,,, 0.00004393000,4.80000,-0.00400
,,, 0.00004394000,4.80000,-0.00600
,,, 0.00004395000,4.80000,-0.01200
,,, 0.00004396000,4.80000,-0.01600
,,, 0.00004397000,4.80000,-0.01800
,,, 0.00004398000,4.80000,-0.01600
,,, 0.00004399000,4.80000,-0.02600
,,, 0.00004400000,4.88000,-0.01800
,,, 0.00004401000,4.80000,-0.01800
,,, 0.00004402000,4.80000,-0.01200
,,, 0.00004403000,4.88000,-0.01000
,,, 0.00004404000,4.80000,-0.00600
,,, 0.00004405000,4.88000,-0.00400
,,, 0.00004406000,4.80000,-0.00600
,,, 0.00004407000,4.80000,-0.00800
,,, 0.00004408000,4.80000,-0.00800
,,, 0.00004409000,4.80000,-0.01200
,,, 0.00004410000,4.80000,-0.01200
,,, 0.00004411000,4.80000,-0.01600
,,, 0.00004412000,4.80000,-0.01600
,,, 0.00004413000,4.80000,-0.01600
,,, 0.00004414000,4.80000,-0.01400
,,, 0.00004415000,4.80000,-0.01400
,,, 0.00004416000,4.80000,-0.01000
,,, 0.00004417000,4.80000,-0.00800
,,, 0.00004418000,4.80000,-0.00600
,,, 0.00004419000,4.80000,-0.00600
,,, 0.00004420000,4.80000,-0.00400
,,, 0.00004421000,4.80000,-0.00400
,,, 0.00004422000,4.80000,-0.00400
,,, 0.00004423000,4.88000,-0.00800
,,, 0.00004424000,4.80000,-0.00400
,,, 0.00004425000,4.80000,-0.00400
,,, 0.00004426000,4.80000,-0.00200
,,, 0.00004427000,4.80000,-0.00400
,,, 0.00004428000,4.80000,-0.00400
,,, 0.00004429000,4.80000,-0.00400
,,, 0.00004430000,4.80000,-0.00400
,,, 0.00004431000,4.80000,-0.00600
,,, 0.00004432000,4.80000,-0.00400
,,, 0.00004433000,4.80000,-0.00200
,,, 0.00004434000,4.80000,0.00200
,,, 0.00004435000,4.88000,0.00600
,,, 0.00004436000,4.80000,0.01200
,,, 0.00004437000,4.88000,0.01600
,,, 0.00004438000,4.80000,0.01800
,,, 0.00004439000,4.88000,0.01800
,,, 0.00004440000,4.80000,0.01600
,,, 0.00004441000,4.88000,0.01200
,,, 0.00004442000,4.88000,0.01000
,,, 0.00004443000,4.80000,0.00600
,,, 0.00004444000,4.88000,0.00600
,,, 0.00004445000,4.80000,0.00400
,,, 0.00004446000,4.80000,0.00800
,,, 0.00004447000,4.80000,0.01000
,,, 0.00004448000,4.88000,0.01400
,,, 0.00004449000,4.80000,0.01600
,,, 0.00004450000,4.80000,0.02000
,,, 0.00004451000,4.80000,0.02000
,,, 0.00004452000,4.88000,0.02000
,,, 0.00004453000,4.80000,0.01600
,,, 0.00004454000,4.88000,0.01800
,,, 0.00004455000,4.88000,0.01400
,,, 0.00004456000,4.80000,0.01400
,,, 0.00004457000,4.88000,0.01400
,,, 0.00004458000,4.88000,0.01400
,,, 0.00004459000,4.80000,0.01400
,,, 0.00004460000,4.88000,0.01600
,,, 0.00004461000,4.80000,0.01600
,,, 0.00004462000,4.88000,0.01600
,,, 0.00004463000,4.80000,0.01600
,,, 0.00004464000,4.80000,0.01600
,,, 0.00004465000,4.80000,0.01600
,,, 0.00004466000,4.80000,0.01600
,,, 0.00004467000,4.88000,0.01600
,,, 0.00004468000,4.80000,0.01600
,,, 0.00004469000,4.80000,0.01600
,,, 0.00004470000,4.80000,0.01600
,,, 0.00004471000,4.80000,0.01400
,,, 0.00004472000,4.88000,0.01400
,,, 0.00004473000,4.88000,0.01000
,,, 0.00004474000,4.80000,0.00800
,,, 0.00004475000,4.80000,0.00600
,,, 0.00004476000,4.80000,0.00400
,,, 0.00004477000,4.88000,0.00200
,,, 0.00004478000,4.88000,0.00
,,, 0.00004479000,4.80000,0.00
,,, 0.00004480000,4.88000,0.00
,,, 0.00004481000,4.88000,0.00
,,, 0.00004482000,4.80000,0.00
,,, 0.00004483000,4.80000,0.00
,,, 0.00004484000,4.80000,0.00
,,, 0.00004485000,4.88000,0.00
,,, 0.00004486000,4.88000,-0.00200
,,, 0.00004487000,4.80000,-0.00400
,,, 0.00004488000,4.80000,-0.00600
,,, 0.00004489000,4.80000,-0.00800
,,, 0.00004490000,4.80000,-0.00800
,,, 0.00004491000,4.80000,-0.00800
,,, 0.00004492000,4.88000,-0.00800
,,, 0.00004493000,4.88000,-0.00600
,,, 0.00004494000,4.80000,-0.00800
,,, 0.00004495000,4.80000,-0.00600
,,, 0.00004496000,4.80000,-0.00600
,,, 0.00004497000,4.80000,-0.00800
,,, 0.00004498000,4.88000,-0.00800
,,, 0.00004499000,4.80000,-0.00800
,,, 0.00004500000,4.80000,-0.01000
,,, 0.00004501000,4.80000,-0.01000
,,, 0.00004502000,4.80000,-0.01000
,,, 0.00004503000,4.80000,-0.01200
,,, 0.00004504000,4.80000,-0.01200
,,, 0.00004505000,4.80000,-0.01600
,,, 0.00004506000,4.80000,-0.01800
,,, 0.00004507000,4.80000,-0.02000
,,, 0.00004508000,4.80000,-0.02000
,,, 0.00004509000,4.80000,-0.02000
,,, 0.00004510000,4.80000,-0.02000
,,, 0.00004511000,4.80000,-0.01800
,,, 0.00004512000,4.88000,-0.01600
,,, 0.00004513000,4.80000,-0.01200
,,, 0.00004514000,4.80000,-0.00800
,,, 0.00004515000,4.80000,-0.00400
,,, 0.00004516000,4.80000,-0.00400
,,, 0.00004517000,4.80000,-0.00400
,,, 0.00004518000,4.80000,-0.00400
,,, 0.00004519000,4.80000,-0.00800
,,, 0.00004520000,4.80000,-0.00800
,,, 0.00004521000,4.80000,-0.01400
,,, 0.00004522000,4.80000,-0.01600
,,, 0.00004523000,4.80000,-0.01600
,,, 0.00004524000,4.80000,-0.01400
,,, 0.00004525000,4.80000,-0.01200
,,, 0.00004526000,4.80000,-0.01000
,,, 0.00004527000,4.80000,-0.00600
,,, 0.00004528000,4.80000,-0.00400
,,, 0.00004529000,4.80000,0.00
,,, 0.00004530000,4.80000,0.00
,,, 0.00004531000,4.80000,0.00200
,,, 0.00004532000,4.80000,0.00400
,,, 0.00004533000,4.80000,0.00200
,,, 0.00004534000,4.80000,0.00200
,,, 0.00004535000,4.80000,0.00
,,, 0.00004536000,4.80000,0.00
,,, 0.00004537000,4.80000,-0.00200
,,, 0.00004538000,4.80000,0.00200
,,, 0.00004539000,4.80000,-0.00200
,,, 0.00004540000,4.80000,0.00400
,,, 0.00004541000,4.80000,-0.00200
,,, 0.00004542000,4.80000,0.00600
,,, 0.00004543000,4.80000,0.00400
,,, 0.00004544000,4.80000,0.00600
,,, 0.00004545000,4.80000,0.00800
,,, 0.00004546000,4.80000,0.01200
,,, 0.00004547000,4.80000,0.01600
,,, 0.00004548000,4.80000,0.01800
,,, 0.00004549000,4.80000,0.01800
,,, 0.00004550000,4.88000,0.02000
,,, 0.00004551000,4.80000,0.01600
,,, 0.00004552000,4.80000,0.01400
,,, 0.00004553000,4.80000,0.01000
,,, 0.00004554000,4.80000,0.00800
,,, 0.00004555000,4.80000,0.00600
,,, 0.00004556000,4.80000,0.00400
,,, 0.00004557000,4.80000,0.00600
,,, 0.00004558000,4.80000,0.00800
,,, 0.00004559000,4.80000,0.01000
,,, 0.00004560000,4.80000,0.01200
,,, 0.00004561000,4.80000,0.01400
,,, 0.00004562000,4.80000,0.01600
,,, 0.00004563000,4.80000,0.01400
,,, 0.00004564000,4.80000,0.01200
,,, 0.00004565000,4.80000,0.01200
,,, 0.00004566000,4.80000,0.00800
,,, 0.00004567000,4.80000,0.00800
,,, 0.00004568000,4.80000,0.00800
,,, 0.00004569000,4.80000,0.00400
,,, 0.00004570000,4.80000,0.00600
,,, 0.00004571000,4.80000,0.00400
,,, 0.00004572000,4.80000,0.00400
,,, 0.00004573000,4.80000,0.00
,,, 0.00004574000,4.80000,0.00
,,, 0.00004575000,4.80000,0.00
,,, 0.00004576000,4.80000,0.00
,,, 0.00004577000,4.80000,0.00
,,, 0.00004578000,4.80000,0.00
,,, 0.00004579000,4.80000,0.00400
,,, 0.00004580000,4.80000,0.00200
,,, 0.00004581000,4.80000,0.00200
,,, 0.00004582000,4.80000,0.00200
,,, 0.00004583000,4.80000,0.00
,,, 0.00004584000,4.80000,-0.00200
,,, 0.00004585000,4.72000,-0.00600
,,, 0.00004586000,4.80000,-0.01000
,,, 0.00004587000,4.80000,-0.01400
,,, 0.00004588000,4.64000,-0.01600
,,, 0.00004589000,4.80000,-0.01600
,,, 0.00004590000,4.72000,-0.01600
,,, 0.00004591000,4.80000,-0.01800
,,, 0.00004592000,4.80000,-0.01400
,,, 0.00004593000,4.72000,-0.01000
,,, 0.00004594000,4.72000,-0.00800
,,, 0.00004595000,4.64000,-0.00600
,,, 0.00004596000,4.72000,-0.00600
,,, 0.00004597000,4.64000,-0.00800
,,, 0.00004598000,4.72000,-0.01000
,,, 0.00004599000,4.64000,-0.01600
,,, 0.00004600000,4.72000,-0.01600
,,, 0.00004601000,4.72000,-0.01800
,,, 0.00004602000,4.64000,-0.01800
,,, 0.00004603000,4.72000,-0.01800
,,, 0.00004604000,4.72000,-0.01800
,,, 0.00004605000,4.64000,-0.01600
,,, 0.00004606000,4.72000,-0.01200
,,, 0.00004607000,4.64000,-0.01200
,,, 0.00004608000,4.72000,-0.01200
,,, 0.00004609000,4.64000,-0.00800
,,, 0.00004610000,4.64000,-0.01000
,,, 0.00004611000,4.72000,-0.01000
,,, 0.00004612000,4.64000,-0.01000
,,, 0.00004613000,4.64000,-0.01200
,,, 0.00004614000,4.64000,-0.01000
,,, 0.00004615000,4.64000,-0.01000
,,, 0.00004616000,4.64000,-0.01000
,,, 0.00004617000,4.64000,-0.01200
,,, 0.00004618000,4.64000,-0.01200
,,, 0.00004619000,4.64000,-0.01200
,,, 0.00004620000,4.72000,-0.01200
,,, 0.00004621000,4.64000,-0.01400
,,, 0.00004622000,4.64000,-0.01200
,,, 0.00004623000,4.64000,-0.01000
,,, 0.00004624000,4.72000,-0.00800
,,, 0.00004625000,4.64000,-0.00400
,,, 0.00004626000,4.64000,0.00
,,, 0.00004627000,4.64000,0.00400
,,, 0.00004628000,4.64000,0.00800
,,, 0.00004629000,4.64000,0.00600
,,, 0.00004630000,4.64000,0.00800
,,, 0.00004631000,4.64000,0.00600
,,, 0.00004632000,4.64000,0.00400
,,, 0.00004633000,4.64000,0.00
,,, 0.00004634000,4.64000,0.00
,,, 0.00004635000,4.64000,0.00
,,, 0.00004636000,4.64000,0.00200
,,, 0.00004637000,4.64000,0.00400
,,, 0.00004638000,4.64000,0.00800
,,, 0.00004639000,4.64000,0.01000
,,, 0.00004640000,4.64000,0.01400
,,, 0.00004641000,4.64000,0.01400
,,, 0.00004642000,4.64000,0.01800
,,, 0.00004643000,4.64000,0.01600
,,, 0.00004644000,4.64000,0.01400
,,, 0.00004645000,4.64000,0.01200
,,, 0.00004646000,4.56000,0.01000
,,, 0.00004647000,4.64000,0.00800
,,, 0.00004648000,4.56000,0.00800
,,, 0.00004649000,4.64000,0.00800
,,, 0.00004650000,4.56000,0.01000
,,, 0.00004651000,4.64000,0.01200
,,, 0.00004652000,4.56000,0.01200
,,, 0.00004653000,4.56000,0.01200
,,, 0.00004654000,4.56000,0.01400
,,, 0.00004655000,4.56000,0.01200
,,, 0.00004656000,4.56000,0.01400
,,, 0.00004657000,4.56000,0.01200
,,, 0.00004658000,4.56000,0.01600
,,, 0.00004659000,4.56000,0.01600
,,, 0.00004660000,4.56000,0.01800
,,, 0.00004661000,4.56000,0.02000
,,, 0.00004662000,4.56000,0.02000
,,, 0.00004663000,4.56000,0.02000
,,, 0.00004664000,4.56000,0.01600
,,, 0.00004665000,4.56000,0.01400
,,, 0.00004666000,4.56000,0.01000
,,, 0.00004667000,4.56000,0.00400
,,, 0.00004668000,4.56000,0.00400
,,, 0.00004669000,4.48000,0.00
,,, 0.00004670000,4.56000,0.00200
,,, 0.00004671000,4.48000,0.00400
,,, 0.00004672000,4.56000,0.00600
,,, 0.00004673000,4.56000,0.01000
,,, 0.00004674000,4.56000,0.00800
,,, 0.00004675000,4.56000,0.01000
,,, 0.00004676000,4.56000,0.00800
,,, 0.00004677000,4.56000,0.00400
,,, 0.00004678000,4.56000,0.00
,,, 0.00004679000,4.56000,-0.00600
,,, 0.00004680000,4.56000,-0.00800
,,, 0.00004681000,4.56000,-0.01200
,,, 0.00004682000,4.56000,-0.01200
,,, 0.00004683000,4.48000,-0.01200
,,, 0.00004684000,4.56000,-0.01000
,,, 0.00004685000,4.48000,-0.01000
,,, 0.00004686000,4.48000,-0.00800
,,, 0.00004687000,4.48000,-0.00800
,,, 0.00004688000,4.56000,-0.00800
,,, 0.00004689000,4.48000,-0.00800
,,, 0.00004690000,4.48000,-0.00800
,,, 0.00004691000,4.48000,-0.00800
,,, 0.00004692000,4.40000,-0.00800
,,, 0.00004693000,4.48000,-0.01200
,,, 0.00004694000,4.48000,-0.01000
,,, 0.00004695000,4.48000,-0.01200
,,, 0.00004696000,4.48000,-0.01200
,,, 0.00004697000,4.40000,-0.01200
,,, 0.00004698000,4.48000,-0.01400
,,, 0.00004699000,4.48000,-0.01600
,,, 0.00004700000,4.48000,-0.01800
,,, 0.00004701000,4.40000,-0.02000
,,, 0.00004702000,4.40000,-0.02200
,,, 0.00004703000,4.48000,-0.02400
,,, 0.00004704000,4.40000,-0.02400
,,, 0.00004705000,4.40000,-0.02000
,,, 0.00004706000,4.48000,-0.02000
,,, 0.00004707000,4.40000,-0.01800
,,, 0.00004708000,4.40000,-0.01600
,,, 0.00004709000,4.48000,-0.01600
,,, 0.00004710000,4.40000,-0.01600
,,, 0.00004711000,4.40000,-0.01800
,,, 0.00004712000,4.40000,-0.02000
,,, 0.00004713000,4.40000,-0.02000
,,, 0.00004714000,4.40000,-0.02200
,,, 0.00004715000,4.32000,-0.02200
,,, 0.00004716000,4.40000,-0.01800
,,, 0.00004717000,4.40000,-0.01600
,,, 0.00004718000,4.40000,-0.01200
,,, 0.00004719000,4.40000,-0.00800
,,, 0.00004720000,4.32000,-0.00400
,,, 0.00004721000,4.32000,-0.00200
,,, 0.00004722000,4.40000,0.00
,,, 0.00004723000,4.32000,-0.00200
,,, 0.00004724000,4.32000,0.00
,,, 0.00004725000,4.40000,-0.00200
,,, 0.00004726000,4.32000,-0.00400
,,, 0.00004727000,4.32000,-0.00400
,,, 0.00004728000,4.32000,-0.00200
,,, 0.00004729000,4.32000,-0.00200
,,, 0.00004730000,4.40000,0.00
,,, 0.00004731000,4.40000,0.00
,,, 0.00004732000,4.32000,0.00
,,, 0.00004733000,4.32000,0.00
,,, 0.00004734000,4.24000,0.00
,,, 0.00004735000,4.32000,0.00
,,, 0.00004736000,4.32000,0.00200
,,, 0.00004737000,4.32000,0.00200
,,, 0.00004738000,4.32000,0.00600
,,, 0.00004739000,4.32000,0.00800
,,, 0.00004740000,4.32000,0.01000
,,, 0.00004741000,4.32000,0.00800
,,, 0.00004742000,4.32000,0.01200
,,, 0.00004743000,4.32000,0.01200
,,, 0.00004744000,4.32000,0.00800
,,, 0.00004745000,4.32000,0.00600
,,, 0.00004746000,4.32000,0.00800
,,, 0.00004747000,4.32000,0.00400
,,, 0.00004748000,4.32000,0.00600
,,, 0.00004749000,4.24000,0.01200
,,, 0.00004750000,4.24000,0.01400
,,, 0.00004751000,4.24000,0.01200
,,, 0.00004752000,4.32000,0.02200
,,, 0.00004753000,4.24000,0.02200
,,, 0.00004754000,4.32000,0.01600
,,, 0.00004755000,4.32000,0.02800
,,, 0.00004756000,4.24000,0.01200
,,, 0.00004757000,4.24000,0.01600
,,, 0.00004758000,4.24000,0.00600
,,, 0.00004759000,4.32000,0.00400
,,, 0.00004760000,4.24000,0.00
,,, 0.00004761000,4.24000,0.00
,,, 0.00004762000,4.24000,0.00
,,, 0.00004763000,4.24000,0.00200
,,, 0.00004764000,4.24000,0.00400
,,, 0.00004765000,4.24000,0.00600
,,, 0.00004766000,4.24000,0.00800
,,, 0.00004767000,4.24000,0.00600
,,, 0.00004768000,4.24000,0.00800
,,, 0.00004769000,4.24000,0.00800
,,, 0.00004770000,4.24000,0.00400
,,, 0.00004771000,4.24000,0.00
,,, 0.00004772000,4.16000,0.00400
,,, 0.00004773000,4.16000,0.00
,,, 0.00004774000,4.24000,0.00
,,, 0.00004775000,4.24000,0.00
,,, 0.00004776000,4.24000,-0.00200
,,, 0.00004777000,4.24000,-0.00400
,,, 0.00004778000,4.16000,-0.00200
,,, 0.00004779000,4.24000,-0.00200
,,, 0.00004780000,4.16000,-0.00400
,,, 0.00004781000,4.16000,-0.00600
,,, 0.00004782000,4.16000,-0.00400
,,, 0.00004783000,4.16000,-0.00400
,,, 0.00004784000,4.16000,-0.00200
,,, 0.00004785000,4.16000,0.00
,,, 0.00004786000,4.16000,-0.00200
,,, 0.00004787000,4.16000,-0.00400
,,, 0.00004788000,4.16000,-0.00200
,,, 0.00004789000,4.16000,-0.00800
,,, 0.00004790000,4.16000,-0.01400
,,, 0.00004791000,4.16000,-0.01400
,,, 0.00004792000,4.16000,-0.01800
,,, 0.00004793000,4.16000,-0.02000
,,, 0.00004794000,4.16000,-0.02000
,,, 0.00004795000,4.16000,-0.02200
,,, 0.00004796000,4.00000,-0.02000
,,, 0.00004797000,4.16000,-0.01800
,,, 0.00004798000,4.16000,-0.01600
,,, 0.00004799000,4.00000,-0.01200
,,, 0.00004800000,4.08000,-0.00800
,,, 0.00004801000,4.00000,-0.00800
,,, 0.00004802000,4.00000,-0.00400
,,, 0.00004803000,4.16000,-0.00400
,,, 0.00004804000,4.00000,-0.00400
,,, 0.00004805000,4.00000,-0.00600
,,, 0.00004806000,4.00000,-0.00800
,,, 0.00004807000,4.00000,-0.00800
,,, 0.00004808000,4.00000,-0.00800
,,, 0.00004809000,4.00000,-0.01000
,,, 0.00004810000,4.00000,-0.01000
,,, 0.00004811000,4.00000,-0.00800
,,, 0.00004812000,4.00000,-0.00800
,,, 0.00004813000,4.00000,-0.00600
,,, 0.00004814000,4.00000,-0.00400
,,, 0.00004815000,4.00000,-0.00200
,,, 0.00004816000,4.00000,0.00
,,, 0.00004817000,4.00000,0.00
,,, 0.00004818000,4.00000,0.00400
,,, 0.00004819000,4.00000,0.00400
,,, 0.00004820000,3.92000,0.00400
,,, 0.00004821000,4.00000,0.00400
,,, 0.00004822000,4.00000,0.00200
,,, 0.00004823000,3.92000,-0.00200
,,, 0.00004824000,3.92000,-0.00200
,,, 0.00004825000,4.00000,-0.00400
,,, 0.00004826000,3.92000,-0.00400
,,, 0.00004827000,3.92000,-0.00400
,,, 0.00004828000,4.00000,-0.00200
,,, 0.00004829000,3.92000,0.00
,,, 0.00004830000,3.92000,0.00800
,,, 0.00004831000,3.92000,0.01200
,,, 0.00004832000,3.84000,0.01800
,,, 0.00004833000,3.84000,0.02000
,,, 0.00004834000,3.92000,0.02200
,,, 0.00004835000,3.92000,0.02200
,,, 0.00004836000,3.84000,0.02200
,,, 0.00004837000,3.92000,0.02000
,,, 0.00004838000,3.84000,0.01800
,,, 0.00004839000,3.92000,0.01800
,,, 0.00004840000,3.84000,0.01800
,,, 0.00004841000,3.92000,0.01600
,,, 0.00004842000,3.84000,0.01800
,,, 0.00004843000,3.84000,0.01800
,,, 0.00004844000,3.84000,0.01600
,,, 0.00004845000,3.84000,0.01800
,,, 0.00004846000,3.84000,0.01800
,,, 0.00004847000,3.84000,0.02000
,,, 0.00004848000,3.84000,0.01800
,,, 0.00004849000,3.84000,0.02000
,,, 0.00004850000,3.84000,0.02000
,,, 0.00004851000,3.84000,0.01800
,,, 0.00004852000,3.84000,0.01800
,,, 0.00004853000,3.84000,0.01400
,,, 0.00004854000,3.84000,0.01400
,,, 0.00004855000,3.84000,0.01000
,,, 0.00004856000,3.84000,0.00800
,,, 0.00004857000,3.76000,0.00600
,,, 0.00004858000,3.84000,0.00800
,,, 0.00004859000,3.76000,0.00600
,,, 0.00004860000,3.76000,0.01000
,,, 0.00004861000,3.68000,0.01200
,,, 0.00004862000,3.76000,0.01600
,,, 0.00004863000,3.68000,0.01600
,,, 0.00004864000,3.76000,0.02000
,,, 0.00004865000,3.68000,0.02000
,,, 0.00004866000,3.76000,0.02000
,,, 0.00004867000,3.76000,0.01800
,,, 0.00004868000,3.68000,0.01400
,,, 0.00004869000,3.76000,0.00800
,,, 0.00004870000,3.76000,0.00600
,,, 0.00004871000,3.68000,0.00
,,, 0.00004872000,3.68000,0.00
,,, 0.00004873000,3.68000,-0.00400
,,, 0.00004874000,3.68000,-0.00400
,,, 0.00004875000,3.68000,-0.00400
,,, 0.00004876000,3.68000,-0.00400
,,, 0.00004877000,3.68000,-0.00400
,,, 0.00004878000,3.68000,-0.00600
,,, 0.00004879000,3.68000,-0.00800
,,, 0.00004880000,3.68000,-0.00800
,,, 0.00004881000,3.68000,-0.01200
,,, 0.00004882000,3.68000,-0.01200
,,, 0.00004883000,3.68000,-0.01400
,,, 0.00004884000,3.60000,-0.01400
,,, 0.00004885000,3.68000,-0.01600
,,, 0.00004886000,3.60000,-0.01600
,,, 0.00004887000,3.60000,-0.01400
,,, 0.00004888000,3.60000,-0.01200
,,, 0.00004889000,3.60000,-0.01200
,,, 0.00004890000,3.60000,-0.01200
,,, 0.00004891000,3.60000,-0.01600
,,, 0.00004892000,3.60000,-0.01600
,,, 0.00004893000,3.60000,-0.01600
,,, 0.00004894000,3.60000,-0.01400
,,, 0.00004895000,3.60000,-0.01200
,,, 0.00004896000,3.60000,-0.01000
,,, 0.00004897000,3.52000,-0.00800
,,, 0.00004898000,3.52000,-0.00200
,,, 0.00004899000,3.60000,-0.00400
,,, 0.00004900000,3.60000,-0.00400
,,, 0.00004901000,3.52000,-0.00600
,,, 0.00004902000,3.52000,-0.01000
,,, 0.00004903000,3.52000,-0.01400
,,, 0.00004904000,3.60000,-0.01600
,,, 0.00004905000,3.52000,-0.02000
,,, 0.00004906000,3.52000,-0.02000
,,, 0.00004907000,3.52000,-0.01800
,,, 0.00004908000,3.52000,-0.01800
,,, 0.00004909000,3.52000,-0.01400
,,, 0.00004910000,3.52000,-0.01000
,,, 0.00004911000,3.52000,-0.00800
,,, 0.00004912000,3.52000,-0.00400
,,, 0.00004913000,3.52000,-0.00400
,,, 0.00004914000,3.52000,-0.00400
,,, 0.00004915000,3.52000,-0.00400
,,, 0.00004916000,3.52000,-0.00800
,,, 0.00004917000,3.52000,-0.00600
,,, 0.00004918000,3.52000,-0.00800
,,, 0.00004919000,3.52000,-0.01000
,,, 0.00004920000,3.52000,-0.00400
,,, 0.00004921000,3.52000,-0.00600
,,, 0.00004922000,3.28000,-0.00200
,,, 0.00004923000,3.36000,0.00200
,,, 0.00004924000,3.36000,-0.00200
,,, 0.00004925000,3.36000,0.00800
,,, 0.00004926000,3.36000,0.00400
,,, 0.00004927000,3.28000,0.00800
,,, 0.00004928000,3.28000,0.00800
,,, 0.00004929000,3.28000,0.01200
,,, 0.00004930000,3.28000,0.01200
,,, 0.00004931000,3.28000,0.01200
,,, 0.00004932000,3.36000,0.01400
,,, 0.00004933000,3.28000,0.01200
,,, 0.00004934000,3.28000,0.01200
,,, 0.00004935000,3.28000,0.00800
,,, 0.00004936000,3.28000,0.00400
,,, 0.00004937000,3.28000,0.00200
,,, 0.00004938000,3.28000,0.00
,,, 0.00004939000,3.28000,0.00200
,,, 0.00004940000,3.28000,0.00400
,,, 0.00004941000,3.28000,0.00800
,,, 0.00004942000,3.28000,0.01400
,,, 0.00004943000,3.28000,0.01800
,,, 0.00004944000,3.28000,0.02000
,,, 0.00004945000,3.20000,0.02200
,,, 0.00004946000,3.20000,0.02000
,,, 0.00004947000,3.20000,0.01800
,,, 0.00004948000,3.20000,0.01400
,,, 0.00004949000,3.20000,0.00800
,,, 0.00004950000,3.28000,0.00800
,,, 0.00004951000,3.20000,0.00800
,,, 0.00004952000,3.20000,0.00800
,,, 0.00004953000,3.20000,0.01000
,,, 0.00004954000,3.20000,0.01400
,,, 0.00004955000,3.20000,0.01400
,,, 0.00004956000,3.20000,0.01800
,,, 0.00004957000,3.20000,0.01600
,,, 0.00004958000,3.20000,0.01400
,,, 0.00004959000,3.20000,0.01400
,,, 0.00004960000,3.12000,0.01000
,,, 0.00004961000,3.20000,0.00800
,,, 0.00004962000,3.12000,0.00800
,,, 0.00004963000,3.20000,0.00800
,,, 0.00004964000,3.04000,0.00800
,,, 0.00004965000,3.04000,0.00800
,,, 0.00004966000,3.12000,0.00800
,,, 0.00004967000,3.12000,0.00800
,,, 0.00004968000,3.04000,0.00400
,,, 0.00004969000,3.12000,0.00200
,,, 0.00004970000,3.12000,0.00
,,, 0.00004971000,3.04000,-0.00200
,,, 0.00004972000,3.04000,-0.00400
,,, 0.00004973000,3.04000,-0.00400
,,, 0.00004974000,3.04000,-0.00400
,,, 0.00004975000,2.96000,-0.00200
,,, 0.00004976000,3.04000,0.00200
,,, 0.00004977000,2.96000,0.00400
,,, 0.00004978000,3.04000,0.00400
,,, 0.00004979000,3.04000,0.00600
,,, 0.00004980000,2.96000,0.00200
,,, 0.00004981000,2.96000,0.00
,,, 0.00004982000,2.96000,-0.00200
,,, 0.00004983000,2.96000,-0.00800
,,, 0.00004984000,2.96000,-0.00800
,,, 0.00004985000,2.96000,-0.01200
,,, 0.00004986000,2.96000,-0.01000
,,, 0.00004987000,2.96000,-0.01000
,,, 0.00004988000,2.96000,-0.00800
,,, 0.00004989000,2.96000,-0.00600
,,, 0.00004990000,2.96000,-0.00200
,,, 0.00004991000,2.96000,-0.00400
,,, 0.00004992000,2.88000,-0.00400
,,, 0.00004993000,2.88000,-0.00800
,,, 0.00004994000,2.96000,-0.01000
,,, 0.00004995000,2.88000,-0.01600
,,, 0.00004996000,2.88000,-0.01600
,,, 0.00004997000,2.88000,-0.01600
,,, 0.00004998000,2.88000,-0.01600
,,, 0.00004999000,2.88000,-0.01600
,,, 0.00005000000,2.88000,-0.01200
,,, 0.00005001000,2.88000,-0.01000
,,, 0.00005002000,2.88000,-0.00800
,,, 0.00005003000,2.88000,-0.00800
,,, 0.00005004000,2.80000,-0.00800
,,, 0.00005005000,2.88000,-0.00600
,,, 0.00005006000,2.88000,-0.00600
,,, 0.00005007000,2.88000,-0.00600
,,, 0.00005008000,2.80000,-0.00400
,,, 0.00005009000,2.88000,-0.00200
,,, 0.00005010000,2.88000,0.00
,,, 0.00005011000,2.80000,0.00200
,,, 0.00005012000,2.80000,0.00400
,,, 0.00005013000,2.80000,0.00400
,,, 0.00005014000,2.80000,0.00200
,,, 0.00005015000,2.80000,-0.00200
,,, 0.00005016000,2.80000,-0.00200
,,, 0.00005017000,2.80000,-0.00200
,,, 0.00005018000,2.80000,-0.00400
,,, 0.00005019000,2.72000,0.00
,,, 0.00005020000,2.80000,0.00400
,,, 0.00005021000,2.80000,0.00600
,,, 0.00005022000,2.80000,0.01200
,,, 0.00005023000,2.72000,0.01400
,,, 0.00005024000,2.80000,0.01600
,,, 0.00005025000,2.80000,0.01600
,,, 0.00005026000,2.80000,0.01400
,,, 0.00005027000,2.72000,0.01000
,,, 0.00005028000,2.64000,0.00600
,,, 0.00005029000,2.72000,0.00400
,,, 0.00005030000,2.64000,0.00200
,,, 0.00005031000,2.64000,0.00
,,, 0.00005032000,2.64000,0.00200
,,, 0.00005033000,2.64000,0.00400
,,, 0.00005034000,2.64000,0.01000
,,, 0.00005035000,2.64000,0.01400
,,, 0.00005036000,2.64000,0.02000
,,, 0.00005037000,2.64000,0.02000
,,, 0.00005038000,2.64000,0.02200
,,, 0.00005039000,2.64000,0.02200
,,, 0.00005040000,2.56000,0.02200
,,, 0.00005041000,2.64000,0.02000
,,, 0.00005042000,2.56000,0.02000
,,, 0.00005043000,2.64000,0.01600
,,, 0.00005044000,2.56000,0.01600
,,, 0.00005045000,2.64000,0.01400
,,, 0.00005046000,2.56000,0.01600
,,, 0.00005047000,2.56000,0.01600
,,, 0.00005048000,2.56000,0.01400
,,, 0.00005049000,2.48000,0.01400
,,, 0.00005050000,2.48000,0.01400
,,, 0.00005051000,2.56000,0.01200
,,, 0.00005052000,2.56000,0.01200
,,, 0.00005053000,2.56000,0.01000
,,, 0.00005054000,2.56000,0.01400
,,, 0.00005055000,2.56000,0.01200
,,, 0.00005056000,2.56000,0.01400
,,, 0.00005057000,2.48000,0.01400
,,, 0.00005058000,2.56000,0.01600
,,, 0.00005059000,2.48000,0.01000
,,, 0.00005060000,2.48000,0.01000
,,, 0.00005061000,2.48000,0.00600
,,, 0.00005062000,2.48000,0.00400
,,, 0.00005063000,2.48000,-0.00200
,,, 0.00005064000,2.48000,-0.00200
,,, 0.00005065000,2.48000,-0.00400
,,, 0.00005066000,2.48000,0.00400
,,, 0.00005067000,2.40000,-0.00400
,,, 0.00005068000,2.48000,0.00800
,,, 0.00005069000,2.40000,0.00400
,,, 0.00005070000,2.32000,0.00600
,,, 0.00005071000,2.40000,0.00600
,,, 0.00005072000,2.32000,0.00800
,,, 0.00005073000,2.32000,0.00400
,,, 0.00005074000,2.40000,0.00400
,,, 0.00005075000,2.40000,0.00200
,,, 0.00005076000,2.32000,-0.00200
,,, 0.00005077000,2.32000,-0.00600
,,, 0.00005078000,2.32000,-0.00600
,,, 0.00005079000,2.32000,-0.01000
,,, 0.00005080000,2.32000,-0.01200
,,, 0.00005081000,2.32000,-0.01200
,,, 0.00005082000,2.32000,-0.01200
,,, 0.00005083000,2.32000,-0.01400
,,, 0.00005084000,2.24000,-0.01600
,,, 0.00005085000,2.24000,-0.01600
,,, 0.00005086000,2.32000,-0.01600
,,, 0.00005087000,2.24000,-0.01600
,,, 0.00005088000,2.24000,-0.01200
,,, 0.00005089000,2.24000,-0.01000
,,, 0.00005090000,2.24000,-0.01000
,,, 0.00005091000,2.24000,-0.00800
,,, 0.00005092000,2.24000,-0.00800
,,, 0.00005093000,2.24000,-0.01000
,,, 0.00005094000,2.24000,-0.01400
,,, 0.00005095000,2.16000,-0.01600
,,, 0.00005096000,2.24000,-0.01800
,,, 0.00005097000,2.16000,-0.01800
,,, 0.00005098000,2.16000,-0.01800
,,, 0.00005099000,2.24000,-0.01600
,,, 0.00005100000,2.16000,-0.01200
,,, 0.00005101000,2.16000,-0.01000
,,, 0.00005102000,2.16000,-0.00600
,,, 0.00005103000,2.16000,-0.00400
,,, 0.00005104000,2.16000,-0.00200
,,, 0.00005105000,2.16000,-0.00200
,,, 0.00005106000,2.16000,-0.00400
,,, 0.00005107000,2.16000,-0.00800
,,, 0.00005108000,2.16000,-0.01000
,,, 0.00005109000,2.16000,-0.01200
,,, 0.00005110000,2.00000,-0.01600
,,, 0.00005111000,2.16000,-0.01600
,,, 0.00005112000,2.16000,-0.01600
,,, 0.00005113000,2.16000,-0.01000
,,, 0.00005114000,2.08000,-0.00600
,,, 0.00005115000,2.00000,-0.00400
,,, 0.00005116000,2.08000,0.00
,,, 0.00005117000,2.08000,0.00
,,, 0.00005118000,2.00000,0.00200
,,, 0.00005119000,2.08000,0.00400
,,, 0.00005120000,2.00000,0.00400
,,, 0.00005121000,2.00000,0.00400
,,, 0.00005122000,2.00000,0.00400
,,, 0.00005123000,1.92000,0.00600
,,, 0.00005124000,2.00000,0.00600
,,, 0.00005125000,2.00000,0.00600
,,, 0.00005126000,2.00000,0.00600
,,, 0.00005127000,1.92000,0.00600
,,, 0.00005128000,2.00000,0.00600
,,, 0.00005129000,1.92000,0.00600
,,, 0.00005130000,2.00000,0.00800
,,, 0.00005131000,1.92000,0.00600
,,, 0.00005132000,2.00000,0.01000
,,, 0.00005133000,1.92000,0.01200
,,, 0.00005134000,1.92000,0.01400
,,, 0.00005135000,1.92000,0.01600
,,, 0.00005136000,1.92000,0.01800
,,, 0.00005137000,1.92000,0.02000
,,, 0.00005138000,1.92000,0.02000
,,, 0.00005139000,1.84000,0.01800
,,, 0.00005140000,1.84000,0.01600
,,, 0.00005141000,1.92000,0.01400
,,, 0.00005142000,1.84000,0.01400
,,, 0.00005143000,1.84000,0.01200
,,, 0.00005144000,1.84000,0.01200
,,, 0.00005145000,1.84000,0.01200
,,, 0.00005146000,1.84000,0.01600
,,, 0.00005147000,1.76000,0.02000
,,, 0.00005148000,1.76000,0.02000
,,, 0.00005149000,1.76000,0.02200
,,, 0.00005150000,1.76000,0.02200
,,, 0.00005151000,1.76000,0.02200
,,, 0.00005152000,1.76000,0.02200
,,, 0.00005153000,1.76000,0.01800
,,, 0.00005154000,1.76000,0.02000
,,, 0.00005155000,1.68000,0.01600
,,, 0.00005156000,1.76000,0.01400
,,, 0.00005157000,1.76000,0.01400
,,, 0.00005158000,1.76000,0.01200
,,, 0.00005159000,1.68000,0.01000
,,, 0.00005160000,1.68000,0.00800
,,, 0.00005161000,1.68000,0.00600
,,, 0.00005162000,1.68000,0.00600
,,, 0.00005163000,1.68000,0.00400
,,, 0.00005164000,1.68000,0.00400
,,, 0.00005165000,1.68000,0.00400
,,, 0.00005166000,1.68000,0.00600
,,, 0.00005167000,1.68000,0.00400
,,, 0.00005168000,1.68000,0.00600
,,, 0.00005169000,1.68000,0.00600
,,, 0.00005170000,1.68000,0.00600
,,, 0.00005171000,1.60000,0.00200
,,, 0.00005172000,1.60000,0.00
,,, 0.00005173000,1.60000,-0.00400
,,, 0.00005174000,1.68000,-0.00600
,,, 0.00005175000,1.60000,-0.00800
,,, 0.00005176000,1.60000,-0.00800
,,, 0.00005177000,1.60000,-0.00800
,,, 0.00005178000,1.60000,-0.00400
,,, 0.00005179000,1.60000,-0.00200
,,, 0.00005180000,1.60000,0.00
,,, 0.00005181000,1.52000,0.00
,,, 0.00005182000,1.52000,0.00200
,,, 0.00005183000,1.52000,0.00200
,,, 0.00005184000,1.52000,0.00
,,, 0.00005185000,1.52000,-0.00200
,,, 0.00005186000,1.52000,-0.00400
,,, 0.00005187000,1.52000,-0.00600
,,, 0.00005188000,1.52000,-0.00800
,,, 0.00005189000,1.52000,-0.01200
,,, 0.00005190000,1.52000,-0.01000
,,, 0.00005191000,1.52000,-0.01200
,,, 0.00005192000,1.52000,-0.01400
,,, 0.00005193000,1.52000,-0.01400
,,, 0.00005194000,1.52000,-0.01200
,,, 0.00005195000,1.52000,-0.01400
,,, 0.00005196000,1.36000,-0.01200
,,, 0.00005197000,1.52000,-0.01200
,,, 0.00005198000,1.36000,-0.01000
,,, 0.00005199000,1.44000,-0.00800
,,, 0.00005200000,1.44000,-0.00800
,,, 0.00005201000,1.36000,-0.00800
,,, 0.00005202000,1.36000,-0.00400
,,, 0.00005203000,1.36000,-0.00400
,,, 0.00005204000,1.36000,-0.00400
,,, 0.00005205000,1.36000,-0.00400
,,, 0.00005206000,1.36000,-0.00600
,,, 0.00005207000,1.28000,-0.00600
,,, 0.00005208000,1.28000,-0.00800
,,, 0.00005209000,1.28000,-0.00800
,,, 0.00005210000,1.36000,-0.00200
,,, 0.00005211000,1.28000,-0.00200
,,, 0.00005212000,1.36000,0.00400
,,, 0.00005213000,1.28000,0.00400
,,, 0.00005214000,1.28000,0.01000
,,, 0.00005215000,1.28000,0.01200
,,, 0.00005216000,1.28000,0.01200
,,, 0.00005217000,1.28000,0.01000
,,, 0.00005218000,1.28000,0.00800
,,, 0.00005219000,1.28000,0.00400
,,, 0.00005220000,1.28000,0.00200
,,, 0.00005221000,1.28000,-0.00200
,,, 0.00005222000,1.28000,-0.00200
,,, 0.00005223000,1.28000,0.00
,,, 0.00005224000,1.28000,0.00400
,,, 0.00005225000,1.28000,0.00600
,,, 0.00005226000,1.20000,0.00800
,,, 0.00005227000,1.20000,0.01000
,,, 0.00005228000,1.20000,0.01200
,,, 0.00005229000,1.20000,0.01200
,,, 0.00005230000,1.12000,0.01200
,,, 0.00005231000,1.20000,0.01200
,,, 0.00005232000,1.20000,0.01200
,,, 0.00005233000,1.12000,0.01200
,,, 0.00005234000,1.12000,0.01600
,,, 0.00005235000,1.12000,0.01600
,,, 0.00005236000,1.12000,0.01800
,,, 0.00005237000,1.12000,0.02000
,,, 0.00005238000,1.12000,0.02000
,,, 0.00005239000,1.12000,0.01600
,,, 0.00005240000,1.04000,0.01600
,,, 0.00005241000,1.04000,0.01400
,,, 0.00005242000,1.04000,0.01400
,,, 0.00005243000,1.04000,0.01400
,,, 0.00005244000,1.04000,0.01400
,,, 0.00005245000,1.04000,0.01400
,,, 0.00005246000,1.04000,0.01600
,,, 0.00005247000,1.04000,0.01800
,,, 0.00005248000,1.04000,0.02000
,,, 0.00005249000,1.04000,0.01600
,,, 0.00005250000,1.04000,0.01600
,,, 0.00005251000,1.04000,0.01200
,,, 0.00005252000,1.04000,0.00800
,,, 0.00005253000,1.04000,0.00600
,,, 0.00005254000,1.04000,0.00400
,,, 0.00005255000,1.04000,0.00200
,,, 0.00005256000,0.96000,0.00400
,,, 0.00005257000,0.96000,0.00600
,,, 0.00005258000,0.96000,0.00800
,,, 0.00005259000,0.96000,0.01000
,,, 0.00005260000,0.96000,0.01200
,,, 0.00005261000,0.96000,0.01200
,,, 0.00005262000,0.96000,0.01400
,,, 0.00005263000,0.88000,0.01200
,,, 0.00005264000,0.96000,0.00800
,,, 0.00005265000,0.88000,0.00600
,,, 0.00005266000,0.96000,0.00400
,,, 0.00005267000,0.88000,0.00
,,, 0.00005268000,0.88000,-0.00200
,,, 0.00005269000,0.88000,-0.00400
,,, 0.00005270000,0.88000,-0.00200
,,, 0.00005271000,0.88000,-0.00400
,,, 0.00005272000,0.88000,-0.00400
,,, 0.00005273000,0.88000,-0.00400
,,, 0.00005274000,0.88000,-0.00400
,,, 0.00005275000,0.80000,-0.00600
,,, 0.00005276000,0.88000,-0.00800
,,, 0.00005277000,0.72000,-0.00800
,,, 0.00005278000,0.72000,-0.01000
,,, 0.00005279000,0.72000,-0.01000
,,, 0.00005280000,0.80000,-0.01400
,,, 0.00005281000,0.72000,-0.00800
,,, 0.00005282000,0.72000,-0.01400
,,, 0.00005283000,0.72000,-0.01000
,,, 0.00005284000,0.72000,-0.01600
,,, 0.00005285000,0.72000,-0.01800
,,, 0.00005286000,0.72000,-0.01800
,,, 0.00005287000,0.64000,-0.02000
,,, 0.00005288000,0.72000,-0.02400
,,, 0.00005289000,0.72000,-0.01800
,,, 0.00005290000,0.72000,-0.01600
,,, 0.00005291000,0.64000,-0.01000
,,, 0.00005292000,0.72000,-0.01000
,,, 0.00005293000,0.64000,-0.00200
,,, 0.00005294000,0.64000,-0.00200
,,, 0.00005295000,0.64000,-0.00200
,,, 0.00005296000,0.64000,-0.00200
,,, 0.00005297000,0.64000,-0.00400
,,, 0.00005298000,0.64000,-0.00800
,,, 0.00005299000,0.56000,-0.01400
,,, 0.00005300000,0.56000,-0.01600
,,, 0.00005301000,0.64000,-0.01600
,,, 0.00005302000,0.64000,-0.01800
,,, 0.00005303000,0.56000,-0.01600
,,, 0.00005304000,0.64000,-0.01200
,,, 0.00005305000,0.56000,-0.01000
,,, 0.00005306000,0.48000,-0.00600
,,, 0.00005307000,0.56000,-0.00200
,,, 0.00005308000,0.56000,-0.00400
,,, 0.00005309000,0.48000,0.00
,,, 0.00005310000,0.48000,-0.00400
,,, 0.00005311000,0.48000,0.00
,,, 0.00005312000,0.48000,-0.00400
,,, 0.00005313000,0.48000,-0.00200
,,, 0.00005314000,0.48000,0.00
,,, 0.00005315000,0.48000,0.00
,,, 0.00005316000,0.48000,0.00200
,,, 0.00005317000,0.40000,0.00200
,,, 0.00005318000,0.48000,0.00600
,,, 0.00005319000,0.48000,0.00400
,,, 0.00005320000,0.40000,0.00600
,,, 0.00005321000,0.40000,0.00400
,,, 0.00005322000,0.40000,0.00800
,,, 0.00005323000,0.40000,0.01000
,,, 0.00005324000,0.40000,0.01200
,,, 0.00005325000,0.40000,0.01800
,,, 0.00005326000,0.40000,0.02400
,,, 0.00005327000,0.40000,0.02600
,,, 0.00005328000,0.40000,0.02800
,,, 0.00005329000,0.40000,0.02600
,,, 0.00005330000,0.40000,0.02200
,,, 0.00005331000,0.32000,0.02000
,,, 0.00005332000,0.32000,0.01400
,,, 0.00005333000,0.32000,0.00600
,,, 0.00005334000,0.32000,0.00400
,,, 0.00005335000,0.32000,0.00400
,,, 0.00005336000,0.32000,0.00600
,,, 0.00005337000,0.32000,0.00800
,,, 0.00005338000,0.32000,0.01400
,,, 0.00005339000,0.24000,0.02000
,,, 0.00005340000,0.32000,0.02200
,,, 0.00005341000,0.24000,0.02200
,,, 0.00005342000,0.24000,0.02400
,,, 0.00005343000,0.32000,0.02000
,,, 0.00005344000,0.24000,0.01600
,,, 0.00005345000,0.24000,0.01400
,,, 0.00005346000,0.24000,0.01200
,,, 0.00005347000,0.24000,0.01200
,,, 0.00005348000,0.24000,0.01200
,,, 0.00005349000,0.24000,0.01200
,,, 0.00005350000,0.24000,0.01400
,,, 0.00005351000,0.24000,0.01200
,,, 0.00005352000,0.24000,0.01800
,,, 0.00005353000,0.24000,0.01400
,,, 0.00005354000,0.24000,0.01800
,,, 0.00005355000,0.16000,0.01800
,,, 0.00005356000,0.24000,0.01400
,,, 0.00005357000,0.16000,0.01600
,,, 0.00005358000,0.08000,0.01400
,,, 0.00005359000,0.08000,0.01400
,,, 0.00005360000,0.08000,0.01200
,,, 0.00005361000,0.24000,0.01400
,,, 0.00005362000,0.08000,0.01200
,,, 0.00005363000,0.08000,0.00800
,,, 0.00005364000,0.08000,0.00600
,,, 0.00005365000,0.08000,0.00400
,,, 0.00005366000,0.00,0.00
,,, 0.00005367000,0.08000,-0.00400
,,, 0.00005368000,0.08000,-0.00600
,,, 0.00005369000,0.08000,-0.00800
,,, 0.00005370000,0.08000,-0.00800
,,, 0.00005371000,0.08000,-0.00600
,,, 0.00005372000,0.08000,-0.00200
,,, 0.00005373000,0.00,0.00
,,, 0.00005374000,0.00,0.00400
,,, 0.00005375000,0.00,0.00400
,,, 0.00005376000,0.00,0.00400
,,, 0.00005377000,-0.08000,0.00
,,, 0.00005378000,0.00,-0.00400
,,, 0.00005379000,0.00,-0.00600
,,, 0.00005380000,-0.08000,-0.00800
,,, 0.00005381000,-0.08000,-0.01200
,,, 0.00005382000,-0.08000,-0.01200
,,, 0.00005383000,-0.08000,-0.01000
,,, 0.00005384000,-0.08000,-0.00800
,,, 0.00005385000,-0.08000,-0.00600
,,, 0.00005386000,-0.08000,-0.00400
,,, 0.00005387000,-0.08000,-0.00400
,,, 0.00005388000,-0.16000,-0.00400
,,, 0.00005389000,-0.16000,-0.00400
,,, 0.00005390000,-0.16000,-0.00400
,,, 0.00005391000,-0.16000,-0.00800
,,, 0.00005392000,-0.24000,-0.00800
,,, 0.00005393000,-0.16000,-0.00800
,,, 0.00005394000,-0.16000,-0.00800
,,, 0.00005395000,-0.16000,-0.01000
,,, 0.00005396000,-0.24000,-0.00800
,,, 0.00005397000,-0.24000,-0.01000
,,, 0.00005398000,-0.16000,-0.01200
,,, 0.00005399000,-0.24000,-0.01400
,,, 0.00005400000,-0.24000,-0.01400
,,, 0.00005401000,-0.24000,-0.01600
,,, 0.00005402000,-0.24000,-0.01200
,,, 0.00005403000,-0.24000,-0.01200
,,, 0.00005404000,-0.32000,-0.00600
,,, 0.00005405000,-0.24000,-0.00400
,,, 0.00005406000,-0.32000,0.00
,,, 0.00005407000,-0.32000,0.00200
,,, 0.00005408000,-0.32000,0.00600
,,, 0.00005409000,-0.24000,0.00600
,,, 0.00005410000,-0.32000,0.00400
,,, 0.00005411000,-0.32000,0.00200
,,, 0.00005412000,-0.32000,0.00
,,, 0.00005413000,-0.32000,0.00
,,, 0.00005414000,-0.32000,0.00
,,, 0.00005415000,-0.40000,0.00200
,,, 0.00005416000,-0.32000,0.00600
,,, 0.00005417000,-0.40000,0.00800
,,, 0.00005418000,-0.32000,0.01200
,,, 0.00005419000,-0.32000,0.01600
,,, 0.00005420000,-0.40000,0.02000
,,, 0.00005421000,-0.40000,0.01800
,,, 0.00005422000,-0.40000,0.02000
,,, 0.00005423000,-0.40000,0.01600
,,, 0.00005424000,-0.40000,0.01200
,,, 0.00005425000,-0.40000,0.00800
,,, 0.00005426000,-0.40000,0.00800
,,, 0.00005427000,-0.40000,0.00800
,,, 0.00005428000,-0.40000,0.00800
,,, 0.00005429000,-0.40000,0.00800
,,, 0.00005430000,-0.48000,0.01000
,,, 0.00005431000,-0.48000,0.01200
,,, 0.00005432000,-0.56000,0.01400
,,, 0.00005433000,-0.56000,0.01600
,,, 0.00005434000,-0.48000,0.02000
,,, 0.00005435000,-0.56000,0.02000
,,, 0.00005436000,-0.56000,0.02200
,,, 0.00005437000,-0.56000,0.02400
,,, 0.00005438000,-0.56000,0.02400
,,, 0.00005439000,-0.56000,0.02600
,,, 0.00005440000,-0.56000,0.02600
,,, 0.00005441000,-0.64000,0.02400
,,, 0.00005442000,-0.56000,0.02400
,,, 0.00005443000,-0.64000,0.02200
,,, 0.00005444000,-0.56000,0.02200
,,, 0.00005445000,-0.64000,0.01800
,,, 0.00005446000,-0.56000,0.01600
,,, 0.00005447000,-0.64000,0.01600
,,, 0.00005448000,-0.64000,0.01600
,,, 0.00005449000,-0.56000,0.01600
,,, 0.00005450000,-0.64000,0.01800
,,, 0.00005451000,-0.64000,0.01800
,,, 0.00005452000,-0.64000,0.01800
,,, 0.00005453000,-0.64000,0.01800
,,, 0.00005454000,-0.64000,0.01400
,,, 0.00005455000,-0.64000,0.01400
,,, 0.00005456000,-0.64000,0.01000
,,, 0.00005457000,-0.64000,0.00600
,,, 0.00005458000,-0.64000,0.00400
,,, 0.00005459000,-0.72000,0.00200
,,, 0.00005460000,-0.72000,0.00
,,, 0.00005461000,-0.64000,0.00
,,, 0.00005462000,-0.72000,0.00
,,, 0.00005463000,-0.72000,0.00
,,, 0.00005464000,-0.72000,0.00
,,, 0.00005465000,-0.80000,0.00200
,,, 0.00005466000,-0.80000,0.00400
,,, 0.00005467000,-0.80000,0.00400
,,, 0.00005468000,-0.80000,0.00400
,,, 0.00005469000,-0.72000,0.00200
,,, 0.00005470000,-0.80000,0.00400
,,, 0.00005471000,-0.80000,0.00200
,,, 0.00005472000,-0.80000,0.00
,,, 0.00005473000,-0.80000,0.00
,,, 0.00005474000,-0.88000,-0.00200
,,, 0.00005475000,-0.80000,-0.00400
,,, 0.00005476000,-0.80000,-0.00400
,,, 0.00005477000,-0.80000,-0.00800
,,, 0.00005478000,-0.88000,-0.01200
,,, 0.00005479000,-0.88000,-0.01200
,,, 0.00005480000,-0.88000,-0.01200
,,, 0.00005481000,-0.88000,-0.01600
,,, 0.00005482000,-0.88000,-0.01600
,,, 0.00005483000,-0.96000,-0.01600
,,, 0.00005484000,-0.88000,-0.01200
,,, 0.00005485000,-0.88000,-0.01000
,,, 0.00005486000,-0.96000,-0.00800
,,, 0.00005487000,-0.96000,-0.00800
,,, 0.00005488000,-0.96000,-0.00800
,,, 0.00005489000,-0.88000,-0.01000
,,, 0.00005490000,-0.96000,-0.01000
,,, 0.00005491000,-0.96000,-0.01200
,,, 0.00005492000,-0.96000,-0.01600
,,, 0.00005493000,-0.96000,-0.01400
,,, 0.00005494000,-0.96000,-0.01200
,,, 0.00005495000,-0.96000,-0.01000
,,, 0.00005496000,-0.96000,-0.00600
,,, 0.00005497000,-0.96000,-0.00200
,,, 0.00005498000,-1.04000,0.00200
,,, 0.00005499000,-1.04000,0.00400
,,, 0.00005500000,-1.04000,0.00600
,,, 0.00005501000,-1.04000,0.00400
,,, 0.00005502000,-1.04000,0.00400
,,, 0.00005503000,-1.04000,0.00200
,,, 0.00005504000,-1.04000,0.00200
,,, 0.00005505000,-1.04000,0.00200
,,, 0.00005506000,-1.04000,0.00
,,, 0.00005507000,-1.04000,0.00
,,, 0.00005508000,-1.04000,0.00200
,,, 0.00005509000,-1.12000,0.00
,,, 0.00005510000,-1.04000,-0.00200
,,, 0.00005511000,-1.20000,0.00
,,, 0.00005512000,-1.20000,0.00400
,,, 0.00005513000,-1.20000,0.00400
,,, 0.00005514000,-1.04000,0.00400
,,, 0.00005515000,-1.20000,0.01200
,,, 0.00005516000,-1.20000,0.01200
,,, 0.00005517000,-1.20000,0.01200
,,, 0.00005518000,-1.20000,0.01400
,,, 0.00005519000,-1.20000,0.01600
,,, 0.00005520000,-1.20000,0.01200
,,, 0.00005521000,-1.20000,0.01200
,,, 0.00005522000,-1.20000,0.01200
,,, 0.00005523000,-1.28000,0.01200
,,, 0.00005524000,-1.20000,0.01200
,,, 0.00005525000,-1.28000,0.01200
,,, 0.00005526000,-1.20000,0.01600
,,, 0.00005527000,-1.28000,0.02000
,,, 0.00005528000,-1.28000,0.02400
,,, 0.00005529000,-1.28000,0.03000
,,, 0.00005530000,-1.28000,0.03200
,,, 0.00005531000,-1.28000,0.03200
,,, 0.00005532000,-1.28000,0.03600
,,, 0.00005533000,-1.28000,0.03000
,,, 0.00005534000,-1.28000,0.03200
,,, 0.00005535000,-1.28000,0.03000
,,, 0.00005536000,-1.36000,0.02400
,,, 0.00005537000,-1.28000,0.02000
,,, 0.00005538000,-1.36000,0.02200
,,, 0.00005539000,-1.36000,0.02000
,,, 0.00005540000,-1.36000,0.01800
,,, 0.00005541000,-1.36000,0.01800
,,, 0.00005542000,-1.36000,0.02000
,,, 0.00005543000,-1.44000,0.02000
,,, 0.00005544000,-1.36000,0.02000
,,, 0.00005545000,-1.44000,0.02000
,,, 0.00005546000,-1.36000,0.01800
,,, 0.00005547000,-1.44000,0.01600
,,, 0.00005548000,-1.44000,0.01600
,,, 0.00005549000,-1.44000,0.01600
,,, 0.00005550000,-1.52000,0.01800
,,, 0.00005551000,-1.44000,0.01600
,,, 0.00005552000,-1.44000,0.01600
,,, 0.00005553000,-1.52000,0.01600
,,, 0.00005554000,-1.44000,0.02000
,,, 0.00005555000,-1.52000,0.01400
,,, 0.00005556000,-1.52000,0.01200
,,, 0.00005557000,-1.52000,0.01200
,,, 0.00005558000,-1.52000,0.01200
,,, 0.00005559000,-1.52000,0.01000
,,, 0.00005560000,-1.52000,0.01200
,,, 0.00005561000,-1.52000,0.01000
,,, 0.00005562000,-1.52000,0.01400
,,, 0.00005563000,-1.52000,0.01400
,,, 0.00005564000,-1.60000,0.01600
,,, 0.00005565000,-1.60000,0.01400
,,, 0.00005566000,-1.60000,0.01200
,,, 0.00005567000,-1.60000,0.00800
,,, 0.00005568000,-1.60000,0.00400
,,, 0.00005569000,-1.60000,-0.00200
,,, 0.00005570000,-1.60000,-0.00800
,,, 0.00005571000,-1.60000,-0.01200
,,, 0.00005572000,-1.60000,-0.01200
,,, 0.00005573000,-1.60000,-0.01200
,,, 0.00005574000,-1.60000,-0.01200
,,, 0.00005575000,-1.60000,-0.01000
,,, 0.00005576000,-1.60000,-0.00800
,,, 0.00005577000,-1.60000,-0.00600
,,, 0.00005578000,-1.68000,-0.00400
,,, 0.00005579000,-1.68000,-0.00200
,,, 0.00005580000,-1.68000,-0.00200
,,, 0.00005581000,-1.68000,-0.00200
,,, 0.00005582000,-1.68000,-0.00200
,,, 0.00005583000,-1.68000,-0.00600
,,, 0.00005584000,-1.68000,-0.00400
,,, 0.00005585000,-1.68000,-0.00600
,,, 0.00005586000,-1.68000,-0.00400
,,, 0.00005587000,-1.68000,-0.00400
,,, 0.00005588000,-1.68000,-0.00400
,,, 0.00005589000,-1.76000,-0.00600
,,, 0.00005590000,-1.68000,-0.00400
,,, 0.00005591000,-1.68000,-0.00400
,,, 0.00005592000,-1.84000,-0.00400
,,, 0.00005593000,-1.76000,-0.00400
,,, 0.00005594000,-1.68000,-0.00200
,,, 0.00005595000,-1.84000,0.00
,,, 0.00005596000,-1.84000,0.00400
,,, 0.00005597000,-1.84000,0.00400
,,, 0.00005598000,-1.84000,0.00600
,,, 0.00005599000,-1.84000,0.00400
,,, 0.00005600000,-1.84000,0.00400
,,, 0.00005601000,-1.84000,0.00
,,, 0.00005602000,-1.84000,-0.00400
,,, 0.00005603000,-1.84000,-0.00800
,,, 0.00005604000,-1.84000,-0.01000
,,, 0.00005605000,-1.84000,-0.01000
,,, 0.00005606000,-1.92000,-0.00800
,,, 0.00005607000,-1.84000,-0.00200
,,, 0.00005608000,-1.92000,0.00600
,,, 0.00005609000,-1.92000,0.01200
,,, 0.00005610000,-1.92000,0.01800
,,, 0.00005611000,-1.92000,0.02000
,,, 0.00005612000,-1.92000,0.02400
,,, 0.00005613000,-1.92000,0.02000
,,, 0.00005614000,-1.92000,0.02000
,,, 0.00005615000,-1.92000,0.01600
,,, 0.00005616000,-1.92000,0.01400
,,, 0.00005617000,-1.92000,0.01200
,,, 0.00005618000,-1.92000,0.01200
,,, 0.00005619000,-1.92000,0.01200
,,, 0.00005620000,-1.92000,0.01600
,,, 0.00005621000,-1.92000,0.01600
,,, 0.00005622000,-1.92000,0.01800
,,, 0.00005623000,-2.00000,0.02000
,,, 0.00005624000,-2.08000,0.02000
,,, 0.00005625000,-2.00000,0.01600
,,, 0.00005626000,-2.08000,0.01600
,,, 0.00005627000,-2.08000,0.01400
,,, 0.00005628000,-2.08000,0.01600
,,, 0.00005629000,-2.08000,0.01600
,,, 0.00005630000,-2.08000,0.01600
,,, 0.00005631000,-2.08000,0.02000
,,, 0.00005632000,-2.00000,0.02000
,,, 0.00005633000,-2.08000,0.01800
,,, 0.00005634000,-2.08000,0.01800
,,, 0.00005635000,-2.16000,0.01400
,,, 0.00005636000,-2.16000,0.01400
,,, 0.00005637000,-2.16000,0.01200
,,, 0.00005638000,-2.08000,0.00800
,,, 0.00005639000,-2.16000,0.00800
,,, 0.00005640000,-2.16000,0.01000
,,, 0.00005641000,-2.16000,0.01200
,,, 0.00005642000,-2.16000,0.01600
,,, 0.00005643000,-2.16000,0.01800
,,, 0.00005644000,-2.16000,0.02000
,,, 0.00005645000,-2.16000,0.02000
,,, 0.00005646000,-2.16000,0.02000
,,, 0.00005647000,-2.16000,0.02000
,,, 0.00005648000,-2.16000,0.01400
,,, 0.00005649000,-2.24000,0.01000
,,, 0.00005650000,-2.16000,0.00800
,,, 0.00005651000,-2.24000,0.00400
,,, 0.00005652000,-2.24000,0.00
,,, 0.00005653000,-2.24000,0.00200
,,, 0.00005654000,-2.24000,0.00400
,,, 0.00005655000,-2.24000,0.00200
,,, 0.00005656000,-2.24000,0.00400
,,, 0.00005657000,-2.24000,0.00400
,,, 0.00005658000,-2.24000,0.00400
,,, 0.00005659000,-2.24000,0.00200
,,, 0.00005660000,-2.32000,-0.00200
,,, 0.00005661000,-2.32000,-0.00200
,,, 0.00005662000,-2.32000,-0.00400
,,, 0.00005663000,-2.32000,-0.00600
,,, 0.00005664000,-2.24000,-0.00600
,,, 0.00005665000,-2.32000,-0.00400
,,, 0.00005666000,-2.32000,-0.00400
,,, 0.00005667000,-2.32000,-0.00400
,,, 0.00005668000,-2.32000,-0.00400
,,, 0.00005669000,-2.32000,-0.00600
,,, 0.00005670000,-2.32000,-0.00800
,,, 0.00005671000,-2.48000,-0.00800
,,, 0.00005672000,-2.32000,-0.00800
,,, 0.00005673000,-2.48000,-0.00800
,,, 0.00005674000,-2.40000,-0.00800
,,, 0.00005675000,-2.40000,-0.00400
,,, 0.00005676000,-2.32000,-0.00200
,,, 0.00005677000,-2.48000,0.00
,,, 0.00005678000,-2.40000,0.00
,,, 0.00005679000,-2.48000,0.00
,,, 0.00005680000,-2.48000,-0.00200
,,, 0.00005681000,-2.40000,-0.00600
,,, 0.00005682000,-2.48000,-0.01000
,,, 0.00005683000,-2.48000,-0.01600
,,, 0.00005684000,-2.48000,-0.01600
,,, 0.00005685000,-2.48000,-0.01800
,,, 0.00005686000,-2.48000,-0.01600
,,, 0.00005687000,-2.48000,-0.01400
,,, 0.00005688000,-2.56000,-0.00800
,,, 0.00005689000,-2.48000,-0.00400
,,, 0.00005690000,-2.48000,0.00
,,, 0.00005691000,-2.56000,0.00
,,, 0.00005692000,-2.48000,0.00200
,,, 0.00005693000,-2.48000,0.00
,,, 0.00005694000,-2.48000,0.00
,,, 0.00005695000,-2.56000,-0.00400
,,, 0.00005696000,-2.56000,-0.00600
,,, 0.00005697000,-2.56000,-0.00800
,,, 0.00005698000,-2.56000,-0.00800
,,, 0.00005699000,-2.48000,-0.00400
,,, 0.00005700000,-2.56000,0.00
,,, 0.00005701000,-2.56000,0.00200
,,, 0.00005702000,-2.64000,0.00600
,,, 0.00005703000,-2.56000,0.00800
,,, 0.00005704000,-2.56000,0.01200
,,, 0.00005705000,-2.56000,0.01200
,,, 0.00005706000,-2.56000,0.01200
,,, 0.00005707000,-2.64000,0.01200
,,, 0.00005708000,-2.64000,0.01200
,,, 0.00005709000,-2.64000,0.01200
,,, 0.00005710000,-2.64000,0.01400
,,, 0.00005711000,-2.72000,0.01400
,,, 0.00005712000,-2.64000,0.01400
,,, 0.00005713000,-2.64000,0.01400
,,, 0.00005714000,-2.64000,0.01400
,,, 0.00005715000,-2.80000,0.01200
,,, 0.00005716000,-2.64000,0.01200
,,, 0.00005717000,-2.72000,0.01200
,,, 0.00005718000,-2.80000,0.01000
,,, 0.00005719000,-2.72000,0.01200
,,, 0.00005720000,-2.72000,0.01600
,,, 0.00005721000,-2.72000,0.01800
,,, 0.00005722000,-2.80000,0.02200
,,, 0.00005723000,-2.80000,0.02400
,,, 0.00005724000,-2.72000,0.02600
,,, 0.00005725000,-2.80000,0.02600
,,, 0.00005726000,-2.72000,0.02400
,,, 0.00005727000,-2.80000,0.02200
,,, 0.00005728000,-2.80000,0.02000
,,, 0.00005729000,-2.80000,0.02000
,,, 0.00005730000,-2.80000,0.02000
,,, 0.00005731000,-2.80000,0.01800
,,, 0.00005732000,-2.80000,0.02000
,,, 0.00005733000,-2.80000,0.02200
,,, 0.00005734000,-2.88000,0.02400
,,, 0.00005735000,-2.80000,0.02400
,,, 0.00005736000,-2.80000,0.02800
,,, 0.00005737000,-2.80000,0.02800
,,, 0.00005738000,-2.88000,0.02800
,,, 0.00005739000,-2.80000,0.02600
,,, 0.00005740000,-2.88000,0.02400
,,, 0.00005741000,-2.88000,0.02200
,,, 0.00005742000,-2.88000,0.02000
,,, 0.00005743000,-2.88000,0.01800
,,, 0.00005744000,-2.80000,0.01600
,,, 0.00005745000,-2.88000,0.01400
,,, 0.00005746000,-2.96000,0.01600
,,, 0.00005747000,-2.88000,0.01400
,,, 0.00005748000,-2.96000,0.01200
,,, 0.00005749000,-2.88000,0.01000
,,, 0.00005750000,-2.88000,0.01000
,,, 0.00005751000,-2.96000,0.00800
,,, 0.00005752000,-2.96000,0.00800
,,, 0.00005753000,-2.96000,0.00800
,,, 0.00005754000,-2.96000,0.00800
,,, 0.00005755000,-2.96000,0.00800
,,, 0.00005756000,-2.96000,0.01000
,,, 0.00005757000,-2.96000,0.01200
,,, 0.00005758000,-3.04000,0.01200
,,, 0.00005759000,-3.04000,0.01000
,,, 0.00005760000,-2.96000,0.00800
,,, 0.00005761000,-2.96000,0.00600
,,, 0.00005762000,-2.96000,0.00
,,, 0.00005763000,-2.96000,-0.00200
,,, 0.00005764000,-2.96000,-0.00400
,,, 0.00005765000,-2.96000,-0.00400
,,, 0.00005766000,-2.96000,-0.00400
,,, 0.00005767000,-2.96000,-0.00200
,,, 0.00005768000,-3.12000,0.00
,,, 0.00005769000,-3.12000,0.00400
,,, 0.00005770000,-3.12000,0.00600
,,, 0.00005771000,-3.12000,0.00800
,,, 0.00005772000,-3.12000,0.00400
,,, 0.00005773000,-3.12000,0.00
,,, 0.00005774000,-3.12000,-0.00200
,,, 0.00005775000,-3.12000,-0.00800
,,, 0.00005776000,-3.12000,-0.01000
,,, 0.00005777000,-2.96000,-0.01200
,,, 0.00005778000,-3.12000,-0.01200
,,, 0.00005779000,-3.12000,-0.01000
,,, 0.00005780000,-3.12000,-0.00800
,,, 0.00005781000,-3.12000,-0.00800
,,, 0.00005782000,-3.20000,-0.00400
,,, 0.00005783000,-3.20000,-0.00400
,,, 0.00005784000,-3.12000,-0.00200
,,, 0.00005785000,-3.20000,0.00
,,, 0.00005786000,-3.20000,0.00
,,, 0.00005787000,-3.20000,0.00
,,, 0.00005788000,-3.12000,0.00
,,, 0.00005789000,-3.12000,0.00
,,, 0.00005790000,-3.20000,0.00
,,, 0.00005791000,-3.20000,0.00
,,, 0.00005792000,-3.20000,-0.00200
,,, 0.00005793000,-3.20000,-0.00200
,,, 0.00005794000,-3.20000,-0.00200
,,, 0.00005795000,-3.20000,-0.00400
,,, 0.00005796000,-3.20000,-0.00400
,,, 0.00005797000,-3.20000,-0.00200
,,, 0.00005798000,-3.28000,-0.00200
,,, 0.00005799000,-3.20000,0.00200
,,, 0.00005800000,-3.28000,0.00400
,,, 0.00005801000,-3.28000,0.00600
,,, 0.00005802000,-3.28000,0.01000
,,, 0.00005803000,-3.28000,0.01000
,,, 0.00005804000,-3.28000,0.01000
,,, 0.00005805000,-3.28000,0.01200
,,, 0.00005806000,-3.28000,0.00800
,,, 0.00005807000,-3.28000,0.00800
,,, 0.00005808000,-3.36000,0.00600
,,, 0.00005809000,-3.36000,0.00400
,,, 0.00005810000,-3.28000,0.00600
,,, 0.00005811000,-3.36000,0.00200
,,, 0.00005812000,-3.36000,0.00600
,,, 0.00005813000,-3.36000,0.01200
,,, 0.00005814000,-3.36000,0.01200
,,, 0.00005815000,-3.28000,0.02000
,,, 0.00005816000,-3.36000,0.01400
,,, 0.00005817000,-3.36000,0.02200
,,, 0.00005818000,-3.36000,0.02000
,,, 0.00005819000,-3.36000,0.02200
,,, 0.00005820000,-3.36000,0.02000
,,, 0.00005821000,-3.36000,0.02000
,,, 0.00005822000,-3.36000,0.02000
,,, 0.00005823000,-3.36000,0.01600
,,, 0.00005824000,-3.36000,0.01600
,,, 0.00005825000,-3.52000,0.01600
,,, 0.00005826000,-3.36000,0.01400
,,, 0.00005827000,-3.52000,0.01400
,,, 0.00005828000,-3.52000,0.01200
,,, 0.00005829000,-3.52000,0.01400
,,, 0.00005830000,-3.52000,0.01400
,,, 0.00005831000,-3.52000,0.01600
,,, 0.00005832000,-3.52000,0.02000
,,, 0.00005833000,-3.52000,0.02000
,,, 0.00005834000,-3.60000,0.02400
,,, 0.00005835000,-3.52000,0.02400
,,, 0.00005836000,-3.52000,0.02400
,,, 0.00005837000,-3.52000,0.02200
,,, 0.00005838000,-3.52000,0.02000
,,, 0.00005839000,-3.52000,0.01400
,,, 0.00005840000,-3.52000,0.01200
,,, 0.00005841000,-3.60000,0.01000
,,, 0.00005842000,-3.60000,0.00600
,,, 0.00005843000,-3.60000,0.00800
,,, 0.00005844000,-3.60000,0.00800
,,, 0.00005845000,-3.60000,0.00800
,,, 0.00005846000,-3.60000,0.01200
,,, 0.00005847000,-3.60000,0.01400
,,, 0.00005848000,-3.60000,0.01600
,,, 0.00005849000,-3.60000,0.01600
,,, 0.00005850000,-3.68000,0.01600
,,, 0.00005851000,-3.60000,0.01400
,,, 0.00005852000,-3.60000,0.01200
,,, 0.00005853000,-3.60000,0.00800
,,, 0.00005854000,-3.68000,0.00800
,,, 0.00005855000,-3.60000,0.00400
,,, 0.00005856000,-3.60000,0.00200
,,, 0.00005857000,-3.68000,0.00
,,, 0.00005858000,-3.60000,-0.00200
,,, 0.00005859000,-3.68000,-0.00400
,,, 0.00005860000,-3.68000,-0.00400
,,, 0.00005861000,-3.68000,-0.00400
,,, 0.00005862000,-3.60000,-0.00400
,,, 0.00005863000,-3.68000,-0.00400
,,, 0.00005864000,-3.68000,-0.00400
,,, 0.00005865000,-3.68000,-0.00200
,,, 0.00005866000,-3.68000,-0.00200
,,, 0.00005867000,-3.68000,-0.00200
,,, 0.00005868000,-3.68000,0.00
,,, 0.00005869000,-3.76000,0.00
,,, 0.00005870000,-3.76000,0.00
,,, 0.00005871000,-3.76000,-0.00200
,,, 0.00005872000,-3.68000,-0.00600
,,, 0.00005873000,-3.68000,-0.01000
,,, 0.00005874000,-3.84000,-0.01200
,,, 0.00005875000,-3.68000,-0.01600
,,, 0.00005876000,-3.68000,-0.01600
,,, 0.00005877000,-3.68000,-0.01600
,,, 0.00005878000,-3.76000,-0.01200
,,, 0.00005879000,-3.84000,-0.00800
,,, 0.00005880000,-3.84000,-0.00200
,,, 0.00005881000,-3.76000,0.00
,,, 0.00005882000,-3.84000,0.00400
,,, 0.00005883000,-3.84000,0.00200
,,, 0.00005884000,-3.84000,0.00
,,, 0.00005885000,-3.76000,-0.00200
,,, 0.00005886000,-3.76000,-0.00600
,,, 0.00005887000,-3.84000,-0.00800
,,, 0.00005888000,-3.76000,-0.01000
,,, 0.00005889000,-3.76000,-0.01200
,,, 0.00005890000,-3.84000,-0.01000
,,, 0.00005891000,-3.84000,-0.01000
,,, 0.00005892000,-3.84000,-0.00600
,,, 0.00005893000,-3.84000,-0.00400
,,, 0.00005894000,-3.84000,-0.00200
,,, 0.00005895000,-3.92000,-0.00200
,,, 0.00005896000,-3.92000,0.00
,,, 0.00005897000,-3.84000,0.00
,,, 0.00005898000,-3.92000,0.00200
,,, 0.00005899000,-3.84000,0.00400
,,, 0.00005900000,-3.84000,0.00600
,,, 0.00005901000,-3.84000,0.00800
,,, 0.00005902000,-3.84000,0.01000
,,, 0.00005903000,-3.84000,0.01200
,,, 0.00005904000,-3.92000,0.01200
,,, 0.00005905000,-3.84000,0.01000
,,, 0.00005906000,-3.92000,0.01000
,,, 0.00005907000,-3.92000,0.00800
,,, 0.00005908000,-3.84000,0.00800
,,, 0.00005909000,-3.84000,0.00800
,,, 0.00005910000,-3.92000,0.01200
,,, 0.00005911000,-3.92000,0.01400
,,, 0.00005912000,-3.92000,0.01800
,,, 0.00005913000,-3.92000,0.02000
,,, 0.00005914000,-3.92000,0.02000
,,, 0.00005915000,-3.92000,0.02200
,,, 0.00005916000,-3.92000,0.02200
,,, 0.00005917000,-3.92000,0.02000
,,, 0.00005918000,-4.00000,0.01800
,,, 0.00005919000,-4.00000,0.01400
,,, 0.00005920000,-4.00000,0.01200
,,, 0.00005921000,-4.00000,0.01200
,,, 0.00005922000,-3.92000,0.01200
,,, 0.00005923000,-4.00000,0.01400
,,, 0.00005924000,-4.00000,0.01600
,,, 0.00005925000,-4.00000,0.02000
,,, 0.00005926000,-4.00000,0.02200
,,, 0.00005927000,-4.08000,0.02400
,,, 0.00005928000,-4.00000,0.02800
,,, 0.00005929000,-4.08000,0.02800
,,, 0.00005930000,-4.00000,0.02800
,,, 0.00005931000,-4.00000,0.02600
,,, 0.00005932000,-4.00000,0.02400
,,, 0.00005933000,-4.00000,0.02200
,,, 0.00005934000,-4.08000,0.02000
,,, 0.00005935000,-4.00000,0.01800
,,, 0.00005936000,-4.00000,0.01800
,,, 0.00005937000,-4.00000,0.01600
,,, 0.00005938000,-4.08000,0.01600
,,, 0.00005939000,-4.00000,0.01600
,,, 0.00005940000,-4.08000,0.01200
,,, 0.00005941000,-4.08000,0.01200
,,, 0.00005942000,-4.08000,0.01200
,,, 0.00005943000,-4.08000,0.00800
,,, 0.00005944000,-4.00000,0.01000
,,, 0.00005945000,-4.16000,0.01000
,,, 0.00005946000,-4.08000,0.01400
,,, 0.00005947000,-4.08000,0.01200
,,, 0.00005948000,-4.08000,0.01400
,,, 0.00005949000,-4.08000,0.01200
,,, 0.00005950000,-4.16000,0.01000
,,, 0.00005951000,-4.08000,0.00600
,,, 0.00005952000,-4.16000,0.00600
,,, 0.00005953000,-4.16000,0.00
,,, 0.00005954000,-4.16000,0.00
,,, 0.00005955000,-4.08000,-0.00200
,,, 0.00005956000,-4.16000,0.00
,,, 0.00005957000,-4.16000,0.00200
,,, 0.00005958000,-4.16000,0.00400
,,, 0.00005959000,-4.08000,0.00600
,,, 0.00005960000,-4.08000,0.00800
,,, 0.00005961000,-4.16000,0.00800
,,, 0.00005962000,-4.16000,0.00800
,,, 0.00005963000,-4.16000,0.00400
,,, 0.00005964000,-4.16000,0.00
,,, 0.00005965000,-4.16000,-0.00400
,,, 0.00005966000,-4.16000,-0.00800
,,, 0.00005967000,-4.16000,-0.01000
,,, 0.00005968000,-4.16000,-0.01200
,,, 0.00005969000,-4.16000,-0.01200
,,, 0.00005970000,-4.16000,-0.01000
,,, 0.00005971000,-4.24000,-0.01000
,,, 0.00005972000,-4.24000,-0.00800
,,, 0.00005973000,-4.24000,-0.00800
,,, 0.00005974000,-4.24000,-0.00800
,,, 0.00005975000,-4.24000,-0.01000
,,, 0.00005976000,-4.24000,-0.01000
,,, 0.00005977000,-4.24000,-0.01200
,,, 0.00005978000,-4.32000,-0.01200
,,, 0.00005979000,-4.24000,-0.01000
,,, 0.00005980000,-4.32000,-0.00800
,,, 0.00005981000,-4.24000,-0.00800
,,, 0.00005982000,-4.24000,-0.00400
,,, 0.00005983000,-4.32000,-0.00400
,,, 0.00005984000,-4.24000,-0.00400
,,, 0.00005985000,-4.24000,-0.00400
,,, 0.00005986000,-4.32000,-0.00600
,,, 0.00005987000,-4.32000,-0.00800
,,, 0.00005988000,-4.32000,-0.00800
,,, 0.00005989000,-4.32000,-0.00800
,,, 0.00005990000,-4.24000,-0.00600
,,, 0.00005991000,-4.32000,-0.00400
,,, 0.00005992000,-4.32000,0.00200
,,, 0.00005993000,-4.32000,0.00400
,,, 0.00005994000,-4.24000,0.00600
,,, 0.00005995000,-4.32000,0.00800
,,, 0.00005996000,-4.32000,0.00600
,,, 0.00005997000,-4.32000,0.00
,,, 0.00005998000,-4.32000,-0.00200
,,, 0.00005999000,-4.32000,-0.00800
,,, 0.00006000000,-4.32000,-0.00800
,,, 0.00006001000,-4.32000,-0.01000
,,, 0.00006002000,-4.32000,-0.00800
,,, 0.00006003000,-4.32000,-0.00400
,,, 0.00006004000,-4.32000,0.00
,,, 0.00006005000,-4.32000,0.00400
,,, 0.00006006000,-4.32000,0.01000
,,, 0.00006007000,-4.32000,0.01200
,,, 0.00006008000,-4.32000,0.01400
,,, 0.00006009000,-4.40000,0.01400
,,, 0.00006010000,-4.32000,0.01200
,,, 0.00006011000,-4.32000,0.01000
,,, 0.00006012000,-4.32000,0.00800
,,, 0.00006013000,-4.32000,0.00800
,,, 0.00006014000,-4.32000,0.00800
,,, 0.00006015000,-4.32000,0.00800
,,, 0.00006016000,-4.32000,0.01000
,,, 0.00006017000,-4.40000,0.01200
,,, 0.00006018000,-4.32000,0.01400
,,, 0.00006019000,-4.40000,0.01800
,,, 0.00006020000,-4.40000,0.02000
,,, 0.00006021000,-4.32000,0.01800
,,, 0.00006022000,-4.40000,0.02000
,,, 0.00006023000,-4.32000,0.02000
,,, 0.00006024000,-4.32000,0.01800
,,, 0.00006025000,-4.40000,0.01800
,,, 0.00006026000,-4.32000,0.01800
,,, 0.00006027000,-4.40000,0.01600
,,, 0.00006028000,-4.40000,0.01600
,,, 0.00006029000,-4.48000,0.01600
,,, 0.00006030000,-4.40000,0.01400
,,, 0.00006031000,-4.48000,0.01000
,,, 0.00006032000,-4.48000,0.00800
,,, 0.00006033000,-4.48000,0.00400
,,, 0.00006034000,-4.40000,0.00200
,,, 0.00006035000,-4.48000,0.00
,,, 0.00006036000,-4.48000,0.00200
,,, 0.00006037000,-4.48000,0.00400
,,, 0.00006038000,-4.48000,0.00800
,,, 0.00006039000,-4.48000,0.01200
,,, 0.00006040000,-4.48000,0.01400
,,, 0.00006041000,-4.48000,0.01600
,,, 0.00006042000,-4.48000,0.01600
,,, 0.00006043000,-4.48000,0.01400
,,, 0.00006044000,-4.48000,0.01200
,,, 0.00006045000,-4.48000,0.00800
,,, 0.00006046000,-4.48000,0.00400
,,, 0.00006047000,-4.48000,0.00
,,, 0.00006048000,-4.48000,0.00
,,, 0.00006049000,-4.56000,0.00
,,, 0.00006050000,-4.48000,0.00200
,,, 0.00006051000,-4.48000,0.00200
,,, 0.00006052000,-4.48000,0.00400
,,, 0.00006053000,-4.48000,0.00400
,,, 0.00006054000,-4.48000,0.00200
,,, 0.00006055000,-4.56000,0.00
,,, 0.00006056000,-4.56000,-0.00200
,,, 0.00006057000,-4.56000,-0.00400
,,, 0.00006058000,-4.56000,-0.00400
,,, 0.00006059000,-4.48000,-0.00600
,,, 0.00006060000,-4.48000,-0.00400
,,, 0.00006061000,-4.56000,-0.00600
,,, 0.00006062000,-4.56000,-0.00800
,,, 0.00006063000,-4.56000,-0.01000
,,, 0.00006064000,-4.56000,-0.01200
,,, 0.00006065000,-4.56000,-0.01600
,,, 0.00006066000,-4.56000,-0.01800
,,, 0.00006067000,-4.56000,-0.01800
,,, 0.00006068000,-4.56000,-0.01800
,,, 0.00006069000,-4.56000,-0.01800
,,, 0.00006070000,-4.56000,-0.01200
,,, 0.00006071000,-4.56000,-0.01000
,,, 0.00006072000,-4.64000,-0.00400
,,, 0.00006073000,-4.56000,-0.00400
,,, 0.00006074000,-4.56000,0.00
,,, 0.00006075000,-4.56000,0.00
,,, 0.00006076000,-4.56000,-0.00200
,,, 0.00006077000,-4.64000,-0.00400
,,, 0.00006078000,-4.56000,-0.00800
,,, 0.00006079000,-4.64000,-0.01000
,,, 0.00006080000,-4.56000,-0.01200
,,, 0.00006081000,-4.56000,-0.01200
,,, 0.00006082000,-4.64000,-0.01000
,,, 0.00006083000,-4.56000,-0.00800
,,, 0.00006084000,-4.56000,-0.00400
,,, 0.00006085000,-4.64000,-0.00200
,,, 0.00006086000,-4.64000,0.00200
,,, 0.00006087000,-4.56000,0.00200
,,, 0.00006088000,-4.64000,0.00400
,,, 0.00006089000,-4.64000,0.00
,,, 0.00006090000,-4.64000,0.00
,,, 0.00006091000,-4.64000,-0.00400
,,, 0.00006092000,-4.56000,-0.00400
,,, 0.00006093000,-4.64000,-0.00800
,,, 0.00006094000,-4.64000,-0.00400
,,, 0.00006095000,-4.56000,-0.00400
,,, 0.00006096000,-4.56000,-0.00200
,,, 0.00006097000,-4.64000,0.00
,,, 0.00006098000,-4.72000,0.00200
,,, 0.00006099000,-4.72000,0.00400
,,, 0.00006100000,-4.72000,0.00400
,,, 0.00006101000,-4.72000,0.00600
,,, 0.00006102000,-4.64000,0.00800
,,, 0.00006103000,-4.64000,0.01000
,,, 0.00006104000,-4.72000,0.01400
,,, 0.00006105000,-4.64000,0.01600
,,, 0.00006106000,-4.64000,0.02000
,,, 0.00006107000,-4.72000,0.02000
,,, 0.00006108000,-4.64000,0.02000
,,, 0.00006109000,-4.64000,0.01800
,,, 0.00006110000,-4.72000,0.01600
,,, 0.00006111000,-4.64000,0.01400
,,, 0.00006112000,-4.72000,0.01200
,,, 0.00006113000,-4.64000,0.01000
,,, 0.00006114000,-4.72000,0.01000
,,, 0.00006115000,-4.56000,0.01200
,,, 0.00006116000,-4.72000,0.01600
,,, 0.00006117000,-4.64000,0.01600
,,, 0.00006118000,-4.64000,0.02000
,,, 0.00006119000,-4.72000,0.02000
,,, 0.00006120000,-4.64000,0.03000
,,, 0.00006121000,-4.72000,0.02400
,,, 0.00006122000,-4.72000,0.02400
,,, 0.00006123000,-4.72000,0.02400
,,, 0.00006124000,-4.64000,0.01200
,,, 0.00006125000,-4.72000,0.02200
,,, 0.00006126000,-4.72000,0.01400
,,, 0.00006127000,-4.72000,0.02000
,,, 0.00006128000,-4.72000,0.01600
,,, 0.00006129000,-4.72000,0.02000
,,, 0.00006130000,-4.64000,0.02000
,,, 0.00006131000,-4.72000,0.02000
,,, 0.00006132000,-4.72000,0.02200
,,, 0.00006133000,-4.72000,0.02400
,,, 0.00006134000,-4.80000,0.02400
,,, 0.00006135000,-4.80000,0.02400
,,, 0.00006136000,-4.72000,0.02400
,,, 0.00006137000,-4.80000,0.02200
,,, 0.00006138000,-4.72000,0.02200
,,, 0.00006139000,-4.80000,0.02000
,,, 0.00006140000,-4.80000,0.01800
,,, 0.00006141000,-4.72000,0.01600
,,, 0.00006142000,-4.72000,0.01200
,,, 0.00006143000,-4.80000,0.01200
,,, 0.00006144000,-4.80000,0.00800
,,, 0.00006145000,-4.72000,0.00600
,,, 0.00006146000,-4.80000,0.00200
,,, 0.00006147000,-4.80000,0.00
,,, 0.00006148000,-4.80000,0.00
,,, 0.00006149000,-4.72000,0.00
,,, 0.00006150000,-4.72000,0.00
,,, 0.00006151000,-4.80000,0.00
,,, 0.00006152000,-4.80000,0.00400
,,, 0.00006153000,-4.80000,0.00400
,,, 0.00006154000,-4.80000,0.00600
,,, 0.00006155000,-4.80000,0.00400
,,, 0.00006156000,-4.80000,0.00
,,, 0.00006157000,-4.80000,0.00
,,, 0.00006158000,-4.80000,-0.00200
,,, 0.00006159000,-4.80000,-0.00400
,,, 0.00006160000,-4.80000,-0.00600
,,, 0.00006161000,-4.80000,-0.00800
,,, 0.00006162000,-4.80000,-0.00800
,,, 0.00006163000,-4.80000,-0.00800
,,, 0.00006164000,-4.80000,-0.00400
,,, 0.00006165000,-4.80000,-0.00400
,,, 0.00006166000,-4.88000,-0.00200
,,, 0.00006167000,-4.80000,-0.00400
,,, 0.00006168000,-4.80000,-0.00200
,,, 0.00006169000,-4.80000,-0.00400
,,, 0.00006170000,-4.80000,-0.00400
,,, 0.00006171000,-4.80000,-0.00600
,,, 0.00006172000,-4.80000,-0.00800
,,, 0.00006173000,-4.80000,-0.01200
,,, 0.00006174000,-4.80000,-0.01200
,,, 0.00006175000,-4.80000,-0.01800
,,, 0.00006176000,-4.88000,-0.01800
,,, 0.00006177000,-4.80000,-0.02000
,,, 0.00006178000,-4.80000,-0.02200
,,, 0.00006179000,-4.80000,-0.02000
,,, 0.00006180000,-4.80000,-0.01800
,,, 0.00006181000,-4.80000,-0.01600
,,, 0.00006182000,-4.80000,-0.01200
,,, 0.00006183000,-4.88000,-0.01000
,,, 0.00006184000,-4.80000,-0.00600
,,, 0.00006185000,-4.80000,-0.00400
,,, 0.00006186000,-4.80000,-0.00400
,,, 0.00006187000,-4.80000,-0.00200
,,, 0.00006188000,-4.80000,-0.00400
,,, 0.00006189000,-4.80000,-0.00600
,,, 0.00006190000,-4.80000,-0.00800
,,, 0.00006191000,-4.88000,-0.00800
,,, 0.00006192000,-4.80000,-0.00600
,,, 0.00006193000,-4.88000,-0.00400
,,, 0.00006194000,-4.88000,0.00
,,, 0.00006195000,-4.80000,0.00200
,,, 0.00006196000,-4.80000,0.00800
,,, 0.00006197000,-4.80000,0.01000
,,, 0.00006198000,-4.80000,0.01200
,,, 0.00006199000,-4.80000,0.01200
,,, 0.00006200000,-4.88000,0.01200
,,, 0.00006201000,-4.80000,0.01200
,,, 0.00006202000,-4.88000,0.01200
,,, 0.00006203000,-4.80000,0.00600
,,, 0.00006204000,-4.80000,0.00800
,,, 0.00006205000,-4.80000,0.00400
,,, 0.00006206000,-4.80000,0.00600
,,, 0.00006207000,-4.80000,0.00600
,,, 0.00006208000,-4.80000,0.00800
,,, 0.00006209000,-4.80000,0.01200
,,, 0.00006210000,-4.80000,0.01200
,,, 0.00006211000,-4.88000,0.01200
,,, 0.00006212000,-4.80000,0.01200
,,, 0.00006213000,-4.88000,0.01200
,,, 0.00006214000,-4.88000,0.01200
,,, 0.00006215000,-4.88000,0.01400
,,, 0.00006216000,-4.80000,0.01600
,,, 0.00006217000,-4.80000,0.01800
,,, 0.00006218000,-4.88000,0.02000
,,, 0.00006219000,-4.88000,0.02000
,,, 0.00006220000,-4.80000,0.02200
,,, 0.00006221000,-4.80000,0.02200
,,, 0.00006222000,-4.88000,0.02200
,,, 0.00006223000,-4.80000,0.02000
,,, 0.00006224000,-4.88000,0.02000
,,, 0.00006225000,-4.88000,0.02000
,,, 0.00006226000,-4.88000,0.02000
,,, 0.00006227000,-4.88000,0.02000
,,, 0.00006228000,-4.80000,0.02000
,,, 0.00006229000,-4.88000,0.02200
,,, 0.00006230000,-4.88000,0.02400
,,, 0.00006231000,-4.88000,0.02400
,,, 0.00006232000,-4.88000,0.02200
,,, 0.00006233000,-4.80000,0.02000
,,, 0.00006234000,-4.88000,0.01800
,,, 0.00006235000,-4.88000,0.01400
,,, 0.00006236000,-4.88000,0.01000
,,, 0.00006237000,-4.88000,0.00600
,,, 0.00006238000,-4.80000,0.00400
,,, 0.00006239000,-4.80000,0.00
,,, 0.00006240000,-4.88000,0.00200
,,, 0.00006241000,-4.88000,0.00
,,, 0.00006242000,-4.80000,0.00400
,,, 0.00006243000,-4.88000,0.00400
,,, 0.00006244000,-4.80000,0.00600
,,, 0.00006245000,-4.80000,0.00600
,,, 0.00006246000,-4.88000,0.00800
,,, 0.00006247000,-4.80000,0.00600
,,, 0.00006248000,-4.80000,0.00600
,,, 0.00006249000,-4.88000,0.00600
,,, 0.00006250000,-4.80000,0.00600
,,, 0.00006251000,-4.80000,0.00600
,,, 0.00006252000,-4.88000,0.00600
,,, 0.00006253000,-4.80000,0.00400
,,, 0.00006254000,-4.88000,0.00400
,,, 0.00006255000,-4.88000,0.00
,,, 0.00006256000,-4.80000,0.00
,,, 0.00006257000,-4.88000,-0.00200
,,, 0.00006258000,-4.88000,-0.00400
,,, 0.00006259000,-4.80000,-0.00400
,,, 0.00006260000,-4.88000,-0.00400
,,, 0.00006261000,-4.80000,-0.00400
,,, 0.00006262000,-4.88000,-0.00200
,,, 0.00006263000,-4.88000,-0.00200
,,, 0.00006264000,-4.80000,0.00
,,, 0.00006265000,-4.80000,-0.00200
,,, 0.00006266000,-4.88000,-0.00200
,,, 0.00006267000,-4.88000,-0.00800
,,, 0.00006268000,-4.80000,-0.01200
,,, 0.00006269000,-4.80000,-0.01800
,,, 0.00006270000,-4.88000,-0.02000
,,, 0.00006271000,-4.88000,-0.02400
,,, 0.00006272000,-4.88000,-0.02000
,,, 0.00006273000,-4.88000,-0.01800
,,, 0.00006274000,-4.80000,-0.01200
,,, 0.00006275000,-4.88000,-0.00600
,,, 0.00006276000,-4.88000,0.00
,,, 0.00006277000,-4.88000,0.00400
,,, 0.00006278000,-4.88000,0.00400
,,, 0.00006279000,-4.80000,0.00400
,,, 0.00006280000,-4.88000,0.00600
,,, 0.00006281000,-4.88000,0.00200
,,, 0.00006282000,-4.88000,-0.00200
,,, 0.00006283000,-4.88000,-0.00200
,,, 0.00006284000,-4.80000,0.00
,,, 0.00006285000,-4.80000,-0.00400
,,, 0.00006286000,-4.88000,0.00
,,, 0.00006287000,-4.88000,0.00
,,, 0.00006288000,-4.80000,0.00
,,, 0.00006289000,-4.80000,0.00
,,, 0.00006290000,-4.80000,0.00200
,,, 0.00006291000,-4.88000,0.00200
,,, 0.00006292000,-4.80000,0.00400
,,, 0.00006293000,-4.88000,0.00200
,,, 0.00006294000,-4.88000,0.00800
,,, 0.00006295000,-4.88000,0.00800
,,, 0.00006296000,-4.80000,0.01000
,,, 0.00006297000,-4.88000,0.01200
,,, 0.00006298000,-4.80000,0.01600
,,, 0.00006299000,-4.88000,0.01400
,,, 0.00006300000,-4.88000,0.01200
,,, 0.00006301000,-4.80000,0.01000
,,, 0.00006302000,-4.80000,0.01400
,,, 0.00006303000,-4.80000,0.01000
,,, 0.00006304000,-4.88000,0.00800
,,, 0.00006305000,-4.80000,0.01200
,,, 0.00006306000,-4.88000,0.01600
,,, 0.00006307000,-4.88000,0.02000
,,, 0.00006308000,-4.80000,0.02400
,,, 0.00006309000,-4.88000,0.02800
,,, 0.00006310000,-4.80000,0.03200
,,, 0.00006311000,-4.88000,0.03400
,,, 0.00006312000,-4.80000,0.03600
,,, 0.00006313000,-4.80000,0.03200
,,, 0.00006314000,-4.80000,0.03000
,,, 0.00006315000,-4.80000,0.02400
,,, 0.00006316000,-4.80000,0.02000
,,, 0.00006317000,-4.88000,0.02000
,,, 0.00006318000,-4.88000,0.02000
,,, 0.00006319000,-4.80000,0.01800
,,, 0.00006320000,-4.80000,0.01600
,,, 0.00006321000,-4.80000,0.02000
,,, 0.00006322000,-4.80000,0.02400
,,, 0.00006323000,-4.80000,0.02200
,,, 0.00006324000,-4.88000,0.02000
,,, 0.00006325000,-4.88000,0.02200
,,, 0.00006326000,-4.88000,0.02000
,,, 0.00006327000,-4.80000,0.02000
,,, 0.00006328000,-4.80000,0.01800
,,, 0.00006329000,-4.80000,0.01800
,,, 0.00006330000,-4.80000,0.01600
,,, 0.00006331000,-4.80000,0.02000
,,, 0.00006332000,-4.80000,0.02000
,,, 0.00006333000,-4.80000,0.01800
,,, 0.00006334000,-4.88000,0.01800
,,, 0.00006335000,-4.88000,0.01600
,,, 0.00006336000,-4.88000,0.01200
,,, 0.00006337000,-4.88000,0.00800
,,, 0.00006338000,-4.80000,0.00800
,,, 0.00006339000,-4.80000,0.00800
,,, 0.00006340000,-4.80000,0.01400
,,, 0.00006341000,-4.80000,0.00800
,,, 0.00006342000,-4.80000,0.01800
,,, 0.00006343000,-4.80000,0.01400
,,, 0.00006344000,-4.80000,0.02000
,,, 0.00006345000,-4.80000,0.01600
,,, 0.00006346000,-4.80000,0.01400
,,, 0.00006347000,-4.80000,0.00600
,,, 0.00006348000,-4.80000,-0.00200
,,, 0.00006349000,-4.80000,-0.00200
,,, 0.00006350000,-4.80000,-0.01400
,,, 0.00006351000,-4.88000,-0.01200
,,, 0.00006352000,-4.80000,-0.01800
,,, 0.00006353000,-4.80000,-0.01400
,,, 0.00006354000,-4.80000,-0.01200
,,, 0.00006355000,-4.80000,-0.00800
,,, 0.00006356000,-4.80000,-0.00600
,,, 0.00006357000,-4.80000,-0.00400
,,, 0.00006358000,-4.80000,-0.00200
,,, 0.00006359000,-4.88000,-0.00400
,,, 0.00006360000,-4.80000,-0.00400
,,, 0.00006361000,-4.80000,-0.00600
,,, 0.00006362000,-4.88000,-0.00800
,,, 0.00006363000,-4.88000,-0.01000
,,, 0.00006364000,-4.80000,-0.01000
,,, 0.00006365000,-4.80000,-0.01000
,,, 0.00006366000,-4.80000,-0.00800
,,, 0.00006367000,-4.80000,-0.00800
,,, 0.00006368000,-4.80000,-0.00600
,,, 0.00006369000,-4.80000,-0.00400
,,, 0.00006370000,-4.80000,-0.00200
,,, 0.00006371000,-4.80000,-0.00200
,,, 0.00006372000,-4.80000,-0.00200
,,, 0.00006373000,-4.80000,-0.00200
,,, 0.00006374000,-4.80000,0.00
,,, 0.00006375000,-4.80000,0.00
,,, 0.00006376000,-4.80000,0.00
,,, 0.00006377000,-4.80000,0.00200
,,, 0.00006378000,-4.80000,0.00
,,, 0.00006379000,-4.80000,-0.00400
,,, 0.00006380000,-4.80000,-0.00600
,,, 0.00006381000,-4.80000,-0.00800
,,, 0.00006382000,-4.80000,-0.01200
,,, 0.00006383000,-4.72000,-0.01200
,,, 0.00006384000,-4.72000,-0.01200
,,, 0.00006385000,-4.80000,-0.01200
,,, 0.00006386000,-4.72000,-0.00800
,,, 0.00006387000,-4.80000,-0.00400
,,, 0.00006388000,-4.80000,0.00
,,, 0.00006389000,-4.80000,0.00400
,,, 0.00006390000,-4.72000,0.00800
,,, 0.00006391000,-4.80000,0.01200
,,, 0.00006392000,-4.80000,0.01200
,,, 0.00006393000,-4.80000,0.00800
,,, 0.00006394000,-4.72000,0.01000
,,, 0.00006395000,-4.72000,0.00600
,,, 0.00006396000,-4.80000,0.00800
,,, 0.00006397000,-4.80000,0.00800
,,, 0.00006398000,-4.72000,0.00800
,,, 0.00006399000,-4.80000,0.01200
,,, 0.00006400000,-4.72000,0.01400
,,, 0.00006401000,-4.80000,0.01600
,,, 0.00006402000,-4.72000,0.02000
,,, 0.00006403000,-4.80000,0.02000
,,, 0.00006404000,-4.80000,0.02000
,,, 0.00006405000,-4.72000,0.02000
,,, 0.00006406000,-4.72000,0.01800
,,, 0.00006407000,-4.72000,0.01600
,,, 0.00006408000,-4.80000,0.01600
,,, 0.00006409000,-4.72000,0.01600
,,, 0.00006410000,-4.72000,0.01600
,,, 0.00006411000,-4.72000,0.01400
,,, 0.00006412000,-4.72000,0.01400
,,, 0.00006413000,-4.72000,0.01200
,,, 0.00006414000,-4.80000,0.01200
,,, 0.00006415000,-4.72000,0.01200
,,, 0.00006416000,-4.72000,0.01200
,,, 0.00006417000,-4.72000,0.01200
,,, 0.00006418000,-4.72000,0.01200
,,, 0.00006419000,-4.72000,0.01200
,,, 0.00006420000,-4.72000,0.01600
,,, 0.00006421000,-4.72000,0.01800
,,, 0.00006422000,-4.72000,0.02200
,,, 0.00006423000,-4.72000,0.02400
,,, 0.00006424000,-4.64000,0.03000
,,, 0.00006425000,-4.72000,0.02800
,,, 0.00006426000,-4.72000,0.02600
,,, 0.00006427000,-4.72000,0.02200
,,, 0.00006428000,-4.64000,0.02000
,,, 0.00006429000,-4.64000,0.01200
,,, 0.00006430000,-4.72000,0.01000
,,, 0.00006431000,-4.72000,0.00600
,,, 0.00006432000,-4.64000,0.00600
,,, 0.00006433000,-4.64000,0.00800
,,, 0.00006434000,-4.64000,0.01200
,,, 0.00006435000,-4.64000,0.01400
,,, 0.00006436000,-4.64000,0.01600
,,, 0.00006437000,-4.64000,0.01600
,,, 0.00006438000,-4.64000,0.01600
,,, 0.00006439000,-4.72000,0.01200
,,, 0.00006440000,-4.64000,0.00800
,,, 0.00006441000,-4.64000,0.00600
,,, 0.00006442000,-4.72000,0.00200
,,, 0.00006443000,-4.64000,0.00
,,, 0.00006444000,-4.56000,-0.00200
,,, 0.00006445000,-4.64000,-0.00200
,,, 0.00006446000,-4.64000,-0.00200
,,, 0.00006447000,-4.64000,-0.00200
,,, 0.00006448000,-4.56000,-0.00200
,,, 0.00006449000,-4.64000,0.00
,,, 0.00006450000,-4.72000,-0.00200
,,, 0.00006451000,-4.72000,0.00
,,, 0.00006452000,-4.64000,0.00
,,, 0.00006453000,-4.56000,0.00
,,, 0.00006454000,-4.56000,0.00
,,, 0.00006455000,-4.56000,0.00200
,,, 0.00006456000,-4.56000,0.00200
,,, 0.00006457000,-4.56000,0.00200
,,, 0.00006458000,-4.64000,0.00
,,, 0.00006459000,-4.56000,0.00
,,, 0.00006460000,-4.56000,-0.00200
,,, 0.00006461000,-4.64000,-0.00400
,,, 0.00006462000,-4.56000,-0.00800
,,, 0.00006463000,-4.64000,-0.00800
,,, 0.00006464000,-4.56000,-0.00800
,,, 0.00006465000,-4.56000,-0.00800
,,, 0.00006466000,-4.56000,-0.00400
,,, 0.00006467000,-4.56000,-0.00400
,,, 0.00006468000,-4.56000,-0.00200
,,, 0.00006469000,-4.56000,-0.00200
,,, 0.00006470000,-4.56000,-0.00200
,,, 0.00006471000,-4.56000,-0.00200
,,, 0.00006472000,-4.56000,-0.00200
,,, 0.00006473000,-4.56000,-0.00400
,,, 0.00006474000,-4.56000,-0.00400
,,, 0.00006475000,-4.56000,-0.00800
,,, 0.00006476000,-4.56000,-0.00600
,,, 0.00006477000,-4.56000,-0.00600
,,, 0.00006478000,-4.56000,-0.00400
,,, 0.00006479000,-4.56000,-0.00200
,,, 0.00006480000,-4.56000,0.00400
,,, 0.00006481000,-4.56000,0.00400
,,, 0.00006482000,-4.56000,0.00800
,,, 0.00006483000,-4.56000,0.00800
,,, 0.00006484000,-4.48000,0.01000
,,, 0.00006485000,-4.56000,0.00800
,,, 0.00006486000,-4.48000,0.01000
,,, 0.00006487000,-4.56000,0.00800
,,, 0.00006488000,-4.48000,0.01200
,,, 0.00006489000,-4.48000,0.01000
,,, 0.00006490000,-4.48000,0.01000
,,, 0.00006491000,-4.48000,0.01000
,,, 0.00006492000,-4.48000,0.01200
,,, 0.00006493000,-4.48000,0.01000
,,, 0.00006494000,-4.48000,0.01200
,,, 0.00006495000,-4.56000,0.01200
,,, 0.00006496000,-4.48000,0.01200
,,, 0.00006497000,-4.48000,0.01200
,,, 0.00006498000,-4.56000,0.01400
,,, 0.00006499000,-4.48000,0.01600
,,, 0.00006500000,-4.48000,0.02000
,,, 0.00006501000,-4.48000,0.02000
,,, 0.00006502000,-4.48000,0.02200
,,, 0.00006503000,-4.40000,0.02200
,,, 0.00006504000,-4.48000,0.02200
,,, 0.00006505000,-4.56000,0.02000
,,, 0.00006506000,-4.48000,0.01800
,,, 0.00006507000,-4.48000,0.01600
,,, 0.00006508000,-4.48000,0.01600
,,, 0.00006509000,-4.40000,0.01600
,,, 0.00006510000,-4.48000,0.02000
,,, 0.00006511000,-4.40000,0.02000
,,, 0.00006512000,-4.48000,0.02400
,,, 0.00006513000,-4.48000,0.02800
,,, 0.00006514000,-4.40000,0.03000
,,, 0.00006515000,-4.48000,0.03000
,,, 0.00006516000,-4.40000,0.03200
,,, 0.00006517000,-4.48000,0.03000
,,, 0.00006518000,-4.48000,0.03200
,,, 0.00006519000,-4.40000,0.02800
,,, 0.00006520000,-4.40000,0.02600
,,, 0.00006521000,-4.32000,0.02400
,,, 0.00006522000,-4.40000,0.02000
,,, 0.00006523000,-4.32000,0.01600
,,, 0.00006524000,-4.32000,0.01400
,,, 0.00006525000,-4.32000,0.01200
,,, 0.00006526000,-4.32000,0.01200
,,, 0.00006527000,-4.32000,0.01000
,,, 0.00006528000,-4.32000,0.00800
,,, 0.00006529000,-4.32000,0.01200
,,, 0.00006530000,-4.32000,0.01000
,,, 0.00006531000,-4.32000,0.01200
,,, 0.00006532000,-4.32000,0.01400
,,, 0.00006533000,-4.32000,0.01400
,,, 0.00006534000,-4.32000,0.01600
,,, 0.00006535000,-4.32000,0.01600
,,, 0.00006536000,-4.32000,0.01400
,,, 0.00006537000,-4.32000,0.01200
,,, 0.00006538000,-4.32000,0.01000
,,, 0.00006539000,-4.32000,0.00400
,,, 0.00006540000,-4.24000,0.00400
,,, 0.00006541000,-4.32000,0.00
,,, 0.00006542000,-4.32000,0.00
,,, 0.00006543000,-4.32000,0.00
,,, 0.00006544000,-4.32000,0.00200
,,, 0.00006545000,-4.32000,0.00600
,,, 0.00006546000,-4.32000,0.00800
,,, 0.00006547000,-4.32000,0.01000
,,, 0.00006548000,-4.32000,0.01000
,,, 0.00006549000,-4.24000,0.01000
,,, 0.00006550000,-4.24000,0.00800
,,, 0.00006551000,-4.24000,0.00400
,,, 0.00006552000,-4.32000,-0.00200
,,, 0.00006553000,-4.24000,-0.00600
,,, 0.00006554000,-4.32000,-0.00800
,,, 0.00006555000,-4.32000,-0.01200
,,, 0.00006556000,-4.24000,-0.01200
,,, 0.00006557000,-4.32000,-0.01400
,,, 0.00006558000,-4.24000,-0.01200
,,, 0.00006559000,-4.24000,-0.01200
,,, 0.00006560000,-4.32000,-0.01200
,,, 0.00006561000,-4.24000,-0.01400
,,, 0.00006562000,-4.24000,-0.01400
,,, 0.00006563000,-4.24000,-0.01200
,,, 0.00006564000,-4.24000,-0.01000
,,, 0.00006565000,-4.24000,-0.00800
,,, 0.00006566000,-4.24000,-0.00800
,,, 0.00006567000,-4.24000,-0.00400
,,, 0.00006568000,-4.24000,-0.00400
,,, 0.00006569000,-4.24000,-0.00600
,,, 0.00006570000,-4.24000,-0.00800
,,, 0.00006571000,-4.24000,-0.00800
,,, 0.00006572000,-4.24000,-0.01200
,,, 0.00006573000,-4.24000,-0.01200
,,, 0.00006574000,-4.16000,-0.01200
,,, 0.00006575000,-4.24000,-0.01200
,,, 0.00006576000,-4.24000,-0.00800
,,, 0.00006577000,-4.16000,-0.00600
,,, 0.00006578000,-4.16000,-0.00200
,,, 0.00006579000,-4.16000,0.00
,,, 0.00006580000,-4.16000,0.00200
,,, 0.00006581000,-4.16000,0.00400
,,, 0.00006582000,-4.16000,0.00400
,,, 0.00006583000,-4.16000,0.00
,,, 0.00006584000,-4.16000,-0.00200
,,, 0.00006585000,-4.16000,-0.00400
,,, 0.00006586000,-4.16000,-0.00600
,,, 0.00006587000,-4.16000,-0.00800
,,, 0.00006588000,-4.08000,-0.00800
,,, 0.00006589000,-4.16000,-0.00600
,,, 0.00006590000,-4.16000,-0.00400
,,, 0.00006591000,-4.16000,-0.00200
,,, 0.00006592000,-4.16000,0.00200
,,, 0.00006593000,-4.16000,0.00400
,,, 0.00006594000,-4.16000,0.00600
,,, 0.00006595000,-4.16000,0.01000
,,, 0.00006596000,-4.16000,0.01200
,,, 0.00006597000,-4.08000,0.01200
,,, 0.00006598000,-4.08000,0.01400
,,, 0.00006599000,-4.08000,0.01400
,,, 0.00006600000,-4.08000,0.01600
,,, 0.00006601000,-4.08000,0.01800
,,, 0.00006602000,-4.08000,0.01600
,,, 0.00006603000,-4.08000,0.01800
,,, 0.00006604000,-4.00000,0.01600
,,, 0.00006605000,-4.08000,0.01600
,,, 0.00006606000,-4.00000,0.01400
,,, 0.00006607000,-4.08000,0.01200
,,, 0.00006608000,-4.08000,0.01200
,,, 0.00006609000,-4.00000,0.01200
,,, 0.00006610000,-4.00000,0.01200
,,, 0.00006611000,-4.00000,0.01400
,,, 0.00006612000,-4.00000,0.02000
,,, 0.00006613000,-4.00000,0.02000
,,, 0.00006614000,-4.00000,0.02200
,,, 0.00006615000,-4.08000,0.02200
,,, 0.00006616000,-4.00000,0.02200
,,, 0.00006617000,-4.00000,0.01800
,,, 0.00006618000,-4.00000,0.01400
,,, 0.00006619000,-4.00000,0.01000
,,, 0.00006620000,-4.00000,0.00800
,,, 0.00006621000,-4.00000,0.00600
,,, 0.00006622000,-4.00000,0.00800
,,, 0.00006623000,-4.00000,0.00800
,,, 0.00006624000,-4.00000,0.01200
,,, 0.00006625000,-3.92000,0.01600
,,, 0.00006626000,-3.92000,0.02000
,,, 0.00006627000,-4.00000,0.02000
,,, 0.00006628000,-3.92000,0.02200
,,, 0.00006629000,-3.92000,0.02000
,,, 0.00006630000,-3.92000,0.01600
,,, 0.00006631000,-3.92000,0.01400
,,, 0.00006632000,-3.92000,0.01200
,,, 0.00006633000,-3.92000,0.00800
,,, 0.00006634000,-3.92000,0.00600
,,, 0.00006635000,-3.92000,0.00400
,,, 0.00006636000,-3.92000,0.00400
,,, 0.00006637000,-3.84000,0.00400
,,, 0.00006638000,-3.84000,0.00400
,,, 0.00006639000,-3.92000,0.00400
,,, 0.00006640000,-3.92000,0.00400
,,, 0.00006641000,-3.92000,0.00
,,, 0.00006642000,-3.84000,0.00
,,, 0.00006643000,-3.92000,-0.00200
,,, 0.00006644000,-3.84000,-0.00200
,,, 0.00006645000,-3.92000,-0.00200
,,, 0.00006646000,-3.84000,-0.00200
,,, 0.00006647000,-3.76000,-0.00200
,,, 0.00006648000,-3.76000,-0.00200
,,, 0.00006649000,-3.84000,-0.00200
,,, 0.00006650000,-3.84000,-0.00400
,,, 0.00006651000,-3.84000,-0.00600
,,, 0.00006652000,-3.84000,-0.01000
,,, 0.00006653000,-3.84000,-0.01200
,,, 0.00006654000,-3.84000,-0.01200
,,, 0.00006655000,-3.84000,-0.01200
,,, 0.00006656000,-3.84000,-0.01200
,,, 0.00006657000,-3.84000,-0.01000
,,, 0.00006658000,-3.84000,-0.00400
,,, 0.00006659000,-3.84000,0.00
,,, 0.00006660000,-3.84000,0.00200
,,, 0.00006661000,-3.68000,0.00400
,,, 0.00006662000,-3.68000,0.00200
,,, 0.00006663000,-3.84000,-0.00200
,,, 0.00006664000,-3.68000,-0.00400
,,, 0.00006665000,-3.68000,-0.00800
,,, 0.00006666000,-3.68000,-0.01200
,,, 0.00006667000,-3.68000,-0.01400
,,, 0.00006668000,-3.68000,-0.01200
,,, 0.00006669000,-3.68000,-0.01000
,,, 0.00006670000,-3.68000,-0.00800
,,, 0.00006671000,-3.68000,-0.00400
,,, 0.00006672000,-3.68000,-0.00200
,,, 0.00006673000,-3.68000,0.00
,,, 0.00006674000,-3.68000,0.00200
,,, 0.00006675000,-3.68000,0.00
,,, 0.00006676000,-3.68000,0.00
,,, 0.00006677000,-3.68000,0.00
,,, 0.00006678000,-3.68000,0.00
,,, 0.00006679000,-3.68000,0.00
,,, 0.00006680000,-3.68000,0.00
,,, 0.00006681000,-3.68000,0.00
,,, 0.00006682000,-3.68000,0.00400
,,, 0.00006683000,-3.68000,0.00400
,,, 0.00006684000,-3.68000,0.00400
,,, 0.00006685000,-3.68000,0.00200
,,, 0.00006686000,-3.60000,0.00400
,,, 0.00006687000,-3.68000,0.00400
,,, 0.00006688000,-3.68000,0.00400
,,, 0.00006689000,-3.68000,0.00600
,,, 0.00006690000,-3.60000,0.00800
,,, 0.00006691000,-3.60000,0.01200
,,, 0.00006692000,-3.60000,0.01600
,,, 0.00006693000,-3.60000,0.01800
,,, 0.00006694000,-3.60000,0.02000
,,, 0.00006695000,-3.60000,0.02000
,,, 0.00006696000,-3.60000,0.02000
,,, 0.00006697000,-3.60000,0.01600
,,, 0.00006698000,-3.60000,0.01400
,,, 0.00006699000,-3.60000,0.01200
,,, 0.00006700000,-3.60000,0.01000
,,, 0.00006701000,-3.60000,0.00800
,,, 0.00006702000,-3.60000,0.01000
,,, 0.00006703000,-3.60000,0.01200
,,, 0.00006704000,-3.52000,0.01600
,,, 0.00006705000,-3.60000,0.02000
,,, 0.00006706000,-3.52000,0.02200
,,, 0.00006707000,-3.52000,0.02200
,,, 0.00006708000,-3.52000,0.02400
,,, 0.00006709000,-3.52000,0.02200
,,, 0.00006710000,-3.52000,0.02000
,,, 0.00006711000,-3.52000,0.01600
,,, 0.00006712000,-3.52000,0.01600
,,, 0.00006713000,-3.52000,0.01400
,,, 0.00006714000,-3.52000,0.01600
,,, 0.00006715000,-3.52000,0.01600
,,, 0.00006716000,-3.36000,0.02000
,,, 0.00006717000,-3.36000,0.02200
,,, 0.00006718000,-3.52000,0.02000
,,, 0.00006719000,-3.36000,0.02200
,,, 0.00006720000,-3.52000,0.02000
,,, 0.00006721000,-3.52000,0.01600
,,, 0.00006722000,-3.36000,0.01600
,,, 0.00006723000,-3.36000,0.01400
,,, 0.00006724000,-3.36000,0.01400
,,, 0.00006725000,-3.36000,0.01400
,,, 0.00006726000,-3.36000,0.01400
,,, 0.00006727000,-3.36000,0.01600
,,, 0.00006728000,-3.36000,0.01400
,,, 0.00006729000,-3.36000,0.01200
,,, 0.00006730000,-3.36000,0.01000
,,, 0.00006731000,-3.28000,0.00400
,,, 0.00006732000,-3.28000,0.00
,,, 0.00006733000,-3.36000,-0.00200
,,, 0.00006734000,-3.28000,-0.00400
,,, 0.00006735000,-3.28000,-0.00400
,,, 0.00006736000,-3.36000,-0.00200
,,, 0.00006737000,-3.28000,0.00
,,, 0.00006738000,-3.28000,0.00400
,,, 0.00006739000,-3.28000,0.00600
,,, 0.00006740000,-3.20000,0.00600
,,, 0.00006741000,-3.28000,0.00600
,,, 0.00006742000,-3.28000,0.00400
,,, 0.00006743000,-3.28000,0.00
,,, 0.00006744000,-3.28000,-0.00200
,,, 0.00006745000,-3.20000,-0.00800
,,, 0.00006746000,-3.20000,-0.01000
,,, 0.00006747000,-3.20000,-0.01200
,,, 0.00006748000,-3.20000,-0.01200
,,, 0.00006749000,-3.20000,-0.01000
,,, 0.00006750000,-3.20000,-0.00600
,,, 0.00006751000,-3.20000,-0.00600
,,, 0.00006752000,-3.20000,-0.00400
,,, 0.00006753000,-3.20000,-0.00400
,,, 0.00006754000,-3.20000,-0.00400
,,, 0.00006755000,-3.20000,-0.00800
,,, 0.00006756000,-3.20000,-0.01000
,,, 0.00006757000,-3.20000,-0.01200
,,, 0.00006758000,-3.12000,-0.01600
,,, 0.00006759000,-3.20000,-0.01800
,,, 0.00006760000,-3.12000,-0.01800
,,, 0.00006761000,-3.20000,-0.02000
,,, 0.00006762000,-3.12000,-0.02000
,,, 0.00006763000,-3.12000,-0.01800
,,, 0.00006764000,-3.12000,-0.01600
,,, 0.00006765000,-3.12000,-0.01600
,,, 0.00006766000,-3.12000,-0.01600
,,, 0.00006767000,-3.20000,-0.01600
,,, 0.00006768000,-3.12000,-0.01200
,,, 0.00006769000,-3.12000,-0.01000
,,, 0.00006770000,-3.12000,-0.00800
,,, 0.00006771000,-3.12000,-0.00600
,,, 0.00006772000,-3.04000,-0.00400
,,, 0.00006773000,-3.12000,-0.00400
,,, 0.00006774000,-3.12000,-0.00200
,,, 0.00006775000,-3.12000,-0.00600
,,, 0.00006776000,-3.04000,-0.00600
,,, 0.00006777000,-3.12000,-0.01000
,,, 0.00006778000,-3.12000,-0.01200
,,, 0.00006779000,-3.12000,-0.01200
,,, 0.00006780000,-3.04000,-0.01000
,,, 0.00006781000,-2.96000,-0.00800
,,, 0.00006782000,-2.96000,-0.00600
,,, 0.00006783000,-2.96000,0.00
,,, 0.00006784000,-2.96000,0.00200
,,, 0.00006785000,-2.96000,0.00400
,,, 0.00006786000,-2.96000,0.00800
,,, 0.00006787000,-2.96000,0.00800
,,, 0.00006788000,-2.96000,0.00800
,,, 0.00006789000,-2.96000,0.00600
,,, 0.00006790000,-2.96000,0.00400
,,, 0.00006791000,-2.96000,0.00400
,,, 0.00006792000,-2.96000,0.00400
,,, 0.00006793000,-2.88000,0.00400
,,, 0.00006794000,-2.96000,0.00400
,,, 0.00006795000,-2.96000,0.00400
,,, 0.00006796000,-2.96000,0.00400
,,, 0.00006797000,-2.96000,0.00600
,,, 0.00006798000,-2.96000,0.00800
,,, 0.00006799000,-2.96000,0.01200
,,, 0.00006800000,-2.96000,0.01400
,,, 0.00006801000,-2.96000,0.01600
,,, 0.00006802000,-2.88000,0.01800
,,, 0.00006803000,-2.88000,0.02000
,,, 0.00006804000,-2.88000,0.02000
,,, 0.00006805000,-2.88000,0.02000
,,, 0.00006806000,-2.80000,0.02000
,,, 0.00006807000,-2.88000,0.02000
,,, 0.00006808000,-2.88000,0.01800
,,, 0.00006809000,-2.88000,0.01400
,,, 0.00006810000,-2.80000,0.01200
,,, 0.00006811000,-2.88000,0.01000
,,, 0.00006812000,-2.80000,0.00800
,,, 0.00006813000,-2.80000,0.01000
,,, 0.00006814000,-2.80000,0.01000
,,, 0.00006815000,-2.72000,0.01200
,,, 0.00006816000,-2.72000,0.01600
,,, 0.00006817000,-2.80000,0.01800
,,, 0.00006818000,-2.80000,0.02200
,,, 0.00006819000,-2.80000,0.02200
,,, 0.00006820000,-2.72000,0.02400
,,, 0.00006821000,-2.80000,0.02200
,,, 0.00006822000,-2.72000,0.02000
,,, 0.00006823000,-2.80000,0.01400
,,, 0.00006824000,-2.72000,0.01200
,,, 0.00006825000,-2.64000,0.00800
,,, 0.00006826000,-2.72000,0.00600
,,, 0.00006827000,-2.72000,0.00400
,,, 0.00006828000,-2.64000,0.00400
,,, 0.00006829000,-2.64000,0.00600
,,, 0.00006830000,-2.64000,0.00800
,,, 0.00006831000,-2.72000,0.00800
,,, 0.00006832000,-2.72000,0.01200
,,, 0.00006833000,-2.64000,0.00800
,,, 0.00006834000,-2.64000,0.01200
,,, 0.00006835000,-2.64000,0.01000
,,, 0.00006836000,-2.64000,0.01000
,,, 0.00006837000,-2.64000,0.00800
,,, 0.00006838000,-2.56000,0.00800
,,, 0.00006839000,-2.56000,0.00600
,,, 0.00006840000,-2.64000,0.00400
,,, 0.00006841000,-2.64000,0.00
,,, 0.00006842000,-2.56000,-0.00200
,,, 0.00006843000,-2.56000,-0.00600
,,, 0.00006844000,-2.56000,-0.00800
,,, 0.00006845000,-2.64000,-0.01000
,,, 0.00006846000,-2.56000,-0.00800
,,, 0.00006847000,-2.56000,-0.00800
,,, 0.00006848000,-2.56000,-0.00400
,,, 0.00006849000,-2.56000,-0.00200
,,, 0.00006850000,-2.56000,0.00
,,, 0.00006851000,-2.56000,0.00200
,,, 0.00006852000,-2.56000,0.00400
,,, 0.00006853000,-2.56000,0.00
,,, 0.00006854000,-2.48000,0.00
,,, 0.00006855000,-2.48000,-0.00400
,,, 0.00006856000,-2.48000,-0.00800
,,, 0.00006857000,-2.48000,-0.01000
,,, 0.00006858000,-2.48000,-0.01200
,,, 0.00006859000,-2.48000,-0.01000
,,, 0.00006860000,-2.48000,-0.00800
,,, 0.00006861000,-2.48000,-0.01000
,,, 0.00006862000,-2.56000,-0.00600
,,, 0.00006863000,-2.56000,-0.00400
,,, 0.00006864000,-2.48000,-0.00200
,,, 0.00006865000,-2.48000,0.00
,,, 0.00006866000,-2.48000,0.00
,,, 0.00006867000,-2.32000,0.00
,,, 0.00006868000,-2.32000,0.00
,,, 0.00006869000,-2.32000,-0.00200
,,, 0.00006870000,-2.40000,-0.00200
,,, 0.00006871000,-2.48000,-0.00400
,,, 0.00006872000,-2.32000,-0.00600
,,, 0.00006873000,-2.32000,-0.00800
,,, 0.00006874000,-2.32000,-0.00600
,,, 0.00006875000,-2.32000,-0.00600
,,, 0.00006876000,-2.40000,-0.00400
,,, 0.00006877000,-2.32000,-0.00400
,,, 0.00006878000,-2.32000,-0.00400
,,, 0.00006879000,-2.32000,-0.00200
,,, 0.00006880000,-2.32000,0.00
,,, 0.00006881000,-2.24000,0.00
,,, 0.00006882000,-2.32000,0.00400
,,, 0.00006883000,-2.32000,0.00400
,,, 0.00006884000,-2.32000,0.00800
,,, 0.00006885000,-2.32000,0.00800
,,, 0.00006886000,-2.32000,0.01000
,,, 0.00006887000,-2.32000,0.00800
,,, 0.00006888000,-2.24000,0.00800
,,, 0.00006889000,-2.24000,0.00800
,,, 0.00006890000,-2.24000,0.00800
,,, 0.00006891000,-2.24000,0.00800
,,, 0.00006892000,-2.24000,0.00800
,,, 0.00006893000,-2.24000,0.01000
,,, 0.00006894000,-2.24000,0.01200
,,, 0.00006895000,-2.24000,0.01400
,,, 0.00006896000,-2.24000,0.01600
,,, 0.00006897000,-2.16000,0.01800
,,, 0.00006898000,-2.16000,0.02000
,,, 0.00006899000,-2.16000,0.02000
,,, 0.00006900000,-2.24000,0.02000
,,, 0.00006901000,-2.16000,0.01600
,,, 0.00006902000,-2.16000,0.01400
,,, 0.00006903000,-2.16000,0.01400
,,, 0.00006904000,-2.16000,0.01400
,,, 0.00006905000,-2.16000,0.01200
,,, 0.00006906000,-2.16000,0.01200
,,, 0.00006907000,-2.08000,0.01200
,,, 0.00006908000,-2.16000,0.01200
,,, 0.00006909000,-2.16000,0.01400
,,, 0.00006910000,-2.16000,0.01400
,,, 0.00006911000,-2.08000,0.01400
,,, 0.00006912000,-2.08000,0.01600
,,, 0.00006913000,-2.08000,0.01600
,,, 0.00006914000,-2.08000,0.01800
,,, 0.00006915000,-2.08000,0.02000
,,, 0.00006916000,-2.00000,0.02000
,,, 0.00006917000,-2.08000,0.02000
,,, 0.00006918000,-2.08000,0.02000
,,, 0.00006919000,-2.08000,0.01600
,,, 0.00006920000,-2.08000,0.01400
,,, 0.00006921000,-2.08000,0.00800
,,, 0.00006922000,-2.00000,0.00600
,,, 0.00006923000,-2.00000,0.00400
,,, 0.00006924000,-2.00000,0.00
,,, 0.00006925000,-2.00000,0.00200
,,, 0.00006926000,-1.92000,0.00400
,,, 0.00006927000,-1.92000,0.00400
,,, 0.00006928000,-2.00000,0.00800
,,, 0.00006929000,-1.92000,0.01000
,,, 0.00006930000,-1.92000,0.01400
,,, 0.00006931000,-1.92000,0.01200
,,, 0.00006932000,-1.92000,0.00800
,,, 0.00006933000,-1.92000,0.00400
,,, 0.00006934000,-1.92000,-0.00200
,,, 0.00006935000,-1.92000,-0.01000
,,, 0.00006936000,-1.92000,-0.01400
,,, 0.00006937000,-1.92000,-0.01800
,,, 0.00006938000,-1.84000,-0.01800
,,, 0.00006939000,-1.92000,-0.01600
,,, 0.00006940000,-1.92000,-0.01200
,,, 0.00006941000,-1.84000,-0.01000
,,, 0.00006942000,-1.84000,-0.00400
,,, 0.00006943000,-1.84000,-0.00400
,,, 0.00006944000,-1.84000,-0.00400
,,, 0.00006945000,-1.84000,-0.00400
,,, 0.00006946000,-1.84000,-0.00800
,,, 0.00006947000,-1.84000,-0.01200
,,, 0.00006948000,-1.84000,-0.01000
,,, 0.00006949000,-1.84000,-0.01600
,,, 0.00006950000,-1.84000,-0.01600
,,, 0.00006951000,-1.84000,-0.01600
,,, 0.00006952000,-1.76000,-0.01400
,,, 0.00006953000,-1.76000,-0.01600
,,, 0.00006954000,-1.76000,-0.01400
,,, 0.00006955000,-1.76000,-0.01600
,,, 0.00006956000,-1.68000,-0.01600
,,, 0.00006957000,-1.68000,-0.02000
,,, 0.00006958000,-1.68000,-0.02000
,,, 0.00006959000,-1.68000,-0.02000
,,, 0.00006960000,-1.68000,-0.02000
,,, 0.00006961000,-1.68000,-0.01800
,,, 0.00006962000,-1.68000,-0.01600
,,, 0.00006963000,-1.68000,-0.01600
,,, 0.00006964000,-1.68000,-0.01200
,,, 0.00006965000,-1.68000,-0.01200
,,, 0.00006966000,-1.68000,-0.01200
,,, 0.00006967000,-1.60000,-0.01200
,,, 0.00006968000,-1.68000,-0.01400
,,, 0.00006969000,-1.68000,-0.01600
,,, 0.00006970000,-1.68000,-0.01600
,,, 0.00006971000,-1.68000,-0.01600
,,, 0.00006972000,-1.68000,-0.01200
,,, 0.00006973000,-1.60000,-0.00800
,,, 0.00006974000,-1.60000,-0.00400
,,, 0.00006975000,-1.60000,0.00
,,, 0.00006976000,-1.68000,0.00200
,,, 0.00006977000,-1.60000,0.00400
,,, 0.00006978000,-1.60000,0.00400
,,, 0.00006979000,-1.60000,0.00200
,,, 0.00006980000,-1.60000,0.00200
,,, 0.00006981000,-1.60000,0.00
,,, 0.00006982000,-1.52000,-0.00200
,,, 0.00006983000,-1.52000,-0.00400
,,, 0.00006984000,-1.52000,-0.00200
,,, 0.00006985000,-1.52000,-0.00200
,,, 0.00006986000,-1.52000,0.00
,,, 0.00006987000,-1.52000,0.00400
,,, 0.00006988000,-1.52000,0.00600
,,, 0.00006989000,-1.52000,0.00800
,,, 0.00006990000,-1.52000,0.00800
,,, 0.00006991000,-1.52000,0.00800
,,, 0.00006992000,-1.52000,0.01000
,,, 0.00006993000,-1.52000,0.00800
,,, 0.00006994000,-1.52000,0.01000
,,, 0.00006995000,-1.44000,0.01200
,,, 0.00006996000,-1.44000,0.01400
,,, 0.00006997000,-1.44000,0.01600
,,, 0.00006998000,-1.44000,0.02000
,,, 0.00006999000,-1.44000,0.02000
,,, 0.00007000000,-1.44000,0.02000
,,, 0.00007001000,-1.44000,0.01600
,,, 0.00007002000,-1.36000,0.01400
,,, 0.00007003000,-1.44000,0.01400
,,, 0.00007004000,-1.44000,0.01400
,,, 0.00007005000,-1.36000,0.01600
,,, 0.00007006000,-1.36000,0.01800
,,, 0.00007007000,-1.36000,0.02200
,,, 0.00007008000,-1.36000,0.02400
,,, 0.00007009000,-1.36000,0.02800
,,, 0.00007010000,-1.28000,0.02800
,,, 0.00007011000,-1.28000,0.02600
,,, 0.00007012000,-1.36000,0.02400
,,, 0.00007013000,-1.36000,0.01800
,,, 0.00007014000,-1.28000,0.01400
,,, 0.00007015000,-1.28000,0.00800
,,, 0.00007016000,-1.28000,0.00400
,,, 0.00007017000,-1.28000,0.00400
,,, 0.00007018000,-1.28000,0.00400
,,, 0.00007019000,-1.20000,0.00600
,,, 0.00007020000,-1.20000,0.01200
,,, 0.00007021000,-1.20000,0.01400
,,, 0.00007022000,-1.28000,0.01600
,,, 0.00007023000,-1.20000,0.01800
,,, 0.00007024000,-1.20000,0.01800
,,, 0.00007025000,-1.20000,0.01600
,,, 0.00007026000,-1.20000,0.01200
,,, 0.00007027000,-1.20000,0.00800
,,, 0.00007028000,-1.20000,0.00600
,,, 0.00007029000,-1.20000,0.00600
,,, 0.00007030000,-1.12000,0.00600
,,, 0.00007031000,-1.20000,0.00400
,,, 0.00007032000,-1.12000,0.00400
,,, 0.00007033000,-1.04000,0.00200
,,, 0.00007034000,-1.20000,0.00
,,, 0.00007035000,-1.12000,0.00
,,, 0.00007036000,-1.12000,0.00
,,, 0.00007037000,-1.04000,-0.00200
,,, 0.00007038000,-1.04000,0.00
,,, 0.00007039000,-1.04000,0.00
,,, 0.00007040000,-1.04000,0.00
,,, 0.00007041000,-1.04000,0.00
,,, 0.00007042000,-1.04000,-0.00400
,,, 0.00007043000,-1.04000,-0.00400
,,, 0.00007044000,-1.04000,-0.00200
,,, 0.00007045000,-1.04000,-0.00800
,,, 0.00007046000,-0.96000,-0.01400
,,, 0.00007047000,-0.96000,-0.01600
,,, 0.00007048000,-1.04000,-0.01800
,,, 0.00007049000,-1.04000,-0.02200
,,, 0.00007050000,-0.96000,-0.02400
,,, 0.00007051000,-0.96000,-0.02000
,,, 0.00007052000,-0.96000,-0.02000
,,, 0.00007053000,-0.96000,-0.01600
,,, 0.00007054000,-0.96000,-0.01000
,,, 0.00007055000,-0.96000,-0.00600
,,, 0.00007056000,-0.96000,-0.00400
,,, 0.00007057000,-0.96000,-0.00400
,,, 0.00007058000,-0.96000,-0.00400
,,, 0.00007059000,-0.96000,-0.00600
,,, 0.00007060000,-0.96000,-0.00800
,,, 0.00007061000,-0.96000,-0.01200
,,, 0.00007062000,-0.88000,-0.01200
,,, 0.00007063000,-0.88000,-0.01200
,,, 0.00007064000,-0.88000,-0.01000
,,, 0.00007065000,-0.88000,-0.00800
,,, 0.00007066000,-0.88000,-0.00400
,,, 0.00007067000,-0.88000,-0.00400
,,, 0.00007068000,-0.88000,-0.00400
,,, 0.00007069000,-0.88000,-0.00400
,,, 0.00007070000,-0.88000,0.00
,,, 0.00007071000,-0.88000,-0.00200
,,, 0.00007072000,-0.88000,-0.00400
,,, 0.00007073000,-0.80000,-0.00200
,,, 0.00007074000,-0.80000,0.00
,,, 0.00007075000,-0.80000,-0.00200
,,, 0.00007076000,-0.80000,0.00
,,, 0.00007077000,-0.80000,0.00
,,, 0.00007078000,-0.80000,0.00
,,, 0.00007079000,-0.80000,0.00
,,, 0.00007080000,-0.72000,0.00
,,, 0.00007081000,-0.72000,-0.00200
,,, 0.00007082000,-0.80000,-0.00400
,,, 0.00007083000,-0.72000,-0.00600
,,, 0.00007084000,-0.72000,-0.00200
,,, 0.00007085000,-0.72000,0.00200
,,, 0.00007086000,-0.72000,0.00600
,,, 0.00007087000,-0.72000,0.00800
,,, 0.00007088000,-0.64000,0.01600
,,, 0.00007089000,-0.64000,0.02000
,,, 0.00007090000,-0.64000,0.02400
,,, 0.00007091000,-0.64000,0.02400
,,, 0.00007092000,-0.64000,0.02400
,,, 0.00007093000,-0.64000,0.02000
,,, 0.00007094000,-0.64000,0.02000
,,, 0.00007095000,-0.64000,0.01400
,,, 0.00007096000,-0.56000,0.01000
,,, 0.00007097000,-0.64000,0.00600
,,, 0.00007098000,-0.56000,0.00800
,,, 0.00007099000,-0.64000,0.00800
,,, 0.00007100000,-0.56000,0.01000
,,, 0.00007101000,-0.56000,0.01400
,,, 0.00007102000,-0.56000,0.01800
,,, 0.00007103000,-0.56000,0.01800
,,, 0.00007104000,-0.56000,0.02000
,,, 0.00007105000,-0.56000,0.01800
,,, 0.00007106000,-0.56000,0.01400
,,, 0.00007107000,-0.56000,0.01400
,,, 0.00007108000,-0.56000,0.01200
,,, 0.00007109000,-0.56000,0.00800
,,, 0.00007110000,-0.56000,0.00800
,,, 0.00007111000,-0.40000,0.00600
,,, 0.00007112000,-0.56000,0.00600
,,, 0.00007113000,-0.48000,0.00800
,,, 0.00007114000,-0.48000,0.00400
,,, 0.00007115000,-0.48000,0.00600
,,, 0.00007116000,-0.40000,0.00600
,,, 0.00007117000,-0.40000,0.00600
,,, 0.00007118000,-0.40000,0.00800
,,, 0.00007119000,-0.48000,0.00800
,,, 0.00007120000,-0.40000,0.00800
,,, 0.00007121000,-0.40000,0.01200
,,, 0.00007122000,-0.40000,0.01200
,,, 0.00007123000,-0.40000,0.01000
,,, 0.00007124000,-0.40000,0.00800
,,, 0.00007125000,-0.40000,0.00400
,,, 0.00007126000,-0.40000,0.00
,,, 0.00007127000,-0.40000,-0.00200
,,, 0.00007128000,-0.40000,-0.00600
,,, 0.00007129000,-0.40000,-0.00800
,,, 0.00007130000,-0.32000,-0.01000
,,, 0.00007131000,-0.40000,-0.01000
,,, 0.00007132000,-0.32000,-0.00800
,,, 0.00007133000,-0.32000,-0.00800
,,, 0.00007134000,-0.32000,-0.00800
,,, 0.00007135000,-0.32000,-0.00600
,,, 0.00007136000,-0.32000,-0.00800
,,, 0.00007137000,-0.32000,-0.01000
,,, 0.00007138000,-0.32000,-0.01000
,,, 0.00007139000,-0.32000,-0.01200
,,, 0.00007140000,-0.32000,-0.01200
,,, 0.00007141000,-0.32000,-0.01400
,,, 0.00007142000,-0.24000,-0.01400
,,, 0.00007143000,-0.32000,-0.01400
,,, 0.00007144000,-0.24000,-0.01200
,,, 0.00007145000,-0.24000,-0.01200
,,, 0.00007146000,-0.24000,-0.01000
,,, 0.00007147000,-0.24000,-0.01000
,,, 0.00007148000,-0.24000,-0.01000
,,, 0.00007149000,-0.24000,-0.01000
,,, 0.00007150000,-0.24000,-0.01000
,,, 0.00007151000,-0.24000,-0.01000
,,, 0.00007152000,-0.16000,-0.01000
,,, 0.00007153000,-0.24000,-0.01200
,,, 0.00007154000,-0.16000,-0.01000
,,, 0.00007155000,-0.24000,-0.01000
,,, 0.00007156000,-0.16000,-0.01000
,,, 0.00007157000,-0.16000,-0.01000
,,, 0.00007158000,-0.08000,-0.01200
,,, 0.00007159000,-0.08000,-0.01200
,,, 0.00007160000,-0.16000,-0.01600
,,, 0.00007161000,-0.08000,-0.02000
,,, 0.00007162000,-0.08000,-0.01800
,,, 0.00007163000,-0.08000,-0.01800
,,, 0.00007164000,-0.16000,-0.01800
,,, 0.00007165000,-0.08000,-0.01600
,,, 0.00007166000,0.00,-0.01000
,,, 0.00007167000,-0.08000,-0.00800
,,, 0.00007168000,-0.08000,-0.00400
,,, 0.00007169000,0.00,-0.00200
,,, 0.00007170000,0.00,-0.00200
,,, 0.00007171000,0.00,0.00
,,, 0.00007172000,0.00,-0.00200
,,, 0.00007173000,0.00,-0.00200
,,, 0.00007174000,0.00,-0.00400
,,, 0.00007175000,0.00,-0.00400
,,, 0.00007176000,0.00,-0.00400
,,, 0.00007177000,0.08000,-0.00200
,,, 0.00007178000,0.00,0.00
,,, 0.00007179000,0.08000,0.00600
,,, 0.00007180000,0.00,0.00800
,,, 0.00007181000,0.00,0.01000
,,, 0.00007182000,0.08000,0.01400
,,, 0.00007183000,0.08000,0.01400
,,, 0.00007184000,0.08000,0.01600
,,, 0.00007185000,0.16000,0.01400
,,, 0.00007186000,0.08000,0.01400
,,, 0.00007187000,0.16000,0.01400
,,, 0.00007188000,0.16000,0.01400
,,, 0.00007189000,0.24000,0.01200
,,, 0.00007190000,0.16000,0.01200
,,, 0.00007191000,0.24000,0.00800
,,, 0.00007192000,0.24000,0.00600
,,, 0.00007193000,0.16000,0.00600
,,, 0.00007194000,0.24000,0.00600
,,, 0.00007195000,0.24000,0.00800
,,, 0.00007196000,0.24000,0.00800
,,, 0.00007197000,0.24000,0.01200
,,, 0.00007198000,0.24000,0.01400
,,, 0.00007199000,0.24000,0.01600
,,, 0.00007200000,0.24000,0.01800
,,, 0.00007201000,0.24000,0.02000
,,, 0.00007202000,0.24000,0.02000
,,, 0.00007203000,0.24000,0.01800
,,, 0.00007204000,0.24000,0.01800
,,, 0.00007205000,0.24000,0.01600
,,, 0.00007206000,0.32000,0.01400
,,, 0.00007207000,0.24000,0.01200
,,, 0.00007208000,0.32000,0.01200
,,, 0.00007209000,0.32000,0.01400
,,, 0.00007210000,0.32000,0.01600
,,, 0.00007211000,0.32000,0.01600
,,, 0.00007212000,0.32000,0.02000
,,, 0.00007213000,0.32000,0.02200
,,, 0.00007214000,0.32000,0.02200
,,, 0.00007215000,0.32000,0.02000
,,, 0.00007216000,0.32000,0.01800
,,, 0.00007217000,0.32000,0.01400
,,, 0.00007218000,0.40000,0.01000
,,, 0.00007219000,0.40000,0.00600
,,, 0.00007220000,0.40000,0.00400
,,, 0.00007221000,0.40000,0.00200
,,, 0.00007222000,0.40000,0.00
,,, 0.00007223000,0.40000,-0.00200
,,, 0.00007224000,0.40000,-0.00200
,,, 0.00007225000,0.40000,-0.00400
,,, 0.00007226000,0.40000,-0.00200
,,, 0.00007227000,0.40000,-0.00400
,,, 0.00007228000,0.48000,-0.00400
,,, 0.00007229000,0.48000,-0.00400
,,, 0.00007230000,0.40000,-0.00200
,,, 0.00007231000,0.56000,-0.00200
,,, 0.00007232000,0.48000,0.00
,,, 0.00007233000,0.48000,0.00
,,, 0.00007234000,0.48000,0.00400
,,, 0.00007235000,0.48000,0.00
,,, 0.00007236000,0.48000,0.00
,,, 0.00007237000,0.56000,-0.00200
,,, 0.00007238000,0.56000,-0.00400
,,, 0.00007239000,0.56000,-0.00800
,,, 0.00007240000,0.56000,-0.01000
,,, 0.00007241000,0.56000,-0.01200
,,, 0.00007242000,0.56000,-0.00800
,,, 0.00007243000,0.64000,-0.00800
,,, 0.00007244000,0.56000,-0.00800
,,, 0.00007245000,0.64000,-0.00400
,,, 0.00007246000,0.64000,-0.00400
,,, 0.00007247000,0.64000,-0.00400
,,, 0.00007248000,0.64000,-0.00800
,,, 0.00007249000,0.64000,-0.01000
,,, 0.00007250000,0.64000,-0.01200
,,, 0.00007251000,0.64000,-0.01600
,,, 0.00007252000,0.72000,-0.01800
,,, 0.00007253000,0.64000,-0.02000
,,, 0.00007254000,0.64000,-0.02000
,,, 0.00007255000,0.64000,-0.02000
,,, 0.00007256000,0.72000,-0.01800
,,, 0.00007257000,0.72000,-0.01600
,,, 0.00007258000,0.72000,-0.01600
,,, 0.00007259000,0.72000,-0.01200
,,, 0.00007260000,0.72000,-0.01000
,,, 0.00007261000,0.72000,-0.00800
,,, 0.00007262000,0.72000,-0.00600
,,, 0.00007263000,0.72000,-0.00600
,,, 0.00007264000,0.72000,-0.00200
,,, 0.00007265000,0.72000,-0.00200
,,, 0.00007266000,0.80000,0.00
,,, 0.00007267000,0.80000,0.00
,,, 0.00007268000,0.72000,0.00
,,, 0.00007269000,0.88000,0.00
,,, 0.00007270000,0.80000,0.00
,,, 0.00007271000,0.88000,-0.00200
,,, 0.00007272000,0.88000,-0.00200
,,, 0.00007273000,0.88000,-0.00400
,,, 0.00007274000,0.88000,-0.00400
,,, 0.00007275000,0.88000,-0.00200
,,, 0.00007276000,0.88000,0.00
,,, 0.00007277000,0.88000,0.00200
,,, 0.00007278000,0.88000,0.00600
,,, 0.00007279000,0.88000,0.00800
,,, 0.00007280000,0.88000,0.01200
,,, 0.00007281000,0.88000,0.00800
,,, 0.00007282000,0.88000,0.00600
,,, 0.00007283000,0.88000,0.00400
,,, 0.00007284000,0.96000,0.00
,,, 0.00007285000,0.96000,-0.00600
,,, 0.00007286000,0.96000,-0.00800
,,, 0.00007287000,0.96000,-0.00800
,,, 0.00007288000,0.96000,-0.00600
,,, 0.00007289000,0.96000,-0.00200
,,, 0.00007290000,0.96000,0.00400
,,, 0.00007291000,0.96000,0.01000
,,, 0.00007292000,0.96000,0.01400
,,, 0.00007293000,1.04000,0.01800
,,, 0.00007294000,0.96000,0.02000
,,, 0.00007295000,1.04000,0.01800
,,, 0.00007296000,1.04000,0.01600
,,, 0.00007297000,1.04000,0.01400
,,, 0.00007298000,1.04000,0.01200
,,, 0.00007299000,1.04000,0.01000
,,, 0.00007300000,1.04000,0.01200
,,, 0.00007301000,1.12000,0.01000
,,, 0.00007302000,1.12000,0.00800
,,, 0.00007303000,1.04000,0.01000
,,, 0.00007304000,1.12000,0.00800
,,, 0.00007305000,1.12000,0.00800
,,, 0.00007306000,1.12000,0.00600
,,, 0.00007307000,1.12000,0.00400
,,, 0.00007308000,1.12000,0.00400
,,, 0.00007309000,1.12000,0.00600
,,, 0.00007310000,1.12000,0.00400
,,, 0.00007311000,1.12000,0.00600
,,, 0.00007312000,1.20000,0.00600
,,, 0.00007313000,1.20000,0.00600
,,, 0.00007314000,1.12000,0.00600
,,, 0.00007315000,1.12000,0.00200
,,, 0.00007316000,1.12000,0.00
,,, 0.00007317000,1.20000,-0.00400
,,, 0.00007318000,1.12000,-0.00800
,,, 0.00007319000,1.20000,-0.01000
,,, 0.00007320000,1.20000,-0.01000
,,, 0.00007321000,1.28000,-0.00800
,,, 0.00007322000,1.28000,-0.00400
,,, 0.00007323000,1.28000,-0.00400
,,, 0.00007324000,1.28000,0.00
,,, 0.00007325000,1.28000,0.00400
,,, 0.00007326000,1.28000,0.00600
,,, 0.00007327000,1.28000,0.00400
,,, 0.00007328000,1.28000,0.00400
,,, 0.00007329000,1.28000,-0.00200
,,, 0.00007330000,1.28000,-0.00600
,,, 0.00007331000,1.28000,-0.01200
,,, 0.00007332000,1.36000,-0.01600
,,, 0.00007333000,1.36000,-0.01800
,,, 0.00007334000,1.36000,-0.02000
,,, 0.00007335000,1.28000,-0.02200
,,, 0.00007336000,1.36000,-0.02000
,,, 0.00007337000,1.36000,-0.02000
,,, 0.00007338000,1.36000,-0.02000
,,, 0.00007339000,1.28000,-0.01800
,,, 0.00007340000,1.36000,-0.01800
,,, 0.00007341000,1.36000,-0.02000
,,, 0.00007342000,1.36000,-0.01800
,,, 0.00007343000,1.36000,-0.02000
,,, 0.00007344000,1.44000,-0.01800
,,, 0.00007345000,1.44000,-0.01800
,,, 0.00007346000,1.36000,-0.01600
,,, 0.00007347000,1.36000,-0.01600
,,, 0.00007348000,1.36000,-0.01600
,,, 0.00007349000,1.52000,-0.01600
,,, 0.00007350000,1.44000,-0.01800
,,, 0.00007351000,1.52000,-0.02000
,,, 0.00007352000,1.52000,-0.02000
,,, 0.00007353000,1.36000,-0.02200
,,, 0.00007354000,1.52000,-0.02000
,,, 0.00007355000,1.52000,-0.01800
,,, 0.00007356000,1.52000,-0.01400
,,, 0.00007357000,1.52000,-0.01000
,,, 0.00007358000,1.52000,-0.00600
,,, 0.00007359000,1.52000,-0.00200
,,, 0.00007360000,1.52000,-0.00200
,,, 0.00007361000,1.52000,-0.00400
,,, 0.00007362000,1.52000,-0.00600
,,, 0.00007363000,1.52000,-0.01000
,,, 0.00007364000,1.52000,-0.01200
,,, 0.00007365000,1.52000,-0.01800
,,, 0.00007366000,1.60000,-0.02000
,,, 0.00007367000,1.60000,-0.02000
,,, 0.00007368000,1.60000,-0.01800
,,, 0.00007369000,1.60000,-0.01600
,,, 0.00007370000,1.60000,-0.01200
,,, 0.00007371000,1.60000,-0.00600
,,, 0.00007372000,1.60000,-0.00200
,,, 0.00007373000,1.60000,0.00
,,, 0.00007374000,1.60000,0.00200
,,, 0.00007375000,1.60000,0.00400
,,, 0.00007376000,1.68000,0.00
,,, 0.00007377000,1.60000,0.00
,,, 0.00007378000,1.68000,0.00200
,,, 0.00007379000,1.68000,0.00200
,,, 0.00007380000,1.68000,0.00400
,,, 0.00007381000,1.76000,0.00600
,,, 0.00007382000,1.68000,0.00800
,,, 0.00007383000,1.68000,0.01200
,,, 0.00007384000,1.68000,0.01200
,,, 0.00007385000,1.68000,0.01400
,,, 0.00007386000,1.68000,0.01400
,,, 0.00007387000,1.76000,0.01200
,,, 0.00007388000,1.68000,0.01600
,,, 0.00007389000,1.68000,0.01400
,,, 0.00007390000,1.76000,0.01400
,,, 0.00007391000,1.76000,0.01400
,,, 0.00007392000,1.76000,0.01600
,,, 0.00007393000,1.76000,0.01600
,,, 0.00007394000,1.76000,0.01600
,,, 0.00007395000,1.76000,0.01400
,,, 0.00007396000,1.76000,0.01200
,,, 0.00007397000,1.84000,0.00800
,,, 0.00007398000,1.76000,0.00400
,,, 0.00007399000,1.76000,0.00
,,, 0.00007400000,1.84000,0.00
,,, 0.00007401000,1.84000,0.00
,,, 0.00007402000,1.92000,0.00600
,,, 0.00007403000,1.92000,0.00800
,,, 0.00007404000,1.92000,0.01200
,,, 0.00007405000,1.92000,0.01600
,,, 0.00007406000,1.92000,0.01800
,,, 0.00007407000,1.92000,0.01600
,,, 0.00007408000,1.92000,0.01400
,,, 0.00007409000,1.92000,0.01000
,,, 0.00007410000,1.84000,0.01000
,,, 0.00007411000,1.92000,0.00600
,,, 0.00007412000,1.92000,0.00600
,,, 0.00007413000,1.92000,0.00600
,,, 0.00007414000,1.92000,0.00600
,,, 0.00007415000,1.92000,0.00800
,,, 0.00007416000,1.92000,0.00800
,,, 0.00007417000,2.00000,0.00800
,,, 0.00007418000,1.92000,0.01000
,,, 0.00007419000,2.00000,0.00800
,,, 0.00007420000,2.00000,0.00600
,,, 0.00007421000,2.00000,0.00600
,,, 0.00007422000,2.00000,0.00400
,,, 0.00007423000,2.00000,0.00
,,, 0.00007424000,2.00000,-0.00200
,,, 0.00007425000,2.00000,-0.00400
,,, 0.00007426000,2.08000,-0.00600
,,, 0.00007427000,2.00000,-0.00800
,,, 0.00007428000,2.00000,-0.01000
,,, 0.00007429000,2.08000,-0.01200
,,, 0.00007430000,2.08000,-0.01400
,,, 0.00007431000,2.16000,-0.01600
,,, 0.00007432000,2.16000,-0.01800
,,, 0.00007433000,2.16000,-0.01600
,,, 0.00007434000,2.16000,-0.01600
,,, 0.00007435000,2.16000,-0.01200
,,, 0.00007436000,2.16000,-0.01000
,,, 0.00007437000,2.16000,-0.00800
,,, 0.00007438000,2.16000,-0.00400
,,, 0.00007439000,2.16000,-0.00400
,,, 0.00007440000,2.16000,-0.00400
,,, 0.00007441000,2.16000,-0.00400
,,, 0.00007442000,2.16000,-0.00800
,,, 0.00007443000,2.16000,-0.01200
,,, 0.00007444000,2.16000,-0.01400
,,, 0.00007445000,2.16000,-0.01600
,,, 0.00007446000,2.16000,-0.01800
,,, 0.00007447000,2.24000,-0.01600
,,, 0.00007448000,2.16000,-0.01600
,,, 0.00007449000,2.24000,-0.01200
,,, 0.00007450000,2.16000,-0.01000
,,, 0.00007451000,2.24000,-0.00800
,,, 0.00007452000,2.24000,-0.00800
,,, 0.00007453000,2.24000,-0.01000
,,, 0.00007454000,2.24000,-0.01000
,,, 0.00007455000,2.24000,-0.01200
,,, 0.00007456000,2.24000,-0.01600
,,, 0.00007457000,2.24000,-0.01800
,,, 0.00007458000,2.32000,-0.01800
,,, 0.00007459000,2.24000,-0.01800
,,, 0.00007460000,2.24000,-0.01600
,,, 0.00007461000,2.32000,-0.01600
,,, 0.00007462000,2.32000,-0.01200
,,, 0.00007463000,2.32000,-0.01200
,,, 0.00007464000,2.32000,-0.01000
,,, 0.00007465000,2.32000,-0.01000
,,, 0.00007466000,2.32000,-0.00800
,,, 0.00007467000,2.32000,-0.00800
,,, 0.00007468000,2.32000,-0.00600
,,, 0.00007469000,2.32000,-0.00400
,,, 0.00007470000,2.32000,-0.00200
,,, 0.00007471000,2.40000,0.00
,,, 0.00007472000,2.40000,0.00
,,, 0.00007473000,2.48000,0.00
,,, 0.00007474000,2.40000,0.00200
,,, 0.00007475000,2.40000,-0.00200
,,, 0.00007476000,2.40000,-0.00200
,,, 0.00007477000,2.40000,-0.00200
,,, 0.00007478000,2.48000,-0.00400
,,, 0.00007479000,2.48000,-0.00200
,,, 0.00007480000,2.48000,-0.00200
,,, 0.00007481000,2.48000,0.00
,,, 0.00007482000,2.40000,0.00400
,,, 0.00007483000,2.48000,0.00600
,,, 0.00007484000,2.48000,0.01000
,,, 0.00007485000,2.40000,0.01200
,,, 0.00007486000,2.56000,0.01000
,,, 0.00007487000,2.48000,0.00800
,,, 0.00007488000,2.48000,0.00800
,,, 0.00007489000,2.48000,0.00400
,,, 0.00007490000,2.48000,0.00200
,,, 0.00007491000,2.56000,0.00
,,, 0.00007492000,2.56000,0.00
,,, 0.00007493000,2.56000,0.00
,,, 0.00007494000,2.56000,0.00200
,,, 0.00007495000,2.56000,0.00400
,,, 0.00007496000,2.56000,0.00800
,,, 0.00007497000,2.56000,0.00800
,,, 0.00007498000,2.56000,0.01200
,,, 0.00007499000,2.56000,0.01400
,,, 0.00007500000,2.64000,0.01200
,,, 0.00007501000,2.64000,0.01400
,,, 0.00007502000,2.56000,0.01200
,,, 0.00007503000,2.64000,0.01200
,,, 0.00007504000,2.56000,0.01200
,,, 0.00007505000,2.64000,0.00800
,,, 0.00007506000,2.64000,0.00800
,,, 0.00007507000,2.64000,0.00400
,,, 0.00007508000,2.64000,0.00200
,,, 0.00007509000,2.64000,0.00
,,, 0.00007510000,2.64000,-0.00200
,,, 0.00007511000,2.64000,-0.00200
,,, 0.00007512000,2.72000,0.00
,,, 0.00007513000,2.64000,0.00
,,, 0.00007514000,2.64000,0.00200
,,, 0.00007515000,2.64000,0.00400
,,, 0.00007516000,2.64000,0.00400
,,, 0.00007517000,2.72000,0.00200
,,, 0.00007518000,2.72000,0.00
,,, 0.00007519000,2.72000,-0.00200
,,, 0.00007520000,2.80000,-0.00400
,,, 0.00007521000,2.72000,-0.00800
,,, 0.00007522000,2.80000,-0.01200
,,, 0.00007523000,2.64000,-0.01200
,,, 0.00007524000,2.80000,-0.01600
,,, 0.00007525000,2.80000,-0.01600
,,, 0.00007526000,2.80000,-0.01200
,,, 0.00007527000,2.80000,-0.01200
,,, 0.00007528000,2.80000,-0.01000
,,, 0.00007529000,2.80000,-0.00800
,,, 0.00007530000,2.80000,-0.00800
,,, 0.00007531000,2.80000,-0.00600
,,, 0.00007532000,2.80000,-0.00600
,,, 0.00007533000,2.80000,-0.00600
,,, 0.00007534000,2.80000,-0.00600
,,, 0.00007535000,2.80000,-0.00800
,,, 0.00007536000,2.80000,-0.00800
,,, 0.00007537000,2.88000,-0.01000
,,, 0.00007538000,2.88000,-0.01200
,,, 0.00007539000,2.88000,-0.01400
,,, 0.00007540000,2.88000,-0.01800
,,, 0.00007541000,2.88000,-0.02000
,,, 0.00007542000,2.88000,-0.01800
,,, 0.00007543000,2.88000,-0.02200
,,, 0.00007544000,2.88000,-0.02200
,,, 0.00007545000,2.88000,-0.02000
,,, 0.00007546000,2.88000,-0.01800
,,, 0.00007547000,2.88000,-0.02000
,,, 0.00007548000,2.96000,-0.01600
,,, 0.00007549000,2.88000,-0.01400
,,, 0.00007550000,2.88000,-0.01400
,,, 0.00007551000,2.88000,-0.01200
,,, 0.00007552000,2.88000,-0.01200
,,, 0.00007553000,2.88000,-0.01600
,,, 0.00007554000,2.96000,-0.01600
,,, 0.00007555000,2.96000,-0.01600
,,, 0.00007556000,2.96000,-0.01600
,,, 0.00007557000,2.96000,-0.01600
,,, 0.00007558000,2.88000,-0.01200
,,, 0.00007559000,2.96000,-0.01000
,,, 0.00007560000,2.96000,-0.00600
,,, 0.00007561000,2.96000,-0.00200
,,, 0.00007562000,2.96000,0.00400
,,, 0.00007563000,2.96000,0.00400
,,, 0.00007564000,2.96000,0.00400
,,, 0.00007565000,3.04000,0.00400
,,, 0.00007566000,2.96000,0.00400
,,, 0.00007567000,3.04000,0.00
,,, 0.00007568000,3.04000,-0.00400
,,, 0.00007569000,3.04000,-0.00800
,,, 0.00007570000,3.04000,-0.00800
,,, 0.00007571000,3.04000,-0.00800
,,, 0.00007572000,3.04000,-0.00400
,,, 0.00007573000,3.12000,-0.00400
,,, 0.00007574000,3.12000,-0.00200
,,, 0.00007575000,3.04000,0.00
,,, 0.00007576000,3.04000,0.00
,,, 0.00007577000,3.04000,0.00200
,,, 0.00007578000,3.12000,0.00400
,,, 0.00007579000,3.04000,0.00400
,,, 0.00007580000,3.20000,0.00800
,,, 0.00007581000,3.04000,0.01200
,,, 0.00007582000,3.04000,0.01600
,,, 0.00007583000,3.20000,0.01600
,,, 0.00007584000,3.12000,0.02000
,,, 0.00007585000,3.20000,0.01600
,,, 0.00007586000,3.12000,0.01400
,,, 0.00007587000,3.20000,0.01200
,,, 0.00007588000,3.20000,0.01000
,,, 0.00007589000,3.20000,0.00800
,,, 0.00007590000,3.12000,0.00800
,,, 0.00007591000,3.20000,0.00800
,,, 0.00007592000,3.20000,0.01400
,,, 0.00007593000,3.20000,0.01400
,,, 0.00007594000,3.20000,0.02000
,,, 0.00007595000,3.20000,0.02200
,,, 0.00007596000,3.28000,0.02400
,,, 0.00007597000,3.20000,0.02400
,,, 0.00007598000,3.20000,0.02200
,,, 0.00007599000,3.20000,0.01800
,,, 0.00007600000,3.20000,0.01400
,,, 0.00007601000,3.28000,0.00800
,,, 0.00007602000,3.28000,0.00600
,,, 0.00007603000,3.28000,0.00400
,,, 0.00007604000,3.20000,0.00400
,,, 0.00007605000,3.20000,0.00400
,,, 0.00007606000,3.28000,0.00600
,,, 0.00007607000,3.28000,0.00600
,,, 0.00007608000,3.28000,0.00800
,,, 0.00007609000,3.28000,0.00800
,,, 0.00007610000,3.28000,0.01200
,,, 0.00007611000,3.28000,0.01000
,,, 0.00007612000,3.28000,0.01200
,,, 0.00007613000,3.36000,0.00800
,,, 0.00007614000,3.28000,0.01000
,,, 0.00007615000,3.28000,0.00800
,,, 0.00007616000,3.36000,0.00800
,,, 0.00007617000,3.28000,0.00800
,,, 0.00007618000,3.52000,0.00600
,,, 0.00007619000,3.36000,0.00400
,,, 0.00007620000,3.52000,0.00400
,,, 0.00007621000,3.52000,0.00
,,, 0.00007622000,3.36000,-0.00200
,,, 0.00007623000,3.36000,-0.00400
,,, 0.00007624000,3.52000,-0.00400
,,, 0.00007625000,3.52000,-0.00400
,,, 0.00007626000,3.52000,-0.00200
,,, 0.00007627000,3.52000,-0.00400
,,, 0.00007628000,3.52000,0.00
,,, 0.00007629000,3.52000,0.00
,,, 0.00007630000,3.52000,-0.00200
,,, 0.00007631000,3.52000,-0.00400
,,, 0.00007632000,3.52000,-0.00600
,,, 0.00007633000,3.52000,-0.01200
,,, 0.00007634000,3.52000,-0.01600
,,, 0.00007635000,3.60000,-0.01800
,,, 0.00007636000,3.52000,-0.02000
,,, 0.00007637000,3.52000,-0.02000
,,, 0.00007638000,3.52000,-0.02000
,,, 0.00007639000,3.52000,-0.01800
,,, 0.00007640000,3.52000,-0.01600
,,, 0.00007641000,3.60000,-0.01400
,,, 0.00007642000,3.52000,-0.01000
,,, 0.00007643000,3.52000,-0.01200
,,, 0.00007644000,3.52000,-0.01200
,,, 0.00007645000,3.60000,-0.01400
,,, 0.00007646000,3.60000,-0.01600
,,, 0.00007647000,3.60000,-0.01600
,,, 0.00007648000,3.60000,-0.01600
,,, 0.00007649000,3.60000,-0.01400
,,, 0.00007650000,3.60000,-0.01400
,,, 0.00007651000,3.60000,-0.01400
,,, 0.00007652000,3.68000,-0.01200
,,, 0.00007653000,3.60000,-0.01200
,,, 0.00007654000,3.60000,-0.01400
,,, 0.00007655000,3.60000,-0.01600
,,, 0.00007656000,3.60000,-0.01600
,,, 0.00007657000,3.60000,-0.01600
,,, 0.00007658000,3.60000,-0.01600
,,, 0.00007659000,3.68000,-0.01200
,,, 0.00007660000,3.60000,-0.01000
,,, 0.00007661000,3.68000,-0.00800
,,, 0.00007662000,3.68000,-0.00200
,,, 0.00007663000,3.68000,-0.00200
,,, 0.00007664000,3.68000,0.00
,,, 0.00007665000,3.68000,0.00
,,, 0.00007666000,3.68000,-0.00200
,,, 0.00007667000,3.68000,-0.00400
,,, 0.00007668000,3.60000,-0.00800
,,, 0.00007669000,3.68000,-0.01200
,,, 0.00007670000,3.68000,-0.01200
,,, 0.00007671000,3.76000,-0.00800
,,, 0.00007672000,3.68000,-0.00200
,,, 0.00007673000,3.68000,0.00
,,, 0.00007674000,3.76000,0.00800
,,, 0.00007675000,3.68000,0.01200
,,, 0.00007676000,3.68000,0.01400
,,, 0.00007677000,3.68000,0.01600
,,, 0.00007678000,3.76000,0.01200
,,, 0.00007679000,3.76000,0.00800
,,, 0.00007680000,3.76000,0.00400
,,, 0.00007681000,3.76000,0.00
,,, 0.00007682000,3.76000,0.00
,,, 0.00007683000,3.76000,0.00
,,, 0.00007684000,3.84000,0.00400
,,, 0.00007685000,3.76000,0.00600
,,, 0.00007686000,3.84000,0.00800
,,, 0.00007687000,3.76000,0.01200
,,, 0.00007688000,3.76000,0.01400
,,, 0.00007689000,3.84000,0.01400
,,, 0.00007690000,3.76000,0.01400
,,, 0.00007691000,3.84000,0.01200
,,, 0.00007692000,3.84000,0.01000
,,, 0.00007693000,3.84000,0.00800
,,, 0.00007694000,3.84000,0.00800
,,, 0.00007695000,3.84000,0.00800
,,, 0.00007696000,3.84000,0.01000
,,, 0.00007697000,3.92000,0.01200
,,, 0.00007698000,3.92000,0.01200
,,, 0.00007699000,3.92000,0.01200
,,, 0.00007700000,3.84000,0.01000
,,, 0.00007701000,3.92000,0.00800
,,, 0.00007702000,3.92000,0.00600
,,, 0.00007703000,3.92000,0.00600
,,, 0.00007704000,3.84000,0.00600
,,, 0.00007705000,3.92000,0.00800
,,, 0.00007706000,3.92000,0.00800
,,, 0.00007707000,3.92000,0.00800
,,, 0.00007708000,3.92000,0.00800
,,, 0.00007709000,3.92000,0.00800
,,, 0.00007710000,4.00000,0.00600
,,, 0.00007711000,3.92000,0.00400
,,, 0.00007712000,3.92000,-0.00200
,,, 0.00007713000,3.92000,-0.00400
,,, 0.00007714000,3.92000,-0.00800
,,, 0.00007715000,3.92000,-0.01000
,,, 0.00007716000,3.92000,-0.01000
,,, 0.00007717000,3.92000,-0.01000
,,, 0.00007718000,3.92000,-0.01000
,,, 0.00007719000,3.92000,-0.00600
,,, 0.00007720000,4.00000,-0.00400
,,, 0.00007721000,4.00000,-0.00200
,,, 0.00007722000,3.92000,-0.00200
,,, 0.00007723000,4.00000,-0.00400
,,, 0.00007724000,3.92000,-0.00400
,,, 0.00007725000,4.08000,-0.00800
,,, 0.00007726000,3.92000,-0.01000
,,, 0.00007727000,4.00000,-0.01200
,,, 0.00007728000,4.00000,-0.01600
,,, 0.00007729000,4.00000,-0.01600
,,, 0.00007730000,4.00000,-0.01600
,,, 0.00007731000,4.00000,-0.01600
,,, 0.00007732000,4.08000,-0.01400
,,, 0.00007733000,4.00000,-0.01600
,,, 0.00007734000,4.00000,-0.01400
,,, 0.00007735000,4.00000,-0.01600
,,, 0.00007736000,4.00000,-0.01400
,,, 0.00007737000,4.08000,-0.01600
,,, 0.00007738000,4.00000,-0.01200
,,, 0.00007739000,4.00000,-0.01400
,,, 0.00007740000,4.08000,-0.01200
,,, 0.00007741000,4.16000,-0.01000
,,, 0.00007742000,4.08000,-0.01000
,,, 0.00007743000,4.08000,-0.01000
,,, 0.00007744000,4.16000,-0.01400
,,, 0.00007745000,4.16000,-0.01600
,,, 0.00007746000,4.16000,-0.02000
,,, 0.00007747000,4.16000,-0.02400
,,, 0.00007748000,4.08000,-0.02400
,,, 0.00007749000,4.16000,-0.02400
,,, 0.00007750000,4.16000,-0.02200
,,, 0.00007751000,4.16000,-0.01800
,,, 0.00007752000,4.08000,-0.01200
,,, 0.00007753000,4.16000,-0.00800
,,, 0.00007754000,4.16000,-0.00200
,,, 0.00007755000,4.16000,0.00
,,, 0.00007756000,4.16000,0.00
,,, 0.00007757000,4.16000,-0.00200
,,, 0.00007758000,4.16000,0.00
,,, 0.00007759000,4.16000,-0.00800
,,, 0.00007760000,4.16000,-0.00600
,,, 0.00007761000,4.16000,-0.01000
,,, 0.00007762000,4.16000,-0.00800
,,, 0.00007763000,4.16000,-0.01000
,,, 0.00007764000,4.16000,-0.00600
,,, 0.00007765000,4.24000,-0.00400
,,, 0.00007766000,4.16000,0.00
,,, 0.00007767000,4.16000,0.00400
,,, 0.00007768000,4.16000,0.00600
,,, 0.00007769000,4.24000,0.00800
,,, 0.00007770000,4.16000,0.01000
,,, 0.00007771000,4.24000,0.01000
,,, 0.00007772000,4.24000,0.00800
,,, 0.00007773000,4.24000,0.00800
,,, 0.00007774000,4.24000,0.00800
,,, 0.00007775000,4.24000,0.00800
,,, 0.00007776000,4.24000,0.00800
,,, 0.00007777000,4.32000,0.00800
,,, 0.00007778000,4.24000,0.00800
,,, 0.00007779000,4.24000,0.01000
,,, 0.00007780000,4.24000,0.01000
,,, 0.00007781000,4.24000,0.00800
,,, 0.00007782000,4.24000,0.01200
,,, 0.00007783000,4.24000,0.01400
,,, 0.00007784000,4.32000,0.01600
,,, 0.00007785000,4.24000,0.02200
,,, 0.00007786000,4.24000,0.02400
,,, 0.00007787000,4.32000,0.02800
,,, 0.00007788000,4.24000,0.02800
,,, 0.00007789000,4.32000,0.02400
,,, 0.00007790000,4.32000,0.02400
,,, 0.00007791000,4.32000,0.02000
,,, 0.00007792000,4.32000,0.01600
,,, 0.00007793000,4.32000,0.01200
,,, 0.00007794000,4.32000,0.01000
,,, 0.00007795000,4.32000,0.00800
,,, 0.00007796000,4.32000,0.01000
,,, 0.00007797000,4.32000,0.01200
,,, 0.00007798000,4.32000,0.01400
,,, 0.00007799000,4.32000,0.01600
,,, 0.00007800000,4.32000,0.01600
,,, 0.00007801000,4.32000,0.01800
,,, 0.00007802000,4.32000,0.01600
,,, 0.00007803000,4.32000,0.01400
,,, 0.00007804000,4.40000,0.01400
,,, 0.00007805000,4.32000,0.01000
,,, 0.00007806000,4.32000,0.00800
,,, 0.00007807000,4.32000,0.00800
,,, 0.00007808000,4.32000,0.00600
,,, 0.00007809000,4.32000,0.00600
,,, 0.00007810000,4.32000,0.00400
,,, 0.00007811000,4.40000,0.00400
,,, 0.00007812000,4.32000,0.00600
,,, 0.00007813000,4.40000,0.00
,,, 0.00007814000,4.40000,0.00
,,, 0.00007815000,4.40000,0.00400
,,, 0.00007816000,4.32000,0.00200
,,, 0.00007817000,4.32000,0.00
,,, 0.00007818000,4.32000,0.00400
,,, 0.00007819000,4.40000,0.00200
,,, 0.00007820000,4.40000,0.00
,,, 0.00007821000,4.40000,-0.00200
,,, 0.00007822000,4.32000,-0.00400
,,, 0.00007823000,4.32000,-0.00800
,,, 0.00007824000,4.40000,-0.01000
,,, 0.00007825000,4.40000,-0.01200
,,, 0.00007826000,4.40000,-0.01400
,,, 0.00007827000,4.40000,-0.01600
,,, 0.00007828000,4.40000,-0.01600
,,, 0.00007829000,4.48000,-0.01600
,,, 0.00007830000,4.40000,-0.01800
,,, 0.00007831000,4.40000,-0.01400
,,, 0.00007832000,4.40000,-0.01200
,,, 0.00007833000,4.40000,-0.01000
,,, 0.00007834000,4.40000,-0.00400
,,, 0.00007835000,4.40000,-0.00800
,,, 0.00007836000,4.48000,-0.00800
,,, 0.00007837000,4.48000,-0.00600
,,, 0.00007838000,4.48000,-0.00800
,,, 0.00007839000,4.48000,-0.01400
,,, 0.00007840000,4.48000,-0.01600
,,, 0.00007841000,4.40000,-0.01600
,,, 0.00007842000,4.48000,-0.01800
,,, 0.00007843000,4.40000,-0.01800
,,, 0.00007844000,4.48000,-0.02000
,,, 0.00007845000,4.48000,-0.01600
,,, 0.00007846000,4.40000,-0.01600
,,, 0.00007847000,4.48000,-0.01200
,,, 0.00007848000,4.48000,-0.01000
,,, 0.00007849000,4.48000,-0.00800
,,, 0.00007850000,4.48000,-0.00800
,,, 0.00007851000,4.48000,-0.00600
,,, 0.00007852000,4.56000,-0.00200
,,, 0.00007853000,4.48000,-0.00400
,,, 0.00007854000,4.56000,-0.00600
,,, 0.00007855000,4.48000,-0.00800
,,, 0.00007856000,4.56000,-0.01000
,,, 0.00007857000,4.56000,-0.01200
,,, 0.00007858000,4.48000,-0.01400
,,, 0.00007859000,4.56000,-0.01400
,,, 0.00007860000,4.48000,-0.01200
,,, 0.00007861000,4.56000,-0.01000
,,, 0.00007862000,4.56000,-0.00400
,,, 0.00007863000,4.56000,0.00
,,, 0.00007864000,4.56000,0.00400
,,, 0.00007865000,4.56000,0.00600
,,, 0.00007866000,4.56000,0.01200
,,, 0.00007867000,4.56000,0.01000
,,, 0.00007868000,4.56000,0.00800
,,, 0.00007869000,4.56000,0.00600
,,, 0.00007870000,4.48000,0.00600
,,, 0.00007871000,4.56000,0.00400
,,, 0.00007872000,4.56000,0.00200
,,, 0.00007873000,4.56000,0.00200
,,, 0.00007874000,4.56000,0.00200
,,, 0.00007875000,4.56000,0.00600
,,, 0.00007876000,4.56000,0.00800
,,, 0.00007877000,4.56000,0.01000
,,, 0.00007878000,4.56000,0.01200
,,, 0.00007879000,4.56000,0.01400
,,, 0.00007880000,4.56000,0.01400
,,, 0.00007881000,4.56000,0.01200
,,, 0.00007882000,4.56000,0.01200
,,, 0.00007883000,4.56000,0.01000
,,, 0.00007884000,4.64000,0.01000
,,, 0.00007885000,4.56000,0.01000
,,, 0.00007886000,4.64000,0.01000
,,, 0.00007887000,4.64000,0.00800
,,, 0.00007888000,4.56000,0.00800
,,, 0.00007889000,4.64000,0.00800
,,, 0.00007890000,4.56000,0.00800
,,, 0.00007891000,4.64000,0.00600
,,, 0.00007892000,4.56000,0.00800
,,, 0.00007893000,4.64000,0.00400
,,, 0.00007894000,4.56000,0.01200
,,, 0.00007895000,4.64000,0.00400
,,, 0.00007896000,4.56000,0.00800
,,, 0.00007897000,4.64000,0.01400
,,, 0.00007898000,4.64000,0.01600
,,, 0.00007899000,4.64000,0.02000
,,, 0.00007900000,4.64000,0.01600
,,, 0.00007901000,4.64000,0.02000
,,, 0.00007902000,4.64000,0.01400
,,, 0.00007903000,4.64000,0.01200
,,, 0.00007904000,4.64000,0.01200
,,, 0.00007905000,4.64000,0.00800
,,, 0.00007906000,4.64000,0.00800
,,, 0.00007907000,4.64000,0.00600
,,, 0.00007908000,4.64000,0.00800
,,, 0.00007909000,4.64000,0.01000
,,, 0.00007910000,4.64000,0.01000
,,, 0.00007911000,4.64000,0.01000
,,, 0.00007912000,4.64000,0.01200
,,, 0.00007913000,4.64000,0.00800
,,, 0.00007914000,4.64000,0.00800
,,, 0.00007915000,4.72000,0.00400
,,, 0.00007916000,4.64000,0.00200
,,, 0.00007917000,4.64000,-0.00200
,,, 0.00007918000,4.64000,-0.00200
,,, 0.00007919000,4.64000,-0.00400
,,, 0.00007920000,4.64000,-0.00600
,,, 0.00007921000,4.64000,-0.00800
,,, 0.00007922000,4.72000,-0.00600
,,, 0.00007923000,4.64000,-0.01000
,,, 0.00007924000,4.64000,-0.01000
,,, 0.00007925000,4.72000,-0.00800
,,, 0.00007926000,4.64000,-0.00800
,,, 0.00007927000,4.72000,-0.00800
,,, 0.00007928000,4.72000,-0.00400
,,, 0.00007929000,4.64000,-0.00200
,,, 0.00007930000,4.72000,0.00
,,, 0.00007931000,4.64000,0.00200
,,, 0.00007932000,4.72000,0.00400
,,, 0.00007933000,4.72000,0.00400
,,, 0.00007934000,4.64000,0.00
,,, 0.00007935000,4.72000,-0.00400
,,, 0.00007936000,4.64000,-0.00400
,,, 0.00007937000,4.72000,-0.00800
,,, 0.00007938000,4.72000,-0.01200
,,, 0.00007939000,4.64000,-0.01200
,,, 0.00007940000,4.80000,-0.01400
,,, 0.00007941000,4.80000,-0.01200
,,, 0.00007942000,4.72000,-0.01000
,,, 0.00007943000,4.64000,-0.00800
,,, 0.00007944000,4.64000,-0.00400
,,, 0.00007945000,4.80000,-0.00600
,,, 0.00007946000,4.72000,-0.00800
,,, 0.00007947000,4.80000,-0.00800
,,, 0.00007948000,4.80000,-0.01200
,,, 0.00007949000,4.80000,-0.01600
,,, 0.00007950000,4.80000,-0.01600
,,, 0.00007951000,4.80000,-0.01800
,,, 0.00007952000,4.80000,-0.01600
,,, 0.00007953000,4.80000,-0.01200
,,, 0.00007954000,4.80000,-0.00800
,,, 0.00007955000,4.80000,-0.00200
,,, 0.00007956000,4.80000,0.00200
,,, 0.00007957000,4.80000,0.00400
,,, 0.00007958000,4.80000,0.00800
,,, 0.00007959000,4.80000,0.00800
,,, 0.00007960000,4.80000,0.00600
,,, 0.00007961000,4.72000,0.00400
,,, 0.00007962000,4.72000,0.00400
,,, 0.00007963000,4.80000,0.00200
,,, 0.00007964000,4.80000,0.00200
,,, 0.00007965000,4.80000,0.00200
,,, 0.00007966000,4.80000,0.00400
,,, 0.00007967000,4.72000,0.00400
,,, 0.00007968000,4.80000,0.00400
,,, 0.00007969000,4.80000,0.00200
,,, 0.00007970000,4.80000,0.00
,,, 0.00007971000,4.80000,-0.00200
,,, 0.00007972000,4.80000,-0.00400
,,, 0.00007973000,4.80000,-0.00400
,,, 0.00007974000,4.80000,-0.00400
,,, 0.00007975000,4.80000,-0.00200
,,, 0.00007976000,4.80000,0.00200
,,, 0.00007977000,4.80000,0.00400
,,, 0.00007978000,4.80000,0.00800
,,, 0.00007979000,4.80000,0.00800
,,, 0.00007980000,4.80000,0.00800
,,, 0.00007981000,4.80000,0.00400
,,, 0.00007982000,4.80000,0.00400
,,, 0.00007983000,4.80000,0.00
,,, 0.00007984000,4.80000,0.00
,,, 0.00007985000,4.80000,0.00
,,, 0.00007986000,4.80000,0.00400
,,, 0.00007987000,4.80000,0.00800
,,, 0.00007988000,4.80000,0.01200
,,, 0.00007989000,4.80000,0.01800
,,, 0.00007990000,4.80000,0.02000
,,, 0.00007991000,4.80000,0.02200
,,, 0.00007992000,4.80000,0.02400
,,, 0.00007993000,4.80000,0.02000
,,, 0.00007994000,4.80000,0.01800
,,, 0.00007995000,4.80000,0.01600
,,, 0.00007996000,4.80000,0.01200
,,, 0.00007997000,4.80000,0.00800
,,, 0.00007998000,4.80000,0.00600
,,, 0.00007999000,4.80000,0.00400
,,, 0.00008000000,4.80000,0.00400
,,, 0.00008001000,4.80000,0.00400
,,, 0.00008002000,4.80000,0.00
,,, 0.00008003000,4.80000,0.00
,,, 0.00008004000,4.80000,0.00
,,, 0.00008005000,4.80000,-0.00200
,,, 0.00008006000,4.80000,-0.00200
,,, 0.00008007000,4.80000,-0.00200
,,, 0.00008008000,4.80000,0.00
,,, 0.00008009000,4.80000,0.00
,,, 0.00008010000,4.88000,0.00
,,, 0.00008011000,4.80000,0.00
,,, 0.00008012000,4.80000,0.00200
,,, 0.00008013000,4.80000,0.00
,,, 0.00008014000,4.80000,-0.00400
,,, 0.00008015000,4.80000,-0.00800
,,, 0.00008016000,4.80000,-0.01000
,,, 0.00008017000,4.88000,-0.01600
,,, 0.00008018000,4.80000,-0.02000
,,, 0.00008019000,4.88000,-0.02000
,,, 0.00008020000,4.80000,-0.02000
,,, 0.00008021000,4.80000,-0.02000
,,, 0.00008022000,4.80000,-0.01600
,,, 0.00008023000,4.80000,-0.01400
,,, 0.00008024000,4.80000,-0.01000
,,, 0.00008025000,4.80000,-0.01200
,,, 0.00008026000,4.88000,-0.01400
,,, 0.00008027000,4.88000,-0.01800
,,, 0.00008028000,4.80000,-0.02400
,,, 0.00008029000,4.80000,-0.02800
,,, 0.00008030000,4.80000,-0.03200
,,, 0.00008031000,4.80000,-0.03600
,,, 0.00008032000,4.80000,-0.03800
,,, 0.00008033000,4.88000,-0.03600
,,, 0.00008034000,4.88000,-0.03400
,,, 0.00008035000,4.80000,-0.03400
,,, 0.00008036000,4.88000,-0.03200
,,, 0.00008037000,4.80000,-0.02800
,,, 0.00008038000,4.80000,-0.02800
,,, 0.00008039000,4.88000,-0.02800
,,, 0.00008040000,4.80000,-0.02600
,,, 0.00008041000,4.88000,-0.02400
,,, 0.00008042000,4.88000,-0.02400
,,, 0.00008043000,4.80000,-0.02400
,,, 0.00008044000,4.88000,-0.02400
,,, 0.00008045000,4.80000,-0.02400
,,, 0.00008046000,4.88000,-0.02400
,,, 0.00008047000,4.80000,-0.02600
,,, 0.00008048000,4.80000,-0.02600
,,, 0.00008049000,4.80000,-0.02600
,,, 0.00008050000,4.88000,-0.02600
,,, 0.00008051000,4.80000,-0.02800
,,, 0.00008052000,4.80000,-0.02600
,,, 0.00008053000,4.80000,-0.02600
,,, 0.00008054000,4.80000,-0.02400
,,, 0.00008055000,4.80000,-0.02200
,,, 0.00008056000,4.80000,-0.02000
,,, 0.00008057000,4.88000,-0.01800
,,, 0.00008058000,4.80000,-0.01600
,,, 0.00008059000,4.88000,-0.01800
,,, 0.00008060000,4.88000,-0.01800
,,, 0.00008061000,4.88000,-0.02400
,,, 0.00008062000,4.88000,-0.02400
,,, 0.00008063000,4.80000,-0.02600
,,, 0.00008064000,4.88000,-0.02600
,,, 0.00008065000,4.80000,-0.02400
,,, 0.00008066000,4.88000,-0.02000
,,, 0.00008067000,4.80000,-0.01800
,,, 0.00008068000,4.88000,-0.01200
,,, 0.00008069000,4.88000,-0.00800
,,, 0.00008070000,4.88000,-0.00200
,,, 0.00008071000,4.80000,0.00
,,, 0.00008072000,4.88000,0.00400
,,, 0.00008073000,4.88000,0.00600
,,, 0.00008074000,4.88000,0.00600
,,, 0.00008075000,4.80000,0.00600
,,, 0.00008076000,4.88000,0.00600
,,, 0.00008077000,4.88000,0.00800
,,, 0.00008078000,4.88000,0.00800
,,, 0.00008079000,4.88000,0.01200
,,, 0.00008080000,4.88000,0.01600
,,, 0.00008081000,4.88000,0.01600
,,, 0.00008082000,4.88000,0.02000
,,, 0.00008083000,4.88000,0.02000
,,, 0.00008084000,4.88000,0.02000
,,, 0.00008085000,4.88000,0.02200
,,, 0.00008086000,4.88000,0.02400
,,, 0.00008087000,4.88000,0.02600
,,, 0.00008088000,4.88000,0.02800
,,, 0.00008089000,4.96000,0.02800
,,, 0.00008090000,4.88000,0.03200
,,, 0.00008091000,4.88000,0.03200
,,, 0.00008092000,4.88000,0.03000
,,, 0.00008093000,4.96000,0.03000
,,, 0.00008094000,4.80000,0.02600
,,, 0.00008095000,4.96000,0.02200
,,, 0.00008096000,4.88000,0.02200
,,, 0.00008097000,4.88000,0.02000
,,, 0.00008098000,4.88000,0.02200
,,, 0.00008099000,4.88000,0.02400
,,, 0.00008100000,4.88000,0.02600
,,, 0.00008101000,4.88000,0.03000
,,, 0.00008102000,4.88000,0.03000
,,, 0.00008103000,4.88000,0.03200
,,, 0.00008104000,4.88000,0.03400
,,, 0.00008105000,4.88000,0.03200
,,, 0.00008106000,4.88000,0.03000
,,, 0.00008107000,4.88000,0.02800
,,, 0.00008108000,4.88000,0.02400
,,, 0.00008109000,4.88000,0.02200
,,, 0.00008110000,4.88000,0.01600
,,, 0.00008111000,4.88000,0.01200
,,, 0.00008112000,4.88000,0.01000
,,, 0.00008113000,4.80000,0.00800
,,, 0.00008114000,4.88000,0.00600
,,, 0.00008115000,4.88000,0.00800
,,, 0.00008116000,4.88000,0.00800
,,, 0.00008117000,4.88000,0.00800
,,, 0.00008118000,4.88000,0.00800
,,, 0.00008119000,4.88000,0.00600
,,, 0.00008120000,4.88000,0.00600
,,, 0.00008121000,4.88000,0.00400
,,, 0.00008122000,4.88000,0.00
,,, 0.00008123000,4.80000,-0.00200
,,, 0.00008124000,4.88000,-0.00400
,,, 0.00008125000,4.80000,-0.00800
,,, 0.00008126000,4.88000,-0.01000
,,, 0.00008127000,4.80000,-0.01200
,,, 0.00008128000,4.80000,-0.01000
,,, 0.00008129000,4.88000,-0.01000
,,, 0.00008130000,4.80000,-0.01000
,,, 0.00008131000,4.80000,-0.01000
,,, 0.00008132000,4.80000,-0.00800
,,, 0.00008133000,4.88000,-0.00600
,,, 0.00008134000,4.80000,-0.00200
,,, 0.00008135000,4.80000,-0.00200
,,, 0.00008136000,4.80000,-0.00400
,,, 0.00008137000,4.80000,-0.00400
,,, 0.00008138000,4.80000,-0.00800
,,, 0.00008139000,4.88000,-0.01200
,,, 0.00008140000,4.80000,-0.01600
,,, 0.00008141000,4.80000,-0.02000
,,, 0.00008142000,4.80000,-0.02400
,,, 0.00008143000,4.80000,-0.02800
,,, 0.00008144000,4.88000,-0.02800
,,, 0.00008145000,4.80000,-0.02600
,,, 0.00008146000,4.80000,-0.02800
,,, 0.00008147000,4.80000,-0.03000
,,, 0.00008148000,4.80000,-0.02800
,,, 0.00008149000,4.80000,-0.02800
,,, 0.00008150000,4.80000,-0.03200
,,, 0.00008151000,4.80000,-0.02600
,,, 0.00008152000,4.80000,-0.03600
,,, 0.00008153000,4.80000,-0.02800
,,, 0.00008154000,4.80000,-0.03200
,,, 0.00008155000,4.80000,-0.03200
,,, 0.00008156000,4.80000,-0.03000
,,, 0.00008157000,4.80000,-0.03000
,,, 0.00008158000,4.80000,-0.03200
,,, 0.00008159000,4.80000,-0.03200
,,, 0.00008160000,4.80000,-0.03200
,,, 0.00008161000,4.80000,-0.03400
,,, 0.00008162000,4.80000,-0.03400
,,, 0.00008163000,4.80000,-0.03400
,,, 0.00008164000,4.80000,-0.03400
,,, 0.00008165000,4.72000,-0.03200
,,, 0.00008166000,4.80000,-0.02800
,,, 0.00008167000,4.80000,-0.02600
,,, 0.00008168000,4.80000,-0.02400
,,, 0.00008169000,4.72000,-0.02400
,,, 0.00008170000,4.80000,-0.02400
,,, 0.00008171000,4.80000,-0.02400
,,, 0.00008172000,4.80000,-0.02800
,,, 0.00008173000,4.80000,-0.03000
,,, 0.00008174000,4.80000,-0.03400
,,, 0.00008175000,4.80000,-0.03800
,,, 0.00008176000,4.80000,-0.03800
,,, 0.00008177000,4.80000,-0.03800
,,, 0.00008178000,4.80000,-0.03600
,,, 0.00008179000,4.80000,-0.03400
,,, 0.00008180000,4.80000,-0.03200
,,, 0.00008181000,4.80000,-0.03000
,,, 0.00008182000,4.64000,-0.03000
,,, 0.00008183000,4.80000,-0.03000
,,, 0.00008184000,4.72000,-0.03000
,,, 0.00008185000,4.80000,-0.03600
,,, 0.00008186000,4.80000,-0.03600
,,, 0.00008187000,4.72000,-0.03600
,,, 0.00008188000,4.72000,-0.03800
,,, 0.00008189000,4.72000,-0.03800
,,, 0.00008190000,4.80000,-0.03600
,,, 0.00008191000,4.72000,-0.03600
,,, 0.00008192000,4.72000,-0.03400
,,, 0.00008193000,4.80000,-0.03200
,,, 0.00008194000,4.64000,-0.03400
,,, 0.00008195000,4.72000,-0.03400
,,, 0.00008196000,4.80000,-0.03200
,,, 0.00008197000,4.72000,-0.03200
,,, 0.00008198000,4.80000,-0.03200
,,, 0.00008199000,4.72000,-0.03200
,,, 0.00008200000,4.64000,-0.03000
,,, 0.00008201000,4.72000,-0.03000
,,, 0.00008202000,4.72000,-0.03000
,,, 0.00008203000,4.72000,-0.03000
,,, 0.00008204000,4.64000,-0.03200
,,, 0.00008205000,4.64000,-0.03400
,,, 0.00008206000,4.72000,-0.03600
,,, 0.00008207000,4.72000,-0.03800
,,, 0.00008208000,4.64000,-0.03600
,,, 0.00008209000,4.64000,-0.03600
,,, 0.00008210000,4.72000,-0.03400
,,, 0.00008211000,4.72000,-0.03200
,,, 0.00008212000,4.64000,-0.02800
,,, 0.00008213000,4.64000,-0.02600
,,, 0.00008214000,4.64000,-0.02400
,,, 0.00008215000,4.64000,-0.02400
,,, 0.00008216000,4.64000,-0.02400
,,, 0.00008217000,4.64000,-0.02400
,,, 0.00008218000,4.64000,-0.02600
,,, 0.00008219000,4.72000,-0.02800
,,, 0.00008220000,4.64000,-0.02600
,,, 0.00008221000,4.72000,-0.02600
,,, 0.00008222000,4.64000,-0.02400
,,, 0.00008223000,4.72000,-0.02000
,,, 0.00008224000,4.72000,-0.01800
,,, 0.00008225000,4.64000,-0.01200
,,, 0.00008226000,4.64000,-0.01000
,,, 0.00008227000,4.72000,-0.00800
,,, 0.00008228000,4.64000,-0.00400
,,, 0.00008229000,4.64000,-0.00200
,,, 0.00008230000,4.64000,0.00
,,, 0.00008231000,4.64000,0.00
,,, 0.00008232000,4.72000,0.00
,,, 0.00008233000,4.72000,0.00200
,,, 0.00008234000,4.56000,0.00400
,,, 0.00008235000,4.72000,0.00400
,,, 0.00008236000,4.72000,0.00400
,,, 0.00008237000,4.80000,0.00600
,,, 0.00008238000,4.64000,0.00400
,,, 0.00008239000,4.72000,0.00600
,,, 0.00008240000,4.80000,0.00800
,,, 0.00008241000,4.64000,0.00800
,,, 0.00008242000,4.72000,0.01200
,,, 0.00008243000,4.64000,0.01600
,,, 0.00008244000,4.64000,0.02000
,,, 0.00008245000,4.64000,0.02800
,,, 0.00008246000,4.64000,0.03200
,,, 0.00008247000,4.64000,0.03800
,,, 0.00008248000,4.64000,0.04200
,,, 0.00008249000,4.72000,0.04200
,,, 0.00008250000,4.64000,0.04200
,,, 0.00008251000,4.64000,0.03800
,,, 0.00008252000,4.64000,0.03600
,,, 0.00008253000,4.64000,0.03600
,,, 0.00008254000,4.64000,0.03400
,,, 0.00008255000,4.64000,0.03600
,,, 0.00008256000,4.64000,0.04000
,,, 0.00008257000,4.64000,0.04600
,,, 0.00008258000,4.64000,0.05400
,,, 0.00008259000,4.64000,0.06000
,,, 0.00008260000,4.64000,0.06400
,,, 0.00008261000,4.64000,0.06200
,,, 0.00008262000,4.64000,0.06400
,,, 0.00008263000,4.64000,0.06000
,,, 0.00008264000,4.64000,0.06000
,,, 0.00008265000,4.64000,0.05400
,,, 0.00008266000,4.56000,0.04800
,,, 0.00008267000,4.64000,0.05200
,,, 0.00008268000,4.64000,0.04800
,,, 0.00008269000,4.64000,0.05400
,,, 0.00008270000,4.64000,0.05200
,,, 0.00008271000,4.64000,0.05600
,,, 0.00008272000,4.64000,0.05800
,,, 0.00008273000,4.56000,0.06000
,,, 0.00008274000,4.56000,0.06000
,,, 0.00008275000,4.56000,0.06000
,,, 0.00008276000,4.64000,0.06200
,,, 0.00008277000,4.56000,0.06000
,,, 0.00008278000,4.64000,0.06200
,,, 0.00008279000,4.64000,0.06200
,,, 0.00008280000,4.56000,0.06400
,,, 0.00008281000,4.64000,0.06400
,,, 0.00008282000,4.56000,0.06000
,,, 0.00008283000,4.64000,0.06400
,,, 0.00008284000,4.56000,0.05200
,,, 0.00008285000,4.56000,0.05200
,,, 0.00008286000,4.56000,0.04600
,,, 0.00008287000,4.56000,0.04200
,,, 0.00008288000,4.56000,0.03800
,,, 0.00008289000,4.64000,0.03600
,,, 0.00008290000,4.56000,0.03600
,,, 0.00008291000,4.56000,0.03800
,,, 0.00008292000,4.56000,0.04000
,,, 0.00008293000,4.56000,0.03800
,,, 0.00008294000,4.56000,0.03800
,,, 0.00008295000,4.56000,0.03600
,,, 0.00008296000,4.56000,0.03200
,,, 0.00008297000,4.56000,0.02800
,,, 0.00008298000,4.56000,0.02200
,,, 0.00008299000,4.56000,0.01600
,,, 0.00008300000,4.56000,0.01200
,,, 0.00008301000,4.48000,0.00800
,,, 0.00008302000,4.48000,0.00800
,,, 0.00008303000,4.48000,0.00800
,,, 0.00008304000,4.48000,0.00800
,,, 0.00008305000,4.48000,0.01000
,,, 0.00008306000,4.56000,0.01200
,,, 0.00008307000,4.48000,0.01200
,,, 0.00008308000,4.48000,0.01200
,,, 0.00008309000,4.48000,0.00800
,,, 0.00008310000,4.48000,0.00600
,,, 0.00008311000,4.48000,0.00400
,,, 0.00008312000,4.48000,0.00200
,,, 0.00008313000,4.48000,0.00
,,, 0.00008314000,4.48000,-0.00200
,,, 0.00008315000,4.48000,-0.00400
,,, 0.00008316000,4.48000,-0.00600
,,, 0.00008317000,4.48000,-0.01000
,,, 0.00008318000,4.40000,-0.01400
,,, 0.00008319000,4.48000,-0.01600
,,, 0.00008320000,4.40000,-0.01800
,,, 0.00008321000,4.40000,-0.02000
,,, 0.00008322000,4.40000,-0.02200
,,, 0.00008323000,4.40000,-0.02000
,,, 0.00008324000,4.40000,-0.02000
,,, 0.00008325000,4.40000,-0.01800
,,, 0.00008326000,4.32000,-0.01600
,,, 0.00008327000,4.40000,-0.01600
,,, 0.00008328000,4.40000,-0.01800
,,, 0.00008329000,4.40000,-0.02000
,,, 0.00008330000,4.32000,-0.02000
,,, 0.00008331000,4.40000,-0.02800
,,, 0.00008332000,4.32000,-0.03000
,,, 0.00008333000,4.32000,-0.03200
,,, 0.00008334000,4.32000,-0.03200
,,, 0.00008335000,4.32000,-0.03200
,,, 0.00008336000,4.32000,-0.03000
,,, 0.00008337000,4.32000,-0.02800
,,, 0.00008338000,4.32000,-0.02200
,,, 0.00008339000,4.32000,-0.01800
,,, 0.00008340000,4.32000,-0.01600
,,, 0.00008341000,4.32000,-0.01400
,,, 0.00008342000,4.32000,-0.01400
,,, 0.00008343000,4.32000,-0.01600
,,, 0.00008344000,4.32000,-0.01800
,,, 0.00008345000,4.32000,-0.02000
,,, 0.00008346000,4.32000,-0.02200
,,, 0.00008347000,4.32000,-0.02200
,,, 0.00008348000,4.32000,-0.02200
,,, 0.00008349000,4.32000,-0.02000
,,, 0.00008350000,4.32000,-0.01800
,,, 0.00008351000,4.32000,-0.01800
,,, 0.00008352000,4.32000,-0.01600
,,, 0.00008353000,4.24000,-0.01400
,,, 0.00008354000,4.32000,-0.01000
,,, 0.00008355000,4.32000,-0.01000
,,, 0.00008356000,4.24000,-0.01000
,,, 0.00008357000,4.24000,-0.00800
,,, 0.00008358000,4.32000,-0.00400
,,, 0.00008359000,4.24000,-0.00400
,,, 0.00008360000,4.32000,-0.00200
,,, 0.00008361000,4.32000,0.00
,,, 0.00008362000,4.24000,0.00
,,, 0.00008363000,4.24000,0.00
,,, 0.00008364000,4.24000,0.00200
,,, 0.00008365000,4.24000,0.00
,,, 0.00008366000,4.24000,0.00
,,, 0.00008367000,4.32000,0.00
,,, 0.00008368000,4.24000,0.00400
,,, 0.00008369000,4.24000,0.00600
,,, 0.00008370000,4.24000,0.01200
,,, 0.00008371000,4.24000,0.01600
,,, 0.00008372000,4.24000,0.02000
,,, 0.00008373000,4.24000,0.02200
,,, 0.00008374000,4.24000,0.02200
,,, 0.00008375000,4.24000,0.02000
,,, 0.00008376000,4.24000,0.01800
,,, 0.00008377000,4.24000,0.01600
,,, 0.00008378000,4.24000,0.01200
,,, 0.00008379000,4.16000,0.01200
,,, 0.00008380000,4.24000,0.01200
,,, 0.00008381000,4.24000,0.01000
,,, 0.00008382000,4.16000,0.01400
,,, 0.00008383000,4.16000,0.01400
,,, 0.00008384000,4.24000,0.01600
,,, 0.00008385000,4.16000,0.02000
,,, 0.00008386000,4.16000,0.02000
,,, 0.00008387000,4.16000,0.02000
,,, 0.00008388000,4.16000,0.02200
,,, 0.00008389000,4.16000,0.02200
,,, 0.00008390000,4.16000,0.02200
,,, 0.00008391000,4.16000,0.02000
,,, 0.00008392000,4.24000,0.02200
,,, 0.00008393000,4.16000,0.02200
,,, 0.00008394000,4.16000,0.02200
,,, 0.00008395000,4.16000,0.02200
,,, 0.00008396000,4.16000,0.02000
,,, 0.00008397000,4.16000,0.02000
,,, 0.00008398000,4.16000,0.01600
,,, 0.00008399000,4.16000,0.01600
,,, 0.00008400000,4.16000,0.01400
,,, 0.00008401000,4.16000,0.01200
,,, 0.00008402000,4.16000,0.01200
,,, 0.00008403000,4.08000,0.01200
,,, 0.00008404000,4.00000,0.01600
,,, 0.00008405000,4.16000,0.01600
,,, 0.00008406000,4.16000,0.01800
,,, 0.00008407000,4.16000,0.01800
,,, 0.00008408000,4.16000,0.01600
,,, 0.00008409000,4.16000,0.01200
,,, 0.00008410000,4.16000,0.00800
,,, 0.00008411000,4.08000,0.00400
,,, 0.00008412000,4.16000,0.00
,,, 0.00008413000,4.00000,-0.00200
,,, 0.00008414000,4.16000,-0.00400
,,, 0.00008415000,4.00000,-0.00400
,,, 0.00008416000,4.08000,-0.00400
,,, 0.00008417000,4.00000,-0.00200
,,, 0.00008418000,4.00000,0.00
,,, 0.00008419000,4.00000,0.00
,,, 0.00008420000,4.16000,0.00800
,,, 0.00008421000,4.00000,0.00600
,,, 0.00008422000,4.00000,0.00600
,,, 0.00008423000,4.08000,0.00400
,,, 0.00008424000,4.00000,-0.00400
,,, 0.00008425000,4.00000,0.00600
,,, 0.00008426000,4.00000,-0.00400
,,, 0.00008427000,4.00000,-0.00200
,,, 0.00008428000,4.00000,-0.00800
,,, 0.00008429000,3.92000,-0.00600
,,, 0.00008430000,4.00000,-0.01000
,,, 0.00008431000,4.00000,-0.01200
,,, 0.00008432000,4.00000,-0.00800
,,, 0.00008433000,3.92000,-0.00800
,,, 0.00008434000,3.92000,-0.00800
,,, 0.00008435000,4.00000,-0.00400
,,, 0.00008436000,3.92000,-0.00600
,,, 0.00008437000,3.92000,-0.00600
,,, 0.00008438000,4.00000,-0.00400
,,, 0.00008439000,3.92000,-0.00600
,,, 0.00008440000,3.92000,-0.00600
,,, 0.00008441000,3.92000,-0.01000
,,, 0.00008442000,3.84000,-0.01200
,,, 0.00008443000,3.84000,-0.01200
,,, 0.00008444000,3.92000,-0.01200
,,, 0.00008445000,3.92000,-0.01200
,,, 0.00008446000,3.92000,-0.01000
,,, 0.00008447000,3.92000,-0.00800
,,, 0.00008448000,3.84000,-0.00600
,,, 0.00008449000,3.92000,-0.00400
,,, 0.00008450000,3.92000,-0.00200
,,, 0.00008451000,3.84000,-0.00200
,,, 0.00008452000,3.84000,-0.00200
,,, 0.00008453000,3.84000,-0.00400
,,, 0.00008454000,3.84000,-0.00400
,,, 0.00008455000,3.84000,-0.00800
,,, 0.00008456000,3.84000,-0.00800
,,, 0.00008457000,3.84000,-0.00800
,,, 0.00008458000,3.84000,-0.00800
,,, 0.00008459000,3.84000,-0.00600
,,, 0.00008460000,3.84000,-0.00400
,,, 0.00008461000,3.84000,-0.00400
,,, 0.00008462000,3.84000,-0.00200
,,, 0.00008463000,3.76000,0.00
,,, 0.00008464000,3.84000,-0.00200
,,, 0.00008465000,3.76000,-0.00200
,,, 0.00008466000,3.76000,-0.00200
,,, 0.00008467000,3.68000,-0.00200
,,, 0.00008468000,3.68000,-0.00400
,,, 0.00008469000,3.76000,-0.00200
,,, 0.00008470000,3.68000,-0.00200
,,, 0.00008471000,3.76000,0.00
,,, 0.00008472000,3.68000,0.00
,,, 0.00008473000,3.76000,0.00200
,,, 0.00008474000,3.68000,0.00
,,, 0.00008475000,3.68000,0.00
,,, 0.00008476000,3.76000,-0.00200
,,, 0.00008477000,3.68000,-0.00400
,,, 0.00008478000,3.68000,-0.00600
,,, 0.00008479000,3.68000,-0.00400
,,, 0.00008480000,3.68000,-0.00400
,,, 0.00008481000,3.68000,0.00
,,, 0.00008482000,3.68000,0.00400
,,, 0.00008483000,3.68000,0.00600
,,, 0.00008484000,3.68000,0.00800
,,, 0.00008485000,3.68000,0.00600
,,, 0.00008486000,3.68000,0.00400
,,, 0.00008487000,3.68000,0.00200
,,, 0.00008488000,3.68000,-0.00200
,,, 0.00008489000,3.68000,-0.00600
,,, 0.00008490000,3.68000,-0.00800
,,, 0.00008491000,3.68000,-0.00800
,,, 0.00008492000,3.60000,-0.01000
,,, 0.00008493000,3.68000,-0.00800
,,, 0.00008494000,3.60000,-0.00800
,,, 0.00008495000,3.60000,-0.00600
,,, 0.00008496000,3.60000,-0.00400
,,, 0.00008497000,3.60000,-0.00400
,,, 0.00008498000,3.60000,-0.00200
,,, 0.00008499000,3.60000,-0.00200
,,, 0.00008500000,3.60000,0.00
,,, 0.00008501000,3.60000,-0.00200
,,, 0.00008502000,3.60000,-0.00200
,,, 0.00008503000,3.60000,-0.00200
,,, 0.00008504000,3.52000,-0.00400
,,, 0.00008505000,3.60000,-0.00600
,,, 0.00008506000,3.60000,-0.00800
,,, 0.00008507000,3.60000,-0.01200
,,, 0.00008508000,3.60000,-0.01200
,,, 0.00008509000,3.52000,-0.01400
,,, 0.00008510000,3.52000,-0.01600
,,, 0.00008511000,3.52000,-0.01600
,,, 0.00008512000,3.60000,-0.01200
,,, 0.00008513000,3.52000,-0.01000
,,, 0.00008514000,3.52000,-0.00800
,,, 0.00008515000,3.52000,-0.00600
,,, 0.00008516000,3.52000,-0.00400
,,, 0.00008517000,3.52000,-0.00400
,,, 0.00008518000,3.52000,-0.00400
,,, 0.00008519000,3.52000,-0.00800
,,, 0.00008520000,3.52000,-0.01000
,,, 0.00008521000,3.52000,-0.01600
,,, 0.00008522000,3.52000,-0.01800
,,, 0.00008523000,3.52000,-0.02000
,,, 0.00008524000,3.52000,-0.02200
,,, 0.00008525000,3.52000,-0.02000
,,, 0.00008526000,3.36000,-0.01800
,,, 0.00008527000,3.52000,-0.01600
,,, 0.00008528000,3.52000,-0.00800
,,, 0.00008529000,3.36000,-0.00400
,,, 0.00008530000,3.36000,-0.00200
,,, 0.00008531000,3.28000,-0.00200
,,, 0.00008532000,3.52000,-0.00200
,,, 0.00008533000,3.28000,-0.00400
,,, 0.00008534000,3.36000,-0.00600
,,, 0.00008535000,3.36000,-0.00800
,,, 0.00008536000,3.28000,-0.00800
,,, 0.00008537000,3.28000,-0.00800
,,, 0.00008538000,3.28000,-0.00800
,,, 0.00008539000,3.36000,-0.00600
,,, 0.00008540000,3.28000,-0.00400
,,, 0.00008541000,3.36000,-0.00400
,,, 0.00008542000,3.28000,-0.00200
,,, 0.00008543000,3.28000,-0.00400
,,, 0.00008544000,3.28000,-0.00200
,,, 0.00008545000,3.28000,0.00
,,, 0.00008546000,3.28000,0.00
,,, 0.00008547000,3.28000,0.00200
,,, 0.00008548000,3.28000,0.00400
,,, 0.00008549000,3.20000,0.00600
,,, 0.00008550000,3.28000,0.00800
,,, 0.00008551000,3.20000,0.00800
,,, 0.00008552000,3.20000,0.00800
,,, 0.00008553000,3.20000,0.00800
,,, 0.00008554000,3.20000,0.00600
,,, 0.00008555000,3.20000,0.00400
,,, 0.00008556000,3.28000,0.00400
,,, 0.00008557000,3.20000,0.00
,,, 0.00008558000,3.20000,0.00400
,,, 0.00008559000,3.20000,0.00600
,,, 0.00008560000,3.20000,0.00800
,,, 0.00008561000,3.20000,0.01400
,,, 0.00008562000,3.20000,0.02000
,,, 0.00008563000,3.20000,0.02000
,,, 0.00008564000,3.12000,0.02200
,,, 0.00008565000,3.20000,0.02200
,,, 0.00008566000,3.12000,0.02000
,,, 0.00008567000,3.20000,0.01600
,,, 0.00008568000,3.12000,0.01200
,,, 0.00008569000,3.12000,0.01000
,,, 0.00008570000,3.12000,0.00600
,,, 0.00008571000,3.12000,0.00600
,,, 0.00008572000,3.20000,0.00800
,,, 0.00008573000,3.12000,0.00800
,,, 0.00008574000,3.12000,0.00800
,,, 0.00008575000,3.12000,0.00800
,,, 0.00008576000,3.12000,0.01000
,,, 0.00008577000,3.04000,0.01000
,,, 0.00008578000,3.04000,0.00600
,,, 0.00008579000,3.04000,0.00600
,,, 0.00008580000,3.04000,0.00800
,,, 0.00008581000,2.96000,0.00600
,,, 0.00008582000,3.04000,0.00400
,,, 0.00008583000,3.04000,0.00800
,,, 0.00008584000,2.96000,0.00600
,,, 0.00008585000,2.96000,0.00400
,,, 0.00008586000,3.04000,0.00400
,,, 0.00008587000,2.96000,0.00200
,,, 0.00008588000,2.96000,-0.00400
,,, 0.00008589000,2.96000,-0.00600
,,, 0.00008590000,2.96000,-0.00800
,,, 0.00008591000,2.96000,-0.00800
,,, 0.00008592000,2.88000,-0.00600
,,, 0.00008593000,2.96000,-0.00400
,,, 0.00008594000,2.96000,0.00
,,, 0.00008595000,2.96000,0.00200
,,, 0.00008596000,2.96000,0.00400
,,, 0.00008597000,2.96000,0.00600
,,, 0.00008598000,2.96000,0.00200
,,, 0.00008599000,2.96000,-0.00200
,,, 0.00008600000,2.88000,-0.00800
,,, 0.00008601000,2.96000,-0.01600
,,, 0.00008602000,2.96000,-0.01600
,,, 0.00008603000,2.88000,-0.02000
,,, 0.00008604000,2.88000,-0.02600
,,, 0.00008605000,2.88000,-0.02400
,,, 0.00008606000,2.88000,-0.02000
,,, 0.00008607000,2.88000,-0.01800
,,, 0.00008608000,2.88000,-0.01600
,,, 0.00008609000,2.88000,-0.01600
,,, 0.00008610000,2.88000,-0.01400
,,, 0.00008611000,2.88000,-0.01600
,,, 0.00008612000,2.88000,-0.01800
,,, 0.00008613000,2.88000,-0.02000
,,, 0.00008614000,2.80000,-0.02400
,,, 0.00008615000,2.80000,-0.02800
,,, 0.00008616000,2.80000,-0.02800
,,, 0.00008617000,2.80000,-0.02800
,,, 0.00008618000,2.80000,-0.03000
,,, 0.00008619000,2.80000,-0.03000
,,, 0.00008620000,2.80000,-0.02600
,,, 0.00008621000,2.80000,-0.02400
,,, 0.00008622000,2.80000,-0.02000
,,, 0.00008623000,2.80000,-0.02000
,,, 0.00008624000,2.80000,-0.02000
,,, 0.00008625000,2.80000,-0.01800
,,, 0.00008626000,2.80000,-0.01800
,,, 0.00008627000,2.80000,-0.01800
,,, 0.00008628000,2.72000,-0.01800
,,, 0.00008629000,2.80000,-0.01800
,,, 0.00008630000,2.72000,-0.01600
,,, 0.00008631000,2.80000,-0.01800
,,, 0.00008632000,2.72000,-0.02000
,,, 0.00008633000,2.64000,-0.02000
,,, 0.00008634000,2.64000,-0.02200
,,, 0.00008635000,2.64000,-0.02600
,,, 0.00008636000,2.64000,-0.02800
,,, 0.00008637000,2.64000,-0.02800
,,, 0.00008638000,2.64000,-0.02600
,,, 0.00008639000,2.64000,-0.02400
,,, 0.00008640000,2.64000,-0.01800
,,, 0.00008641000,2.64000,-0.01400
,,, 0.00008642000,2.64000,-0.00800
,,, 0.00008643000,2.64000,-0.01000
,,, 0.00008644000,2.64000,0.00200
,,, 0.00008645000,2.56000,-0.01000
,,, 0.00008646000,2.64000,-0.00600
,,, 0.00008647000,2.56000,-0.00400
,,, 0.00008648000,2.56000,-0.00800
,,, 0.00008649000,2.48000,-0.00600
,,, 0.00008650000,2.56000,-0.00800
,,, 0.00008651000,2.56000,-0.00400
,,, 0.00008652000,2.64000,-0.00200
,,, 0.00008653000,2.56000,0.00
,,, 0.00008654000,2.56000,0.00400
,,, 0.00008655000,2.56000,0.00400
,,, 0.00008656000,2.56000,0.00600
,,, 0.00008657000,2.48000,0.00600
,,, 0.00008658000,2.56000,0.00800
,,, 0.00008659000,2.56000,0.00800
,,, 0.00008660000,2.48000,0.00800
,,, 0.00008661000,2.56000,0.01000
,,, 0.00008662000,2.56000,0.01000
,,, 0.00008663000,2.56000,0.01200
,,, 0.00008664000,2.48000,0.01000
,,, 0.00008665000,2.48000,0.00800
,,, 0.00008666000,2.56000,0.00800
,,, 0.00008667000,2.48000,0.00400
,,, 0.00008668000,2.48000,0.00800
,,, 0.00008669000,2.48000,0.00
,,, 0.00008670000,2.48000,0.00400
,,, 0.00008671000,2.40000,0.00400
,,, 0.00008672000,2.40000,0.00800
,,, 0.00008673000,2.40000,0.01200
,,, 0.00008674000,2.40000,0.01600
,,, 0.00008675000,2.40000,0.02000
,,, 0.00008676000,2.40000,0.02200
,,, 0.00008677000,2.40000,0.02200
,,, 0.00008678000,2.40000,0.02200
,,, 0.00008679000,2.40000,0.02000
,,, 0.00008680000,2.40000,0.01600
,,, 0.00008681000,2.40000,0.01200
,,, 0.00008682000,2.32000,0.01200
,,, 0.00008683000,2.32000,0.00800
,,, 0.00008684000,2.40000,0.00800
,,, 0.00008685000,2.32000,0.00800
,,, 0.00008686000,2.32000,0.01200
,,, 0.00008687000,2.32000,0.01400
,,, 0.00008688000,2.32000,0.01600
,,, 0.00008689000,2.32000,0.01400
,,, 0.00008690000,2.24000,0.01400
,,, 0.00008691000,2.24000,0.01200
,,, 0.00008692000,2.32000,0.00800
,,, 0.00008693000,2.24000,0.00400
,,, 0.00008694000,2.24000,0.00
,,, 0.00008695000,2.24000,-0.00200
,,, 0.00008696000,2.24000,-0.00400
,,, 0.00008697000,2.24000,-0.00600
,,, 0.00008698000,2.32000,-0.00400
,,, 0.00008699000,2.24000,-0.00600
,,, 0.00008700000,2.24000,-0.00400
,,, 0.00008701000,2.24000,-0.00400
,,, 0.00008702000,2.16000,-0.00400
,,, 0.00008703000,2.16000,-0.00400
,,, 0.00008704000,2.16000,-0.00200
,,, 0.00008705000,2.16000,-0.00400
,,, 0.00008706000,2.16000,-0.00200
,,, 0.00008707000,2.16000,-0.00200
,,, 0.00008708000,2.16000,-0.00400
,,, 0.00008709000,2.16000,-0.00400
,,, 0.00008710000,2.16000,-0.00600
,,, 0.00008711000,2.16000,-0.01000
,,, 0.00008712000,2.16000,-0.00800
,,, 0.00008713000,2.16000,-0.01400
,,, 0.00008714000,2.16000,-0.01000
,,, 0.00008715000,2.16000,-0.01200
,,, 0.00008716000,2.16000,-0.01600
,,, 0.00008717000,2.16000,-0.01200
,,, 0.00008718000,2.16000,-0.01400
,,, 0.00008719000,2.16000,-0.01200
,,, 0.00008720000,2.16000,-0.00800
,,, 0.00008721000,2.08000,-0.01200
,,, 0.00008722000,2.08000,-0.01000
,,, 0.00008723000,2.16000,-0.01400
,,, 0.00008724000,2.00000,-0.01600
,,, 0.00008725000,2.00000,-0.01600
,,, 0.00008726000,2.00000,-0.01600
,,, 0.00008727000,2.00000,-0.02200
,,, 0.00008728000,2.00000,-0.01800
,,, 0.00008729000,2.00000,-0.01800
,,, 0.00008730000,2.00000,-0.01800
,,, 0.00008731000,2.00000,-0.01800
,,, 0.00008732000,2.00000,-0.01400
,,, 0.00008733000,2.00000,-0.01200
,,, 0.00008734000,2.00000,-0.01200
,,, 0.00008735000,1.92000,-0.01000
,,, 0.00008736000,2.00000,-0.00800
,,, 0.00008737000,1.92000,-0.00600
,,, 0.00008738000,1.92000,-0.00400
,,, 0.00008739000,1.92000,-0.00400
,,, 0.00008740000,1.92000,-0.00400
,,, 0.00008741000,1.92000,-0.00200
,,, 0.00008742000,1.92000,-0.00200
,,, 0.00008743000,1.92000,-0.00200
,,, 0.00008744000,1.92000,-0.00400
,,, 0.00008745000,1.92000,-0.00400
,,, 0.00008746000,1.84000,-0.00600
,,, 0.00008747000,1.84000,-0.00800
,,, 0.00008748000,1.84000,-0.00800
,,, 0.00008749000,1.84000,-0.00800
,,, 0.00008750000,1.84000,-0.00600
,,, 0.00008751000,1.84000,-0.00200
,,, 0.00008752000,1.76000,0.00
,,, 0.00008753000,1.84000,0.00200
,,, 0.00008754000,1.76000,0.00400
,,, 0.00008755000,1.76000,0.00400
,,, 0.00008756000,1.76000,0.00200
,,, 0.00008757000,1.84000,-0.00200
,,, 0.00008758000,1.76000,-0.00400
,,, 0.00008759000,1.76000,-0.00600
,,, 0.00008760000,1.76000,-0.00600
,,, 0.00008761000,1.76000,-0.00600
,,, 0.00008762000,1.76000,-0.00200
,,, 0.00008763000,1.76000,0.00
,,, 0.00008764000,1.68000,0.00400
,,, 0.00008765000,1.68000,0.00800
,,, 0.00008766000,1.68000,0.01200
,,, 0.00008767000,1.68000,0.01400
,,, 0.00008768000,1.68000,0.01600
,,, 0.00008769000,1.68000,0.01600
,,, 0.00008770000,1.68000,0.01400
,,, 0.00008771000,1.68000,0.01600
,,, 0.00008772000,1.68000,0.01400
,,, 0.00008773000,1.68000,0.01400
,,, 0.00008774000,1.68000,0.00800
,,, 0.00008775000,1.68000,0.00800
,,, 0.00008776000,1.68000,0.00600
,,, 0.00008777000,1.60000,0.00200
,,, 0.00008778000,1.60000,0.00
,,, 0.00008779000,1.60000,0.00
,,, 0.00008780000,1.60000,-0.00200
,,, 0.00008781000,1.60000,-0.00200
,,, 0.00008782000,1.60000,0.00
,,, 0.00008783000,1.60000,0.00
,,, 0.00008784000,1.60000,0.00400
,,, 0.00008785000,1.60000,0.00400
,,, 0.00008786000,1.52000,0.00400
,,, 0.00008787000,1.52000,0.00400
,,, 0.00008788000,1.52000,0.00400
,,, 0.00008789000,1.52000,0.00
,,, 0.00008790000,1.52000,-0.00400
,,, 0.00008791000,1.52000,-0.00800
,,, 0.00008792000,1.52000,-0.00800
,,, 0.00008793000,1.52000,-0.01000
,,, 0.00008794000,1.52000,-0.01000
,,, 0.00008795000,1.52000,-0.00600
,,, 0.00008796000,1.52000,-0.00400
,,, 0.00008797000,1.52000,-0.00200
,,, 0.00008798000,1.52000,0.00200
,,, 0.00008799000,1.52000,0.00
,,, 0.00008800000,1.52000,0.00400
,,, 0.00008801000,1.52000,0.00200
,,, 0.00008802000,1.44000,0.00
,,, 0.00008803000,1.44000,-0.00400
,,, 0.00008804000,1.52000,-0.00800
,,, 0.00008805000,1.36000,-0.01200
,,, 0.00008806000,1.44000,-0.01600
,,, 0.00008807000,1.44000,-0.01800
,,, 0.00008808000,1.36000,-0.01800
,,, 0.00008809000,1.36000,-0.02000
,,, 0.00008810000,1.36000,-0.02000
,,, 0.00008811000,1.36000,-0.02000
,,, 0.00008812000,1.36000,-0.02000
,,, 0.00008813000,1.36000,-0.02400
,,, 0.00008814000,1.36000,-0.02400
,,, 0.00008815000,1.36000,-0.02000
,,, 0.00008816000,1.36000,-0.02000
,,, 0.00008817000,1.28000,-0.01600
,,, 0.00008818000,1.28000,-0.01600
,,, 0.00008819000,1.28000,-0.01400
,,, 0.00008820000,1.28000,-0.01200
,,, 0.00008821000,1.28000,-0.01200
,,, 0.00008822000,1.36000,-0.01200
,,, 0.00008823000,1.28000,-0.01600
,,, 0.00008824000,1.28000,-0.01600
,,, 0.00008825000,1.28000,-0.01800
,,, 0.00008826000,1.20000,-0.01800
,,, 0.00008827000,1.20000,-0.01800
,,, 0.00008828000,1.28000,-0.01600
,,, 0.00008829000,1.20000,-0.01200
,,, 0.00008830000,1.28000,-0.00800
,,, 0.00008831000,1.20000,-0.00400
,,, 0.00008832000,1.20000,0.00
,,, 0.00008833000,1.28000,0.00
,,, 0.00008834000,1.20000,0.00
,,, 0.00008835000,1.20000,-0.00200
,,, 0.00008836000,1.20000,-0.00400
,,, 0.00008837000,1.20000,-0.01000
,,, 0.00008838000,1.20000,-0.01200
,,, 0.00008839000,1.12000,-0.01400
,,, 0.00008840000,1.12000,-0.01400
,,, 0.00008841000,1.12000,-0.01200
,,, 0.00008842000,1.20000,-0.01000
,,, 0.00008843000,1.12000,-0.00800
,,, 0.00008844000,1.12000,-0.00400
,,, 0.00008845000,1.04000,0.00
,,, 0.00008846000,1.04000,0.00
,,, 0.00008847000,1.04000,0.00200
,,, 0.00008848000,1.04000,0.00400
,,, 0.00008849000,1.04000,0.00400
,,, 0.00008850000,1.04000,0.00600
,,, 0.00008851000,1.04000,0.00600
,,, 0.00008852000,1.12000,0.00600
,,, 0.00008853000,1.04000,0.00800
,,, 0.00008854000,1.04000,0.01000
,,, 0.00008855000,1.04000,0.01200
,,, 0.00008856000,1.04000,0.01200
,,, 0.00008857000,0.96000,0.01200
,,, 0.00008858000,1.04000,0.01200
,,, 0.00008859000,0.96000,0.00800
,,, 0.00008860000,0.96000,0.00800
,,, 0.00008861000,0.96000,0.00800
,,, 0.00008862000,1.04000,0.01000
,,, 0.00008863000,0.96000,0.01200
,,, 0.00008864000,0.96000,0.01600
,,, 0.00008865000,0.96000,0.01600
,,, 0.00008866000,0.96000,0.02000
,,, 0.00008867000,0.96000,0.02000
,,, 0.00008868000,0.96000,0.01600
,,, 0.00008869000,0.88000,0.01200
,,, 0.00008870000,0.88000,0.00800
,,, 0.00008871000,0.88000,0.00200
,,, 0.00008872000,0.88000,-0.00200
,,, 0.00008873000,0.88000,-0.00200
,,, 0.00008874000,0.88000,-0.00200
,,, 0.00008875000,0.88000,0.00
,,, 0.00008876000,0.88000,0.00400
,,, 0.00008877000,0.88000,0.00800
,,, 0.00008878000,0.88000,0.01400
,,, 0.00008879000,0.88000,0.01600
,,, 0.00008880000,0.88000,0.01600
,,, 0.00008881000,0.80000,0.01400
,,, 0.00008882000,0.80000,0.01200
,,, 0.00008883000,0.80000,0.00800
,,, 0.00008884000,0.88000,0.00400
,,, 0.00008885000,0.72000,0.00400
,,, 0.00008886000,0.72000,0.00200
,,, 0.00008887000,0.72000,0.00200
,,, 0.00008888000,0.72000,0.00
,,, 0.00008889000,0.72000,0.00
,,, 0.00008890000,0.72000,0.00
,,, 0.00008891000,0.72000,-0.00200
,,, 0.00008892000,0.72000,-0.00400
,,, 0.00008893000,0.72000,-0.00600
,,, 0.00008894000,0.72000,-0.00800
,,, 0.00008895000,0.64000,-0.00800
,,, 0.00008896000,0.72000,-0.00800
,,, 0.00008897000,0.72000,-0.00600
,,, 0.00008898000,0.64000,-0.00600
,,, 0.00008899000,0.64000,-0.00600
,,, 0.00008900000,0.72000,-0.00600
,,, 0.00008901000,0.64000,-0.00800
,,, 0.00008902000,0.64000,-0.00800
,,, 0.00008903000,0.64000,-0.01000
,,, 0.00008904000,0.64000,-0.01600
,,, 0.00008905000,0.64000,-0.01600
,,, 0.00008906000,0.56000,-0.01800
,,, 0.00008907000,0.64000,-0.02000
,,, 0.00008908000,0.64000,-0.01800
,,, 0.00008909000,0.64000,-0.01600
,,, 0.00008910000,0.56000,-0.01000
,,, 0.00008911000,0.56000,-0.00800
,,, 0.00008912000,0.56000,-0.00400
,,, 0.00008913000,0.48000,-0.00200
,,, 0.00008914000,0.56000,-0.00200
,,, 0.00008915000,0.48000,-0.00600
,,, 0.00008916000,0.48000,-0.00800
,,, 0.00008917000,0.48000,-0.01200
,,, 0.00008918000,0.48000,-0.01600
,,, 0.00008919000,0.40000,-0.01800
,,, 0.00008920000,0.40000,-0.01800
,,, 0.00008921000,0.40000,-0.01800
,,, 0.00008922000,0.48000,-0.01600
,,, 0.00008923000,0.40000,-0.01400
,,, 0.00008924000,0.40000,-0.01400
,,, 0.00008925000,0.40000,-0.01200
,,, 0.00008926000,0.40000,-0.01200
,,, 0.00008927000,0.40000,-0.01200
,,, 0.00008928000,0.40000,-0.01400
,,, 0.00008929000,0.32000,-0.01200
,,, 0.00008930000,0.40000,-0.01200
,,, 0.00008931000,0.40000,-0.01200
,,, 0.00008932000,0.40000,-0.01000
,,, 0.00008933000,0.32000,-0.00800
,,, 0.00008934000,0.40000,-0.00800
,,, 0.00008935000,0.40000,-0.00800
,,, 0.00008936000,0.32000,-0.00800
,,, 0.00008937000,0.32000,-0.00800
,,, 0.00008938000,0.32000,-0.00800
,,, 0.00008939000,0.32000,-0.01000
,,, 0.00008940000,0.32000,-0.00800
,,, 0.00008941000,0.32000,-0.00600
,,, 0.00008942000,0.24000,-0.00200
,,, 0.00008943000,0.24000,0.00
,,, 0.00008944000,0.24000,0.00600
,,, 0.00008945000,0.32000,0.00600
,,, 0.00008946000,0.24000,0.00800
,,, 0.00008947000,0.24000,0.00600
,,, 0.00008948000,0.24000,0.00400
,,, 0.00008949000,0.24000,0.00600
,,, 0.00008950000,0.24000,-0.00400
,,, 0.00008951000,0.24000,0.00400
,,, 0.00008952000,0.24000,-0.01000
,,, 0.00008953000,0.24000,0.00
,,, 0.00008954000,0.24000,0.00
,,, 0.00008955000,0.24000,0.00200
,,, 0.00008956000,0.24000,0.00600
,,, 0.00008957000,0.24000,0.00800
,,, 0.00008958000,0.24000,0.01000
,,, 0.00008959000,0.24000,0.00800
,,, 0.00008960000,0.08000,0.00800
,,, 0.00008961000,0.16000,0.00800
,,, 0.00008962000,0.08000,0.00600
,,, 0.00008963000,0.16000,0.00600
,,, 0.00008964000,0.08000,0.00400
,,, 0.00008965000,0.08000,0.00400
,,, 0.00008966000,0.08000,0.00400
,,, 0.00008967000,0.08000,0.00400
,,, 0.00008968000,0.08000,0.00800
,,, 0.00008969000,0.08000,0.00800
,,, 0.00008970000,0.08000,0.00800
,,, 0.00008971000,0.08000,0.01000
,,, 0.00008972000,0.00,0.00800
,,, 0.00008973000,0.00,0.00800
,,, 0.00008974000,0.00,0.00800
,,, 0.00008975000,0.00,0.00800
,,, 0.00008976000,0.00,0.00800
,,, 0.00008977000,0.08000,0.01000
,,, 0.00008978000,0.00,0.01200
,,, 0.00008979000,0.00,0.01200
,,, 0.00008980000,0.00,0.00800
,,, 0.00008981000,0.00,0.00400
,,, 0.00008982000,0.00,0.00200
,,, 0.00008983000,0.00,-0.00200
,,, 0.00008984000,-0.08000,-0.00600
,,, 0.00008985000,0.00,-0.00800
,,, 0.00008986000,-0.08000,-0.00800
,,, 0.00008987000,-0.08000,-0.00800
,,, 0.00008988000,-0.08000,-0.00400
,,, 0.00008989000,-0.08000,-0.00200
,,, 0.00008990000,-0.08000,-0.00200
,,, 0.00008991000,-0.16000,0.00
,,, 0.00008992000,-0.16000,0.00
,,, 0.00008993000,-0.08000,0.00
,,, 0.00008994000,-0.16000,-0.00200
,,, 0.00008995000,-0.16000,-0.00400
,,, 0.00008996000,-0.16000,-0.00800
,,, 0.00008997000,-0.16000,-0.01000
,,, 0.00008998000,-0.16000,-0.01200
,,, 0.00008999000,-0.16000,-0.01200
,,, 0.00009000000,-0.16000,-0.01200
,,, 0.00009001000,-0.24000,-0.01000
,,, 0.00009002000,-0.24000,-0.00800
,,, 0.00009003000,-0.16000,-0.00800
,,, 0.00009004000,-0.24000,-0.00400
,,, 0.00009005000,-0.24000,-0.00400
,,, 0.00009006000,-0.24000,-0.00400
,,, 0.00009007000,-0.24000,-0.00400
,,, 0.00009008000,-0.24000,-0.00600
,,, 0.00009009000,-0.32000,-0.00800
,,, 0.00009010000,-0.32000,-0.00800
,,, 0.00009011000,-0.32000,-0.01200
,,, 0.00009012000,-0.32000,-0.01400
,,, 0.00009013000,-0.32000,-0.01600
,,, 0.00009014000,-0.32000,-0.01800
,,, 0.00009015000,-0.32000,-0.01800
,,, 0.00009016000,-0.32000,-0.01600
,,, 0.00009017000,-0.32000,-0.01600
,,, 0.00009018000,-0.40000,-0.01200
,,, 0.00009019000,-0.40000,-0.01200
,,, 0.00009020000,-0.40000,-0.00800
,,, 0.00009021000,-0.40000,-0.00600
,,, 0.00009022000,-0.40000,-0.00400
,,, 0.00009023000,-0.40000,-0.00600
,,, 0.00009024000,-0.40000,-0.00400
,,, 0.00009025000,-0.40000,-0.00400
,,, 0.00009026000,-0.40000,-0.00200
,,, 0.00009027000,-0.40000,-0.00400
,,, 0.00009028000,-0.40000,-0.00600
,,, 0.00009029000,-0.40000,-0.00800
,,, 0.00009030000,-0.40000,-0.00800
,,, 0.00009031000,-0.40000,-0.00800
,,, 0.00009032000,-0.40000,-0.00600
,,, 0.00009033000,-0.40000,-0.00400
,,, 0.00009034000,-0.40000,0.00
,,, 0.00009035000,-0.48000,0.00200
,,, 0.00009036000,-0.40000,0.00400
,,, 0.00009037000,-0.48000,0.00600
,,, 0.00009038000,-0.56000,0.00800
,,, 0.00009039000,-0.48000,0.00600
,,, 0.00009040000,-0.48000,0.00600
,,, 0.00009041000,-0.56000,0.00600
,,, 0.00009042000,-0.48000,0.00600
,,, 0.00009043000,-0.56000,0.00600
,,, 0.00009044000,-0.56000,0.00600
,,, 0.00009045000,-0.56000,0.00600
,,, 0.00009046000,-0.56000,0.00400
,,, 0.00009047000,-0.56000,0.00600
,,, 0.00009048000,-0.56000,0.00600
,,, 0.00009049000,-0.56000,0.00600
,,, 0.00009050000,-0.56000,0.00600
,,, 0.00009051000,-0.64000,0.00800
,,, 0.00009052000,-0.64000,0.01200
,,, 0.00009053000,-0.64000,0.01400
,,, 0.00009054000,-0.64000,0.02000
,,, 0.00009055000,-0.64000,0.02200
,,, 0.00009056000,-0.64000,0.02400
,,, 0.00009057000,-0.64000,0.02400
,,, 0.00009058000,-0.64000,0.02400
,,, 0.00009059000,-0.64000,0.02200
,,, 0.00009060000,-0.72000,0.01800
,,, 0.00009061000,-0.72000,0.01400
,,, 0.00009062000,-0.64000,0.01200
,,, 0.00009063000,-0.64000,0.00800
,,, 0.00009064000,-0.72000,0.00800
,,, 0.00009065000,-0.64000,0.01200
,,, 0.00009066000,-0.72000,0.01400
,,, 0.00009067000,-0.72000,0.02000
,,, 0.00009068000,-0.80000,0.02200
,,, 0.00009069000,-0.72000,0.02600
,,, 0.00009070000,-0.72000,0.02800
,,, 0.00009071000,-0.80000,0.02800
,,, 0.00009072000,-0.80000,0.02800
,,, 0.00009073000,-0.80000,0.02400
,,, 0.00009074000,-0.80000,0.02200
,,, 0.00009075000,-0.80000,0.02000
,,, 0.00009076000,-0.88000,0.01600
,,, 0.00009077000,-0.80000,0.01400
,,, 0.00009078000,-0.88000,0.01200
,,, 0.00009079000,-0.80000,0.01400
,,, 0.00009080000,-0.80000,0.01400
,,, 0.00009081000,-0.88000,0.01200
,,, 0.00009082000,-0.88000,0.01600
,,, 0.00009083000,-0.88000,0.01400
,,, 0.00009084000,-0.88000,0.01800
,,, 0.00009085000,-0.88000,0.01800
,,, 0.00009086000,-0.88000,0.01800
,,, 0.00009087000,-0.88000,0.02000
,,, 0.00009088000,-0.88000,0.02000
,,, 0.00009089000,-0.96000,0.02000
,,, 0.00009090000,-0.88000,0.01800
,,, 0.00009091000,-0.96000,0.01600
,,, 0.00009092000,-0.88000,0.01200
,,, 0.00009093000,-0.96000,0.00800
,,, 0.00009094000,-0.96000,0.00400
,,, 0.00009095000,-0.96000,0.00200
,,, 0.00009096000,-0.96000,0.00
,,, 0.00009097000,-0.96000,0.00
,,, 0.00009098000,-0.96000,0.00
,,, 0.00009099000,-0.96000,0.00
,,, 0.00009100000,-0.96000,0.00400
,,, 0.00009101000,-0.96000,0.00600
,,, 0.00009102000,-1.04000,0.00800
,,, 0.00009103000,-1.04000,0.00600
,,, 0.00009104000,-1.04000,0.00600
,,, 0.00009105000,-1.04000,0.00200
,,, 0.00009106000,-1.04000,-0.00200
,,, 0.00009107000,-1.04000,-0.00200
,,, 0.00009108000,-1.04000,-0.00600
,,, 0.00009109000,-1.04000,-0.00800
,,, 0.00009110000,-1.04000,-0.00800
,,, 0.00009111000,-1.04000,-0.00800
,,, 0.00009112000,-1.04000,-0.00400
,,, 0.00009113000,-1.12000,-0.00400
,,, 0.00009114000,-1.04000,-0.00200
,,, 0.00009115000,-1.04000,0.00
,,, 0.00009116000,-1.20000,0.00
,,, 0.00009117000,-1.12000,0.00200
,,, 0.00009118000,-1.20000,0.00
,,, 0.00009119000,-1.20000,0.00
,,, 0.00009120000,-1.04000,0.00200
,,, 0.00009121000,-1.12000,0.00
,,, 0.00009122000,-1.20000,0.00
,,, 0.00009123000,-1.20000,0.00
,,, 0.00009124000,-1.20000,-0.00200
,,, 0.00009125000,-1.20000,-0.00200
,,, 0.00009126000,-1.20000,-0.00400
,,, 0.00009127000,-1.20000,-0.00400
,,, 0.00009128000,-1.28000,-0.00600
,,, 0.00009129000,-1.20000,-0.00400
,,, 0.00009130000,-1.28000,-0.00600
,,, 0.00009131000,-1.28000,-0.00400
,,, 0.00009132000,-1.28000,-0.00200
,,, 0.00009133000,-1.20000,0.00
,,, 0.00009134000,-1.28000,0.00600
,,, 0.00009135000,-1.28000,0.00800
,,, 0.00009136000,-1.36000,0.01200
,,, 0.00009137000,-1.28000,0.01600
,,, 0.00009138000,-1.28000,0.01400
,,, 0.00009139000,-1.36000,0.01200
,,, 0.00009140000,-1.36000,0.00800
,,, 0.00009141000,-1.36000,0.00600
,,, 0.00009142000,-1.36000,0.00400
,,, 0.00009143000,-1.36000,0.00400
,,, 0.00009144000,-1.36000,0.00600
,,, 0.00009145000,-1.36000,0.00800
,,, 0.00009146000,-1.44000,0.01400
,,, 0.00009147000,-1.44000,0.01800
,,, 0.00009148000,-1.44000,0.02000
,,, 0.00009149000,-1.44000,0.02200
,,, 0.00009150000,-1.36000,0.02200
,,, 0.00009151000,-1.44000,0.02000
,,, 0.00009152000,-1.44000,0.01600
,,, 0.00009153000,-1.44000,0.01400
,,, 0.00009154000,-1.44000,0.01400
,,, 0.00009155000,-1.44000,0.01400
,,, 0.00009156000,-1.52000,0.01400
,,, 0.00009157000,-1.52000,0.01400
,,, 0.00009158000,-1.52000,0.01600
,,, 0.00009159000,-1.52000,0.01600
,,, 0.00009160000,-1.52000,0.01600
,,, 0.00009161000,-1.52000,0.01600
,,, 0.00009162000,-1.52000,0.01400
,,, 0.00009163000,-1.52000,0.01400
,,, 0.00009164000,-1.52000,0.01600
,,, 0.00009165000,-1.52000,0.01800
,,, 0.00009166000,-1.60000,0.02200
,,, 0.00009167000,-1.52000,0.02400
,,, 0.00009168000,-1.52000,0.02600
,,, 0.00009169000,-1.52000,0.02400
,,, 0.00009170000,-1.60000,0.03000
,,, 0.00009171000,-1.60000,0.02400
,,, 0.00009172000,-1.60000,0.02000
,,, 0.00009173000,-1.60000,0.01600
,,, 0.00009174000,-1.60000,0.00200
,,, 0.00009175000,-1.60000,0.01400
,,, 0.00009176000,-1.60000,0.00400
,,, 0.00009177000,-1.60000,0.00800
,,, 0.00009178000,-1.68000,0.01000
,,, 0.00009179000,-1.60000,0.01400
,,, 0.00009180000,-1.60000,0.01600
,,, 0.00009181000,-1.60000,0.01800
,,, 0.00009182000,-1.68000,0.02000
,,, 0.00009183000,-1.68000,0.01600
,,, 0.00009184000,-1.68000,0.01400
,,, 0.00009185000,-1.68000,0.00800
,,, 0.00009186000,-1.68000,0.00600
,,, 0.00009187000,-1.68000,0.00
,,, 0.00009188000,-1.68000,-0.00200
,,, 0.00009189000,-1.68000,-0.00200
,,, 0.00009190000,-1.68000,0.00
,,, 0.00009191000,-1.68000,0.00
,,, 0.00009192000,-1.68000,0.00400
,,, 0.00009193000,-1.84000,0.00600
,,, 0.00009194000,-1.68000,0.00800
,,, 0.00009195000,-1.68000,0.01000
,,, 0.00009196000,-1.76000,0.00800
,,, 0.00009197000,-1.84000,0.00800
,,, 0.00009198000,-1.84000,0.00600
,,, 0.00009199000,-1.84000,0.00200
,,, 0.00009200000,-1.84000,0.00200
,,, 0.00009201000,-1.84000,0.00
,,, 0.00009202000,-1.84000,0.00
,,, 0.00009203000,-1.84000,0.00
,,, 0.00009204000,-1.76000,0.00
,,, 0.00009205000,-1.84000,0.00
,,, 0.00009206000,-1.84000,-0.00200
,,, 0.00009207000,-1.84000,-0.00400
,,, 0.00009208000,-1.84000,-0.00400
,,, 0.00009209000,-1.92000,-0.00800
,,, 0.00009210000,-1.92000,-0.00800
,,, 0.00009211000,-1.84000,-0.00400
,,, 0.00009212000,-1.92000,-0.00400
,,, 0.00009213000,-1.92000,-0.00200
,,, 0.00009214000,-1.92000,0.00
,,, 0.00009215000,-1.92000,0.00
,,, 0.00009216000,-1.92000,0.00200
,,, 0.00009217000,-1.92000,0.00400
,,, 0.00009218000,-1.92000,0.00200
,,, 0.00009219000,-1.92000,0.00
,,, 0.00009220000,-1.92000,-0.00200
,,, 0.00009221000,-1.92000,-0.00200
,,, 0.00009222000,-1.92000,-0.00200
,,, 0.00009223000,-2.00000,0.00
,,, 0.00009224000,-1.92000,0.00400
,,, 0.00009225000,-2.00000,0.00600
,,, 0.00009226000,-2.00000,0.01000
,,, 0.00009227000,-2.08000,0.01200
,,, 0.00009228000,-2.00000,0.01400
,,, 0.00009229000,-2.08000,0.01400
,,, 0.00009230000,-2.08000,0.01600
,,, 0.00009231000,-2.00000,0.01400
,,, 0.00009232000,-2.00000,0.01400
,,, 0.00009233000,-2.08000,0.01400
,,, 0.00009234000,-2.08000,0.01400
,,, 0.00009235000,-2.08000,0.01400
,,, 0.00009236000,-2.08000,0.01400
,,, 0.00009237000,-2.08000,0.01400
,,, 0.00009238000,-2.08000,0.01600
,,, 0.00009239000,-2.08000,0.01400
,,, 0.00009240000,-2.08000,0.01600
,,, 0.00009241000,-2.08000,0.01800
,,, 0.00009242000,-2.16000,0.02000
,,, 0.00009243000,-2.16000,0.02000
,,, 0.00009244000,-2.16000,0.02400
,,, 0.00009245000,-2.16000,0.02400
,,, 0.00009246000,-2.16000,0.02800
,,, 0.00009247000,-2.16000,0.03200
,,, 0.00009248000,-2.16000,0.03400
,,, 0.00009249000,-2.16000,0.03600
,,, 0.00009250000,-2.16000,0.03600
,,, 0.00009251000,-2.16000,0.03600
,,, 0.00009252000,-2.16000,0.03400
,,, 0.00009253000,-2.16000,0.03000
,,, 0.00009254000,-2.24000,0.03200
,,, 0.00009255000,-2.24000,0.03200
,,, 0.00009256000,-2.24000,0.03200
,,, 0.00009257000,-2.24000,0.03600
,,, 0.00009258000,-2.24000,0.04000
,,, 0.00009259000,-2.24000,0.04400
,,, 0.00009260000,-2.24000,0.04600
,,, 0.00009261000,-2.24000,0.04600
,,, 0.00009262000,-2.24000,0.04400
,,, 0.00009263000,-2.24000,0.04200
,,, 0.00009264000,-2.24000,0.03600
,,, 0.00009265000,-2.24000,0.03200
,,, 0.00009266000,-2.24000,0.03000
,,, 0.00009267000,-2.24000,0.02400
,,, 0.00009268000,-2.32000,0.02400
,,, 0.00009269000,-2.32000,0.02400
,,, 0.00009270000,-2.32000,0.02600
,,, 0.00009271000,-2.32000,0.02800
,,, 0.00009272000,-2.32000,0.03200
,,, 0.00009273000,-2.32000,0.03200
,,, 0.00009274000,-2.32000,0.03400
,,, 0.00009275000,-2.32000,0.03400
,,, 0.00009276000,-2.32000,0.03200
,,, 0.00009277000,-2.40000,0.03200
,,, 0.00009278000,-2.32000,0.03000
,,, 0.00009279000,-2.48000,0.03000
,,, 0.00009280000,-2.32000,0.03000
,,, 0.00009281000,-2.48000,0.02600
,,, 0.00009282000,-2.40000,0.02600
,,, 0.00009283000,-2.48000,0.02400
,,, 0.00009284000,-2.48000,0.02200
,,, 0.00009285000,-2.48000,0.02200
,,, 0.00009286000,-2.48000,0.02200
,,, 0.00009287000,-2.48000,0.02000
,,, 0.00009288000,-2.48000,0.02000
,,, 0.00009289000,-2.48000,0.02000
,,, 0.00009290000,-2.48000,0.02000
,,, 0.00009291000,-2.48000,0.01800
,,, 0.00009292000,-2.48000,0.01800
,,, 0.00009293000,-2.56000,0.01800
,,, 0.00009294000,-2.56000,0.01600
,,, 0.00009295000,-2.48000,0.01400
,,, 0.00009296000,-2.56000,0.01200
,,, 0.00009297000,-2.56000,0.01000
,,, 0.00009298000,-2.56000,0.00600
,,, 0.00009299000,-2.48000,0.00400
,,, 0.00009300000,-2.48000,0.00200
,,, 0.00009301000,-2.56000,0.00
,,, 0.00009302000,-2.56000,0.00
,,, 0.00009303000,-2.48000,0.00200
,,, 0.00009304000,-2.56000,0.00400
,,, 0.00009305000,-2.56000,0.00800
,,, 0.00009306000,-2.56000,0.01000
,,, 0.00009307000,-2.56000,0.01400
,,, 0.00009308000,-2.56000,0.01400
,,, 0.00009309000,-2.64000,0.01600
,,, 0.00009310000,-2.64000,0.01600
,,, 0.00009311000,-2.64000,0.01400
,,, 0.00009312000,-2.64000,0.01200
,,, 0.00009313000,-2.64000,0.01200
,,, 0.00009314000,-2.64000,0.01000
,,, 0.00009315000,-2.64000,0.00800
,,, 0.00009316000,-2.64000,0.00800
,,, 0.00009317000,-2.72000,0.00600
,,, 0.00009318000,-2.64000,0.00600
,,, 0.00009319000,-2.72000,0.00600
,,, 0.00009320000,-2.72000,0.00600
,,, 0.00009321000,-2.72000,0.00800
,,, 0.00009322000,-2.72000,0.00800
,,, 0.00009323000,-2.72000,0.01000
,,, 0.00009324000,-2.80000,0.01400
,,, 0.00009325000,-2.80000,0.01400
,,, 0.00009326000,-2.80000,0.01600
,,, 0.00009327000,-2.72000,0.01600
,,, 0.00009328000,-2.80000,0.01600
,,, 0.00009329000,-2.80000,0.01400
,,, 0.00009330000,-2.72000,0.01200
,,, 0.00009331000,-2.80000,0.00800
,,, 0.00009332000,-2.80000,0.00600
,,, 0.00009333000,-2.80000,0.00600
,,, 0.00009334000,-2.80000,0.00800
,,, 0.00009335000,-2.80000,0.01200
,,, 0.00009336000,-2.80000,0.01400
,,, 0.00009337000,-2.88000,0.02000
,,, 0.00009338000,-2.80000,0.02400
,,, 0.00009339000,-2.88000,0.02800
,,, 0.00009340000,-2.80000,0.03200
,,, 0.00009341000,-2.88000,0.03200
,,, 0.00009342000,-2.80000,0.03400
,,, 0.00009343000,-2.88000,0.03000
,,, 0.00009344000,-2.88000,0.03000
,,, 0.00009345000,-2.88000,0.03000
,,, 0.00009346000,-2.88000,0.02400
,,, 0.00009347000,-2.80000,0.02200
,,, 0.00009348000,-2.96000,0.02400
,,, 0.00009349000,-2.96000,0.02400
,,, 0.00009350000,-2.88000,0.02200
,,, 0.00009351000,-2.88000,0.02400
,,, 0.00009352000,-2.88000,0.02800
,,, 0.00009353000,-2.96000,0.02400
,,, 0.00009354000,-2.88000,0.02800
,,, 0.00009355000,-2.88000,0.02800
,,, 0.00009356000,-2.96000,0.02800
,,, 0.00009357000,-2.96000,0.03000
,,, 0.00009358000,-2.96000,0.03000
,,, 0.00009359000,-2.96000,0.03000
,,, 0.00009360000,-2.96000,0.03000
,,, 0.00009361000,-2.96000,0.02800
,,, 0.00009362000,-2.96000,0.02400
,,, 0.00009363000,-2.96000,0.02400
,,, 0.00009364000,-2.96000,0.02200
,,, 0.00009365000,-2.96000,0.02000
,,, 0.00009366000,-2.96000,0.02200
,,, 0.00009367000,-2.96000,0.02200
,,, 0.00009368000,-3.04000,0.02200
,,, 0.00009369000,-2.96000,0.02400
,,, 0.00009370000,-3.04000,0.03000
,,, 0.00009371000,-3.04000,0.03200
,,, 0.00009372000,-3.04000,0.03200
,,, 0.00009373000,-2.96000,0.03000
,,, 0.00009374000,-3.04000,0.03000
,,, 0.00009375000,-3.04000,0.02800
,,, 0.00009376000,-3.12000,0.02400
,,, 0.00009377000,-3.04000,0.02000
,,, 0.00009378000,-3.12000,0.01600
,,, 0.00009379000,-3.12000,0.01200
,,, 0.00009380000,-3.12000,0.01200
,,, 0.00009381000,-3.12000,0.01200
,,, 0.00009382000,-3.12000,0.01400
,,, 0.00009383000,-3.12000,0.01000
,,, 0.00009384000,-3.12000,0.01200
,,, 0.00009385000,-3.20000,0.01200
,,, 0.00009386000,-3.12000,0.01200
,,, 0.00009387000,-3.20000,0.01000
,,, 0.00009388000,-3.12000,0.01000
,,, 0.00009389000,-3.20000,0.01000
,,, 0.00009390000,-3.12000,0.01000
,,, 0.00009391000,-3.20000,0.01200
,,, 0.00009392000,-3.12000,0.01200
,,, 0.00009393000,-3.20000,0.01400
,,, 0.00009394000,-3.20000,0.01200
,,, 0.00009395000,-3.20000,0.01000
,,, 0.00009396000,-3.20000,0.00800
,,, 0.00009397000,-3.20000,0.00400
,,, 0.00009398000,-3.20000,0.00200
,,, 0.00009399000,-3.20000,0.00200
,,, 0.00009400000,-3.20000,0.00400
,,, 0.00009401000,-3.20000,0.00400
,,, 0.00009402000,-3.20000,0.00400
,,, 0.00009403000,-3.20000,0.00600
,,, 0.00009404000,-3.28000,0.01000
,,, 0.00009405000,-3.28000,0.01000
,,, 0.00009406000,-3.28000,0.00800
,,, 0.00009407000,-3.28000,0.00800
,,, 0.00009408000,-3.28000,0.00800
,,, 0.00009409000,-3.28000,0.00400
,,, 0.00009410000,-3.28000,0.00200
,,, 0.00009411000,-3.28000,-0.00400
,,, 0.00009412000,-3.36000,-0.00400
,,, 0.00009413000,-3.36000,-0.00400
,,, 0.00009414000,-3.28000,-0.00200
,,, 0.00009415000,-3.36000,-0.00200
,,, 0.00009416000,-3.28000,0.00400
,,, 0.00009417000,-3.36000,0.00600
,,, 0.00009418000,-3.36000,0.00800
,,, 0.00009419000,-3.36000,0.01200
,,, 0.00009420000,-3.36000,0.01400
,,, 0.00009421000,-3.36000,0.01400
,,, 0.00009422000,-3.36000,0.01400
,,, 0.00009423000,-3.36000,0.01400
,,, 0.00009424000,-3.36000,0.01400
,,, 0.00009425000,-3.36000,0.01400
,,, 0.00009426000,-3.52000,0.01600
,,, 0.00009427000,-3.52000,0.01600
,,, 0.00009428000,-3.36000,0.02000
,,, 0.00009429000,-3.36000,0.02000
,,, 0.00009430000,-3.52000,0.02000
,,, 0.00009431000,-3.52000,0.02000
,,, 0.00009432000,-3.52000,0.02000
,,, 0.00009433000,-3.52000,0.02000
,,, 0.00009434000,-3.52000,0.02400
,,, 0.00009435000,-3.52000,0.02400
,,, 0.00009436000,-3.52000,0.02600
,,, 0.00009437000,-3.52000,0.03200
,,, 0.00009438000,-3.52000,0.03000
,,, 0.00009439000,-3.52000,0.03200
,,, 0.00009440000,-3.52000,0.03000
,,, 0.00009441000,-3.52000,0.02800
,,, 0.00009442000,-3.52000,0.02400
,,, 0.00009443000,-3.52000,0.02000
,,, 0.00009444000,-3.52000,0.01800
,,, 0.00009445000,-3.52000,0.01800
,,, 0.00009446000,-3.60000,0.01800
,,, 0.00009447000,-3.60000,0.02200
,,, 0.00009448000,-3.52000,0.02800
,,, 0.00009449000,-3.60000,0.03200
,,, 0.00009450000,-3.60000,0.03800
,,, 0.00009451000,-3.60000,0.04000
,,, 0.00009452000,-3.60000,0.04000
,,, 0.00009453000,-3.60000,0.03800
,,, 0.00009454000,-3.60000,0.03400
,,, 0.00009455000,-3.60000,0.03200
,,, 0.00009456000,-3.68000,0.02800
,,, 0.00009457000,-3.60000,0.02400
,,, 0.00009458000,-3.60000,0.02400
,,, 0.00009459000,-3.60000,0.02600
,,, 0.00009460000,-3.68000,0.03000
,,, 0.00009461000,-3.60000,0.03200
,,, 0.00009462000,-3.60000,0.03400
,,, 0.00009463000,-3.68000,0.03600
,,, 0.00009464000,-3.68000,0.03600
,,, 0.00009465000,-3.68000,0.03200
,,, 0.00009466000,-3.68000,0.03000
,,, 0.00009467000,-3.68000,0.03000
,,, 0.00009468000,-3.68000,0.02600
,,, 0.00009469000,-3.68000,0.02400
,,, 0.00009470000,-3.68000,0.02200
,,, 0.00009471000,-3.68000,0.02200
,,, 0.00009472000,-3.68000,0.02200
,,, 0.00009473000,-3.68000,0.02200
,,, 0.00009474000,-3.68000,0.02200
,,, 0.00009475000,-3.76000,0.02000
,,, 0.00009476000,-3.76000,0.01200
,,, 0.00009477000,-3.68000,0.01600
,,, 0.00009478000,-3.68000,0.00800
,,, 0.00009479000,-3.68000,0.00800
,,, 0.00009480000,-3.68000,0.01400
,,, 0.00009481000,-3.68000,0.00800
,,, 0.00009482000,-3.68000,0.02000
,,, 0.00009483000,-3.76000,0.01200
,,, 0.00009484000,-3.76000,0.02200
,,, 0.00009485000,-3.68000,0.02000
,,, 0.00009486000,-3.68000,0.02200
,,, 0.00009487000,-3.84000,0.01800
,,, 0.00009488000,-3.84000,0.01400
,,, 0.00009489000,-3.84000,0.01000
,,, 0.00009490000,-3.84000,0.00600
,,, 0.00009491000,-3.84000,0.00400
,,, 0.00009492000,-3.84000,0.00200
,,, 0.00009493000,-3.84000,0.00200
,,, 0.00009494000,-3.84000,0.00400
,,, 0.00009495000,-3.84000,0.00400
,,, 0.00009496000,-3.84000,0.00400
,,, 0.00009497000,-3.84000,0.00400
,,, 0.00009498000,-3.84000,0.00400
,,, 0.00009499000,-3.84000,0.00400
,,, 0.00009500000,-3.92000,0.00200
,,, 0.00009501000,-3.92000,0.00
,,, 0.00009502000,-3.92000,-0.00200
,,, 0.00009503000,-3.92000,-0.00400
,,, 0.00009504000,-3.84000,-0.00400
,,, 0.00009505000,-3.84000,-0.00400
,,, 0.00009506000,-3.84000,-0.00800
,,, 0.00009507000,-3.92000,-0.00400
,,, 0.00009508000,-3.92000,-0.00400
,,, 0.00009509000,-3.92000,-0.00400
,,, 0.00009510000,-3.92000,-0.00200
,,, 0.00009511000,-3.92000,-0.00200
,,, 0.00009512000,-3.92000,0.00200
,,, 0.00009513000,-3.92000,0.00400
,,, 0.00009514000,-3.92000,0.00600
,,, 0.00009515000,-3.92000,0.00600
,,, 0.00009516000,-3.92000,0.00800
,,, 0.00009517000,-3.92000,0.01000
,,, 0.00009518000,-3.92000,0.00800
,,, 0.00009519000,-3.92000,0.00800
,,, 0.00009520000,-3.92000,0.00800
,,, 0.00009521000,-4.00000,0.00400
,,, 0.00009522000,-3.92000,0.00400
,,, 0.00009523000,-4.00000,0.00
,,, 0.00009524000,-4.00000,0.00
,,, 0.00009525000,-4.00000,0.00
,,, 0.00009526000,-3.92000,0.00400
,,, 0.00009527000,-4.00000,0.00600
,,, 0.00009528000,-4.00000,0.00800
,,, 0.00009529000,-4.00000,0.01400
,,, 0.00009530000,-4.00000,0.01600
,,, 0.00009531000,-4.00000,0.01600
,,, 0.00009532000,-3.92000,0.01400
,,, 0.00009533000,-4.00000,0.01400
,,, 0.00009534000,-4.00000,0.01000
,,, 0.00009535000,-4.08000,0.00800
,,, 0.00009536000,-4.00000,0.00600
,,, 0.00009537000,-4.08000,0.00600
,,, 0.00009538000,-4.08000,0.00800
,,, 0.00009539000,-4.08000,0.01200
,,, 0.00009540000,-4.00000,0.01600
,,, 0.00009541000,-4.00000,0.02000
,,, 0.00009542000,-4.08000,0.02400
,,, 0.00009543000,-4.08000,0.02800
,,, 0.00009544000,-4.00000,0.03000
,,, 0.00009545000,-4.00000,0.03000
,,, 0.00009546000,-4.08000,0.03000
,,, 0.00009547000,-4.16000,0.02800
,,, 0.00009548000,-4.08000,0.02600
,,, 0.00009549000,-4.16000,0.02600
,,, 0.00009550000,-4.16000,0.02600
,,, 0.00009551000,-4.08000,0.02400
,,, 0.00009552000,-4.08000,0.02400
,,, 0.00009553000,-4.16000,0.02400
,,, 0.00009554000,-4.16000,0.02200
,,, 0.00009555000,-4.16000,0.02000
,,, 0.00009556000,-4.16000,0.01800
,,, 0.00009557000,-4.16000,0.01600
,,, 0.00009558000,-4.16000,0.01600
,,, 0.00009559000,-4.16000,0.01600
,,, 0.00009560000,-4.08000,0.02000
,,, 0.00009561000,-4.16000,0.02000
,,, 0.00009562000,-4.24000,0.02400
,,, 0.00009563000,-4.16000,0.02400
,,, 0.00009564000,-4.16000,0.02400
,,, 0.00009565000,-4.16000,0.02200
,,, 0.00009566000,-4.16000,0.02000
,,, 0.00009567000,-4.16000,0.01600
,,, 0.00009568000,-4.16000,0.01200
,,, 0.00009569000,-4.24000,0.01000
,,, 0.00009570000,-4.16000,0.00800
,,, 0.00009571000,-4.24000,0.00600
,,, 0.00009572000,-4.16000,0.00600
,,, 0.00009573000,-4.24000,0.00800
,,, 0.00009574000,-4.16000,0.01000
,,, 0.00009575000,-4.16000,0.01400
,,, 0.00009576000,-4.16000,0.01400
,,, 0.00009577000,-4.16000,0.01600
,,, 0.00009578000,-4.16000,0.01600
,,, 0.00009579000,-4.24000,0.01400
,,, 0.00009580000,-4.24000,0.01200
,,, 0.00009581000,-4.24000,0.00800
,,, 0.00009582000,-4.24000,0.00400
,,, 0.00009583000,-4.24000,0.00
,,, 0.00009584000,-4.24000,-0.00200
,,, 0.00009585000,-4.24000,-0.00400
,,, 0.00009586000,-4.24000,-0.00600
,,, 0.00009587000,-4.24000,-0.00800
,,, 0.00009588000,-4.24000,-0.00800
,,, 0.00009589000,-4.32000,-0.00800
,,, 0.00009590000,-4.24000,-0.00600
,,, 0.00009591000,-4.32000,-0.00400
,,, 0.00009592000,-4.32000,-0.00400
,,, 0.00009593000,-4.24000,-0.00200
,,, 0.00009594000,-4.32000,-0.00200
,,, 0.00009595000,-4.32000,-0.00200
,,, 0.00009596000,-4.32000,0.00
,,, 0.00009597000,-4.32000,-0.00200
,,, 0.00009598000,-4.32000,-0.00200
,,, 0.00009599000,-4.40000,-0.00200
,,, 0.00009600000,-4.24000,-0.00600
,,, 0.00009601000,-4.32000,-0.00800
,,, 0.00009602000,-4.32000,-0.00800
,,, 0.00009603000,-4.32000,-0.01200
,,, 0.00009604000,-4.32000,-0.01000
,,, 0.00009605000,-4.32000,-0.01000
,,, 0.00009606000,-4.32000,-0.00800
,,, 0.00009607000,-4.32000,-0.00400
,,, 0.00009608000,-4.32000,-0.00200
,,, 0.00009609000,-4.32000,0.00
,,, 0.00009610000,-4.32000,0.00200
,,, 0.00009611000,-4.32000,0.00400
,,, 0.00009612000,-4.32000,0.00
,,, 0.00009613000,-4.32000,0.00
,,, 0.00009614000,-4.32000,0.00
,,, 0.00009615000,-4.32000,-0.00200
,,, 0.00009616000,-4.40000,-0.00400
,,, 0.00009617000,-4.40000,-0.00400
,,, 0.00009618000,-4.40000,-0.00400
,,, 0.00009619000,-4.32000,-0.00400
,,, 0.00009620000,-4.32000,-0.00200
,,, 0.00009621000,-4.48000,0.00
,,, 0.00009622000,-4.40000,0.00
,,, 0.00009623000,-4.32000,0.00400
,,, 0.00009624000,-4.48000,0.00800
,,, 0.00009625000,-4.32000,0.01200
,,, 0.00009626000,-4.40000,0.01400
,,, 0.00009627000,-4.40000,0.01600
,,, 0.00009628000,-4.40000,0.01800
,,, 0.00009629000,-4.40000,0.02000
,,, 0.00009630000,-4.32000,0.02000
,,, 0.00009631000,-4.40000,0.01600
,,, 0.00009632000,-4.40000,0.01600
,,, 0.00009633000,-4.48000,0.01400
,,, 0.00009634000,-4.40000,0.01400
,,, 0.00009635000,-4.40000,0.01400
,,, 0.00009636000,-4.48000,0.01400
,,, 0.00009637000,-4.48000,0.01400
,,, 0.00009638000,-4.48000,0.01600
,,, 0.00009639000,-4.48000,0.01600
,,, 0.00009640000,-4.48000,0.02200
,,, 0.00009641000,-4.48000,0.02400
,,, 0.00009642000,-4.40000,0.02600
,,, 0.00009643000,-4.48000,0.02800
,,, 0.00009644000,-4.48000,0.02600
,,, 0.00009645000,-4.48000,0.02400
,,, 0.00009646000,-4.48000,0.02200
,,, 0.00009647000,-4.48000,0.02000
,,, 0.00009648000,-4.48000,0.02000
,,, 0.00009649000,-4.48000,0.01800
,,, 0.00009650000,-4.48000,0.02000
,,, 0.00009651000,-4.48000,0.02200
,,, 0.00009652000,-4.48000,0.02400
,,, 0.00009653000,-4.48000,0.02600
,,, 0.00009654000,-4.48000,0.02800
,,, 0.00009655000,-4.56000,0.02800
,,, 0.00009656000,-4.48000,0.02800
,,, 0.00009657000,-4.48000,0.02800
,,, 0.00009658000,-4.48000,0.02800
,,, 0.00009659000,-4.48000,0.02800
,,, 0.00009660000,-4.48000,0.02800
,,, 0.00009661000,-4.48000,0.02600
,,, 0.00009662000,-4.56000,0.02800
,,, 0.00009663000,-4.56000,0.02800
,,, 0.00009664000,-4.56000,0.02600
,,, 0.00009665000,-4.56000,0.02400
,,, 0.00009666000,-4.48000,0.02200
,,, 0.00009667000,-4.56000,0.02000
,,, 0.00009668000,-4.56000,0.01400
,,, 0.00009669000,-4.56000,0.01400
,,, 0.00009670000,-4.56000,0.01400
,,, 0.00009671000,-4.48000,0.01400
,,, 0.00009672000,-4.56000,0.01600
,,, 0.00009673000,-4.56000,0.01800
,,, 0.00009674000,-4.56000,0.01800
,,, 0.00009675000,-4.56000,0.01800
,,, 0.00009676000,-4.56000,0.01600
,,, 0.00009677000,-4.56000,0.01200
,,, 0.00009678000,-4.56000,0.00600
,,, 0.00009679000,-4.56000,0.00400
,,, 0.00009680000,-4.56000,0.00
,,, 0.00009681000,-4.56000,-0.00200
,,, 0.00009682000,-4.56000,0.00
,,, 0.00009683000,-4.56000,0.00
,,, 0.00009684000,-4.64000,0.00
,,, 0.00009685000,-4.56000,0.00200
,,, 0.00009686000,-4.56000,0.00400
,,, 0.00009687000,-4.56000,0.00400
,,, 0.00009688000,-4.56000,0.00600
,,, 0.00009689000,-4.56000,0.00400
,,, 0.00009690000,-4.56000,0.00400
,,, 0.00009691000,-4.56000,0.00200
,,, 0.00009692000,-4.64000,0.00
,,, 0.00009693000,-4.56000,-0.00400
,,, 0.00009694000,-4.64000,-0.00800
,,, 0.00009695000,-4.64000,-0.00200
,,, 0.00009696000,-4.72000,-0.00800
,,, 0.00009697000,-4.56000,-0.01000
,,, 0.00009698000,-4.64000,-0.00800
,,, 0.00009699000,-4.64000,-0.01200
,,, 0.00009700000,-4.72000,-0.00800
,,, 0.00009701000,-4.64000,-0.00400
,,, 0.00009702000,-4.64000,-0.01400
,,, 0.00009703000,-4.72000,-0.00600
,,, 0.00009704000,-4.64000,-0.00400
,,, 0.00009705000,-4.64000,-0.00800
,,, 0.00009706000,-4.72000,-0.00200
,,, 0.00009707000,-4.72000,-0.00200
,,, 0.00009708000,-4.64000,-0.00200
,,, 0.00009709000,-4.64000,-0.00200
,,, 0.00009710000,-4.72000,-0.00400
,,, 0.00009711000,-4.64000,-0.00400
,,, 0.00009712000,-4.72000,-0.00800
,,, 0.00009713000,-4.72000,-0.00800
,,, 0.00009714000,-4.72000,-0.01000
,,, 0.00009715000,-4.72000,-0.01000
,,, 0.00009716000,-4.72000,-0.00800
,,, 0.00009717000,-4.72000,-0.00400
,,, 0.00009718000,-4.72000,0.00
,,, 0.00009719000,-4.64000,0.00400
,,, 0.00009720000,-4.72000,0.00800
,,, 0.00009721000,-4.72000,0.00800
,,, 0.00009722000,-4.72000,0.00800
,,, 0.00009723000,-4.72000,0.00600
,,, 0.00009724000,-4.72000,0.00400
,,, 0.00009725000,-4.72000,0.00
,,, 0.00009726000,-4.72000,0.00
,,, 0.00009727000,-4.72000,0.00
,,, 0.00009728000,-4.72000,0.00
,,, 0.00009729000,-4.72000,0.00200
,,, 0.00009730000,-4.72000,0.00400
,,, 0.00009731000,-4.80000,0.00400
,,, 0.00009732000,-4.72000,0.00600
,,, 0.00009733000,-4.72000,0.00600
,,, 0.00009734000,-4.72000,0.00800
,,, 0.00009735000,-4.72000,0.00800
,,, 0.00009736000,-4.80000,0.00800
,,, 0.00009737000,-4.72000,0.01000
,,, 0.00009738000,-4.72000,0.01000
,,, 0.00009739000,-4.80000,0.01200
,,, 0.00009740000,-4.72000,0.01400
,,, 0.00009741000,-4.72000,0.01600
,,, 0.00009742000,-4.80000,0.01600
,,, 0.00009743000,-4.72000,0.01600
,,, 0.00009744000,-4.72000,0.01400
,,, 0.00009745000,-4.80000,0.01400
,,, 0.00009746000,-4.80000,0.01000
,,, 0.00009747000,-4.80000,0.00800
,,, 0.00009748000,-4.72000,0.00600
,,, 0.00009749000,-4.80000,0.00600
,,, 0.00009750000,-4.80000,0.00800
,,, 0.00009751000,-4.80000,0.01200
,,, 0.00009752000,-4.72000,0.01400
,,, 0.00009753000,-4.80000,0.01600
,,, 0.00009754000,-4.80000,0.01600
,,, 0.00009755000,-4.80000,0.01600
,,, 0.00009756000,-4.80000,0.01400
,,, 0.00009757000,-4.80000,0.00800
,,, 0.00009758000,-4.80000,0.00400
,,, 0.00009759000,-4.80000,0.00200
,,, 0.00009760000,-4.72000,-0.00200
,,, 0.00009761000,-4.80000,-0.00200
,,, 0.00009762000,-4.80000,0.00
,,, 0.00009763000,-4.80000,0.00200
,,, 0.00009764000,-4.72000,0.00800
,,, 0.00009765000,-4.80000,0.01000
,,, 0.00009766000,-4.80000,0.01200
,,, 0.00009767000,-4.80000,0.01400
,,, 0.00009768000,-4.80000,0.01200
,,, 0.00009769000,-4.80000,0.01000
,,, 0.00009770000,-4.80000,0.00600
,,, 0.00009771000,-4.80000,0.00400
,,, 0.00009772000,-4.80000,0.00
,,, 0.00009773000,-4.80000,0.00
,,, 0.00009774000,-4.80000,0.00
,,, 0.00009775000,-4.80000,0.00200
,,, 0.00009776000,-4.80000,0.00200
,,, 0.00009777000,-4.80000,0.00
,,, 0.00009778000,-4.80000,0.00
,,, 0.00009779000,-4.80000,-0.00200
,,, 0.00009780000,-4.80000,-0.00200
,,, 0.00009781000,-4.88000,-0.00600
,,, 0.00009782000,-4.80000,-0.00600
,,, 0.00009783000,-4.80000,-0.00800
,,, 0.00009784000,-4.80000,-0.00400
,,, 0.00009785000,-4.80000,-0.00600
,,, 0.00009786000,-4.80000,-0.00400
,,, 0.00009787000,-4.80000,-0.00400
,,, 0.00009788000,-4.88000,-0.00400
,,, 0.00009789000,-4.88000,-0.00400
,,, 0.00009790000,-4.80000,-0.00600
,,, 0.00009791000,-4.88000,-0.00800
,,, 0.00009792000,-4.80000,-0.01000
,,, 0.00009793000,-4.88000,-0.01200
,,, 0.00009794000,-4.80000,-0.01200
,,, 0.00009795000,-4.80000,-0.01200
,,, 0.00009796000,-4.80000,-0.01000
,,, 0.00009797000,-4.80000,-0.00800
,,, 0.00009798000,-4.80000,-0.00400
,,, 0.00009799000,-4.80000,-0.00200
,,, 0.00009800000,-4.88000,0.00
,,, 0.00009801000,-4.80000,0.00
,,, 0.00009802000,-4.88000,0.00
,,, 0.00009803000,-4.88000,-0.00200
,,, 0.00009804000,-4.80000,-0.00600
,,, 0.00009805000,-4.80000,-0.01000
,,, 0.00009806000,-4.80000,-0.01000
,,, 0.00009807000,-4.80000,-0.01400
,,, 0.00009808000,-4.80000,-0.01400
,,, 0.00009809000,-4.88000,-0.01200
,,, 0.00009810000,-4.88000,-0.01200
,,, 0.00009811000,-4.88000,-0.00800
,,, 0.00009812000,-4.88000,-0.00400
,,, 0.00009813000,-4.80000,-0.00200
,,, 0.00009814000,-4.88000,0.00
,,, 0.00009815000,-4.88000,0.00200
,,, 0.00009816000,-4.88000,0.00400
,,, 0.00009817000,-4.80000,0.00400
,,, 0.00009818000,-4.80000,0.00400
,,, 0.00009819000,-4.80000,0.00600
,,, 0.00009820000,-4.80000,0.00600
,,, 0.00009821000,-4.80000,0.00600
,,, 0.00009822000,-4.88000,0.00800
,,, 0.00009823000,-4.80000,0.00600
,,, 0.00009824000,-4.88000,0.00800
,,, 0.00009825000,-4.80000,0.00600
,,, 0.00009826000,-4.80000,0.00600
,,, 0.00009827000,-4.80000,0.00600
,,, 0.00009828000,-4.88000,0.00800
,,, 0.00009829000,-4.80000,0.01200
,,, 0.00009830000,-4.88000,0.01800
,,, 0.00009831000,-4.88000,0.02200
,,, 0.00009832000,-4.80000,0.02400
,,, 0.00009833000,-4.80000,0.02800
,,, 0.00009834000,-4.80000,0.02800
,,, 0.00009835000,-4.80000,0.02400
,,, 0.00009836000,-4.80000,0.02200
,,, 0.00009837000,-4.80000,0.01800
,,, 0.00009838000,-4.88000,0.01400
,,, 0.00009839000,-4.88000,0.01200
,,, 0.00009840000,-4.80000,0.01200
,,, 0.00009841000,-4.80000,0.01400
,,, 0.00009842000,-4.88000,0.01600
,,, 0.00009843000,-4.80000,0.01800
,,, 0.00009844000,-4.88000,0.02200
,,, 0.00009845000,-4.88000,0.02600
,,, 0.00009846000,-4.80000,0.02800
,,, 0.00009847000,-4.80000,0.03000
,,, 0.00009848000,-4.88000,0.03000
,,, 0.00009849000,-4.88000,0.03000
,,, 0.00009850000,-4.88000,0.02800
,,, 0.00009851000,-4.88000,0.02400
,,, 0.00009852000,-4.88000,0.02400
,,, 0.00009853000,-4.88000,0.02200
,,, 0.00009854000,-4.88000,0.02200
,,, 0.00009855000,-4.88000,0.02200
,,, 0.00009856000,-4.88000,0.02200
,,, 0.00009857000,-4.88000,0.02000
,,, 0.00009858000,-4.88000,0.02000
,,, 0.00009859000,-4.88000,0.02000
,,, 0.00009860000,-4.88000,0.02000
,,, 0.00009861000,-4.88000,0.02000
,,, 0.00009862000,-4.88000,0.02000
,,, 0.00009863000,-4.88000,0.02000
,,, 0.00009864000,-4.88000,0.02200
,,, 0.00009865000,-4.88000,0.02200
,,, 0.00009866000,-4.88000,0.02400
,,, 0.00009867000,-4.88000,0.02200
,,, 0.00009868000,-4.88000,0.02000
,,, 0.00009869000,-4.88000,0.01600
,,, 0.00009870000,-4.88000,0.01200
,,, 0.00009871000,-4.88000,0.00600
,,, 0.00009872000,-4.88000,0.00400
,,, 0.00009873000,-4.88000,0.00
,,, 0.00009874000,-4.88000,0.00
,,, 0.00009875000,-4.88000,-0.00200
,,, 0.00009876000,-4.88000,0.00
,,, 0.00009877000,-4.80000,0.00400
,,, 0.00009878000,-4.88000,0.00600
,,, 0.00009879000,-4.80000,0.00600
,,, 0.00009880000,-4.80000,0.00800
,,, 0.00009881000,-4.88000,0.00800
,,, 0.00009882000,-4.88000,0.00600
,,, 0.00009883000,-4.80000,0.00400
,,, 0.00009884000,-4.88000,0.00
,,, 0.00009885000,-4.80000,-0.00200
,,, 0.00009886000,-4.80000,-0.00400
,,, 0.00009887000,-4.88000,-0.00600
,,, 0.00009888000,-4.80000,-0.00800
,,, 0.00009889000,-4.80000,-0.01000
,,, 0.00009890000,-4.88000,-0.01200
,,, 0.00009891000,-4.88000,-0.01200
,,, 0.00009892000,-4.80000,-0.01400
,,, 0.00009893000,-4.88000,-0.01200
,,, 0.00009894000,-4.80000,-0.01200
,,, 0.00009895000,-4.88000,-0.01200
,,, 0.00009896000,-4.88000,-0.00800
,,, 0.00009897000,-4.80000,-0.00800
,,, 0.00009898000,-4.80000,-0.00800
,,, 0.00009899000,-4.80000,-0.00800
,,, 0.00009900000,-4.88000,-0.01000
,,, 0.00009901000,-4.88000,-0.01200
,,, 0.00009902000,-4.88000,-0.01600
,,, 0.00009903000,-4.88000,-0.01800
,,, 0.00009904000,-4.80000,-0.01800
,,, 0.00009905000,-4.88000,-0.02000
,,, 0.00009906000,-4.88000,-0.02000
,,, 0.00009907000,-4.88000,-0.01800
,,, 0.00009908000,-4.88000,-0.01600
,,, 0.00009909000,-4.80000,-0.01200
,,, 0.00009910000,-4.88000,-0.01000
,,, 0.00009911000,-4.88000,-0.00600
,,, 0.00009912000,-4.88000,-0.00400
,,, 0.00009913000,-4.88000,-0.00200
,,, 0.00009914000,-4.80000,-0.00200
,,, 0.00009915000,-4.88000,-0.00400
,,, 0.00009916000,-4.80000,-0.00400
,,, 0.00009917000,-4.88000,-0.00800
,,, 0.00009918000,-4.88000,-0.00800
,,, 0.00009919000,-4.88000,-0.01000
,,, 0.00009920000,-4.80000,-0.00800
,,, 0.00009921000,-4.80000,-0.01000
,,, 0.00009922000,-4.88000,-0.00800
,,, 0.00009923000,-4.88000,-0.00600
,,, 0.00009924000,-4.80000,-0.00200
,,, 0.00009925000,-4.88000,-0.00200
,,, 0.00009926000,-4.80000,0.00
,,, 0.00009927000,-4.80000,0.00
,,, 0.00009928000,-4.88000,0.00
,,, 0.00009929000,-4.88000,0.00
,,, 0.00009930000,-4.80000,0.00
,,, 0.00009931000,-4.88000,0.00
,,, 0.00009932000,-4.80000,0.00
,,, 0.00009933000,-4.88000,0.00
,,, 0.00009934000,-4.80000,0.00200
,,, 0.00009935000,-4.80000,0.00200
,,, 0.00009936000,-4.88000,0.00400
,,, 0.00009937000,-4.88000,0.00400
,,, 0.00009938000,-4.80000,0.00600
,,, 0.00009939000,-4.80000,0.00800
,,, 0.00009940000,-4.80000,0.01000
,,, 0.00009941000,-4.80000,0.01400
,,, 0.00009942000,-4.80000,0.01600
,,, 0.00009943000,-4.80000,0.02000
,,, 0.00009944000,-4.80000,0.02200
,,, 0.00009945000,-4.80000,0.02200
,,, 0.00009946000,-4.80000,0.02000
,,, 0.00009947000,-4.80000,0.01600
,,, 0.00009948000,-4.80000,0.01400
,,, 0.00009949000,-4.88000,0.01200
,,, 0.00009950000,-4.80000,0.00800
,,, 0.00009951000,-4.88000,0.00800
,,, 0.00009952000,-4.80000,0.00800
,,, 0.00009953000,-4.80000,0.00800
,,, 0.00009954000,-4.80000,0.01200
,,, 0.00009955000,-4.80000,0.01400
,,, 0.00009956000,-4.80000,0.01400
,,, 0.00009957000,-4.80000,0.01400
,,, 0.00009958000,-4.80000,0.01400
,,, 0.00009959000,-4.80000,0.01200
,,, 0.00009960000,-4.88000,0.01000
,,, 0.00009961000,-4.88000,0.00800
,,, 0.00009962000,-4.80000,0.00800
,,, 0.00009963000,-4.80000,0.00600
,,, 0.00009964000,-4.80000,0.00600
,,, 0.00009965000,-4.80000,0.00800
,,, 0.00009966000,-4.88000,0.00800
,,, 0.00009967000,-4.80000,0.00400
,,, 0.00009968000,-4.80000,0.00600
,,, 0.00009969000,-4.80000,0.00400
,,, 0.00009970000,-4.80000,0.00400
,,, 0.00009971000,-4.80000,0.00400
,,, 0.00009972000,-4.80000,0.00400
,,, 0.00009973000,-4.80000,0.00600
,,, 0.00009974000,-4.80000,0.00600
,,, 0.00009975000,-4.80000,0.00600
,,, 0.00009976000,-4.80000,0.00800
,,, 0.00009977000,-4.80000,0.00800
,,, 0.00009978000,-4.80000,0.00800
,,, 0.00009979000,-4.80000,0.00600
,,, 0.00009980000,-4.80000,0.00
,,, 0.00009981000,-4.80000,-0.00400
,,, 0.00009982000,-4.80000,-0.01000
,,, 0.00009983000,-4.80000,-0.01400
,,, 0.00009984000,-4.80000,-0.01600
,,, 0.00009985000,-4.80000,-0.01800
,,, 0.00009986000,-4.80000,-0.01800
,,, 0.00009987000,-4.80000,-0.01600
,,, 0.00009988000,-4.80000,-0.01400
,,, 0.00009989000,-4.80000,-0.01000
,,, 0.00009990000,-4.80000,-0.00800
,,, 0.00009991000,-4.80000,-0.00800
,,, 0.00009992000,-4.80000,-0.00800
,,, 0.00009993000,-4.80000,-0.01000
,,, 0.00009994000,-4.80000,-0.01200
,,, 0.00009995000,-4.80000,-0.01200
,,, 0.00009996000,-4.80000,-0.01400
,,, 0.00009997000,-4.80000,-0.01600
,,, 0.00009998000,-4.80000,-0.01400
,,, 0.00009999000,-4.80000,-0.01200
,,, 0.00010000000,-4.72000,-0.00800
,,, 0.00010001000,-4.80000,-0.01000
,,, 0.00010002000,-4.80000,-0.00800
,,, 0.00010003000,-4.80000,-0.00800
,,, 0.00010004000,-4.80000,-0.00600
,,, 0.00010005000,-4.72000,-0.00400
,,, 0.00010006000,-4.80000,-0.00400
,,, 0.00010007000,-4.80000,-0.00400
,,, 0.00010008000,-4.80000,-0.00200
,,, 0.00010009000,-4.72000,0.00
,,, 0.00010010000,-4.72000,-0.00200
,,, 0.00010011000,-4.80000,-0.00400
,,, 0.00010012000,-4.80000,-0.00200
,,, 0.00010013000,-4.72000,-0.00600
,,, 0.00010014000,-4.72000,-0.00800
,,, 0.00010015000,-4.72000,-0.00800
,,, 0.00010016000,-4.80000,-0.01200
,,, 0.00010017000,-4.80000,-0.00800
,,, 0.00010018000,-4.80000,-0.00600
,,, 0.00010019000,-4.72000,-0.00600
,,, 0.00010020000,-4.72000,0.00
,,, 0.00010021000,-4.72000,0.00800
,,, 0.00010022000,-4.72000,0.00800
,,, 0.00010023000,-4.72000,0.01000
,,, 0.00010024000,-4.72000,0.01400
,,, 0.00010025000,-4.72000,0.01400
,,, 0.00010026000,-4.72000,0.01000
,,, 0.00010027000,-4.72000,0.00800
,,, 0.00010028000,-4.72000,0.00800
,,, 0.00010029000,-4.72000,0.00400
,,, 0.00010030000,-4.72000,0.00400
,,, 0.00010031000,-4.72000,0.00800
,,, 0.00010032000,-4.72000,0.01200
,,, 0.00010033000,-4.64000,0.01400
,,, 0.00010034000,-4.72000,0.02000
,,, 0.00010035000,-4.56000,0.02400
,,, 0.00010036000,-4.72000,0.02400
,,, 0.00010037000,-4.64000,0.02400
,,, 0.00010038000,-4.64000,0.02200
,,, 0.00010039000,-4.64000,0.02000
,,, 0.00010040000,-4.64000,0.01600
,,, 0.00010041000,-4.72000,0.01400
,,, 0.00010042000,-4.64000,0.01400
,,, 0.00010043000,-4.64000,0.01200
,,, 0.00010044000,-4.64000,0.01200
,,, 0.00010045000,-4.64000,0.01400
,,, 0.00010046000,-4.64000,0.01400
,,, 0.00010047000,-4.64000,0.01400
,,, 0.00010048000,-4.72000,0.01400
,,, 0.00010049000,-4.64000,0.01200
,,, 0.00010050000,-4.72000,0.00800
,,, 0.00010051000,-4.64000,0.00800
,,, 0.00010052000,-4.72000,0.00800
,,, 0.00010053000,-4.64000,0.00800
,,, 0.00010054000,-4.56000,0.01000
,,, 0.00010055000,-4.56000,0.01400
,,, 0.00010056000,-4.64000,0.01800
,,, 0.00010057000,-4.56000,0.02000
,,, 0.00010058000,-4.56000,0.02000
,,, 0.00010059000,-4.64000,0.01800
,,, 0.00010060000,-4.56000,0.01400
,,, 0.00010061000,-4.56000,0.01000
,,, 0.00010062000,-4.56000,0.00800
,,, 0.00010063000,-4.56000,0.00400
,,, 0.00010064000,-4.56000,0.00200
,,, 0.00010065000,-4.56000,0.00200
,,, 0.00010066000,-4.56000,0.00400
,,, 0.00010067000,-4.56000,0.00600
,,, 0.00010068000,-4.56000,0.00600
,,, 0.00010069000,-4.56000,0.00800
,,, 0.00010070000,-4.56000,0.00800
,,, 0.00010071000,-4.56000,0.00600
,,, 0.00010072000,-4.56000,0.00200
,,, 0.00010073000,-4.56000,0.00
,,, 0.00010074000,-4.56000,-0.00600
,,, 0.00010075000,-4.56000,-0.01000
,,, 0.00010076000,-4.56000,-0.01400
,,, 0.00010077000,-4.64000,-0.01600
,,, 0.00010078000,-4.48000,-0.01600
,,, 0.00010079000,-4.56000,-0.01600
,,, 0.00010080000,-4.56000,-0.01600
,,, 0.00010081000,-4.56000,-0.01400
,,, 0.00010082000,-4.56000,-0.01200
,,, 0.00010083000,-4.56000,-0.01000
,,, 0.00010084000,-4.56000,-0.01000
,,, 0.00010085000,-4.56000,-0.00800
,,, 0.00010086000,-4.56000,-0.00800
,,, 0.00010087000,-4.48000,-0.00600
,,, 0.00010088000,-4.48000,-0.00600
,,, 0.00010089000,-4.56000,-0.00600
,,, 0.00010090000,-4.56000,-0.00800
,,, 0.00010091000,-4.48000,-0.01000
,,, 0.00010092000,-4.48000,-0.01000
,,, 0.00010093000,-4.56000,-0.01600
,,, 0.00010094000,-4.56000,-0.01800
,,, 0.00010095000,-4.48000,-0.02000
,,, 0.00010096000,-4.48000,-0.02000
,,, 0.00010097000,-4.48000,-0.02000
,,, 0.00010098000,-4.56000,-0.02000
,,, 0.00010099000,-4.48000,-0.01800
,,, 0.00010100000,-4.48000,-0.01400
,,, 0.00010101000,-4.56000,-0.01000
,,, 0.00010102000,-4.56000,-0.01000
,,, 0.00010103000,-4.48000,-0.00800
,,, 0.00010104000,-4.48000,-0.00800
,,, 0.00010105000,-4.48000,-0.01200
,,, 0.00010106000,-4.48000,-0.01600
,,, 0.00010107000,-4.48000,-0.02000
,,, 0.00010108000,-4.48000,-0.02000
,,, 0.00010109000,-4.48000,-0.02600
,,, 0.00010110000,-4.48000,-0.02200
,,, 0.00010111000,-4.48000,-0.02000
,,, 0.00010112000,-4.48000,-0.01400
,,, 0.00010113000,-4.48000,-0.01200
,,, 0.00010114000,-4.48000,-0.00400
,,, 0.00010115000,-4.48000,0.00200
,,, 0.00010116000,-4.40000,0.00400
,,, 0.00010117000,-4.40000,0.00400
,,, 0.00010118000,-4.48000,0.00800
,,, 0.00010119000,-4.40000,0.00600
,,, 0.00010120000,-4.40000,0.00400
,,, 0.00010121000,-4.48000,0.00400
,,, 0.00010122000,-4.40000,0.00400
,,, 0.00010123000,-4.32000,0.00400
,,, 0.00010124000,-4.40000,0.00400
,,, 0.00010125000,-4.40000,0.00400
,,, 0.00010126000,-4.40000,0.00400
,,, 0.00010127000,-4.40000,0.00
,,, 0.00010128000,-4.32000,0.00200
,,, 0.00010129000,-4.32000,0.00
,,, 0.00010130000,-4.32000,0.00
,,, 0.00010131000,-4.32000,0.00200
,,, 0.00010132000,-4.32000,0.00400
,,, 0.00010133000,-4.32000,0.00600
,,, 0.00010134000,-4.32000,0.00600
,,, 0.00010135000,-4.48000,0.01000
,,, 0.00010136000,-4.32000,0.01400
,,, 0.00010137000,-4.32000,0.02000
,,, 0.00010138000,-4.32000,0.01600
,,, 0.00010139000,-4.32000,0.01400
,,, 0.00010140000,-4.32000,0.01400
,,, 0.00010141000,-4.32000,0.01400
,,, 0.00010142000,-4.32000,0.01200
,,, 0.00010143000,-4.32000,0.00800
,,, 0.00010144000,-4.32000,0.01000
,,, 0.00010145000,-4.32000,0.01000
,,, 0.00010146000,-4.32000,0.01200
,,, 0.00010147000,-4.32000,0.01800
,,, 0.00010148000,-4.32000,0.02000
,,, 0.00010149000,-4.32000,0.02000
,,, 0.00010150000,-4.32000,0.02000
,,, 0.00010151000,-4.24000,0.02000
,,, 0.00010152000,-4.32000,0.01600
,,, 0.00010153000,-4.32000,0.01200
,,, 0.00010154000,-4.32000,0.00800
,,, 0.00010155000,-4.24000,0.00800
,,, 0.00010156000,-4.24000,0.00400
,,, 0.00010157000,-4.32000,0.00400
,,, 0.00010158000,-4.24000,0.00400
,,, 0.00010159000,-4.24000,0.00200
,,, 0.00010160000,-4.24000,0.00
,,, 0.00010161000,-4.32000,0.00
,,, 0.00010162000,-4.24000,0.00
,,, 0.00010163000,-4.24000,-0.00200
,,, 0.00010164000,-4.24000,-0.00200
,,, 0.00010165000,-4.24000,0.00
,,, 0.00010166000,-4.32000,0.00
,,, 0.00010167000,-4.24000,0.00
,,, 0.00010168000,-4.32000,0.00400
,,, 0.00010169000,-4.24000,0.00400
,,, 0.00010170000,-4.24000,0.00400
,,, 0.00010171000,-4.24000,0.00200
,,, 0.00010172000,-4.24000,0.00
,,, 0.00010173000,-4.24000,-0.00400
,,, 0.00010174000,-4.24000,-0.00400
,,, 0.00010175000,-4.24000,-0.00800
,,, 0.00010176000,-4.16000,-0.00800
,,, 0.00010177000,-4.16000,-0.00800
,,, 0.00010178000,-4.16000,-0.00400
,,, 0.00010179000,-4.24000,-0.00400
,,, 0.00010180000,-4.16000,0.00
,,, 0.00010181000,-4.16000,-0.00200
,,, 0.00010182000,-4.24000,0.00
,,, 0.00010183000,-4.16000,-0.00200
,,, 0.00010184000,-4.08000,-0.00400
,,, 0.00010185000,-4.16000,-0.00800
,,, 0.00010186000,-4.16000,-0.01000
,,, 0.00010187000,-4.16000,-0.01400
,,, 0.00010188000,-4.16000,-0.01600
,,, 0.00010189000,-4.16000,-0.01600
,,, 0.00010190000,-4.16000,-0.01800
,,, 0.00010191000,-4.16000,-0.01600
,,, 0.00010192000,-4.16000,-0.01400
,,, 0.00010193000,-4.16000,-0.01200
,,, 0.00010194000,-4.16000,-0.01000
,,, 0.00010195000,-4.16000,-0.00800
,,, 0.00010196000,-4.16000,-0.00400
,,, 0.00010197000,-4.08000,-0.00400
,,, 0.00010198000,-4.08000,-0.00400
,,, 0.00010199000,-4.16000,-0.00200
,,, 0.00010200000,-4.08000,-0.00400
,,, 0.00010201000,-4.08000,-0.00400
,,, 0.00010202000,-4.16000,-0.00400
,,, 0.00010203000,-4.08000,-0.00800
,,, 0.00010204000,-4.08000,-0.00800
,,, 0.00010205000,-4.08000,-0.00800
,,, 0.00010206000,-4.08000,-0.00600
,,, 0.00010207000,-4.08000,-0.00400
,,, 0.00010208000,-4.08000,-0.00400
,,, 0.00010209000,-4.08000,-0.00200
,,, 0.00010210000,-4.08000,0.00
,,, 0.00010211000,-4.08000,0.00
,,, 0.00010212000,-4.00000,0.00400
,,, 0.00010213000,-4.08000,0.00600
,,, 0.00010214000,-3.92000,0.00600
,,, 0.00010215000,-4.00000,0.00600
,,, 0.00010216000,-4.00000,0.00600
,,, 0.00010217000,-3.92000,0.00400
,,, 0.00010218000,-4.08000,0.00200
,,, 0.00010219000,-4.00000,0.00
,,, 0.00010220000,-4.00000,0.00
,,, 0.00010221000,-4.00000,0.00
,,, 0.00010222000,-4.00000,0.00200
,,, 0.00010223000,-4.00000,0.00400
,,, 0.00010224000,-4.00000,0.00800
,,, 0.00010225000,-4.00000,0.01200
,,, 0.00010226000,-4.00000,0.01200
,,, 0.00010227000,-4.00000,0.01400
,,, 0.00010228000,-3.92000,0.01400
,,, 0.00010229000,-4.00000,0.01400
,,, 0.00010230000,-4.00000,0.01600
,,, 0.00010231000,-4.00000,0.01400
,,, 0.00010232000,-4.00000,0.01600
,,, 0.00010233000,-3.92000,0.01600
,,, 0.00010234000,-3.92000,0.01600
,,, 0.00010235000,-3.92000,0.01600
,,, 0.00010236000,-3.92000,0.01600
,,, 0.00010237000,-3.92000,0.01600
,,, 0.00010238000,-3.92000,0.01400
,,, 0.00010239000,-3.92000,0.01200
